train_loss_epoch_val,train_loss_step_val,run_training_epoch,run_training_batch,allocated_memory,max_allocated_memory,Coverage_1_test,Coverage_10_test,Coverage_100_test,Coverage_20_test,Coverage_5_test,HitRate_1_test,HitRate_10_test,HitRate_100_test,HitRate_20_test,HitRate_5_test,MAP_1_test,MAP_10_test,MAP_100_test,MAP_20_test,MAP_5_test,MRR_1_test,MRR_10_test,MRR_100_test,MRR_20_test,MRR_5_test,NDCG_1_test,NDCG_10_test,NDCG_100_test,NDCG_20_test,NDCG_5_test,Precision_1_test,Precision_10_test,Precision_100_test,Precision_20_test,Precision_5_test,Recall_1_test,Recall_10_test,Recall_100_test,Recall_20_test,Recall_5_test,Surprisal_1_test,Surprisal_10_test,Surprisal_100_test,Surprisal_20_test,Surprisal_5_test,dataset,model,batch_size,loss_sample_count,max_seq_len,seed
11.677 9.626 8.686 8.223 8.028 7.914,13.607 13.46 13.267 13.066 12.396 13.384 12.319 13.128 12.886 12.073 12.356 12.126 12.237 12.639 11.815 11.211 11.919 11.481 11.962 12.786 11.872 12.364 12.133 11.978 11.317 11.6 11.592 11.882 11.284 10.796 12.031 10.755 11.784 11.928 10.823 12.207 10.242 11.533 10.184 11.567 11.454 11.802 10.419 10.844 11.483 10.769 10.76 12.106 10.622 7.615 12.293 11.932 10.472 10.373 9.553 10.71 10.187 8.385 8.596 9.128 8.472 8.899 9.421 9.645 9.988 9.823 9.442 8.985 9.077 9.657 10.885 10.258 8.719 7.719 8.715 9.651 8.7 10.999 9.928 9.86 11.32 8.926 9.511 8.472 9.372 9.435 9.903 9.873 10.305 12.028 9.901 8.913 11.46 10.945 11.788 8.935 8.9 7.066 9.203 10.357 9.68 9.671 10.152 8.959 7.067 6.691 7.872 7.976 8.327 8.8 6.894 7.356 7.932 8.572 8.46 8.466 8.529 7.896 8.809 7.706 8.002 8.067 8.585 7.616 8.154 8.97 8.325 6.41 9.404 9.64 8.621 9.095 8.625 8.913 8.759 8.991 9.076 9.777 9.284 8.869 8.257 8.763 8.112 8.972 8.764 7.66 10.092 9.753 9.18 8.79 9.136 9.569 7.744 9.911 10.162 11.009 6.173 5.941 6.774 7.036 6.862 8.707 6.158 8.984 7.098 9.474 6.308 8.694 6.947 6.987 7.985 8.032 9.319 7.312 8.532 8.739 8.167 8.083 8.25 9.735 8.861 8.756 8.941 8.962 9.238 10.162 8.188 7.86 7.276 8.113 7.562 8.688 9.22 9.959 8.176 9.3 6.959 8.392 9.692 8.154 10.137 10.151 8.566 9.363 11.291 10.017 8.291 10.575 6.556 5.945 7.726 6.077 6.075 8.637 7.093 6.629 8.975 6.3 7.814 8.554 7.44 8.747 6.185 6.653 5.702 8.018 7.448 8.128 8.89 6.472 7.07 8.138 7.722 7.464 10.183 10.2 8.321 9.701 7.567 8.701 9.069 8.068 8.327 9.885 8.527 8.474 9.008 8.492 7.607 8.877 9.305 8.686 11.311 9.629 8.032 10.296 8.925 8.921 9.142 8.901 6.335 6.556 5.915 6.741 8.58 5.827 8.552 6.854 8.537 6.685 7.501 5.991 7.172 6.548 6.219 7.519 7.814 6.52 6.589 7.237 9.158 7.54 9.212 6.529 7.392 7.535 8.59 9.142 8.011 9.313 7.842 9.595 8.779 7.142 8.952 8.636 8.33 9.741 8.919 8.687 8.167 9.724 8.383 9.089 8.994 9.744 9.674 10.865 9.751 9.956 9.345 8.386,77.479,0.016116,3.337860107421875e-06,4.312647819519043,0.0035801180589284,0.010182324229178,0.0229148223547256,0.0131274822859937,0.0076298539132711,0.0098848848848848,0.027736069402736,0.0587253920587253,0.0361194527861194,0.0207707707707707,0.0098848848848848,0.0147587071198182,0.0158848751054742,0.0153468279455479,0.0138506562117673,0.0098848848848848,0.0147587071198182,0.0158848751054742,0.0153468279455479,0.0138506562117673,0.0098848848848848,0.0178028711514894,0.0240385206817223,0.0199305633008557,0.015571418169025,0.0098848848848848,0.0027736069402736,0.0005872539205872,0.0018059726393059,0.0041541541541541,0.0098848848848848,0.027736069402736,0.0587253920587253,0.0361194527861194,0.0207707707707707,0.3592291817564267,0.3708800276699526,0.3966106665866736,0.3769091888640439,0.3661023752427957,30music,sasrec,16,32,32,42
11.698 9.668 8.683 8.194 8.062 8.025,13.596 13.408 13.246 13.126 12.449 13.335 12.411 13.087 12.856 12.259 12.53 12.01 12.256 12.581 11.964 11.311 12.089 11.492 12.022 12.756 11.869 12.314 12.105 11.989 11.382 11.678 11.817 11.981 11.224 10.833 11.896 10.785 11.823 12.072 11.013 12.133 10.359 11.425 10.194 11.687 11.553 11.948 10.441 10.663 11.565 10.911 11.176 12.244 10.558 7.72 12.315 11.995 10.148 10.376 9.507 10.547 10.302 8.442 8.715 9.319 8.572 9.14 9.299 9.771 10.037 9.885 9.268 9.108 9.266 9.935 11.042 9.835 9.006 8.052 8.622 9.554 8.828 11.05 10.218 9.806 11.355 8.874 9.382 8.829 9.632 9.319 9.883 10.121 10.187 12.236 10.115 8.94 11.517 11.119 11.935 8.944 8.929 7.296 9.462 10.583 9.749 9.659 10.213 9.043 6.963 6.545 7.872 8.077 8.463 8.633 7.073 6.747 7.696 8.73 8.334 8.34 8.281 7.911 8.711 8.014 8.131 8.034 8.303 7.518 8.032 9.319 8.873 6.63 9.433 10.015 8.743 9.228 8.729 8.927 8.78 9.069 9.146 9.51 9.285 8.403 7.944 8.892 8.182 8.321 8.55 8.22 10.012 9.815 9.125 8.696 9.086 9.443 7.983 9.881 9.941 10.942 5.848 6.013 6.702 7.189 6.654 8.257 5.673 8.801 7.099 9.428 6.31 8.524 6.959 6.877 8.022 8.018 9.307 7.127 8.243 8.703 7.697 8.196 8.171 9.901 8.385 8.456 8.793 8.955 8.856 10.347 8.23 7.997 7.605 7.973 7.256 8.544 9.02 9.75 8.353 9.367 6.833 8.693 9.501 8.231 9.812 10.211 8.911 9.527 11.191 9.914 8.215 10.463 6.444 5.948 8.001 5.962 6.272 8.661 7.203 6.472 8.905 6.626 7.323 8.439 7.289 8.831 6.334 6.59 5.865 8.387 7.38 7.713 8.892 5.761 7.309 8.103 7.734 7.329 10.107 10.23 8.292 9.792 7.62 9.031 9.493 8.208 7.85 9.804 8.608 8.325 9.436 8.476 8.024 9.089 9.439 9.043 11.642 9.477 8.026 10.354 9.197 8.955 9.081 9.075 6.843 6.567 5.905 7.176 8.516 6.078 8.562 6.893 8.722 6.776 7.685 6.084 7.363 6.545 6.271 7.681 7.524 6.617 6.928 7.386 9.432 7.746 8.951 6.886 7.853 8.094 8.69 9.408 8.535 9.535 8.175 9.701 9.117 7.311 9.326 8.536 8.514 10.1 8.924 8.663 8.283 10.043 8.443 9.111 9.205 9.648 9.798 11.129 10.064 9.992 9.762 8.414,77.885,0.016158,0.0235872268676757,4.336231708526611,0.0043631971212084,0.0125085972206434,0.0293757987234203,0.0162873555695637,0.0094451735576475,0.0141391391391391,0.0376209542876209,0.0713213213213213,0.047047047047047,0.029738071404738,0.0141391391391391,0.0208002314483795,0.0220071501745465,0.0214380626657745,0.0197315370926482,0.0141391391391391,0.0208002314483795,0.0220071501745465,0.0214380626657745,0.0197315370926482,0.0141391391391391,0.0247807836500085,0.0315357700303226,0.0271435887686388,0.0222150102889376,0.0141391391391391,0.003762095428762,0.0007132132132132,0.0023523523523523,0.0059476142809476,0.0141391391391391,0.0376209542876209,0.0713213213213213,0.047047047047047,0.029738071404738,0.3606312476195554,0.3738474928224242,0.4028009873268261,0.3806103082058029,0.3686128395195777,30music,sasrec,16,64,32,42
11.735 9.823 8.954 8.562 8.465 8.394,13.568 13.318 13.171 13.016 12.524 13.243 12.349 13.049 12.862 12.248 12.585 12.241 12.391 12.497 12.005 11.432 12.343 11.573 12.118 12.619 11.663 12.378 12.083 12.114 11.558 11.644 11.723 11.946 11.256 10.892 11.93 11.241 11.819 12.05 10.719 12.167 10.368 11.469 10.27 11.745 11.579 12.132 10.431 10.633 11.625 10.938 11.064 12.271 10.61 7.873 12.394 12.01 10.286 10.613 9.688 10.544 10.406 8.747 8.757 9.385 8.773 9.217 9.233 9.827 10.083 10.008 9.241 9.158 9.466 10.043 10.882 10.026 9.09 8.249 8.759 9.798 8.906 11.093 10.037 10.052 11.794 8.787 9.551 9.204 9.784 9.645 10.1 10.111 10.546 12.443 10.513 9.079 11.601 11.115 11.902 9.246 9.2 7.375 9.575 10.535 9.695 9.853 10.069 8.967 7.033 6.632 8.053 8.537 8.784 8.845 7.379 7.188 8.149 8.988 8.611 8.868 8.662 8.31 8.814 8.347 8.318 8.113 8.648 7.862 8.13 9.575 9.142 7.104 9.6 10.471 8.901 9.557 9.098 9.125 9.085 9.207 9.42 9.524 9.633 8.556 8.38 9.334 8.362 8.664 9.09 8.326 10.296 10.228 9.346 9.15 9.431 9.652 8.173 9.96 10.377 11.375 6.095 6.227 7.406 7.463 7.272 8.854 6.04 9.059 7.164 9.775 6.828 9.087 7.53 7.332 8.626 8.612 9.594 7.648 8.724 8.808 8.147 8.113 8.48 9.959 8.898 9.073 9.407 9.333 9.296 10.454 8.746 8.503 7.82 8.66 7.895 8.815 9.253 10.266 8.578 9.494 7.114 8.865 9.874 8.734 10.281 10.689 9.218 9.722 11.742 10.314 8.768 11.19 6.879 6.386 8.504 6.766 6.806 9.107 7.624 7.317 9.145 7.011 7.728 9.021 7.97 9.404 6.583 6.972 6.257 9.236 7.845 8.163 9.271 5.996 7.433 8.319 8.528 8.277 10.408 10.701 8.676 10.057 8.143 9.383 9.619 8.522 8.407 10.203 9.27 8.568 9.656 8.638 8.294 9.397 9.931 9.245 12.004 9.904 8.644 10.513 9.529 9.357 9.981 9.274 7.258 6.969 6.407 7.491 9.131 6.508 9.158 7.385 9.237 7.107 8.16 6.604 7.922 7.071 6.513 7.914 7.844 6.976 7.04 8.006 9.846 8.097 9.195 7.038 8.166 8.138 9.292 9.757 8.814 10.004 8.54 10.228 9.63 7.862 9.582 9.112 8.699 10.485 9.298 8.906 8.473 10.186 8.771 9.469 9.56 10.247 10.254 11.225 10.464 10.415 10.079 8.985,78.271,0.016552,0.0235872268676757,4.336231708526611,0.0050486783531456,0.0143216204454824,0.0356094295579047,0.0186813729373846,0.0109102892225586,0.0199366032699366,0.0469219219219219,0.0779946613279946,0.056056056056056,0.0384551217884551,0.0199366032699366,0.027913147936296,0.0290866512562945,0.028557147391355,0.0267719107996885,0.0199366032699366,0.027913147936296,0.0290866512562945,0.028557147391355,0.0267719107996885,0.0199366032699366,0.0324304264449524,0.0387534748242407,0.034751955015672,0.0296811378843468,0.0199366032699366,0.0046921921921921,0.0007799466132799,0.0028028028028028,0.007691024357691,0.0199366032699366,0.0469219219219219,0.0779946613279946,0.056056056056056,0.0384551217884551,0.3748213807651445,0.3869375985276023,0.4176474722003495,0.393679988799843,0.3818921912824286,30music,sasrec,16,128,32,42
11.792 10.062 9.395 9.145 9.017,13.561 13.265 13.157 13.033 12.456 13.27 12.461 13.092 12.811 12.135 12.615 12.182 12.369 12.583 12.154 11.576 12.325 11.647 12.125 12.659 11.732 12.417 12.074 12.253 11.615 11.641 11.84 11.977 11.141 10.894 11.851 11.207 11.972 12.087 10.798 12.122 10.558 11.521 10.566 11.937 11.603 12.103 10.596 10.953 11.666 11.273 11.22 12.255 10.65 8.206 12.409 12.04 10.474 10.836 9.871 10.793 10.716 8.994 9.189 9.754 8.933 9.554 9.7 10.052 10.42 10.33 9.437 9.488 9.784 10.331 11.194 10.074 9.315 8.647 9.064 10.109 9.036 11.399 10.42 10.505 11.954 9.164 9.953 9.57 9.934 9.968 10.489 10.341 10.615 12.481 10.659 9.35 11.854 11.335 11.991 9.304 9.613 7.953 10.018 10.896 9.674 10.02 10.371 9.277 7.373 7.145 8.342 8.814 9.249 9.216 7.769 7.703 8.505 9.359 8.938 9.313 9.209 8.517 9.187 8.87 8.845 8.448 8.909 8.157 8.513 10.028 9.751 7.401 10.09 10.829 9.001 10.158 9.54 9.369 9.551 9.398 9.758 10.573 10.068 8.756 8.947 9.526 8.818 9.094 9.58 9.07 10.556 10.769 9.884 9.527 9.987 9.891 8.7 10.421 10.737 11.596 6.693 6.766 8.09 8.039 7.916 9.619 6.636 9.677 7.891 10.003 7.593 9.641 8.338 8.174 9.153 9.359 10.239 8.354 9.421 9.539 8.84 8.709 9.19 10.645 9.548 9.693 9.733 9.938 9.914 10.728 9.247 8.922 8.262 9.172 8.064 9.532 9.98 10.689 9.25 9.717 7.736 9.396 10.624 8.953 11.106 11.354 9.509 10.272 11.801 10.672 9.649 11.22 7.45 6.951 8.993 7.334 7.612 9.841 8.451 7.52 9.877 7.887 8.026 9.635 8.409 10.133 7.258 7.562 6.93 9.933 8.376 8.838 9.665 6.379 7.718 9.053 9.134 8.615 11.193 11.35 9.212 10.767 8.396 9.485 10.49 9.417 8.961 10.675 9.771 9.244 10.089 8.897 8.714 9.963 10.425 9.769 12.013 10.349 8.72 10.882 9.955 10.067 10.303 9.719,83.397,0.01822,0.0235872268676757,4.336231708526611,0.0050360480456895,0.0117955589542564,0.0327320158774446,0.0150518818584004,0.0094199129427353,0.0225642308975642,0.0444611277944611,0.0668168168168168,0.0499666332999666,0.0378712045378712,0.0225642308975642,0.0293856356356356,0.0301641804938231,0.0297705925049406,0.0285194917139361,0.0225642308975642,0.0293856356356356,0.0301641804938231,0.0297705925049406,0.0285194917139361,0.0225642308975642,0.0329834360211565,0.0374278632376744,0.0343788506225731,0.0308657964081306,0.0225642308975642,0.0044461127794461,0.0006681681681681,0.0024983316649983,0.0075742409075742,0.0225642308975642,0.0444611277944611,0.0668168168168168,0.0499666332999666,0.0378712045378712,0.3895476902029209,0.3999955417510824,0.426343498906648,0.4054674158121161,0.3958358780150312,30music,sasrec,16,256,32,42
11.855 10.341 9.841 9.667 9.621 9.565,13.539 13.247 13.203 13.074 12.547 13.261 12.457 13.069 12.89 12.199 12.689 12.176 12.427 12.57 12.224 11.573 12.363 11.785 12.087 12.7 11.822 12.431 12.144 12.18 11.666 11.676 11.882 11.983 11.128 11.116 11.927 11.312 11.995 12.258 10.839 12.292 10.693 11.502 10.699 12.009 11.634 12.183 10.873 10.969 11.865 11.285 11.395 12.365 10.634 8.32 12.539 12.137 10.626 10.951 9.919 11.074 10.888 9.215 9.361 9.928 9.356 9.76 10.102 10.401 10.604 10.557 9.858 9.741 10.078 10.602 11.329 10.615 9.697 9.04 9.407 10.299 9.269 11.598 10.685 10.664 12.275 9.419 10.103 10.022 10.534 10.092 10.618 10.576 10.735 12.492 10.867 9.908 12.107 11.643 12.352 9.695 9.951 8.451 10.316 11.09 10.0 10.517 10.636 9.536 7.733 7.553 8.744 9.178 9.483 9.723 8.428 8.145 9.008 9.735 9.424 10.015 9.812 9.099 9.618 9.501 9.264 9.1 9.579 8.916 8.901 10.301 10.195 8.162 10.566 11.137 9.772 10.314 9.921 9.983 10.14 9.706 10.276 11.1 10.483 9.173 9.571 9.782 9.037 9.624 10.059 9.486 11.088 11.043 10.323 9.789 10.144 10.391 9.284 10.694 11.02 11.628 7.272 7.252 8.749 8.494 8.463 10.305 7.296 10.386 8.287 10.812 8.231 10.271 8.794 9.26 9.885 9.962 10.796 9.108 9.772 10.043 9.083 9.365 9.693 10.931 9.98 10.187 10.346 10.702 10.552 10.758 10.111 9.271 8.785 9.752 8.384 9.947 10.258 10.783 9.876 10.064 8.459 9.702 10.977 9.251 11.614 11.69 10.196 10.414 12.272 11.423 9.91 11.482 8.016 7.682 9.776 8.198 8.166 10.266 9.093 8.203 10.451 8.612 8.522 10.223 9.305 10.893 7.718 8.175 7.562 10.72 9.276 9.334 10.224 6.926 8.322 9.494 9.823 9.349 11.712 11.617 9.884 11.313 9.078 10.069 10.825 9.99 9.765 11.021 10.333 9.88 10.55 9.338 8.678 10.268 10.903 10.525 12.388 10.567 9.142 11.17 10.668 10.655 11.052 10.461 8.327 8.309 7.609 8.619 10.482 8.102 10.229 8.854 10.364 8.964 9.451 8.26 9.018 8.922 7.56 9.635 8.66 8.583 8.606 9.46 10.545 9.402 10.386 8.229 9.245 9.619 10.121 10.952 9.536 10.844 9.447 11.569 10.71 9.011 10.82 9.636 9.776 11.391 10.697 9.832 9.407 11.327 9.674 10.119 10.427 11.247 11.051 11.71 11.783 11.131 10.723 10.187,85.363,0.019044,0.0235872268676757,4.336231708526611,0.0050463819336082,0.0141803906439275,0.0327722032193505,0.0179028867141795,0.0110365922971199,0.0230647313980647,0.0535952619285952,0.0802886219552886,0.0616449783116449,0.0444194194194194,0.0230647313980647,0.0324333592852111,0.033437507409871,0.0329866104225409,0.0312180235791346,0.0230647313980647,0.0324333592852111,0.033437507409871,0.0329866104225409,0.0312180235791346,0.0230647313980647,0.0374753609246156,0.0429038443502998,0.0395039319855715,0.0345169274464874,0.0230647313980647,0.0053595261928595,0.0008028862195528,0.0030822489155822,0.0088838838838838,0.0230647313980647,0.0535952619285952,0.0802886219552886,0.0616449783116449,0.0444194194194194,0.3704908317987954,0.3862361651286727,0.4198864175635133,0.3935634893412297,0.380208968260067,30music,sasrec,16,512,32,42
11.929 10.598 10.241 10.19 10.123 10.099 10.009 10.018 9.947 9.953 9.867 9.864 9.772 9.742,13.525 13.277 13.161 13.023 12.538 13.255 12.488 13.102 12.918 12.303 12.721 12.218 12.538 12.528 12.17 11.625 12.38 11.8 12.142 12.719 11.852 12.508 12.187 12.221 11.686 11.734 11.93 12.077 11.222 11.228 12.008 11.458 12.183 12.415 10.952 12.351 10.914 11.677 10.917 12.079 11.692 12.281 10.871 10.991 11.917 11.27 11.327 12.444 10.813 8.593 12.597 12.235 10.795 11.186 10.205 11.312 11.117 9.374 9.554 10.309 9.592 10.066 10.501 10.734 10.953 10.896 10.345 10.148 10.097 10.713 11.546 11.078 9.983 9.6 9.636 10.743 9.592 11.887 10.674 10.878 12.365 9.922 10.487 10.168 10.584 10.385 11.119 10.935 11.052 12.598 11.125 10.198 12.275 11.592 12.54 10.032 10.257 8.947 10.872 11.41 10.123 10.811 10.954 9.855 8.063 8.445 9.435 9.584 9.763 10.284 8.673 8.812 9.607 10.169 9.981 10.363 10.489 9.7 10.288 10.065 9.69 9.822 10.122 9.201 9.319 10.859 10.757 8.915 11.142 11.313 10.034 10.651 10.262 10.351 10.453 10.082 10.622 11.558 10.571 9.545 9.755 10.187 9.418 9.79 10.267 9.902 11.196 11.67 10.588 10.074 10.405 10.471 9.824 11.075 11.275 12.121 7.828 7.634 9.378 8.707 9.222 10.938 7.972 10.759 8.921 11.232 8.867 10.719 9.533 9.858 10.512 10.835 11.134 9.787 10.554 10.741 9.774 9.994 10.361 11.391 10.58 10.854 10.854 11.32 10.668 11.225 10.655 9.763 9.401 10.399 8.576 10.689 10.83 11.215 10.284 10.373 9.377 10.133 11.211 9.846 11.957 12.029 10.625 10.805 12.41 11.339 10.427 11.735 8.895 8.44 10.074 8.757 9.152 10.809 9.625 9.063 11.086 9.382 9.208 10.717 9.982 11.402 8.66 8.688 8.137 11.27 9.919 9.837 10.566 7.446 8.702 9.759 10.525 9.98 11.826 11.982 10.277 11.708 9.612 10.385 11.622 10.036 9.863 11.348 10.603 10.2 10.95 9.659 9.047 10.949 11.281 10.886 12.439 10.985 9.71 11.393 11.143 11.098 11.179 10.821 8.913 9.158 7.95 9.129 10.96 8.676 10.913 9.608 10.908 9.994 10.4 9.277 9.71 10.008 7.983 10.204 9.129 9.248 9.222 10.24 11.089 9.933 10.972 8.839 9.871 10.14 10.737 11.413 10.102 11.408 10.068 11.675 11.104 9.623 11.332 10.288 10.259 11.565 11.395 10.507 9.842 11.586 10.258 10.614 10.909 11.558 11.23 12.025 11.988 11.645 11.075 10.441 8.161 8.216 9.57 9.998 8.462 9.029 8.568 8.55 8.665 8.559 9.077 8.544 8.142 7.436 10.799 8.754 10.142 8.067 10.837 10.718 9.848 9.635 10.633 11.414 10.3 10.505 10.308 10.279 10.629 10.527 11.089 9.203 11.718 9.324 9.729 11.631 10.881 11.464 10.737 11.085 10.55 9.823 10.339 9.302 10.24 11.321 10.515 11.073 11.432 10.885 11.01 9.684 9.377 8.16 9.987 9.68 9.261 10.118 8.417 8.895 9.717 9.812 10.374 9.945 9.673 10.94 10.301 9.757 10.532 11.257 9.821 10.904 10.277 9.086 8.892 10.26 9.614 11.563 10.194 8.377 10.152 10.617 10.003 9.479 9.888 11.059 9.324 9.282 11.295 12.207 11.179 9.237 11.587 12.197 9.974 10.738 10.55 9.905 8.85 10.836 9.236 10.565 10.763 10.441 7.916 9.611 9.51 9.971 7.465 9.692 9.326 8.349 9.802 10.232 9.88 8.954 9.336 10.188 7.992 8.804 10.002 10.28 8.603 11.217 8.647 9.829 9.011 8.64 9.645 10.103 10.127 10.529 11.158 9.86 10.705 11.212 10.987 9.56 9.354 10.605 11.192 9.287 10.59 11.083 10.229 9.212 10.628 10.542 10.669 10.817 7.329 10.154 9.312 10.751 11.706 9.196 8.463 7.652 8.683 10.763 10.631 8.672 8.556 8.592 9.442 9.002 7.962 9.96 9.99 10.131 8.35 10.035 8.919 11.297 11.438 9.35 8.397 10.852 9.863 9.664 9.04 10.786 10.121 10.399 10.126 10.348 11.441 9.737 10.238 9.192 9.835 10.145 10.459 10.279 11.424 11.113 10.553 10.703 9.403 10.106 9.537 11.064 10.483 10.951 10.822 12.123 11.562 9.02 7.601 7.258 8.245 9.093 8.558 8.175 8.702 9.971 9.43 8.599 9.204 9.442 8.196 8.956 9.949 9.828 10.011 10.489 9.063 11.49 9.274 8.915 12.007 10.201 12.165 8.446 10.674 10.526 11.158 9.738 10.274 10.155 9.757 10.064 10.249 9.348 10.552 9.597 11.522 8.993 10.419 10.326 9.787 9.052 9.93 9.475 10.601 8.23 10.929 10.276 7.516 9.874 8.459 8.078 6.931 8.204 8.805 8.39 10.087 9.251 9.887 9.854 8.815 8.46 10.805 9.66 9.305 10.285 10.238 10.669 9.376 9.77 8.814 10.537 10.359 11.303 10.686 10.846 8.988 11.269 9.966 10.691 11.7 9.527 11.094 10.892 10.704 9.872 10.622 10.843 8.141 8.945 10.925 9.466 9.869 11.117 11.154 11.267 9.347 10.932 12.594 10.747 10.689 10.229 8.489 7.092 9.169 9.299 10.178 9.661 9.696 9.136 7.736 10.184 9.136 10.223 9.385 10.006 9.745 9.085 10.408 10.067 8.395 10.233 10.232 8.839 9.508 9.588 8.866 10.225 10.616 10.19 9.736 9.154 10.048 11.364 9.905 10.338 11.582 8.732 11.644 11.416 10.293 10.067 10.505 11.558 11.012 10.719 11.28 11.13 8.737 11.121 10.087 10.719 10.465 10.22 7.952 7.981 9.728 8.132 9.456 8.755 9.533 8.325 8.783 9.756 9.044 11.13 10.222 9.61 10.802 8.662 9.544 9.949 8.556 7.897 8.574 8.791 12.034 10.584 10.861 10.99 8.703 9.543 11.25 10.708 8.803 9.277 11.077 9.057 11.102 9.743 9.519 10.216 11.133 8.824 10.657 10.023 10.736 10.535 8.994 10.976 9.618 10.749 9.411 10.133 10.366 10.619,92.71,0.02175,0.0235872268676757,4.56172513961792,0.0055860405249155,0.0164435120981122,0.0397912095356524,0.0207998199607082,0.0125648594993116,0.0179346012679346,0.0505922589255922,0.0836252919586253,0.0615615615615615,0.0410827494160827,0.0179346012679346,0.0275911327994661,0.0289005517668581,0.0283570754334571,0.0263360582805027,0.0179346012679346,0.0275911327994661,0.0289005517668581,0.0283570754334571,0.0263360582805027,0.0179346012679346,0.0330642583100636,0.0398886651984925,0.0358427423379029,0.0300036850506844,0.0179346012679346,0.0050592258925592,0.0008362529195862,0.003078078078078,0.0082165498832165,0.0179346012679346,0.0505922589255922,0.0836252919586253,0.0615615615615615,0.0410827494160827,0.3854699422085333,0.4069023012650415,0.4399810744278485,0.4152308300764907,0.3994937448543686,30music,sasrec,16,1024,32,42
11.973 10.771 10.442 10.381 10.366 10.281 10.294 10.223 10.231 10.166,13.504 13.256 13.185 12.999 12.537 13.268 12.546 13.096 12.902 12.335 12.686 12.218 12.555 12.591 12.183 11.647 12.405 11.877 12.139 12.768 11.86 12.569 12.131 12.389 11.771 11.715 11.947 12.153 11.209 11.213 12.03 11.633 12.227 12.474 11.056 12.322 10.95 11.62 10.959 12.164 11.739 12.288 10.944 11.185 11.938 11.306 11.5 12.404 10.824 8.731 12.692 12.308 10.841 11.383 10.178 11.36 11.298 9.587 9.837 10.45 9.913 10.293 10.601 10.928 11.083 11.001 10.646 10.414 10.438 10.876 11.626 11.452 10.212 9.699 9.76 10.993 9.711 12.126 10.888 11.089 12.616 10.198 10.778 10.377 10.786 10.468 11.574 11.003 11.218 12.735 11.408 10.311 12.38 11.644 12.629 10.111 10.355 8.796 11.144 11.536 10.246 11.076 11.042 9.81 8.2 8.284 9.63 9.829 10.022 10.271 9.017 8.855 9.814 10.387 10.256 10.727 10.607 9.828 10.285 10.288 9.961 10.089 10.215 9.481 9.384 10.933 10.846 8.977 11.099 11.432 10.203 10.667 10.478 10.498 10.697 10.329 10.874 11.778 10.839 9.809 10.078 10.315 9.772 10.13 10.695 10.287 11.392 11.596 10.68 10.152 10.535 10.787 10.265 11.246 11.592 12.221 8.373 7.948 10.144 9.384 9.708 11.122 8.499 11.105 9.494 11.574 9.175 10.926 9.724 10.288 10.493 11.012 11.208 10.118 10.667 10.944 10.044 10.182 10.348 11.497 10.614 10.813 10.965 11.393 10.638 11.201 10.887 9.568 9.526 10.432 8.686 10.842 10.875 11.21 10.319 10.611 9.691 10.226 11.33 9.901 12.046 11.994 10.558 10.88 12.436 11.557 10.691 11.796 8.891 8.628 10.305 8.953 9.502 11.25 9.675 9.291 11.12 9.888 9.596 10.942 10.077 11.694 8.99 9.124 8.871 11.599 10.205 10.331 10.742 8.027 9.043 10.037 10.55 10.184 11.795 12.197 10.398 11.967 9.852 10.652 11.762 10.324 10.106 11.283 10.847 10.558 10.994 9.712 9.368 11.054 11.385 11.304 12.286 11.082 10.141 11.372 11.503 11.339 11.338 11.014 9.017 9.455 8.069 9.314 11.124 9.056 11.338 10.09 11.025 10.191 10.344 9.554 9.907 10.099 8.103 10.3 9.186 9.532 9.352 10.505 11.371 9.946 11.043 8.928 9.891 10.37 10.848 11.61 10.197 11.623 10.232 11.812 11.197 9.91 11.452 10.385 10.635 11.67 11.279 10.341 9.948 11.843 10.42 10.726 11.243 11.758 11.399 11.989 11.993 11.581 11.128 10.459 8.733 8.578 10.065 10.211 8.978 9.368 8.94 8.872 9.004 9.265 9.565 8.642 8.71 8.033 11.413 9.197 10.58 8.499 10.9 11.185 10.087 10.005 10.987 11.69 10.848 10.562 10.665 10.605 10.951 10.825 11.323 9.451 11.919 9.694 10.112 11.674 11.098 11.722 10.8 11.497 10.414 10.308 10.4 9.706 10.477 11.448 10.764 11.116 11.734 10.962 10.993 9.751 9.689 8.256 10.247 9.837 9.318 10.526 8.955 8.694 9.999 9.861 10.756 10.25 10.069 11.326 10.708 9.911 10.722 11.575 9.954 11.043 10.776 9.224 9.149 10.561 10.039 11.737 10.498 8.511 10.404 10.832 10.327 9.745 10.041 11.133 9.667 9.684 11.495 12.341 11.473 9.493 11.762 12.278 10.052 10.849 10.68 10.047 9.346 11.033 9.237 10.805 11.001 10.611 8.365 10.053 9.868 10.301 7.914 10.05 9.887 8.717 10.344 10.829 10.345 9.007 9.529 10.785 8.42 9.017 10.57 10.308 9.098 11.515 9.309 10.001 9.421 9.134 10.244 10.42 10.371 10.706 11.523 10.209 10.641 11.333 11.321 9.9 9.742 10.859 11.703 9.453 10.92 11.097 10.457 9.201 10.705 10.522 10.948 11.231 7.713 10.357 9.261 10.606 11.703 9.187 8.357 7.794 8.743 11.084 10.687 8.647 8.409 8.802 9.67 9.02 8.232 9.981 10.209 10.563 8.739 10.212 9.369 11.483 11.505 9.763 8.7 10.771 10.015 9.909 9.398 11.017 10.111 10.862 10.344 10.931 11.756 10.152 10.585 9.652 10.231 10.357 10.654 10.544 11.487 11.079 10.696 10.953 9.609 10.396 9.764 11.299 10.697 10.994 11.014 12.322 11.766 9.42,100.52,0.024994,0.0235872268676757,5.075872898101807,0.005540112134166,0.0149450983499077,0.0303954089980606,0.018486177276699,0.0116382542159392,0.0214381047714381,0.0508008008008008,0.0797047047047047,0.06006006006006,0.0425008341675008,0.0214381047714381,0.0303877124478976,0.0315109492336592,0.0310379382402014,0.0292938772105438,0.0214381047714381,0.0303877124478976,0.0315109492336592,0.0310379382402014,0.0292938772105438,0.0214381047714381,0.0352566400550178,0.041190786610816,0.0376074184600196,0.0325865192831192,0.0214381047714381,0.00508008008008,0.000797047047047,0.003003003003003,0.0085001668335001,0.0214381047714381,0.0508008008008008,0.0797047047047047,0.06006006006006,0.0425008341675008,0.3841411283229434,0.3991213875312194,0.4258820576100063,0.4053251296872646,0.3937411319729649,30music,sasrec,16,1512,32,42
12.0 10.904 10.63 10.537 10.52 10.466,13.493 13.28 13.161 13.055 12.534 13.247 12.556 13.16 12.903 12.282 12.675 12.146 12.574 12.564 12.228 11.7 12.399 11.891 12.122 12.76 11.943 12.539 12.174 12.39 11.836 11.77 11.997 12.138 11.266 11.363 12.132 11.579 12.311 12.534 11.233 12.349 11.089 11.722 11.137 12.163 11.784 12.319 10.992 11.179 11.991 11.464 11.526 12.569 10.875 8.896 12.616 12.309 10.917 11.197 10.413 11.451 11.282 9.653 10.018 10.471 9.926 10.616 10.984 11.094 11.268 11.168 10.77 10.464 10.426 11.149 11.548 11.608 10.221 9.956 10.003 11.091 9.839 12.222 10.974 11.21 12.559 10.354 10.956 10.788 11.033 10.629 11.517 11.121 11.484 12.814 11.605 10.576 12.371 11.834 12.71 10.315 10.577 8.927 11.239 11.713 10.477 11.22 11.411 9.938 8.498 8.835 10.016 10.068 10.231 10.618 9.302 9.12 10.2 10.512 10.542 10.78 10.787 10.04 10.577 10.521 10.104 10.4 10.394 9.743 9.728 11.023 10.962 9.287 11.386 11.633 10.638 10.912 10.57 10.642 10.93 10.773 10.976 12.012 10.956 10.013 10.382 10.565 9.649 10.353 10.737 10.15 11.499 11.651 10.994 10.405 10.804 10.833 10.456 11.26 11.578 12.314 8.731 8.145 10.135 9.425 9.958 11.373 8.694 11.236 9.57 11.599 9.285 10.908 9.762 10.485 10.645 11.207 11.32 10.294 10.969 11.159 10.406 10.343 10.711 11.59 11.175 11.006 11.062 11.461 10.858 11.359 11.191 9.842 9.771 10.593 8.78 10.941 10.99 11.137 10.407 10.61 9.615 10.331 11.404 9.992 12.054 11.955 10.852 10.954 12.288 11.507 10.827 11.886 9.119 8.683 10.476 9.048 9.817 11.283 10.146 9.468 11.317 10.011 9.722 11.053 10.416 11.792 9.431 9.538 8.869 11.856 10.494 10.462 11.027 8.262 9.313 10.265 10.769 10.317 12.129 12.385 10.451 11.975 10.122 10.6 11.796 10.582 10.439 11.512 11.19 10.863 11.056 9.979 9.581 11.134 11.349 11.454 12.403 11.197 10.334 11.558 11.384 11.654 11.568 11.174 9.077 9.794 8.366 9.562 11.375 9.283 11.438 10.609 11.181 10.419 10.592 9.911 10.105 10.117 8.207 10.425 9.395 9.644 9.643 10.741 11.438 10.133 11.27 9.28 10.3 10.588 10.968 11.497 10.411 11.57 10.325 11.933 11.391 9.779 11.478 10.426 10.889 11.658 11.603 10.629 10.253 11.779 10.492 10.67 11.315 11.847 11.474 12.04 12.211 11.59 11.352 10.59,109.14,0.028469,3.337860107421875e-06,5.7384233474731445,0.0051106816806576,0.0126877179445667,0.025210093682435,0.0152585596167735,0.0102052884245528,0.0236903570236903,0.0500917584250917,0.0741991991991991,0.0562645979312646,0.0432932932932932,0.0236903570236903,0.0319813033933404,0.0328430396493831,0.032407334106358,0.0310484095206317,0.0236903570236903,0.0319813033933404,0.0328430396493831,0.032407334106358,0.0310484095206317,0.0236903570236903,0.0363259212322713,0.04116250036087,0.0378841285236685,0.0341024765355857,0.0236903570236903,0.0050091758425091,0.0007419919919919,0.0028132298965632,0.0086586586586586,0.0236903570236903,0.0500917584250917,0.0741991991991991,0.0562645979312646,0.0432932932932932,0.3777141731397115,0.3875939058300296,0.412071752609624,0.3922885610593667,0.3838326317757143,30music,sasrec,16,2048,32,42
10.964 8.634 7.672 7.268 7.04 6.869,13.524 13.144 12.66 12.063 11.981 11.275 12.714 11.054 11.483 11.538 11.936 12.116 9.93 11.968 12.115 9.648 12.268 11.351 10.045 10.94 11.019 11.194 11.177 11.3 10.06 10.998 9.782 11.516 11.619 10.632 11.257 10.549 10.512 9.486 9.448 10.306 11.07 7.84 9.871 9.016 11.23 9.509 9.197 8.699 11.109 10.689 10.993 8.679 9.91 8.577 8.436 9.524 8.581 8.432 8.438 9.302 9.084 7.446 9.618 8.449 8.287 9.382 9.151 8.504 8.97 9.329 8.317 10.21 7.869 9.442 7.04 9.551 8.327 9.065 7.62 8.779 8.83 8.334 5.986 10.48 8.852 8.775 7.96 9.429 8.373 8.224 7.422 7.462 9.166 8.753 6.891 8.998 9.102 9.348 9.512 8.535 8.987 9.393 8.116 9.225 8.084 8.693 8.615 9.665 6.446 7.451 6.706 6.495 8.649 7.447 5.743 7.17 7.449 7.017 5.988 6.863 6.586 7.708 7.158 8.415 8.22 8.378 7.573 7.704 10.349 7.549 8.806 8.848 6.767 9.213 9.753 8.992 9.104 9.187 7.954 7.286 9.153 7.962 8.382 7.185 7.338 8.916 7.849 6.509 6.57 7.355 5.946 8.52 8.295 8.182 7.606 8.183 8.424 8.709 9.38 7.966 5.21 5.145 4.189 7.622 5.957 6.925 6.278 7.392 4.872 6.904 6.487 6.208 6.726 6.177 6.84 6.423 6.429 8.235 7.184 5.613 7.878 5.979 8.244 8.056 7.15 6.137 6.693 6.58 7.992 6.945 8.378 8.012 8.457 7.212 7.96 7.732 5.618 9.147 7.978 8.446 8.165 8.921 7.521 8.437 7.997 6.573 8.712 8.784 7.259 9.198 8.294 8.107 4.842 4.857 6.265 6.35 5.591 5.949 5.543 6.214 6.719 7.116 7.098 6.499 6.68 7.082 7.089 7.606 4.869 6.814 7.272 6.297 7.726 6.572 6.777 6.34 7.793 7.679 7.94 6.214 7.057 8.178 6.96 8.547 8.508 7.096 8.794 9.248 9.122 7.62 7.283 6.306 8.489 5.757 8.35 6.415 8.331 7.905 6.483 7.925 7.949 7.912 8.572 7.962 5.299 6.225 4.576 5.621 7.035 6.982 6.383 6.239 7.472 5.341 5.628 7.324 7.674 6.32 6.504 6.078 6.668 6.509 7.356 6.96 5.815 6.396 6.647 7.92 6.521 7.728 7.845 8.456 8.112 6.947 7.213 5.411 7.218 8.172 8.656 8.007 8.34 7.102 7.391 8.355 6.987 7.149 7.868 6.724 8.548 7.929 6.934 7.695 7.021 6.5 7.785 8.093,82.199,0.018161,3.337860107421875e-06,4.321704864501953,0.0043000455839278,0.0135764323055707,0.0323404763463046,0.0180544504036531,0.0098458987669375,0.0097597597597597,0.034034034034034,0.0765765765765765,0.0455872539205872,0.0244828161494828,0.0097597597597597,0.0161660668605113,0.0176980535997698,0.0169545560679389,0.0149121343565788,0.0097597597597597,0.0161660668605113,0.0176980535997698,0.0169545560679389,0.0149121343565788,0.0097597597597597,0.0203473008784888,0.0288994644620113,0.023251580056568,0.0172792557278127,0.0097597597597597,0.0034034034034034,0.0007657657657657,0.0022793626960293,0.0048965632298965,0.0097597597597597,0.034034034034034,0.0765765765765765,0.0455872539205872,0.0244828161494828,0.3745043335457749,0.3847473963074168,0.4108388108173563,0.3906127869265298,0.380274554846511,30music,sasrec,16,32,64,42
11.067 8.845 7.981 7.608 7.391,13.461 13.063 12.747 12.079 11.877 11.607 12.652 11.116 11.681 11.678 12.047 12.221 10.222 12.029 12.18 9.964 12.375 11.394 10.305 10.974 11.066 11.177 11.408 11.284 10.187 11.043 9.808 11.537 11.629 10.97 11.286 10.647 10.522 9.575 9.6 10.58 11.337 7.988 9.881 9.068 11.188 9.544 9.398 8.934 11.3 10.751 11.143 8.783 10.006 8.957 8.604 9.32 8.851 8.526 8.601 9.441 9.279 7.502 9.597 8.557 8.514 9.491 9.685 8.842 9.097 9.432 8.408 10.277 8.05 9.664 7.4 9.879 8.597 9.372 7.884 8.937 9.142 8.714 6.22 10.55 9.049 9.09 8.323 9.757 9.032 8.646 7.653 7.744 9.246 9.212 7.066 9.345 9.324 9.598 9.923 8.649 9.255 9.752 8.314 9.318 8.678 9.012 9.015 9.767 6.65 7.831 6.824 6.744 8.928 7.845 5.799 7.313 7.775 7.156 6.395 7.01 6.923 8.111 7.35 8.571 8.666 8.919 7.918 8.088 10.545 8.059 9.077 9.106 6.926 9.331 10.036 9.417 9.341 9.629 8.33 7.639 9.406 8.451 8.636 7.516 7.579 9.367 8.105 6.845 6.571 7.632 6.244 8.684 8.616 8.609 7.64 8.513 8.883 8.774 9.649 8.351 5.746 5.572 4.738 7.897 6.289 7.566 6.968 7.606 5.014 7.261 6.781 6.538 7.099 6.409 7.213 6.875 7.031 8.585 7.488 6.16 8.252 6.312 8.651 8.542 7.587 6.254 7.095 7.174 8.213 7.231 8.844 8.379 8.687 7.826 8.273 8.04 6.006 9.487 8.214 8.649 8.528 9.236 7.957 8.492 8.359 6.713 9.169 9.083 7.703 9.684 8.434 8.632 5.072 5.271 6.596 6.774 6.117 6.46 5.994 6.431 7.142 7.445 7.689 7.0 7.078 7.436 7.518 7.897 5.355 7.297 7.499 6.565 8.255 7.001 7.099 6.625 8.373 7.799 8.417 6.731 7.727 8.361 7.421 8.699 9.209 7.307 8.934 9.508 9.383 8.076 7.362 6.663 8.533 6.342 8.579 6.708 8.611 7.902 6.809 8.09 8.195 8.187 8.674 8.191,80.004,0.017395,0.0235872268676757,4.3452887535095215,0.0045480588939754,0.0137119210582819,0.031436835258307,0.0176238717403759,0.0103005898353582,0.0180597263930597,0.0428762095428762,0.073365031698365,0.0509676343009676,0.0347013680347013,0.0180597263930597,0.0253211710387636,0.0264013543636931,0.0258785740914008,0.0242144922700478,0.0180597263930597,0.0253211710387636,0.0264013543636931,0.0258785740914008,0.0242144922700478,0.0180597263930597,0.029485974302069,0.0355758485421302,0.0315264483899361,0.0268267266840025,0.0180597263930597,0.0042876209542876,0.0007336503169836,0.0025483817150483,0.0069402736069402,0.0180597263930597,0.0428762095428762,0.073365031698365,0.0509676343009676,0.0347013680347013,0.362681057670334,0.3765487511831424,0.4030032089802274,0.3825956293906886,0.3713379197703607,30music,sasrec,16,64,64,42
11.144 9.13 8.433 8.121 7.938 7.785,13.417 13.02 12.67 12.226 12.026 11.685 12.667 11.352 11.732 11.898 12.142 12.29 10.358 12.119 12.033 10.27 12.295 11.259 10.242 11.079 11.084 11.262 11.348 11.265 10.35 11.101 9.868 11.547 11.727 11.109 11.36 10.797 10.689 9.574 9.652 10.575 11.297 8.31 9.947 9.251 11.219 9.622 9.534 9.084 11.512 10.988 11.289 8.903 10.291 8.995 8.97 9.556 9.102 8.702 8.881 9.585 9.492 7.773 9.676 8.876 8.632 9.776 9.883 9.138 9.506 9.712 8.842 10.453 8.442 9.951 7.714 10.026 8.912 9.498 8.226 9.287 9.474 8.971 6.553 10.988 9.206 9.327 8.513 10.057 9.32 8.966 8.044 8.006 9.661 9.355 7.359 9.732 9.495 10.251 10.341 8.859 9.461 10.01 8.782 9.807 8.839 9.453 9.235 10.05 6.861 8.297 7.308 7.078 9.085 8.428 6.22 7.82 8.168 7.846 6.844 7.49 7.413 8.535 7.859 9.304 9.071 9.3 8.497 8.622 11.099 8.566 9.569 9.438 7.266 9.757 10.65 10.003 9.658 10.178 8.73 7.97 9.652 8.837 9.034 8.13 7.944 9.515 8.388 7.511 7.224 8.058 6.8 9.142 9.077 8.744 8.188 8.948 9.145 9.106 9.893 8.532 6.414 5.938 5.181 8.448 6.78 7.998 7.311 8.173 5.634 7.77 7.345 7.239 7.499 6.774 7.743 7.396 7.65 8.967 8.167 6.633 8.611 6.649 8.92 8.881 7.892 6.822 7.646 7.717 8.589 7.606 9.043 9.108 9.072 8.091 8.835 8.443 6.804 10.137 8.812 9.095 8.945 9.773 8.588 9.349 8.828 6.989 9.533 9.276 8.368 10.071 8.935 8.864 5.703 5.675 7.221 7.281 6.747 7.183 6.523 7.361 7.646 7.848 8.046 7.454 7.997 8.008 8.025 8.258 6.095 7.76 7.939 7.137 8.713 7.691 7.418 7.275 8.736 8.274 9.102 7.173 7.996 9.05 8.099 9.208 9.437 7.767 9.554 10.067 9.912 8.608 7.963 7.344 9.323 6.83 9.151 7.045 9.278 8.489 7.537 8.675 8.711 8.852 9.071 8.695 6.389 7.381 5.528 6.323 7.982 7.915 7.123 7.549 8.388 6.441 6.99 8.055 8.361 7.338 7.441 6.978 7.326 7.283 8.464 7.882 6.704 7.089 7.962 8.592 7.412 8.488 8.899 9.324 8.858 7.546 8.375 6.456 7.974 9.382 9.911 8.882 9.412 8.224 8.047 9.415 7.811 8.121 9.075 7.635 9.237 8.71 7.814 8.304 7.672 7.158 8.684 8.83,83.484,0.018756,0.0235872268676757,4.3452887535095215,0.0053529539418615,0.0176732447604317,0.0413022535913131,0.0232305800411288,0.0128519119414964,0.0185602268935602,0.0561394728061394,0.0988905572238905,0.0686102769436102,0.0435018351685018,0.0185602268935602,0.0291775406358739,0.0307471787356675,0.0300229623723202,0.0274795628962295,0.0185602268935602,0.0291775406358739,0.0307471787356675,0.0300229623723202,0.0274795628962295,0.0185602268935602,0.0355530159957802,0.0441943111121577,0.0386813732175368,0.0314547468798252,0.0185602268935602,0.0056139472806139,0.0009889055722389,0.0034305138471805,0.0087003670337003,0.0185602268935602,0.0561394728061394,0.0988905572238905,0.0686102769436102,0.0435018351685018,0.383674198110033,0.3985927372401717,0.4272891460951338,0.4051377919677733,0.3930062326758177,30music,sasrec,16,128,64,42
11.231 9.451 8.901 8.698 8.534 8.391,13.406 13.015 12.675 12.375 12.016 11.842 12.755 11.396 11.837 11.901 12.184 12.32 10.494 12.165 12.073 10.433 12.318 11.308 10.206 11.267 11.173 11.379 11.415 11.308 10.523 11.209 10.011 11.616 11.872 11.275 11.335 10.825 10.769 9.684 10.012 10.922 11.282 8.573 10.166 9.395 11.319 9.833 9.769 9.233 11.664 11.183 11.415 9.164 10.617 9.035 9.034 9.638 9.493 8.812 9.203 9.937 9.744 7.957 10.072 9.269 9.084 10.095 10.304 9.566 9.579 10.003 9.318 10.77 8.984 10.291 8.221 10.283 9.227 9.922 8.644 9.575 9.881 9.443 7.041 11.282 9.486 9.53 8.953 10.519 9.749 9.537 8.261 8.445 10.087 9.955 7.831 9.814 9.742 10.517 10.472 9.104 9.733 10.312 9.071 10.17 9.102 9.697 9.553 10.252 7.163 8.583 7.596 7.433 9.569 8.89 6.839 8.362 8.724 8.345 7.586 8.077 8.039 9.013 8.452 9.829 9.639 9.627 8.908 9.136 11.285 8.957 10.143 9.882 7.692 10.193 10.999 10.328 10.184 10.496 9.355 8.311 10.159 9.296 9.447 8.632 8.233 10.216 8.813 8.313 7.567 8.65 7.648 9.603 9.483 9.421 8.587 9.592 9.639 9.644 10.297 9.284 6.884 6.41 5.753 9.03 7.216 8.737 7.999 8.739 6.484 8.307 7.974 7.833 8.305 7.466 8.257 8.222 8.12 9.475 8.789 7.489 9.078 7.414 9.539 9.458 8.546 7.195 8.119 8.058 9.301 8.153 9.463 9.205 9.807 8.751 9.672 8.962 7.516 10.467 9.257 9.364 9.418 10.185 9.233 9.856 9.484 7.61 10.047 9.678 8.813 10.349 9.343 9.162 6.374 6.089 7.779 7.895 7.385 7.867 7.0 7.643 8.359 8.552 8.704 8.267 8.742 8.941 8.455 8.81 6.973 8.463 8.596 7.905 9.491 8.486 8.127 7.981 9.538 8.724 9.588 7.955 8.973 9.58 8.471 9.747 9.921 8.456 9.96 10.59 10.589 9.046 8.253 7.644 9.99 7.326 9.353 7.309 10.046 8.879 7.984 9.415 9.205 9.421 9.589 9.006 6.864 8.16 6.305 7.222 8.842 8.437 7.927 8.215 8.946 7.266 7.717 8.715 9.005 7.889 8.155 7.82 8.025 8.085 8.988 9.345 7.209 7.867 8.556 9.169 8.102 9.123 9.476 9.782 9.416 7.901 8.901 7.045 8.811 9.862 10.338 9.279 9.819 8.518 8.632 9.854 8.384 8.616 9.646 8.277 9.434 8.983 8.323 8.715 8.127 7.515 9.251 9.402,83.239,0.018648,0.0235872268676757,4.3452887535095215,0.005742197053464,0.0187077817620656,0.0407511129023183,0.0242295225399318,0.0138141117276997,0.0211878545211878,0.063063063063063,0.1016433099766433,0.0747414080747414,0.0499666332999666,0.0211878545211878,0.0335836828892384,0.0350326759339359,0.0343934253909099,0.0318040262484706,0.0211878545211878,0.0335836828892384,0.0350326759339359,0.0343934253909099,0.0318040262484706,0.0211878545211878,0.0405934766750717,0.0484337153613582,0.0435448930803424,0.0363263717687719,0.0211878545211878,0.0063063063063063,0.0010164330997664,0.003737070403737,0.0099933266599933,0.0211878545211878,0.063063063063063,0.1016433099766433,0.0747414080747414,0.0499666332999666,0.3826552184173344,0.3983873434391279,0.4284586336035196,0.4053532242053462,0.3922812495405715,30music,sasrec,16,256,64,42
11.331 9.75 9.406 9.206 9.101 8.982,13.362 13.003 12.678 12.391 12.143 11.875 12.827 11.442 11.887 11.966 12.188 12.372 10.621 12.212 12.084 10.573 12.307 11.363 10.253 11.323 11.282 11.448 11.521 11.399 10.645 11.227 10.24 11.743 12.036 11.443 11.345 10.986 10.93 9.899 10.129 10.985 11.44 8.783 10.236 9.503 11.44 10.08 10.032 9.431 11.801 11.246 11.638 9.463 10.881 9.515 9.274 9.737 9.833 9.166 9.452 10.253 10.064 8.287 10.191 9.547 9.396 10.569 10.554 9.856 9.909 10.365 9.647 11.101 9.327 10.573 8.602 10.585 9.579 10.088 8.953 9.799 10.177 9.728 7.527 11.518 9.771 9.766 9.07 10.62 10.136 9.84 8.713 8.724 10.35 10.144 7.974 10.25 10.068 10.732 10.769 9.417 10.162 10.718 9.281 10.422 9.562 10.166 9.829 10.557 7.592 9.188 7.959 7.873 9.858 9.197 7.431 8.946 9.137 8.877 8.106 8.656 8.732 9.473 9.35 10.401 10.202 10.036 9.469 9.703 11.679 9.621 10.638 10.311 8.181 10.546 11.463 10.896 10.562 10.852 9.867 8.745 10.54 9.741 9.775 9.478 8.847 10.767 9.172 8.701 8.026 9.054 8.278 10.087 9.838 9.833 9.075 9.788 10.112 9.955 10.507 9.77 7.425 6.801 6.371 9.534 7.787 9.062 8.609 9.041 6.778 8.876 8.634 8.401 8.941 7.674 8.902 8.743 8.725 9.916 9.299 8.085 9.73 8.059 10.074 9.939 8.927 7.67 8.635 8.538 9.655 8.738 10.016 9.711 10.046 9.072 10.11 9.315 8.19 10.801 9.704 9.808 9.913 10.706 9.787 10.325 10.048 8.164 10.387 10.254 9.207 10.759 9.973 9.499 7.056 6.49 8.394 8.465 8.131 8.603 7.608 8.59 8.887 9.202 9.192 8.898 9.392 9.569 8.91 9.424 7.741 9.022 9.294 8.526 9.84 9.155 8.545 8.516 10.247 9.196 10.244 8.511 9.387 10.07 9.248 10.079 10.208 9.009 10.243 11.148 11.005 9.484 8.956 8.289 10.215 7.85 9.614 7.729 10.472 9.266 8.776 9.964 9.603 9.662 9.956 9.482 7.649 8.766 6.775 7.839 9.627 8.992 8.48 8.776 9.226 7.665 8.449 9.352 9.626 8.559 8.855 8.43 8.733 8.644 9.771 9.832 7.819 8.527 9.2 9.508 8.715 9.746 9.852 10.415 9.95 8.672 9.529 7.686 9.205 10.585 10.962 9.821 10.248 9.15 9.28 10.381 8.824 9.263 10.315 8.764 10.239 9.593 8.786 9.173 8.617 8.145 9.748 9.964,90.833,0.021536,0.0235872268676757,4.571274280548096,0.0059350962946122,0.0190430590145374,0.0395948656651981,0.0241985208761759,0.0141333140434092,0.0245245245245245,0.0642308975642309,0.0998081414748081,0.0756172839506172,0.0522605939272605,0.0245245245245245,0.0363897462277091,0.0377856565737919,0.0371928764757497,0.0347611500389278,0.0245245245245245,0.0363897462277091,0.0377856565737919,0.0371928764757497,0.0347611500389278,0.0245245245245245,0.0430197304983921,0.0503493594248009,0.0459151115911528,0.0391171535870435,0.0245245245245245,0.006423089756423,0.000998081414748,0.0037808641975308,0.0104521187854521,0.0245245245245245,0.0642308975642309,0.0998081414748081,0.0756172839506172,0.0522605939272605,0.3837233202654751,0.3992822777175311,0.4281938101001501,0.4060381326306632,0.393375044643198,30music,sasrec,16,512,64,42
11.402 10.033 9.748 9.633 9.532 9.501 9.422 9.409 9.316 9.287 9.23 9.183 9.175,13.358 12.986 12.707 12.425 12.162 11.967 12.822 11.534 11.888 12.051 12.281 12.398 10.694 12.24 12.109 10.593 12.272 11.413 10.317 11.355 11.341 11.444 11.45 11.46 10.776 11.336 10.315 11.746 12.027 11.552 11.466 11.059 11.122 10.117 10.251 11.117 11.542 9.03 10.319 9.734 11.549 10.258 10.099 9.469 11.942 11.399 11.692 9.605 10.975 9.58 9.402 9.889 10.053 9.244 9.657 10.35 10.134 8.382 10.476 9.87 9.719 10.871 10.88 10.205 10.137 10.604 9.924 11.344 9.745 10.654 8.997 10.714 9.839 10.416 9.242 10.247 10.589 10.035 7.823 11.784 10.052 10.026 9.674 10.956 10.318 10.237 9.266 8.975 10.72 10.334 8.327 10.37 10.488 10.937 11.151 9.595 10.386 11.102 9.767 10.944 9.842 10.345 10.04 10.86 7.94 9.798 8.396 8.306 10.187 9.707 8.045 9.321 9.534 9.39 8.606 9.332 9.18 9.79 9.762 10.604 10.498 10.271 9.829 9.993 11.79 9.831 10.736 10.404 8.838 10.541 11.578 11.008 10.772 11.095 9.972 8.742 10.762 10.03 9.982 9.718 9.023 10.824 9.321 9.209 8.361 9.424 8.612 10.732 9.937 10.119 9.334 10.238 10.25 10.432 10.811 10.063 8.095 7.287 6.976 10.018 8.287 9.805 8.987 9.562 7.565 9.469 9.278 8.942 9.316 8.541 9.557 9.412 9.396 10.19 10.104 8.678 10.091 8.804 10.385 10.076 9.252 8.132 9.173 8.715 10.088 9.176 10.439 10.108 10.338 9.459 10.321 9.719 8.54 11.102 9.983 9.956 10.187 10.76 10.437 10.726 10.456 8.576 10.715 10.35 9.396 10.837 10.283 9.894 7.598 6.485 8.968 8.974 8.466 9.259 7.966 8.984 9.353 9.685 9.639 9.346 9.815 10.029 9.474 9.79 8.328 9.422 9.887 9.076 10.174 9.605 8.919 9.191 10.55 9.591 10.383 9.058 9.971 10.289 9.425 10.53 10.394 9.364 10.623 11.39 11.202 9.827 9.411 8.717 10.539 8.518 10.111 7.88 10.93 9.79 9.361 10.285 9.749 10.111 10.498 9.767 8.214 9.213 7.707 8.566 10.235 9.444 8.934 9.446 9.598 8.237 9.034 10.077 10.225 9.403 9.445 9.238 9.355 8.9 10.338 10.87 8.732 9.107 10.135 9.742 9.336 10.097 10.569 10.885 10.268 9.062 10.032 8.274 9.585 10.93 11.281 10.277 10.587 9.605 9.606 10.785 9.145 9.807 10.779 9.213 10.56 10.005 9.072 9.528 8.999 8.384 10.222 10.322 6.658 8.473 7.703 9.326 8.793 8.598 7.767 8.34 9.929 9.558 9.893 11.081 8.501 10.742 8.567 9.019 10.869 10.826 8.337 8.959 9.82 8.584 9.018 9.595 9.192 11.149 8.323 9.331 9.645 10.548 8.75 9.846 9.704 9.637 9.0 8.971 9.296 10.238 11.312 10.315 10.185 10.91 10.369 10.593 10.652 11.17 9.99 10.135 10.677 10.442 9.238 11.073 6.98 7.517 7.448 8.179 9.231 7.992 8.976 9.948 8.45 9.053 9.505 6.75 10.837 9.555 9.026 10.138 9.429 9.612 8.394 7.911 9.303 9.598 8.713 10.646 9.594 9.778 11.71 9.44 8.78 9.553 10.303 8.82 9.328 10.033 9.853 9.453 9.91 10.053 10.008 9.614 10.636 9.6 9.009 10.219 10.381 9.475 9.686 8.914 11.378 10.228 10.197 9.493 8.525 8.91 6.927 8.353 8.148 7.943 9.441 7.752 8.113 9.436 9.691 8.574 9.335 9.919 9.838 8.416 8.594 10.354 9.892 8.232 9.682 9.582 10.397 8.205 9.252 9.968 8.869 9.314 9.622 9.358 9.08 10.216 8.842 9.754 10.396 10.175 10.344 9.601 10.851 10.197 9.866 9.965 9.877 9.057 10.592 10.904 8.896 9.79 9.813 10.469 8.847 9.905 7.15 7.452 8.576 7.243 8.144 7.432 10.045 8.816 8.119 8.116 9.66 8.245 9.638 7.651 10.004 9.946 10.01 9.025 10.389 8.042 10.187 9.538 9.351 10.165 8.648 8.294 9.719 9.308 9.011 9.448 8.908 10.642 10.244 8.886 9.922 10.025 9.658 9.469 9.787 8.715 10.232 10.479 10.285 9.496 9.624 10.373 11.912 7.581 11.154 10.098 8.925 9.511 7.255 5.598 8.148 9.156 9.108 9.176 9.138 9.277 7.875 8.459 9.205 10.724 9.01 8.733 10.345 9.457 8.547 9.147 9.407 9.645 8.882 8.262 10.578 8.655 9.596 10.478 9.118 9.398 11.266 9.391 11.091 10.088 9.329 8.349 9.85 9.894 8.463 9.124 9.764 9.248 9.263 9.66 9.993 9.031 9.565 9.436 9.395 10.716 9.828 9.161 7.024 9.093 9.134 7.348 8.445 7.927 7.657 9.317 9.244 10.446 9.701 8.063 8.17 9.683 9.333 9.403 8.735 8.627 9.287 9.923 8.873 8.609 8.962 9.763 9.839 8.811 9.543 10.115 9.768 8.769 8.484 8.474 9.364 9.331 10.258 10.319 10.374 9.663 9.002 10.36 9.689 8.839 10.819 9.306 9.237 10.119 9.56 9.779 10.138 9.309 8.854 10.019 10.692 8.524 8.114 8.582 8.136 8.52 7.613 8.669 6.666 8.868 8.027 9.08 8.123 8.158 8.601 7.548 10.596 11.334 8.936 6.638 9.463 9.738 9.411 7.921 7.72 10.258 7.834 9.327 8.89 8.429 11.066 10.834 8.758 9.113 9.694 9.301 9.137 8.872 9.244 10.113 10.249 10.629 9.004 9.085 11.102 9.707 9.996 9.374 8.715 9.831 9.977 9.591 10.291 10.069,110.07,0.028921,0.0235872268676757,5.646753311157227,0.0071476058104007,0.0243271203702746,0.0587515974468407,0.0320982040851007,0.0175813879789326,0.0221471471471471,0.0662328995662329,0.1078578578578578,0.0789539539539539,0.0519686353019686,0.0221471471471471,0.034934173591581,0.036541997591023,0.0358076672950612,0.0329982760538316,0.0221471471471471,0.034934173591581,0.036541997591023,0.0358076672950612,0.0329982760538316,0.0221471471471471,0.0423593430041668,0.0509130285543417,0.0455644682767158,0.03771393237645,0.0221471471471471,0.0066232899566232,0.0010785785785785,0.0039476976976976,0.0103937270603937,0.0221471471471471,0.0662328995662329,0.1078578578578578,0.0789539539539539,0.0519686353019686,0.4033204510246808,0.4244196597070788,0.4572938806623619,0.4324937434283297,0.4170637185023436,30music,sasrec,16,1024,64,42
11.45 10.152 9.908 9.809 9.718 9.699 9.63 9.554 9.466 9.467 9.458 9.362 9.362,13.346 13.024 12.707 12.464 12.22 11.989 12.86 11.502 11.924 12.001 12.23 12.388 10.763 12.249 12.117 10.614 12.294 11.491 10.327 11.411 11.365 11.522 11.469 11.47 10.887 11.417 10.44 11.816 12.143 11.589 11.431 11.084 11.151 10.107 10.306 11.152 11.58 9.221 10.358 9.758 11.615 10.358 10.221 9.622 11.943 11.459 11.8 9.751 11.162 9.677 9.434 10.005 10.215 9.346 9.709 10.461 10.195 8.659 10.585 10.05 9.906 11.039 11.055 10.393 10.297 10.656 10.082 11.513 9.905 10.925 9.085 10.855 9.981 10.52 9.454 10.202 10.767 10.239 8.007 11.779 10.177 10.141 9.727 10.998 10.4 10.442 9.315 9.078 10.834 10.516 8.457 10.439 10.475 11.049 11.202 9.632 10.463 11.256 9.697 11.004 10.059 10.501 10.059 10.958 8.023 9.846 8.455 8.351 10.262 9.828 8.232 9.437 9.881 9.596 8.861 9.407 9.417 10.071 9.992 10.929 10.922 10.367 9.921 10.164 11.963 10.018 10.964 10.631 8.95 10.671 11.709 11.141 10.899 11.397 10.312 9.05 10.963 10.157 10.197 10.186 9.237 10.898 9.475 9.377 8.408 9.521 8.812 10.84 9.949 10.25 9.45 10.307 10.436 10.565 10.98 10.186 8.251 7.332 7.129 10.297 8.356 9.765 9.214 9.654 7.965 9.53 9.396 9.174 9.579 8.61 9.849 9.475 9.642 10.409 10.352 8.894 10.144 8.86 10.59 10.454 9.31 8.433 9.501 9.004 10.201 9.297 10.661 10.275 10.514 9.434 10.602 9.876 8.792 11.169 10.205 10.232 10.43 10.938 10.557 10.893 10.782 8.746 10.881 10.549 9.595 11.027 10.568 10.221 8.063 6.713 9.229 9.275 8.705 9.562 8.235 9.282 9.569 9.92 9.972 9.577 10.266 10.214 9.471 10.129 8.636 9.838 10.092 9.389 10.272 9.793 9.285 9.407 10.78 9.877 10.594 9.277 10.235 10.655 9.584 10.634 10.538 9.49 10.749 11.402 11.307 10.023 9.562 8.779 10.574 8.602 10.138 7.99 10.815 9.922 9.515 10.262 9.967 10.095 10.55 9.948 8.36 9.415 8.056 8.767 10.467 9.479 9.088 9.879 9.828 8.57 9.41 10.275 10.5 9.639 9.632 9.295 9.722 9.212 10.418 10.853 8.865 9.39 10.26 10.007 9.411 10.18 10.675 11.112 10.429 9.187 10.128 8.621 10.005 11.196 11.545 10.518 10.778 9.81 9.871 10.787 9.501 9.887 10.78 9.434 10.625 10.389 9.374 9.483 9.316 8.621 10.506 10.2 6.776 8.494 8.021 9.515 9.054 8.847 8.235 8.786 9.961 10.021 10.141 11.066 8.592 11.014 8.772 9.554 10.946 10.983 8.494 9.388 9.951 8.768 9.305 9.936 9.53 11.373 8.886 9.576 9.958 10.805 9.089 10.178 9.809 9.727 9.246 9.286 9.709 10.476 11.402 10.427 10.296 10.924 10.33 10.696 10.593 11.236 10.1 10.3 10.854 10.603 9.403 11.059 7.199 7.624 7.749 8.425 9.529 8.114 9.066 10.023 8.842 9.458 9.68 7.107 10.957 9.584 9.32 10.342 9.438 9.845 8.497 8.206 9.776 9.921 8.874 10.767 9.744 10.022 11.669 9.3 8.796 9.666 10.309 9.161 9.273 10.088 9.903 9.561 9.762 10.001 10.132 9.633 10.703 9.696 9.155 10.325 10.265 9.605 9.807 9.127 11.458 10.216 10.327 9.591 8.658 9.145 7.377 8.53 8.388 8.074 9.474 7.957 8.436 9.447 9.788 8.825 9.666 10.136 9.918 8.581 8.758 10.324 9.901 8.429 9.736 9.771 10.433 8.27 9.391 10.285 9.163 9.524 9.799 9.406 9.249 10.252 9.117 9.863 10.582 10.266 10.219 9.544 10.98 10.348 9.809 10.074 9.956 9.239 10.549 11.029 9.203 10.034 10.149 10.337 8.96 9.921 7.211 7.689 8.76 7.534 8.179 7.732 10.121 9.057 8.47 8.249 9.858 8.652 9.782 7.886 10.256 10.025 10.317 9.108 10.433 8.296 10.256 9.822 9.397 10.19 8.794 8.636 9.831 9.332 9.237 9.571 8.969 10.617 10.525 9.315 10.136 10.263 9.78 9.609 9.796 8.801 10.462 10.847 10.313 9.79 9.858 10.381 11.976 7.645 11.329 10.344 9.351 9.635 7.558 5.81 8.435 9.623 9.32 9.554 9.323 9.589 8.303 8.807 9.358 10.949 9.595 9.097 10.607 9.792 8.945 9.369 9.821 9.907 9.086 8.341 10.609 8.984 9.801 10.549 9.452 9.635 11.4 9.607 11.095 10.228 9.575 8.646 9.955 10.123 8.636 9.441 9.843 9.32 9.425 9.876 10.306 9.314 9.648 9.518 9.295 10.751 9.994 9.362 7.237 9.382 9.425 7.486 8.482 8.118 7.958 9.607 9.527 10.535 9.663 8.292 8.646 9.751 9.747 9.536 8.993 8.829 9.385 10.125 9.324 8.768 9.409 9.94 10.033 9.175 9.839 10.191 9.879 9.053 8.851 8.747 9.697 9.428 10.56 10.589 10.507 9.74 9.115 10.554 9.677 9.066 10.951 9.405 9.277 10.276 9.899 10.03 10.389 9.444 9.066 10.332 10.759 8.555 8.342 8.535 8.519 8.631 7.871 8.8 6.818 9.073 8.085 9.43 8.446 8.397 9.002 7.893 10.816 11.361 9.078 6.862 9.558 9.853 9.587 8.058 7.989 10.518 8.112 9.684 8.977 8.619 11.121 10.873 8.766 9.317 9.735 9.451 9.474 9.045 9.571 10.361 10.577 10.735 9.124 9.239 11.15 9.878 10.153 9.55 8.89 9.906 10.25 9.514 10.622 10.453,123.93,0.03421,0.0235872268676757,7.081944942474365,0.0072899838217243,0.0245292052895727,0.0557260647062133,0.0320258668696701,0.0178822189383422,0.0219386052719386,0.0663997330663997,0.1055638972305638,0.0796212879546212,0.0541791791791791,0.0219386052719386,0.0354639030564956,0.0370306898382018,0.0363857975709039,0.0338373095317539,0.0219386052719386,0.0354639030564956,0.0370306898382018,0.0363857975709039,0.0338373095317539,0.0219386052719386,0.042850370269417,0.0509685693354186,0.0461983196234454,0.0389021615866744,0.0219386052719386,0.0066399733066399,0.0010556389723056,0.003981064397731,0.0108358358358358,0.0219386052719386,0.0663997330663997,0.1055638972305638,0.0796212879546212,0.0541791791791791,0.4125233602044676,0.4280488486134644,0.4531815903992959,0.4339120493152948,0.4230143871805673,30music,sasrec,16,1512,64,42
11.479 10.233 9.996 9.934 9.858 9.817 9.8 9.751 9.776 9.727 9.714 9.666 9.603,13.361 13.005 12.71 12.475 12.224 11.998 12.879 11.553 11.96 12.032 12.26 12.389 10.757 12.272 12.122 10.675 12.298 11.488 10.318 11.456 11.397 11.507 11.533 11.537 10.954 11.417 10.46 11.865 12.163 11.755 11.477 11.152 11.148 10.202 10.373 11.13 11.612 9.343 10.415 9.915 11.629 10.397 10.206 9.644 12.013 11.428 11.953 9.844 11.308 9.712 9.603 10.069 10.341 9.41 9.795 10.531 10.324 8.812 10.649 10.061 9.931 11.18 11.036 10.475 10.301 10.694 10.289 11.657 10.062 10.926 9.229 10.833 10.064 10.577 9.468 10.369 10.817 10.401 8.08 11.828 10.171 10.171 9.855 11.089 10.452 10.463 9.503 9.216 10.86 10.558 8.622 10.496 10.529 11.062 11.237 9.589 10.577 11.234 9.881 10.982 10.1 10.504 10.128 10.92 8.202 9.938 8.616 8.615 10.39 9.968 8.336 9.547 9.935 9.681 9.04 9.581 9.41 10.027 9.991 10.826 10.867 10.471 10.002 10.227 12.046 10.035 10.874 10.603 8.972 10.816 11.684 11.22 11.082 11.378 10.215 9.116 10.94 10.172 10.245 10.06 9.372 11.107 9.483 9.558 8.58 9.73 8.932 11.101 10.026 10.324 9.594 10.383 10.472 10.758 11.103 10.391 8.42 7.623 7.456 10.358 8.511 10.017 9.339 9.767 8.286 9.697 9.608 9.298 9.728 8.673 9.883 9.703 9.654 10.406 10.577 9.086 10.269 9.001 10.55 10.46 9.431 8.45 9.518 8.964 10.381 9.523 10.844 10.384 10.623 9.652 10.602 9.881 8.904 11.278 10.308 10.143 10.415 10.957 10.693 10.972 10.81 8.904 11.037 10.656 9.76 10.962 10.473 10.196 8.089 6.637 9.329 9.418 8.703 9.772 8.355 9.303 9.528 9.893 9.869 9.658 10.295 10.265 9.583 10.225 8.897 9.946 10.218 9.572 10.445 9.949 9.377 9.362 10.969 10.105 10.858 9.289 10.477 10.618 9.737 10.813 10.764 9.609 10.914 11.483 11.469 10.14 9.756 9.146 10.648 8.85 10.197 8.124 11.232 10.03 9.74 10.314 10.199 10.221 10.61 9.835 8.644 9.72 8.227 9.112 10.675 9.714 9.359 9.912 9.837 8.853 9.421 10.527 10.668 9.764 9.865 9.429 10.032 9.416 10.586 11.024 9.06 9.56 10.313 10.017 9.64 10.344 10.851 11.214 10.341 9.261 10.272 8.649 10.054 11.173 11.542 10.46 11.001 9.697 9.898 10.927 9.467 10.005 10.953 9.447 10.565 10.49 9.555 9.762 9.392 8.72 10.498 10.343 6.875 8.499 8.074 9.69 9.193 9.0 8.451 8.847 10.138 10.04 10.463 11.397 8.816 11.073 9.031 9.619 11.102 11.239 8.873 9.495 10.15 9.065 9.611 10.278 9.453 11.586 9.106 9.603 10.041 10.904 9.243 10.091 9.942 9.993 9.526 9.433 9.73 10.286 11.694 10.445 10.492 11.033 10.515 10.724 10.733 11.382 10.118 10.267 10.854 10.898 9.405 11.37 7.288 7.698 7.947 8.594 9.657 8.343 9.436 10.222 9.016 9.686 9.96 7.226 11.037 9.797 9.683 10.576 9.734 9.973 8.596 8.315 9.856 10.003 9.084 10.888 9.825 10.207 11.896 9.418 8.962 9.963 10.543 9.476 9.492 10.354 9.992 9.862 9.915 10.216 10.236 9.768 10.952 9.968 9.167 10.454 10.239 9.8 9.961 9.203 11.535 10.5 10.532 10.028 9.083 9.317 7.83 8.837 8.665 8.512 9.99 8.287 8.793 9.843 10.413 9.275 10.152 10.53 10.456 9.002 9.022 10.534 10.15 8.978 10.107 10.106 10.715 8.565 9.714 10.498 9.305 10.021 10.034 9.627 9.477 10.658 9.193 10.213 10.663 10.543 10.618 9.816 11.314 10.608 10.111 10.372 10.085 9.353 10.733 11.188 9.466 10.266 10.27 10.665 9.069 10.132 7.635 7.991 9.104 7.977 8.432 7.849 10.161 9.424 8.646 8.384 10.169 8.852 9.997 8.083 10.324 10.28 10.492 9.294 10.712 8.705 10.67 10.174 9.698 10.428 8.95 8.853 10.245 9.713 9.477 9.997 9.184 11.032 10.666 9.578 10.5 10.43 9.844 9.901 10.157 9.0 10.737 11.046 10.745 10.136 10.158 10.607 12.073 8.037 11.603 10.612 9.501 9.856 7.948 6.429 8.7 9.932 9.727 9.938 9.702 9.785 8.801 9.161 9.777 11.144 9.782 9.333 11.0 10.024 9.273 9.781 10.291 10.153 9.348 8.765 10.907 9.317 10.132 10.764 9.808 10.07 11.573 9.92 11.248 10.388 9.597 8.817 10.236 10.159 8.933 9.466 9.888 9.57 9.609 10.026 10.419 9.455 9.955 9.676 9.461 10.94 10.025 9.606 7.354 9.48 9.74 7.731 8.644 8.331 8.236 9.894 9.599 10.812 9.93 8.512 8.804 9.998 10.093 9.804 9.444 9.008 9.836 10.409 9.526 9.192 9.489 10.131 10.35 9.497 10.023 10.692 10.062 9.332 9.263 8.991 9.921 9.807 10.792 10.711 10.888 10.103 9.408 10.785 10.067 9.365 11.372 9.704 9.476 10.487 9.973 10.271 10.712 9.917 9.273 10.535 10.984 8.933 8.773 9.141 8.785 8.958 8.287 9.139 7.229 9.497 8.552 9.654 8.666 8.658 9.303 8.157 11.103 11.536 9.481 6.971 9.935 9.979 9.843 8.208 8.267 10.689 8.163 9.948 9.059 8.886 11.301 11.236 8.875 9.392 9.851 9.761 9.523 9.381 9.635 10.546 10.772 10.849 9.406 9.466 11.291 10.065 10.306 9.714 9.136 10.227 10.299 9.945 10.679 10.562,139.43,0.040179,0.0235872268676757,8.65826940536499,0.0082074034269468,0.025918539109747,0.0577538031578065,0.0333577902014074,0.0193921147842341,0.0259426092759426,0.0686936936936937,0.1068985652318985,0.0800383717050383,0.0565148481815148,0.0259426092759426,0.0389657349148089,0.0404244558876644,0.0397578921065691,0.037330385941497,0.0259426092759426,0.0389657349148089,0.0404244558876644,0.0397578921065691,0.037330385941497,0.0259426092759426,0.0460648843144593,0.0538802469102655,0.0489392204802076,0.0421165957100983,0.0259426092759426,0.0068693693693693,0.0010689856523189,0.0040019185852519,0.0113029696363029,0.0259426092759426,0.0686936936936937,0.1068985652318985,0.0800383717050383,0.0565148481815148,0.4275311306537554,0.4374201754133589,0.457215531476723,0.4412898738677069,0.4338520107058137,30music,sasrec,16,2048,64,42
10.273 7.745 6.859 6.407 6.135,12.903 12.743 12.32 12.551 12.294 12.198 11.64 10.954 11.163 10.949 11.557 11.521 11.779 11.584 11.54 9.931 10.693 10.39 10.539 11.229 11.066 9.615 9.523 10.054 10.535 10.122 11.074 9.81 10.025 10.373 10.472 10.513 10.102 8.876 9.877 8.963 9.607 9.45 9.287 9.261 9.722 8.337 8.1 8.781 9.274 8.183 8.977 8.075 9.248 9.447 9.022 9.228 7.991 7.988 6.832 8.003 7.048 7.718 7.388 7.016 7.29 8.472 7.875 7.997 8.906 8.501 7.966 7.443 7.729 6.787 8.15 7.298 7.64 8.257 7.179 7.557 6.174 7.011 6.921 8.435 6.822 7.224 7.39 7.051 7.782 8.83 6.959 7.219 8.491 7.141 6.987 8.282 7.08 9.722 6.945 7.651 9.244 6.269 7.139 8.605 5.773 8.548 9.227 8.338 5.236 5.896 5.267 7.668 6.705 6.401 6.998 5.783 6.264 6.377 6.99 6.955 7.102 7.278 5.019 8.401 7.474 6.262 5.8 6.425 6.601 6.846 6.201 6.791 9.446 6.999 5.458 6.393 7.548 8.54 7.208 6.288 7.299 8.766 7.071 6.8 7.803 6.387 7.574 9.177 7.752 6.378 7.536 7.874 6.717 8.463 6.643 6.939 7.315 7.589 7.023 6.942 4.726 5.192 6.361 5.579 5.56 5.078 6.043 6.228 5.5 5.862 4.816 5.274 6.02 7.416 6.155 6.605 4.824 5.328 5.844 7.047 4.168 9.256 6.08 8.086 6.774 5.431 5.918 7.424 6.312 7.168 6.336 6.778 6.406 7.873 7.494 6.538 6.156 7.505 6.141 6.348 6.934 6.526 6.531 6.064 6.909 7.162 7.478 6.971 8.472 6.811 7.118 6.007 4.434 4.37 4.631 5.48 5.039 5.752 6.737 4.909 5.306 6.891 5.617 6.198 5.83 5.856 5.479 7.364 6.099 4.65 6.182 6.03 5.969 5.743 5.605 5.485 6.48 4.894 5.412 6.219 6.422 5.484 8.471 5.583 6.924 7.6 7.6 6.925 7.062 6.689 5.926 5.644 7.103 6.307 5.341 7.569 7.715 5.735 6.139 7.083 7.03 6.492 6.788 5.257,79.323,0.017126,0.0235872268676757,4.363425731658936,0.0047248831983612,0.0165583330749861,0.0383318349195851,0.0219147316461538,0.011867896169687,0.0148481815148481,0.0405405405405405,0.0814981648314981,0.0512178845512178,0.0314064064064064,0.0148481815148481,0.0220049414493858,0.0234402663637333,0.0227348346770933,0.0207853687020353,0.0148481815148481,0.0220049414493858,0.0234402663637333,0.0227348346770933,0.0207853687020353,0.0148481815148481,0.0263739501020027,0.0345363882278071,0.0290595229344021,0.0234194098038941,0.0148481815148481,0.004054054054054,0.0008149816483149,0.0025608942275608,0.0062812812812812,0.0148481815148481,0.0405405405405405,0.0814981648314981,0.0512178845512178,0.0314064064064064,0.3777488247801452,0.389795475901264,0.4151054910904428,0.3954510387398213,0.3852240528859308,30music,sasrec,16,32,128,42
10.404 8.075 7.312 6.926 6.666,12.774 12.705 12.382 12.625 12.49 12.292 11.927 11.361 11.552 11.154 11.683 11.668 11.83 11.551 11.692 10.005 10.693 10.492 10.429 11.112 10.999 9.632 9.579 10.088 10.595 10.294 11.079 9.887 10.194 10.508 10.373 10.556 10.36 9.087 10.132 9.189 9.729 9.595 9.463 9.486 9.748 8.48 8.316 8.983 9.367 8.305 9.24 8.244 9.486 9.602 9.305 9.42 8.179 8.208 6.991 8.293 7.295 8.011 7.764 7.274 7.543 8.758 8.111 8.379 9.349 8.714 8.17 7.685 8.214 6.923 8.39 7.604 7.907 8.726 7.703 8.031 6.293 7.207 7.257 8.649 7.178 7.521 7.617 7.727 8.042 8.982 7.301 7.521 8.687 7.394 7.338 8.588 7.553 9.999 7.382 7.902 9.6 6.705 7.558 8.926 6.105 8.862 9.34 8.825 5.687 6.376 5.758 8.32 7.225 6.748 7.419 6.445 6.791 6.916 7.58 7.544 7.334 7.599 5.324 8.74 8.016 6.795 6.261 6.952 6.987 7.266 6.428 7.566 10.015 7.608 5.945 6.738 7.953 8.906 7.766 6.703 7.753 9.262 7.556 7.541 8.442 6.782 8.057 9.546 8.151 6.984 7.894 8.508 7.093 9.233 7.235 7.411 7.708 8.195 7.518 7.441 5.11 5.692 7.051 6.06 6.169 5.506 6.574 6.687 5.804 6.516 5.204 5.806 6.677 7.894 6.665 7.019 5.318 5.885 6.22 7.7 4.699 9.762 6.704 8.776 7.268 5.85 6.406 7.849 6.828 7.614 6.782 7.468 6.927 8.401 7.98 7.175 6.791 8.044 6.486 6.871 7.283 7.075 6.856 6.753 7.039 7.41 7.84 7.434 8.768 7.536 7.56 6.384 5.016 5.027 5.119 6.13 5.549 6.294 7.144 5.468 5.758 7.477 6.142 6.708 6.241 6.373 6.125 7.862 6.657 5.344 6.654 6.554 6.562 6.196 6.242 5.655 6.833 5.206 5.915 6.636 6.89 6.061 9.002 5.962 7.563 8.25 7.995 7.336 7.416 7.377 6.339 6.321 7.708 6.76 5.86 8.181 8.323 6.415 6.494 7.771 7.483 7.015 7.234 5.888,82.397,0.018324,0.0235872268676757,4.363425731658936,0.0053518057320928,0.0178362905475927,0.0392044743438268,0.0232730638025722,0.0131160001883064,0.0203953953953953,0.0535118451785118,0.0954287620954287,0.0651901901901901,0.0422922922922922,0.0203953953953953,0.0299207772587402,0.0314599811166869,0.0307511912180241,0.028418001334668,0.0203953953953953,0.0299207772587402,0.0314599811166869,0.0307511912180241,0.028418001334668,0.0203953953953953,0.035504774139841,0.0439572619447267,0.0384818334143293,0.0318714454535827,0.0203953953953953,0.0053511845178511,0.0009542876209542,0.0032595095095095,0.0084584584584584,0.0203953953953953,0.0535118451785118,0.0954287620954287,0.0651901901901901,0.0422922922922922,0.3828451776015416,0.3927370439102735,0.4184886184818775,0.398508619242344,0.3884143268956962,30music,sasrec,16,64,128,42
10.53 8.439 7.832 7.511 7.281,12.718 12.741 12.415 12.783 12.66 12.274 12.04 11.605 11.685 11.306 11.718 11.828 11.93 11.648 11.862 10.006 10.809 10.39 10.402 11.262 11.102 9.692 9.72 10.024 10.713 10.448 11.265 10.158 10.192 10.571 10.477 10.655 10.459 9.272 10.248 9.241 9.984 9.736 9.667 9.668 9.943 8.691 8.459 9.195 9.679 8.603 9.493 8.439 9.666 9.84 9.589 9.725 8.454 8.302 7.235 8.717 7.715 8.41 8.215 7.867 7.859 9.116 8.304 8.723 9.79 8.968 8.393 8.188 8.587 7.336 8.799 7.906 8.168 9.159 8.152 8.703 6.709 7.57 7.741 9.083 7.544 7.91 8.12 8.126 8.522 9.303 7.827 7.966 9.226 7.828 7.725 8.932 8.147 10.124 7.862 8.153 9.767 7.248 7.829 9.297 6.44 9.39 9.668 9.139 6.292 6.64 6.15 8.952 7.643 7.257 7.902 6.914 7.273 7.351 7.908 8.046 7.911 8.098 5.827 9.337 8.559 7.325 6.981 7.515 7.489 7.838 6.978 8.281 10.487 8.068 6.417 7.224 8.581 9.433 8.565 7.09 8.583 9.959 7.899 7.948 9.042 7.179 8.837 10.216 8.846 7.244 8.381 9.0 7.742 9.691 7.965 7.94 8.183 8.518 7.841 7.9 5.651 6.329 7.715 6.809 6.876 6.161 7.105 7.355 6.809 7.18 5.81 6.546 7.166 8.512 7.309 7.762 5.808 6.392 6.776 8.122 5.264 10.158 7.281 9.264 7.754 6.433 6.808 8.411 7.619 8.102 7.391 8.111 7.589 8.831 8.275 7.604 7.377 8.538 6.735 7.733 7.894 7.739 7.118 7.622 7.617 7.857 8.217 8.072 9.246 7.947 8.125 6.889 5.703 5.66 5.973 6.565 6.345 6.892 7.745 6.157 6.461 8.067 6.848 7.524 6.975 6.954 7.007 8.532 7.321 5.881 7.365 7.23 7.008 6.896 6.695 6.535 7.372 6.119 6.445 7.081 7.528 6.781 9.37 6.522 7.851 8.731 8.634 7.793 8.224 7.947 6.851 6.718 8.195 7.311 6.638 8.833 9.164 6.931 7.12 8.386 7.923 7.532 7.788 6.602,84.524,0.019148,0.0235872268676757,4.363860607147217,0.0054895909043414,0.019040762595,0.0408326357958988,0.0248426665564385,0.0137647387076439,0.0215632298965632,0.0614781448114781,0.1021438104771438,0.0735318651985318,0.0491324657991324,0.0215632298965632,0.0332130741852964,0.0347242460882614,0.034041306775404,0.0315655933711489,0.0215632298965632,0.0332130741852964,0.0347242460882614,0.034041306775404,0.0315655933711489,0.0215632298965632,0.0399205357014026,0.0481634564370851,0.0429579036060656,0.0359281388222093,0.0215632298965632,0.0061478144811478,0.0010214381047714,0.0036765932599265,0.0098264931598264,0.0215632298965632,0.0614781448114781,0.1021438104771438,0.0735318651985318,0.0491324657991324,0.3876173081932917,0.4002936564536734,0.4265229856872679,0.4062073221078241,0.3952100193337854,30music,sasrec,16,128,128,42
10.637 8.799 8.34 8.088 7.896 7.75 7.646 7.557,12.652 12.727 12.456 12.86 12.604 12.29 12.074 11.608 11.748 11.321 11.659 11.863 11.943 11.661 11.777 9.942 10.76 10.428 10.395 11.236 11.161 9.731 9.883 10.049 10.698 10.53 11.355 10.249 10.269 10.701 10.599 10.822 10.543 9.375 10.458 9.442 10.098 9.867 9.767 9.839 10.053 8.724 8.675 9.399 9.876 8.751 9.695 8.606 9.824 10.13 10.0 9.812 8.661 8.721 7.417 9.066 8.18 8.68 8.517 8.244 8.197 9.37 8.546 9.089 10.289 9.334 8.591 8.445 8.955 7.811 9.125 8.272 8.521 9.437 8.425 8.973 7.167 8.043 8.27 9.297 7.99 8.38 8.307 8.544 8.908 9.601 8.308 8.359 9.534 8.142 8.057 9.347 8.626 10.485 8.122 8.437 10.029 7.669 8.083 9.657 6.839 9.708 10.065 9.588 6.896 7.189 6.748 9.554 8.077 7.666 8.334 7.458 7.886 7.883 8.454 8.613 8.625 8.623 6.372 9.828 9.0 7.863 7.576 8.108 8.019 8.291 7.677 8.823 11.108 8.676 7.057 7.721 9.153 9.825 9.079 7.583 8.975 10.332 8.343 8.718 9.582 7.711 9.169 10.504 9.463 7.644 8.787 9.511 8.133 10.077 8.533 8.547 8.716 8.879 8.285 8.521 6.319 6.87 8.314 7.251 7.64 6.761 7.721 8.07 7.52 7.643 6.424 7.078 7.665 9.17 7.998 8.467 6.515 6.961 7.342 8.662 6.194 10.6 7.717 9.741 8.131 7.146 7.461 8.812 8.145 8.804 8.017 8.553 8.247 9.461 8.96 8.435 8.118 9.031 7.328 8.289 8.646 8.154 7.518 8.008 8.032 8.122 8.622 8.564 9.623 8.45 8.33 7.248 6.441 6.322 6.545 7.356 7.182 7.471 8.216 6.885 7.144 8.677 7.691 8.354 7.593 7.609 7.816 9.004 7.976 6.504 8.055 7.83 7.823 7.58 7.32 6.882 8.062 6.54 7.203 7.496 8.144 7.392 9.69 7.094 8.384 9.337 9.064 8.423 8.689 8.359 7.39 7.358 9.07 7.784 7.421 9.494 9.811 7.379 7.732 9.068 8.556 8.047 8.225 7.239 7.677 6.344 6.411 7.377 7.31 7.685 5.835 6.917 7.294 7.207 7.516 8.029 6.982 8.574 7.538 7.193 6.235 6.865 8.254 5.925 8.16 6.256 8.019 8.491 8.588 8.269 7.083 7.948 7.692 7.52 7.819 7.414 8.801 6.588 7.731 9.642 8.618 7.854 7.289 8.807 9.098 8.18 8.323 8.061 7.311 9.681 7.58 8.012 9.172 8.068 8.535 8.382 6.151 6.359 8.501 6.705 5.792 5.746 7.418 6.014 6.266 6.823 8.15 7.705 5.57 8.297 6.151 8.003 6.147 7.193 5.968 9.045 8.477 7.858 7.738 8.39 8.426 7.647 6.882 5.879 6.91 8.187 7.616 7.665 8.124 8.336 6.611 7.782 7.945 7.333 7.138 7.629 8.249 9.108 6.992 6.878 8.068 7.069 8.077 10.582 8.282 7.556 8.941 7.789 4.589 6.542 6.844 6.303 4.668 6.782 6.157 7.642 6.043 7.388 7.682 7.435 7.843 8.462 9.098 7.405 7.147 9.01 6.304 8.619 7.057 9.063 8.335 6.723 8.03 9.077 8.555 7.641 9.434 6.975 7.004 7.449 6.907 8.045 8.207 8.466 8.399 9.076 8.022 6.482 7.77 8.008 7.419 7.969 8.796 7.938 9.02 6.622 9.315 8.357 8.319 6.968,92.127,0.022026,0.0235872268676757,4.59083890914917,0.006688321902905,0.0259231319488219,0.063947246650385,0.0359033712587019,0.0178236602401365,0.0193943943943943,0.0707791124457791,0.1243743743743743,0.0876292959626292,0.0528862195528862,0.0193943943943943,0.0336389133842837,0.035738640386603,0.0348202344454207,0.0312305360916472,0.0193943943943943,0.0336389133842837,0.035738640386603,0.0348202344454207,0.0312305360916472,0.0193943943943943,0.0424002295925627,0.0534376371201189,0.0466755064813769,0.0365936511483215,0.0193943943943943,0.0070779112445779,0.0012437437437437,0.0043814647981314,0.0105772439105772,0.0193943943943943,0.0707791124457791,0.1243743743743743,0.0876292959626292,0.0528862195528862,0.3982609286518474,0.4196923623616352,0.453282250964179,0.4284682115761489,0.4117118264790116,30music,sasrec,16,256,128,42
10.741 9.101 8.74 8.579 8.481 8.351 8.232 8.176,12.683 12.741 12.475 12.919 12.63 12.334 12.136 11.607 11.764 11.354 11.706 11.991 11.996 11.646 11.84 9.96 10.843 10.499 10.481 11.304 11.191 9.716 9.955 10.103 10.815 10.685 11.366 10.444 10.337 10.855 10.677 10.864 10.637 9.594 10.557 9.67 10.227 10.065 9.971 10.016 10.231 8.896 8.794 9.572 10.079 8.995 9.804 8.893 9.923 10.353 10.071 9.95 9.052 8.958 7.569 9.494 8.508 8.977 8.837 8.626 8.564 9.79 8.688 9.372 10.602 9.514 8.968 8.84 9.34 8.065 9.552 8.377 8.827 9.747 8.663 9.25 7.623 8.538 8.549 9.481 8.238 8.636 8.66 8.817 9.241 9.927 8.723 8.852 9.814 8.4 8.533 9.633 8.978 10.638 8.52 8.598 10.247 7.96 8.424 9.985 7.186 10.022 10.27 9.857 7.388 7.465 7.445 9.99 8.393 8.059 8.685 7.723 8.504 8.287 8.914 9.162 9.02 8.932 6.917 10.249 9.418 8.276 8.254 8.621 8.394 8.861 8.069 9.35 11.419 9.292 7.448 8.091 9.389 10.184 9.556 8.129 9.34 10.701 8.735 9.026 9.95 8.225 9.61 10.82 9.903 8.102 9.103 9.846 8.52 10.581 8.984 8.925 8.983 9.149 8.603 8.868 6.798 7.595 8.758 7.697 8.223 7.144 8.245 8.722 8.116 8.201 6.886 7.754 8.258 9.524 8.424 9.004 7.152 7.413 7.743 9.059 6.809 10.909 8.303 10.055 8.603 7.757 7.835 9.201 8.833 9.119 8.474 8.969 8.802 9.976 9.384 8.817 8.549 9.454 7.76 8.821 9.027 8.743 7.654 8.659 8.654 8.494 9.115 8.949 9.976 9.002 8.943 7.63 7.198 6.941 7.373 7.979 7.873 7.916 8.578 7.667 7.827 9.217 8.497 8.904 8.287 8.222 8.459 9.489 8.513 7.262 8.699 8.324 8.427 8.02 8.034 7.528 8.7 7.257 7.84 7.841 8.666 8.079 10.234 7.799 8.912 9.909 9.706 8.896 9.311 9.001 7.86 7.851 9.566 8.294 8.213 10.09 10.506 7.955 8.111 9.555 9.223 8.532 8.771 7.97 8.241 6.935 6.923 7.979 8.396 8.382 6.739 7.681 7.875 8.165 8.212 8.469 7.659 9.384 8.107 7.929 6.796 7.364 8.934 6.564 8.875 6.966 8.611 9.017 9.16 8.809 7.571 8.555 8.426 8.357 8.492 8.239 9.261 7.278 8.215 10.15 9.038 8.643 7.91 9.555 9.535 8.798 8.757 8.527 7.946 10.151 8.095 8.508 9.561 8.459 8.871 8.924 6.744 7.092 9.338 7.251 6.331 6.236 7.855 6.708 6.924 7.566 8.985 8.523 6.128 8.877 7.014 8.709 6.808 8.026 6.752 9.575 9.071 8.535 8.208 9.005 8.93 7.871 7.504 6.621 7.661 8.844 8.151 8.243 8.554 8.909 7.11 8.307 8.462 7.861 7.644 8.212 8.857 9.692 7.405 7.454 8.567 7.455 8.52 10.924 8.837 8.054 9.343 8.307 5.12 6.92 7.367 7.023 5.223 7.488 6.992 8.264 6.691 8.244 8.521 8.129 8.578 9.127 9.812 8.037 7.77 9.619 6.845 9.609 7.886 9.598 8.893 7.368 8.64 9.831 9.267 8.197 9.887 7.344 7.496 8.167 7.414 8.848 8.943 8.834 8.856 9.659 8.549 7.188 8.22 8.495 7.923 8.438 9.183 8.372 9.658 7.171 9.824 8.829 8.578 7.536,104.7,0.026878,0.0235872268676757,5.666483402252197,0.0078537548181752,0.03006816921397,0.0687283921274145,0.0405513244025577,0.0210271654949185,0.0243159826493159,0.0782866199532866,0.1275442108775442,0.0945111778445111,0.0604771438104771,0.0243159826493159,0.0396813976675087,0.0416182145989917,0.0407983585160084,0.0372393226559893,0.0243159826493159,0.0396813976675087,0.0416182145989917,0.0407983585160084,0.0372393226559893,0.0243159826493159,0.0488268307467114,0.0589898926581763,0.0529171517124449,0.0430029001029582,0.0243159826493159,0.0078286619953286,0.0012754421087754,0.0047255588922255,0.0120954287620954,0.0243159826493159,0.0782866199532866,0.1275442108775442,0.0945111778445111,0.0604771438104771,0.4157306583136532,0.4342409172556178,0.4625529704479189,0.4413670696015746,0.428060410025182,30music,sasrec,16,512,128,42
10.832 9.362 9.068 8.947 8.856 8.757 8.679 8.645,12.708 12.722 12.461 12.924 12.611 12.259 12.181 11.658 11.812 11.413 11.744 12.035 12.017 11.686 11.889 10.053 10.959 10.561 10.5 11.312 11.233 9.854 10.038 10.132 10.895 10.789 11.522 10.56 10.421 10.953 10.685 10.877 10.763 9.747 10.618 9.824 10.401 10.181 10.051 10.126 10.349 8.986 8.951 9.721 10.207 9.106 9.956 8.959 10.016 10.613 10.297 10.137 9.298 9.1 7.807 9.68 8.816 9.185 9.031 8.879 8.716 9.971 8.853 9.58 10.843 9.813 9.123 8.944 9.49 8.332 9.83 8.642 8.97 10.083 8.991 9.64 8.087 8.842 9.027 9.705 8.602 8.881 8.957 9.15 9.562 10.137 9.144 9.251 10.118 8.65 8.795 9.907 9.314 10.775 8.78 8.8 10.482 8.385 8.542 10.203 7.545 10.345 10.633 10.227 7.793 7.924 7.963 10.39 8.694 8.418 9.119 8.159 9.003 8.71 9.302 9.673 9.444 9.282 7.458 10.388 9.734 8.592 8.687 9.021 8.641 9.113 8.52 9.868 11.621 9.741 7.902 8.384 9.729 10.272 9.98 8.418 9.595 10.913 9.069 9.367 10.215 8.512 9.795 11.051 10.167 8.399 9.412 10.08 8.99 10.839 9.401 9.225 9.094 9.393 8.749 9.287 7.046 7.964 9.09 8.145 8.615 7.559 8.626 9.254 8.528 8.59 7.351 8.286 8.558 10.061 8.85 9.482 7.684 7.691 8.126 9.391 7.442 10.993 8.559 10.392 9.116 8.307 8.178 9.359 9.347 9.592 8.874 9.417 9.17 10.097 9.588 9.139 8.834 9.691 8.11 9.172 9.501 9.023 7.891 8.934 8.886 8.628 9.47 9.193 10.137 9.436 9.321 7.875 7.783 7.371 7.785 8.318 8.383 8.219 8.893 8.275 8.222 9.544 8.892 9.106 8.812 8.511 8.918 9.82 8.829 7.67 9.17 8.633 8.722 8.412 8.345 8.022 8.992 7.688 8.258 8.046 9.287 8.675 10.336 8.182 9.354 10.116 10.213 9.267 9.627 9.258 8.219 8.205 9.926 8.675 8.522 10.414 10.723 8.218 8.655 9.897 9.431 8.779 9.169 8.482 8.647 7.305 7.398 8.37 8.879 8.877 7.364 8.263 8.49 8.742 8.697 9.014 8.105 9.836 8.482 8.484 7.289 7.853 9.529 6.855 9.535 7.367 8.897 9.376 9.677 9.177 8.275 9.057 8.728 8.778 8.736 8.551 9.588 7.921 8.481 10.534 9.428 8.82 8.35 9.689 9.967 9.09 9.148 8.902 8.116 10.476 8.504 8.757 9.812 8.842 9.132 9.402 7.48 7.693 9.857 7.819 6.951 6.9 8.272 7.37 7.636 8.096 9.323 9.199 6.7 9.309 7.506 9.049 7.19 8.674 7.452 9.935 9.313 8.92 8.597 9.515 9.384 8.306 7.833 7.153 8.071 9.154 8.632 8.511 8.857 9.39 7.8 8.699 8.998 8.184 8.075 8.675 9.243 9.927 8.015 7.902 9.048 7.979 9.082 11.128 9.057 8.382 9.612 8.692 5.539 7.497 8.27 7.747 5.698 8.262 7.799 8.821 7.348 8.832 8.941 8.488 9.251 9.49 10.272 8.421 8.243 10.179 7.428 9.933 8.267 9.814 9.249 7.894 9.005 10.234 9.617 8.641 10.235 7.945 8.02 8.628 7.943 9.054 9.227 9.054 9.39 9.989 8.794 7.485 8.713 8.805 8.327 8.718 9.557 8.702 9.922 7.385 9.994 9.254 8.974 7.827,138.9,0.040002,0.0235872268676757,8.678173065185547,0.0086758730125924,0.0328066495124127,0.0720191613246207,0.0436549354074594,0.0231789106015356,0.0294044044044044,0.0812062062062062,0.1288788788788789,0.0967634300967634,0.0664414414414414,0.0294044044044044,0.0450835425372462,0.0469244336370723,0.0461320198970339,0.0431299354910466,0.0294044044044044,0.0450835425372462,0.0469244336370723,0.0461320198970339,0.0431299354910466,0.0294044044044044,0.0536973074115878,0.0634856837078634,0.0575918066464643,0.0489399012219762,0.0294044044044044,0.0081206206206206,0.0012887887887887,0.0048381715048381,0.0132882882882882,0.0294044044044044,0.0812062062062062,0.1288788788788789,0.0967634300967634,0.0664414414414414,0.4194682148430526,0.4391360043234398,0.4666794343921319,0.4458734388279627,0.4325944832780823,30music,sasrec,16,1024,128,42
10.879 9.474 9.197 9.093 9.03 8.983 8.942 8.873,12.69 12.742 12.479 12.945 12.626 12.302 12.194 11.696 11.861 11.432 11.729 12.072 12.048 11.745 11.925 10.051 10.96 10.598 10.614 11.347 11.276 9.852 10.12 10.186 10.922 10.781 11.501 10.69 10.484 10.99 10.703 11.013 10.769 9.793 10.675 9.817 10.42 10.23 10.128 10.261 10.427 9.028 9.131 9.887 10.316 9.141 10.073 9.039 10.22 10.587 10.403 10.228 9.3 9.193 7.88 9.742 8.936 9.301 9.043 8.998 8.88 10.103 9.009 9.664 10.851 9.908 9.157 8.94 9.662 8.464 9.928 8.675 9.074 10.134 9.035 9.763 8.338 9.118 9.208 9.88 8.629 8.959 9.127 9.248 9.696 10.304 9.325 9.412 10.25 8.628 9.005 9.965 9.498 10.89 8.884 8.859 10.601 8.541 8.621 10.309 7.585 10.42 10.711 10.419 7.911 8.054 8.072 10.406 8.895 8.47 9.143 8.335 9.046 8.81 9.399 9.745 9.621 9.313 7.647 10.609 9.888 8.651 8.813 9.082 8.913 9.096 8.54 9.872 11.673 9.723 8.101 8.516 9.892 10.391 9.964 8.603 9.71 11.028 9.104 9.584 10.316 8.782 9.851 11.11 10.313 8.607 9.626 10.231 9.102 10.859 9.506 9.326 9.273 9.464 8.824 9.388 7.335 8.265 9.247 8.274 8.864 7.79 8.851 9.5 8.694 8.757 7.641 8.446 8.636 10.216 9.03 9.661 7.828 7.813 8.214 9.553 7.655 11.063 8.593 10.52 9.264 8.364 8.319 9.456 9.446 9.648 8.872 9.589 9.246 10.113 9.726 9.29 9.06 9.738 8.282 9.45 9.699 9.236 7.908 8.968 8.942 8.852 9.606 9.363 10.245 9.608 9.369 8.178 7.96 7.627 7.953 8.663 8.677 8.349 8.909 8.59 8.271 9.643 9.108 9.418 9.029 8.649 9.146 9.994 8.858 8.074 9.302 8.841 9.222 8.456 8.597 8.117 9.193 7.93 8.44 8.351 9.373 8.759 10.429 8.439 9.322 10.189 10.531 9.448 9.824 9.42 8.291 8.434 10.036 8.832 8.757 10.575 11.037 8.499 8.819 10.146 9.495 9.012 9.408 8.774 8.804 7.654 7.51 8.548 9.069 8.967 7.638 8.687 8.79 8.988 8.956 9.183 8.295 10.183 8.756 8.713 7.355 8.257 9.757 7.18 9.556 7.837 9.126 9.609 9.865 9.312 8.691 9.281 9.053 9.104 9.116 8.748 9.856 8.259 8.667 10.748 9.524 9.13 8.712 10.041 10.268 9.443 9.307 9.058 8.31 10.593 8.641 8.871 10.02 8.999 9.262 9.713 7.697 7.957 9.883 7.877 7.118 7.021 8.48 7.677 7.831 8.344 9.65 9.335 6.929 9.615 7.835 9.291 7.612 8.836 7.887 10.197 9.592 9.082 8.923 9.814 9.693 8.491 8.232 7.531 8.265 9.47 9.047 8.894 9.14 9.821 8.251 8.938 9.366 8.41 8.415 8.963 9.519 10.026 8.374 8.132 9.274 8.027 9.301 11.308 9.567 8.571 9.854 9.05 5.698 7.639 8.475 8.108 5.829 8.556 8.053 9.099 7.639 8.933 9.35 8.851 9.477 9.806 10.515 8.682 8.435 10.374 7.711 10.199 8.483 10.09 9.55 8.196 9.268 10.513 9.723 8.869 10.287 8.297 8.228 8.871 8.178 9.426 9.405 9.243 9.429 10.221 9.005 7.76 8.908 9.086 8.572 8.919 9.78 8.847 10.167 7.625 10.09 9.399 9.219 8.057,157.75,0.047194,0.0235872268676757,11.54897165298462,0.0095473642270653,0.0348240540760872,0.0747082686030076,0.0458101251433826,0.0248920395764943,0.0326576576576576,0.0844177510844177,0.1279612946279613,0.0987237237237237,0.0697364030697364,0.0326576576576576,0.0481348080885117,0.0498786302635132,0.0491305626421295,0.04614336558781,0.0326576576576576,0.0481348080885117,0.0498786302635132,0.0491305626421295,0.04614336558781,0.0326576576576576,0.0567880564274851,0.0658286495820447,0.0604087674598868,0.0520087680729291,0.0326576576576576,0.0084417751084417,0.0012796129462796,0.0049361861861861,0.0139472806139472,0.0326576576576576,0.0844177510844177,0.1279612946279613,0.0987237237237237,0.0697364030697364,0.4336886403351455,0.4491529366894674,0.4727451273847078,0.4545813400462771,0.4441847293618934,30music,sasrec,16,1512,128,42
10.906 9.543 9.301 9.211 9.15 9.115 9.073 9.004 8.933 8.954,12.721 12.725 12.487 12.956 12.638 12.303 12.186 11.669 11.887 11.428 11.746 12.067 12.075 11.707 11.894 10.062 10.966 10.647 10.6 11.333 11.278 9.94 10.101 10.253 10.953 10.829 11.547 10.65 10.501 10.99 10.716 10.984 10.779 9.836 10.752 9.955 10.478 10.299 10.166 10.274 10.442 9.217 9.161 9.833 10.307 9.204 10.123 9.116 10.149 10.681 10.42 10.226 9.355 9.233 7.901 9.854 9.002 9.352 9.128 9.071 8.918 10.226 9.127 9.791 10.922 9.966 9.242 9.081 9.881 8.574 9.994 8.819 9.121 10.263 9.017 9.675 8.428 9.186 9.35 9.829 8.729 9.071 9.066 9.303 9.739 10.218 9.325 9.462 10.299 8.702 8.977 10.063 9.476 10.931 8.929 8.94 10.66 8.682 8.707 10.291 7.703 10.513 10.801 10.524 8.078 8.257 8.263 10.502 9.026 8.665 9.279 8.478 9.263 8.828 9.443 9.927 9.737 9.372 7.79 10.603 10.046 8.772 9.075 9.281 8.983 9.291 8.84 10.095 11.648 9.787 8.229 8.613 9.911 10.458 10.014 8.704 9.739 11.161 9.143 9.668 10.305 8.808 9.924 11.34 10.322 8.851 9.566 10.407 9.119 10.976 9.637 9.357 9.408 9.589 9.005 9.514 7.387 8.383 9.364 8.479 8.905 7.869 8.972 9.652 8.943 8.949 7.801 8.562 8.807 10.265 9.209 9.729 7.917 7.808 8.353 9.625 7.945 11.126 8.677 10.502 9.377 8.442 8.444 9.539 9.646 9.768 9.043 9.538 9.371 10.206 9.812 9.302 9.29 9.869 8.352 9.547 9.764 9.265 7.935 9.189 9.2 8.871 9.697 9.423 10.477 9.685 9.567 8.301 8.124 7.693 8.192 8.706 8.773 8.376 9.075 8.75 8.547 9.779 9.239 9.503 9.074 8.774 9.178 10.072 9.021 8.296 9.472 9.031 9.041 8.367 8.643 8.249 9.111 7.992 8.555 8.331 9.487 8.969 10.572 8.531 9.484 10.266 10.484 9.581 9.847 9.48 8.532 8.463 10.062 8.924 8.833 10.614 11.1 8.529 8.975 10.291 9.579 8.929 9.507 8.913 8.948 7.757 7.696 8.727 9.215 9.178 7.964 9.048 9.05 9.204 9.07 9.257 8.476 10.171 8.777 8.898 7.62 8.432 9.897 7.532 9.891 7.857 9.131 9.708 9.959 9.509 8.671 9.383 9.251 9.305 9.268 9.028 10.022 8.366 8.868 10.937 9.68 9.156 8.877 10.091 10.221 9.515 9.306 9.108 8.478 10.721 8.782 9.054 10.08 9.122 9.318 9.724 7.89 7.999 10.029 7.99 7.328 7.184 8.507 7.91 8.07 8.459 9.714 9.64 7.087 9.814 8.127 9.222 7.53 9.046 7.968 10.208 9.745 9.212 9.124 9.94 9.824 8.642 8.275 7.672 8.462 9.642 9.12 8.942 9.218 9.835 8.399 9.077 9.446 8.521 8.563 9.214 9.542 10.252 8.487 8.244 9.393 8.159 9.42 11.333 9.71 8.704 9.904 9.078 5.836 7.812 8.684 8.339 5.992 8.627 8.145 9.221 7.857 9.191 9.522 8.868 9.544 9.833 10.662 8.773 8.456 10.404 7.729 10.393 8.726 10.051 9.695 8.183 9.295 10.741 9.802 8.998 10.385 8.305 8.351 9.124 8.43 9.514 9.522 9.317 9.404 10.29 9.15 7.788 9.045 9.205 8.531 8.878 9.868 8.873 10.309 7.777 10.201 9.449 9.182 8.112 7.481 7.725 7.62 8.974 8.247 7.769 7.16 9.061 8.325 9.35 9.964 7.923 8.621 9.451 8.771 9.204 8.813 8.169 9.541 8.239 8.481 9.318 8.573 8.442 8.827 8.984 8.317 9.291 7.985 9.407 9.444 9.621 8.331 9.156 9.61 10.049 9.333 9.496 9.955 9.822 8.9 8.91 8.613 9.831 8.26 8.805 8.696 9.222 8.889 9.773 9.07 10.514 7.952 7.523 8.688 9.265 8.846 8.778 7.968 7.715 8.728 8.57 8.142 8.515 9.664 8.804 8.299 9.887 9.44 9.234 9.861 10.352 9.012 8.154 9.683 9.504 8.794 9.704 10.024 9.638 8.913 9.318 7.689 8.736 8.881 9.974 9.384 9.133 9.48 9.049 9.948 9.65 9.359 8.252 11.109 9.25 10.001 8.818 8.138 9.926 9.344 9.897 9.356 9.768,198.83,0.062979,0.0235872268676757,14.701578617095947,0.0105405656770246,0.0376888374490912,0.0826469909440695,0.0496187369462901,0.0272539070707905,0.0325325325325325,0.0860026693360026,0.130422088755422,0.1001001001001001,0.072364030697364,0.0325325325325325,0.0489750663361774,0.0507417385327916,0.0499614657842642,0.0471269880992103,0.0325325325325325,0.0489750663361774,0.0507417385327916,0.0499614657842642,0.0471269880992103,0.0325325325325325,0.0578443762993947,0.0670493196437013,0.061418577424734,0.0534057404703388,0.0325325325325325,0.0086002669336002,0.0013042208875542,0.005005005005005,0.0144728061394728,0.0325325325325325,0.0860026693360026,0.130422088755422,0.1001001001001001,0.072364030697364,0.4596758929091394,0.4681556282243189,0.4831268962274235,0.4709704403242165,0.4655577282596786,30music,sasrec,16,2048,128,42
9.753 7.111 6.264 5.842 5.561,12.873 12.292 12.389 11.63 11.215 11.837 10.903 11.123 11.519 11.793 10.892 11.77 10.543 11.269 10.44 9.533 10.424 10.91 10.432 9.017 9.383 9.152 11.411 9.933 9.758 10.351 8.611 9.333 8.803 9.574 9.928 9.874 6.976 9.346 9.365 8.137 9.004 9.78 9.036 8.586 8.972 7.582 7.937 7.937 7.573 8.671 8.103 8.397 7.646 8.583 7.783 7.612 6.744 6.611 7.342 7.944 6.577 6.601 7.071 6.374 7.593 8.955 7.973 7.322 6.772 6.803 7.435 7.324 6.603 6.939 5.912 7.062 8.378 7.203 6.507 7.895 6.233 5.486 6.523 6.874 6.249 6.928 8.64 8.648 7.419 7.786 7.566 8.399 6.659 6.165 6.136 6.576 8.77 7.994 7.465 5.863 6.955 7.484 8.265 7.838 6.819 7.407 7.078 6.87 5.141 5.507 6.331 6.947 5.276 6.715 6.205 3.978 5.759 5.962 5.607 5.721 5.852 6.01 5.802 5.878 6.183 6.743 6.412 6.944 5.793 5.806 7.09 6.151 7.604 6.476 6.681 6.804 5.086 6.135 6.498 5.447 7.737 6.691 6.132 5.47 7.426 6.806 5.89 5.861 7.503 8.023 5.524 6.067 5.793 6.86 6.875 7.299 6.578 6.722 5.242 6.818 3.276 3.529 4.746 5.196 4.076 4.681 5.256 5.825 5.247 3.564 6.19 6.483 5.539 5.926 5.167 4.974 4.805 7.409 5.693 5.881 6.229 5.117 5.407 6.491 5.96 5.933 4.971 4.949 6.017 6.804 6.161 6.282 6.454 6.027 6.049 6.753 6.857 8.195 5.991 6.344 6.271 5.9 4.964 7.984 6.763 6.728 7.096 7.417 7.071 6.356 6.818 6.262 4.583 4.577 5.282 4.418 4.572 3.505 3.823 5.113 4.932 5.185 5.06 5.758 4.424 4.427 5.663 5.899 5.7 4.107 5.899 5.401 4.981 5.389 5.256 5.066 7.057 5.541 5.057 6.694 6.063 4.686 5.871 6.116 5.389 6.246 5.586 4.871 5.139 5.841 6.074 6.483 5.69 5.4 6.246 7.189 5.002 7.047 6.61 6.916 7.117 5.979 6.42 5.876,78.197,0.016686,0.0235872268676757,4.403993606567383,0.0039326184579313,0.0147039742984725,0.0379035526758454,0.0202257150763387,0.010292552366977,0.0126793460126793,0.0443777110443777,0.0948865532198865,0.0579746413079746,0.0327827827827827,0.0126793460126793,0.021433834628279,0.0232264563659611,0.022355323093663,0.019899065732399,0.0126793460126793,0.021433834628279,0.0232264563659611,0.022355323093663,0.019899065732399,0.0126793460126793,0.0268317693250038,0.036937153549676,0.0302414094926259,0.0230946914230569,0.0126793460126793,0.0044377711044377,0.0009488655321988,0.0028987320653987,0.0065565565565565,0.0126793460126793,0.0443777110443777,0.0948865532198865,0.0579746413079746,0.0327827827827827,0.3615861803591548,0.37694301796779,0.4038637686619976,0.3834002025311789,0.3712900339961432,30music,sasrec,16,32,256,42
9.904 7.519 6.801 6.427 6.169,12.801 12.386 12.531 11.772 11.452 11.983 11.168 11.297 11.549 11.873 10.991 11.839 10.512 11.232 10.416 9.589 10.475 10.93 10.47 8.995 9.437 9.22 11.378 10.086 9.763 10.384 8.599 9.348 8.879 9.753 9.849 10.062 7.085 9.496 9.569 8.315 9.074 9.928 9.313 8.62 9.252 7.859 8.144 8.16 7.664 8.861 8.34 8.692 7.876 8.884 8.039 8.054 7.109 6.986 7.639 8.214 7.106 7.043 7.586 6.795 8.008 9.283 8.409 7.797 7.315 7.124 7.787 7.854 6.885 7.38 6.233 7.448 8.859 7.339 6.874 8.348 6.591 5.841 6.928 7.349 6.577 7.251 9.099 8.981 7.772 8.11 7.915 8.702 7.287 6.55 6.543 6.997 9.133 8.549 8.067 6.298 7.378 7.986 8.614 8.329 7.372 7.955 7.716 7.309 5.574 5.973 6.8 7.45 5.751 7.248 6.808 4.48 6.291 6.598 6.317 6.202 6.374 6.635 6.299 6.304 6.893 7.402 6.761 7.717 6.414 6.153 7.634 6.743 8.297 7.08 7.065 7.244 5.377 6.576 7.048 6.056 8.295 7.121 6.834 5.986 8.111 7.441 6.459 6.359 8.113 8.808 6.122 6.636 6.226 7.41 7.424 7.841 7.042 7.202 5.787 7.366 3.666 4.053 5.399 5.774 4.851 5.338 5.768 6.509 5.938 4.114 6.83 7.055 6.18 6.617 5.823 5.488 5.594 8.021 6.134 6.558 6.819 5.838 6.126 7.111 6.615 6.448 5.488 5.577 6.539 7.335 6.589 6.866 7.239 6.477 6.594 7.318 7.609 8.764 6.687 6.817 6.719 6.489 5.397 8.479 7.354 7.284 7.563 8.007 7.601 7.069 7.322 6.832 5.067 5.307 5.968 4.994 5.165 4.016 4.44 5.8 5.352 5.826 5.698 6.355 5.077 5.3 6.354 6.583 6.241 4.607 6.498 6.24 5.592 6.01 5.829 5.36 7.596 5.908 5.63 7.51 6.767 5.163 6.703 6.559 5.643 6.658 6.153 5.215 5.709 6.393 6.645 7.137 6.168 6.284 6.887 7.589 5.573 7.718 7.232 7.59 7.78 6.337 6.972 6.484,81.504,0.017995,3.337860107421875e-06,4.380409717559815,0.0047179939397488,0.0175779433496264,0.0428374100521172,0.0240618839136959,0.0123294764967201,0.0185602268935602,0.0566816816816816,0.1057307307307307,0.0706122789456122,0.0433767100433767,0.0185602268935602,0.0292637710461784,0.0310595087471027,0.0302209451867962,0.0274746969191413,0.0185602268935602,0.0292637710461784,0.0310595087471027,0.0302209451867962,0.0274746969191413,0.0185602268935602,0.0357345358128008,0.0456392653769167,0.0392443938267205,0.0314186340466723,0.0185602268935602,0.0056681681681681,0.0010573073073073,0.0035306139472806,0.0086753420086753,0.0185602268935602,0.0566816816816816,0.1057307307307307,0.0706122789456122,0.0433767100433767,0.3682632525604883,0.3815750181821631,0.4086435638006888,0.3877760620073065,0.3765445247603942,30music,sasrec,16,64,256,42
10.042 7.916 7.355 7.06 6.841,12.758 12.457 12.557 11.996 11.647 12.189 11.338 11.39 11.581 11.859 10.936 11.902 10.527 11.26 10.353 9.626 10.553 10.955 10.484 9.046 9.499 9.331 11.441 10.291 9.848 10.481 8.656 9.444 9.002 9.958 9.989 10.215 7.314 9.653 9.83 8.44 9.324 10.031 9.533 8.757 9.49 8.087 8.472 8.423 7.853 9.092 8.58 9.043 8.177 9.301 8.2 8.297 7.528 7.181 7.951 8.504 7.601 7.382 7.932 7.051 8.396 9.477 8.775 7.994 7.638 7.525 8.206 8.19 7.208 7.842 6.552 7.836 9.241 7.614 7.341 8.846 7.078 6.356 7.286 7.82 6.904 7.668 9.428 9.385 8.365 8.601 8.339 9.173 7.669 6.879 7.059 7.452 9.554 8.96 8.468 6.778 7.727 8.369 8.96 8.676 7.762 8.489 8.073 7.756 5.986 6.635 7.295 7.94 6.333 7.791 7.344 5.002 6.873 7.178 6.904 6.663 7.005 7.201 6.955 6.829 7.611 7.928 7.303 8.201 6.944 6.477 8.162 7.387 8.926 7.674 7.745 7.835 5.929 7.173 7.557 6.698 8.811 7.667 7.355 6.465 8.605 7.984 7.171 6.849 8.637 9.28 6.693 7.065 7.017 7.855 8.045 8.386 7.604 7.672 6.123 8.01 4.164 4.608 6.008 6.494 5.58 6.146 6.491 7.175 6.814 4.625 7.429 7.596 6.862 7.454 6.516 6.191 6.206 8.57 6.674 6.98 7.53 6.379 6.821 7.943 7.229 7.134 5.965 6.186 7.175 8.169 7.127 7.414 7.899 7.064 7.321 7.77 8.257 9.224 7.329 7.482 7.427 7.259 5.998 9.053 7.976 7.838 8.181 8.558 8.06 7.65 7.92 7.595 5.921 5.921 6.795 5.791 5.948 4.709 5.07 6.483 6.081 6.677 6.425 7.102 5.778 5.967 7.229 7.485 7.103 5.348 6.986 6.943 6.291 6.759 6.476 6.097 8.271 6.562 6.46 8.098 7.469 5.822 7.597 7.306 6.321 7.321 6.768 5.738 6.238 7.052 7.248 7.94 6.804 6.922 7.596 8.054 6.323 8.411 7.874 8.194 8.368 6.95 7.478 7.376,92.958,0.022373,0.0235872268676757,4.592434406280518,0.0056997132920207,0.0217057574682433,0.0492731258058997,0.0292586813270089,0.0152585596167735,0.0239823156489823,0.069069069069069,0.1181598264931598,0.0837921254587921,0.0548048048048048,0.0239823156489823,0.0371390570464644,0.039004745640313,0.0381808554240758,0.0352150761872984,0.0239823156489823,0.0371390570464644,0.039004745640313,0.0381808554240758,0.0352150761872984,0.0239823156489823,0.0447176906851557,0.0547221409404416,0.0484648323340551,0.0400846669862742,0.0239823156489823,0.0069069069069069,0.0011815982649315,0.0041896062729396,0.0109609609609609,0.0239823156489823,0.069069069069069,0.1181598264931598,0.0837921254587921,0.0548048048048048,0.3854182665267554,0.3977058130444603,0.4234552494373675,0.4036115154486123,0.3928874432464331,30music,sasrec,16,128,256,42
10.155 8.269 7.849 7.646 7.476,12.778 12.48 12.591 12.054 11.69 12.216 11.396 11.423 11.564 11.881 10.974 11.925 10.481 11.187 10.333 9.697 10.566 10.944 10.502 9.082 9.576 9.412 11.429 10.459 9.958 10.605 8.786 9.552 9.143 10.084 10.075 10.402 7.445 9.806 10.028 8.681 9.459 10.17 9.718 9.0 9.661 8.428 8.666 8.647 8.039 9.239 8.848 9.224 8.432 9.458 8.275 8.594 7.821 7.341 8.231 8.808 7.814 7.773 8.331 7.372 8.684 9.729 9.037 8.271 8.027 7.668 8.619 8.563 7.608 8.248 6.975 8.144 9.544 7.948 7.732 9.137 7.621 6.844 7.746 8.18 7.225 8.073 9.764 9.77 8.833 9.033 8.716 9.576 8.026 7.143 7.369 7.806 9.862 9.411 8.787 7.201 8.075 8.807 9.223 9.064 8.24 8.968 8.553 8.122 6.504 7.039 7.658 8.405 6.831 8.195 7.976 5.452 7.291 7.768 7.531 7.038 7.631 7.851 7.599 7.349 8.156 8.539 7.693 8.846 7.568 6.801 8.676 7.898 9.265 8.137 8.132 8.325 6.667 7.773 8.028 7.151 9.175 8.008 7.932 6.892 9.047 8.429 7.678 7.356 9.032 9.865 7.246 7.486 7.394 8.239 8.521 8.841 8.18 8.114 6.51 8.531 4.709 5.222 6.621 7.069 6.357 6.894 7.116 7.969 7.579 5.224 8.049 8.247 7.54 8.011 7.105 6.778 6.898 9.155 7.395 7.637 8.061 6.96 7.583 8.385 7.859 7.636 6.606 6.702 7.804 8.788 7.661 8.083 8.612 7.619 7.894 8.212 8.74 9.663 8.061 8.175 7.83 7.793 6.378 9.323 8.715 8.47 8.465 8.912 8.479 8.134 8.467 8.035 6.494 6.659 7.556 6.348 6.536 5.328 5.763 7.323 6.787 7.233 7.421 7.696 6.412 6.701 7.933 8.102 7.731 5.982 7.811 7.924 6.937 7.363 7.241 6.751 8.642 7.255 7.224 8.825 7.931 6.26 8.486 7.749 6.839 7.864 7.414 6.244 6.993 7.654 7.904 8.457 7.499 7.467 8.149 8.58 7.073 9.117 8.296 8.657 8.77 7.532 7.885 8.067,110.35,0.029035,0.0235872268676757,5.60398006439209,0.0067480288108795,0.0256395241359434,0.0558167732779436,0.0342200957377305,0.0179809649784538,0.0294461127794461,0.077369035702369,0.1253753753753753,0.0925925925925925,0.0617701034367701,0.0294461127794461,0.0433577261123557,0.0452294491907277,0.0444175184068473,0.0412725225225225,0.0294461127794461,0.0433577261123557,0.0452294491907277,0.0444175184068473,0.0412725225225225,0.0294461127794461,0.0514186362461705,0.0612975717670557,0.0552718892688968,0.0463707238984862,0.0294461127794461,0.0077369035702369,0.0012537537537537,0.0046296296296296,0.012354020687354,0.0294461127794461,0.077369035702369,0.1253753753753753,0.0925925925925925,0.0617701034367701,0.3968013126565336,0.4113958585976376,0.4372968558651965,0.4178334395793432,0.4059388644362018,30music,sasrec,16,256,256,42
10.247 8.544 8.215 8.085 7.976 7.844,12.776 12.505 12.578 12.131 11.779 12.268 11.428 11.473 11.526 11.881 10.979 11.961 10.457 11.168 10.374 9.794 10.556 11.0 10.496 9.139 9.607 9.533 11.433 10.53 10.007 10.734 8.891 9.624 9.261 10.243 10.202 10.471 7.627 9.935 10.16 8.824 9.515 10.185 9.931 9.065 9.791 8.684 8.927 8.815 8.227 9.421 9.067 9.41 8.567 9.577 8.522 8.8 8.064 7.484 8.446 9.019 8.111 8.033 8.658 7.52 8.882 9.919 9.331 8.416 8.331 7.931 8.964 8.898 7.872 8.54 7.164 8.461 9.755 8.252 7.947 9.465 7.911 7.164 7.973 8.419 7.418 8.298 9.988 9.821 9.227 9.266 8.932 9.956 8.423 7.419 7.786 8.024 10.132 9.655 8.991 7.613 8.365 9.092 9.452 9.359 8.466 9.257 8.892 8.463 6.884 7.442 8.033 8.794 7.25 8.571 8.315 5.822 7.668 8.136 7.96 7.516 8.009 8.285 8.148 7.614 8.735 8.868 8.039 9.255 7.979 7.037 9.067 8.299 9.725 8.513 8.515 8.658 7.119 8.278 8.42 7.606 9.451 8.462 8.291 7.152 9.315 8.868 8.093 7.672 9.35 10.057 7.566 7.713 7.624 8.522 8.855 9.14 8.488 8.441 6.791 8.843 4.93 5.765 7.06 7.553 6.808 7.379 7.707 8.408 8.043 5.663 8.43 8.712 8.202 8.367 7.752 7.327 7.512 9.498 7.875 8.116 8.368 7.472 8.118 8.67 8.412 7.885 6.962 7.143 8.246 9.336 8.04 8.63 9.052 8.028 8.353 8.534 9.268 9.991 8.547 8.532 8.183 8.176 6.718 9.652 9.073 8.773 8.763 9.306 8.714 8.539 8.906 8.335 6.97 7.198 8.056 6.996 7.055 5.852 6.276 7.84 7.243 7.856 7.873 8.277 6.939 7.433 8.595 8.813 8.243 6.563 8.441 8.6 7.561 7.938 7.859 7.322 8.934 7.674 7.552 9.248 8.372 6.623 8.962 8.322 7.178 8.281 7.882 6.623 7.495 8.227 8.204 8.979 7.788 7.914 8.569 8.883 7.529 9.575 8.64 9.02 9.082 7.884 8.258 8.401 7.067 6.355 9.404 7.087 7.844 6.498 7.596 6.316 8.256 7.553 7.693 8.381 7.043 7.402 8.83 7.954 8.566 8.581 7.68 8.317 8.222 8.91 8.986 8.598 7.016 7.983 9.239 9.422 7.279 8.651 8.303 7.861 7.74 8.351 8.502 8.494 8.125 8.707 9.459 7.959 8.822 8.221 8.728 7.946 8.148 8.035 7.739 9.699 9.298 6.499 7.455 8.089,122.6,0.033682,0.0235872268676757,8.515447616577148,0.0088469562681345,0.0347517168606567,0.0779680361364578,0.0472143856905505,0.0241112569337517,0.0278194861528194,0.0852102102102102,0.1385135135135135,0.1036036036036036,0.0667334000667334,0.0278194861528194,0.0443436657557027,0.046520875452547,0.0456391227075853,0.0418529640751863,0.0278194861528194,0.0443436657557027,0.046520875452547,0.0456391227075853,0.0418529640751863,0.0278194861528194,0.0540296512803086,0.0651541433759516,0.0587036491822313,0.048029350283356,0.0278194861528194,0.008521021021021,0.0013851351351351,0.0051801801801801,0.0133466800133466,0.0278194861528194,0.0852102102102102,0.1385135135135135,0.1036036036036036,0.0667334000667334,0.4263272399269212,0.4416143339719345,0.4623541456673449,0.4471369358664112,0.4362050036277778,30music,sasrec,16,512,256,42
10.333 8.747 8.475 8.392 8.332 8.267 8.192 8.113 8.075 8.048 8.028 8.002 7.997 7.98,12.792 12.49 12.546 12.127 11.792 12.289 11.471 11.509 11.553 11.857 10.989 11.973 10.449 11.148 10.355 9.814 10.653 10.988 10.571 9.161 9.701 9.668 11.48 10.616 10.093 10.812 8.974 9.743 9.335 10.325 10.199 10.636 7.712 9.989 10.313 8.893 9.664 10.271 10.092 9.15 9.933 8.884 9.003 8.949 8.362 9.544 9.274 9.543 8.717 9.771 8.58 8.931 8.265 7.633 8.589 9.187 8.405 8.252 8.917 7.755 9.065 10.033 9.431 8.599 8.513 8.024 9.226 9.115 8.032 8.692 7.384 8.74 9.975 8.413 8.171 9.655 8.214 7.36 8.189 8.733 7.666 8.519 10.009 10.028 9.418 9.457 9.201 10.13 8.713 7.579 7.931 8.218 10.234 9.804 9.198 8.028 8.531 9.241 9.52 9.479 8.671 9.607 9.137 8.669 7.037 7.598 8.293 9.083 7.487 8.821 8.566 6.092 7.921 8.501 8.266 7.681 8.429 8.594 8.375 7.942 8.98 9.176 8.296 9.438 8.341 7.297 9.289 8.768 9.792 8.701 8.809 8.906 7.44 8.588 8.701 7.837 9.573 8.675 8.529 7.374 9.467 9.026 8.433 7.961 9.609 10.189 7.905 8.031 7.976 8.774 9.069 9.498 8.861 8.598 7.113 9.245 5.342 6.026 7.463 7.976 7.337 7.84 8.216 8.749 8.438 6.055 8.898 9.012 8.485 8.77 7.942 7.652 7.812 9.881 8.224 8.303 8.663 7.933 8.474 9.102 8.599 8.276 7.258 7.324 8.66 9.596 8.321 8.861 9.388 8.343 8.672 8.781 9.463 10.158 8.79 8.825 8.402 8.529 6.998 9.713 9.376 9.1 9.053 9.625 8.919 8.8 9.278 8.645 7.173 7.61 8.437 7.34 7.344 6.248 6.622 8.165 7.634 8.252 8.316 8.597 7.456 7.836 8.962 9.148 8.669 6.991 8.996 9.099 8.101 8.325 8.264 7.729 9.235 8.051 7.991 9.434 8.849 6.978 9.383 8.693 7.526 8.616 8.208 6.865 7.945 8.52 8.535 9.122 8.244 8.093 9.033 9.139 7.958 9.891 8.942 9.205 9.29 8.14 8.588 9.041 7.44 6.831 9.812 7.716 8.236 6.89 8.125 6.892 8.575 7.926 8.059 8.89 7.543 7.908 9.103 8.448 9.034 8.859 8.113 8.751 8.667 9.343 9.519 9.015 7.521 8.383 9.619 9.681 7.619 9.194 8.704 8.16 8.179 8.799 8.908 8.656 8.46 9.232 9.779 8.4 9.325 8.599 8.994 8.472 8.45 8.272 8.061 9.927 9.736 6.976 7.739 8.423 6.608 6.604 4.985 7.383 6.724 7.22 6.92 6.661 6.805 8.457 8.146 9.378 7.985 8.662 8.092 8.546 9.332 8.06 9.084 6.492 7.465 8.863 8.659 8.226 8.212 6.962 9.429 8.352 7.208 8.397 8.311 8.724 8.212 9.584 7.868 9.11 9.129 8.577 9.419 8.809 9.286 8.611 8.551 7.355 8.05 7.667 8.726 8.939 8.901 8.116 9.463 8.305 7.139 6.936 7.604 7.897 7.514 7.304 7.935 8.513 9.053 7.611 7.943 8.049 8.935 6.893 8.412 8.278 9.06 7.73 8.165 7.644 7.488 8.693 8.203 7.271 8.331 8.929 8.244 7.413 6.242 7.494 9.746 8.115 8.069 9.293 9.285 9.025 7.801 6.953 7.924 8.892 7.561 8.255 9.926 7.144 9.567 7.888 7.004 7.712 8.718 7.721 8.758 7.406 6.549 7.401 5.954 7.039 6.083 8.907 8.656 8.487 7.379 7.209 7.49 7.476 8.409 7.111 8.461 7.827 8.432 8.011 7.957 9.696 7.85 7.736 10.095 8.754 8.312 7.761 8.777 7.656 8.01 8.342 9.231 8.309 8.4 8.028 10.079 8.743 9.527 7.965 8.112 7.611 7.929 7.751 9.56 7.355 9.747 7.092 7.921 9.195 7.121 9.034 8.85 8.061 5.694 6.919 7.592 7.735 7.104 7.835 7.461 7.698 8.745 7.31 8.713 8.184 8.17 8.265 7.653 7.839 8.728 6.664 8.081 8.023 8.584 7.125 8.769 9.058 7.963 8.056 8.118 7.598 9.337 9.743 7.001 7.763 7.771 8.159 8.451 7.862 7.928 9.66 7.91 8.079 7.405 8.523 8.224 8.696 8.461 8.084 9.685 7.897 8.245 7.001 8.895 8.984 6.111 8.194 6.391 6.836 7.178 7.852 7.094 7.418 7.618 7.693 6.48 8.573 7.238 7.588 8.367 7.964 7.667 9.092 8.199 7.692 8.224 8.42 8.18 7.426 8.058 7.304 7.955 8.557 8.135 8.246 7.189 8.495 9.287 8.361 7.583 7.398 7.912 8.545 7.361 9.39 7.696 8.604 8.149 7.707 7.376 9.433 9.28 8.571 8.106 8.461 7.757 8.75 8.668 6.501 5.885 6.225 7.986 7.611 6.814 8.553 7.105 7.537 7.748 7.572 7.826 9.397 8.467 7.69 8.261 8.071 9.112 8.278 9.334 8.251 9.477 8.843 7.14 8.197 8.193 7.245 8.155 9.238 9.361 8.601 8.02 8.938 7.434 7.387 7.264 8.132 8.655 8.764 10.057 9.469 7.429 9.444 8.785 8.414 8.687 7.632 8.024 7.67 8.835 8.208 7.618 6.505 6.626 6.533 7.972 8.353 8.197 7.819 7.362 8.209 9.435 9.044 8.618 8.624 7.719 8.407 7.733 6.6 8.451 7.887 8.393 8.087 9.393 7.201 7.572 8.532 7.685 8.099 8.512 8.379 9.515 8.365 9.121 9.475 8.132 8.769 8.629 7.769 9.825 8.93 7.378 9.248 9.481 8.272 8.653 7.56 7.858 7.992 9.541 10.215 8.699 8.467 5.352 5.963 7.534 7.029 6.85 8.839 8.762 9.391 6.47 7.849 7.716 8.319 6.736 8.605 7.556 8.204 7.516 8.632 8.974 8.94 8.218 8.679 8.392 8.972 8.184 9.792 8.384 9.116 7.941 8.2 6.587 8.656 9.177 6.988 8.875 7.999 8.382 6.932 8.597 7.824 8.094 8.246 10.151 8.656 8.114 7.278 7.698 7.129 7.868 9.788 8.437 8.863,180.27,0.055879,0.0235872268676757,14.740050792694092,0.0108746947197277,0.0441394799298673,0.1156844306199988,0.0616531235324443,0.0300199444036829,0.0306973640306973,0.0915081748415081,0.1478978978978979,0.1103603603603603,0.0714881548214881,0.0306973640306973,0.0480544036099591,0.0503183420327247,0.0493615481217247,0.0453794071849627,0.0306973640306973,0.0480544036099591,0.0503183420327247,0.0493615481217247,0.0453794071849627,0.0306973640306973,0.0583409473749343,0.0700576620779307,0.0631061245913363,0.0518643420017396,0.0306973640306973,0.0091508174841508,0.0014789789789789,0.005518018018018,0.0142976309642976,0.0306973640306973,0.0915081748415081,0.1478978978978979,0.1103603603603603,0.0714881548214881,0.4547058816616849,0.4689395716696776,0.4933821466826949,0.4746163720568215,0.463835729646088,30music,sasrec,16,1024,256,42
10.396 8.862 8.605 8.516 8.448 8.386,12.809 12.515 12.58 12.206 11.848 12.337 11.539 11.611 11.613 11.94 11.042 12.019 10.542 11.225 10.49 9.889 10.724 11.001 10.676 9.272 9.733 9.736 11.508 10.659 10.164 10.849 9.043 9.842 9.39 10.39 10.262 10.674 7.886 10.089 10.35 8.955 9.722 10.329 10.189 9.301 9.978 9.08 9.127 9.02 8.413 9.595 9.353 9.766 8.796 9.832 8.678 8.985 8.397 7.658 8.6 9.329 8.517 8.461 9.06 7.837 9.188 10.134 9.495 8.698 8.624 8.178 9.416 9.271 8.18 8.83 7.527 8.803 10.018 8.505 8.343 9.727 8.389 7.524 8.333 8.821 7.753 8.638 10.122 10.044 9.533 9.484 9.193 10.219 8.81 7.739 8.101 8.348 10.35 9.906 9.38 8.201 8.664 9.373 9.668 9.627 8.752 9.759 9.208 8.802 7.192 7.753 8.421 9.337 7.625 9.07 8.764 6.249 8.048 8.677 8.447 7.885 8.607 8.756 8.741 8.063 9.211 9.222 8.422 9.693 8.492 7.48 9.366 8.901 10.011 8.85 8.761 9.137 7.667 8.795 8.836 8.01 9.603 8.836 8.511 7.424 9.537 9.144 8.547 8.105 9.706 10.286 7.944 8.137 8.136 8.842 9.234 9.546 8.917 8.809 7.306 9.31 5.358 6.285 7.558 8.218 7.402 7.885 8.284 8.892 8.725 6.182 9.025 9.2 8.76 8.906 8.121 7.88 7.999 9.891 8.289 8.412 8.862 8.108 8.535 9.209 8.695 8.372 7.388 7.417 8.792 9.66 8.48 9.086 9.51 8.42 8.799 8.858 9.644 10.189 9.052 8.981 8.54 8.536 7.035 9.759 9.449 9.147 9.113 9.625 8.909 8.85 9.432 8.646 7.269 7.829 8.721 7.462 7.459 6.437 6.731 8.34 7.821 8.373 8.498 8.696 7.643 8.05 9.117 9.282 8.779 7.126 9.034 9.273 8.207 8.445 8.356 7.802 9.348 8.186 8.116 9.496 8.789 7.059 9.436 8.73 7.701 8.641 8.286 7.077 8.21 8.674 8.712 9.144 8.25 8.248 9.108 9.199 8.046 9.985 9.059 9.23 9.27 8.193 8.665 9.123 7.53 7.031 9.996 7.995 8.353 7.043 8.25 7.198 8.845 8.017 8.191 9.049 7.74 8.124 9.255 8.623 9.156 9.04 8.363 8.778 8.809 9.422 9.486 8.978 7.592 8.499 9.717 9.781 7.716 9.259 8.868 8.403 8.218 8.907 8.827 8.847 8.589 9.325 9.725 8.645 9.372 8.661 8.963 8.659 8.527 8.438 8.229 10.06 10.012 7.202 8.03 8.457,228.93,0.074546,3.337860107421875e-06,19.862281322479248,0.0111353383372315,0.0412391020540324,0.0858585336672327,0.0539968607944922,0.029438950260701,0.0366616616616616,0.0942192192192192,0.1383466800133466,0.1088588588588588,0.0770353687020353,0.0366616616616616,0.0537724066659251,0.0555473718974363,0.0548089375289882,0.0514577077077077,0.0366616616616616,0.0537724066659251,0.0555473718974363,0.0548089375289882,0.0514577077077077,0.0366616616616616,0.0634002522271447,0.0725626287654758,0.0671269509467764,0.0578215341460145,0.0366616616616616,0.0094219219219219,0.0013834668001334,0.0054429429429429,0.015407073740407,0.0366616616616616,0.0942192192192192,0.1383466800133466,0.1088588588588588,0.0770353687020353,0.4526764974868295,0.4623546195253036,0.4764976162816023,0.4653406796421195,0.4592520014004639,30music,sasrec,16,1512,256,42
10.431 8.971 8.711 8.619 8.538 8.498,12.838 12.527 12.568 12.201 11.869 12.317 11.541 11.611 11.617 11.916 11.045 12.013 10.557 11.186 10.482 9.874 10.77 11.012 10.647 9.281 9.782 9.783 11.518 10.764 10.184 10.882 9.115 9.864 9.452 10.36 10.263 10.689 7.907 10.09 10.395 8.944 9.815 10.337 10.219 9.38 10.024 9.152 9.167 9.08 8.524 9.656 9.48 9.786 8.827 9.924 8.804 9.051 8.54 7.701 8.752 9.463 8.563 8.549 9.176 7.848 9.264 10.213 9.618 8.712 8.755 8.204 9.518 9.294 8.282 8.967 7.643 8.966 10.175 8.592 8.527 9.896 8.489 7.675 8.425 8.946 7.757 8.855 10.141 10.138 9.58 9.612 9.396 10.332 8.958 7.811 8.332 8.425 10.415 9.941 9.344 8.316 8.74 9.445 9.697 9.645 8.714 9.836 9.364 8.876 7.283 7.886 8.556 9.432 7.765 9.002 8.812 6.331 8.173 8.733 8.542 7.961 8.759 8.919 8.675 8.157 9.341 9.355 8.546 9.869 8.544 7.601 9.405 9.039 10.13 8.925 8.867 9.188 7.814 8.87 8.861 8.158 9.722 8.935 8.605 7.528 9.634 9.204 8.599 8.135 9.698 10.357 8.08 8.133 8.051 8.945 9.215 9.638 9.012 8.985 7.447 9.4 5.57 6.419 7.717 8.372 7.604 8.151 8.444 8.974 8.783 6.321 9.05 9.295 8.754 8.984 8.192 8.007 8.074 10.094 8.427 8.464 8.841 8.08 8.717 9.275 8.835 8.487 7.53 7.545 8.929 9.733 8.583 9.133 9.531 8.505 8.898 8.882 9.627 10.16 9.096 9.129 8.478 8.726 7.156 9.871 9.524 9.257 9.284 9.771 9.018 8.979 9.549 8.739 7.378 7.917 8.8 7.536 7.61 6.511 6.9 8.344 7.814 8.475 8.57 8.863 7.7 8.16 9.183 9.273 8.858 7.252 9.153 9.409 8.143 8.559 8.556 7.846 9.505 8.262 8.204 9.572 8.894 7.175 9.577 8.862 7.746 8.774 8.422 7.085 8.341 8.831 8.703 9.37 8.346 8.369 9.265 9.314 8.156 9.935 9.094 9.317 9.413 8.375 8.718 9.117 7.688 7.242 10.001 8.135 8.481 7.197 8.397 7.25 8.984 8.278 8.331 9.167 7.891 8.223 9.451 8.818 9.197 9.196 8.612 8.94 8.893 9.548 9.686 9.153 7.819 8.586 9.874 9.892 7.815 9.49 8.905 8.48 8.316 8.957 9.043 8.9 8.682 9.372 9.904 8.698 9.466 8.735 9.047 8.831 8.498 8.509 8.271 10.171 9.954 7.359 8.012 8.561,288.6,0.097458,0.0235872268676757,25.97989273071289,0.0112903466560112,0.0423677922567029,0.0877829332396394,0.055626170456333,0.0302920701188741,0.0389556222889556,0.0952619285952619,0.1386386386386386,0.1101518184851518,0.0796212879546212,0.0389556222889556,0.0559382629984481,0.0576787667491982,0.0569784526073584,0.0538190968746524,0.0389556222889556,0.0559382629984481,0.0576787667491982,0.0569784526073584,0.0538190968746524,0.0389556222889556,0.0653236320616009,0.0743199984515112,0.0690968650842619,0.0602339760131112,0.0389556222889556,0.0095261928595261,0.0013863863863863,0.0055075909242575,0.0159242575909242,0.0389556222889556,0.0952619285952619,0.1386386386386386,0.1101518184851518,0.0796212879546212,0.4609032716298649,0.4682374697149052,0.4789956715237669,0.4700829327076937,0.465774908980557,30music,sasrec,16,2048,256,42
9.343 6.714 5.883 5.468 5.225,12.892 12.628 11.879 11.446 12.086 10.893 11.616 10.295 10.546 12.218 11.016 10.182 11.143 10.03 11.103 10.075 9.693 10.091 9.937 10.039 9.823 9.777 9.707 10.163 8.969 8.397 8.48 6.824 8.292 9.183 7.111 8.532 8.764 8.338 6.846 7.41 7.845 8.197 8.414 9.544 8.693 7.914 9.473 8.056 7.302 8.269 6.643 8.264 8.212 7.427 7.206 6.821 8.544 7.595 7.44 5.785 6.424 6.653 5.973 7.046 8.111 7.26 7.289 5.887 6.654 6.625 6.487 7.017 6.921 5.551 7.615 6.839 7.409 7.511 5.693 6.623 6.685 7.64 5.84 7.543 7.858 6.538 6.779 6.396 7.775 7.158 6.993 7.118 5.743 7.499 6.56 7.325 6.563 5.726 6.276 6.976 7.639 7.7 6.169 4.779 6.576 7.962 6.688 7.261 5.293 3.882 4.884 4.817 5.014 4.503 5.103 5.638 6.375 5.698 4.932 6.226 6.809 4.625 5.262 4.985 6.206 5.72 7.096 6.384 5.426 5.309 5.856 4.947 5.69 6.471 4.54 6.528 5.633 6.062 7.553 5.131 6.596 6.546 5.403 6.483 5.832 6.619 5.561 6.273 6.827 6.945 6.387 6.625 4.681 6.113 5.262 6.254 6.031 5.681 5.666 5.161 5.271 4.386 4.933 4.829 5.288 5.464 6.159 4.997 5.637 4.625 4.363 6.728 5.98 6.084 6.716 5.373 4.555 5.078 4.507 5.619 5.261 7.122 6.259 5.775 6.993 5.378 5.452 5.326 5.027 5.321 4.178 6.324 4.381 6.874 6.532 5.191 6.031 5.662 5.048 5.652 5.332 7.244 7.024 4.704 4.811 6.8 5.508 5.165 7.121 6.119 4.993 4.974 3.772 3.466 4.458 4.318 4.256 4.678 3.6 3.425 5.068 4.339 4.014 5.453 3.094 5.793 4.868 3.984 5.155 5.948 4.783 5.382 4.92 5.618 6.837 4.977 7.015 5.095 4.832 5.016 5.951 5.987 6.122 5.683 6.005 6.555 5.838 6.97 5.359 5.658 5.402 6.393 6.127 6.811 5.484 6.507 6.368 6.202 5.538 6.26 6.904 5.185 5.36 6.345,78.766,0.016941,3.337860107421875e-06,4.455330848693848,0.0059017982113188,0.0219043977582352,0.0537787009384318,0.0299786088520083,0.0154836087314463,0.0181431431431431,0.0558475141808475,0.1089422756089422,0.0706539873206539,0.0425008341675008,0.0181431431431431,0.0286670930189448,0.0305965523407247,0.0296950092685601,0.0268991213435657,0.0181431431431431,0.0286670930189448,0.0305965523407247,0.0296950092685601,0.0268991213435657,0.0181431431431431,0.0350740118311169,0.0457618120619271,0.0388180035400624,0.0307719055722463,0.0181431431431431,0.0055847514180847,0.0010894227560894,0.0035326993660327,0.0085001668335001,0.0181431431431431,0.0558475141808475,0.1089422756089422,0.0706539873206539,0.0425008341675008,0.3997951108726665,0.4106883072450359,0.4351249594874347,0.4161612953820648,0.4066878260729711,30music,sasrec,16,32,512,42
9.524 7.152 6.46 6.108 5.879,12.871 12.702 12.154 11.777 12.155 11.212 11.76 10.422 10.869 12.252 11.193 10.396 11.201 10.09 11.163 10.074 9.786 10.092 9.93 10.051 10.056 9.809 9.827 10.255 9.039 8.493 8.698 6.958 8.65 9.448 7.352 8.693 8.992 8.572 7.106 7.809 7.985 8.488 8.734 9.862 9.065 8.147 9.621 8.186 7.562 8.553 6.866 8.419 8.477 7.65 7.685 7.058 8.864 7.883 7.77 6.281 6.836 6.981 6.319 7.392 8.429 7.592 7.754 6.307 7.086 7.153 6.974 7.417 7.315 5.915 7.845 7.325 7.789 7.905 6.066 7.096 7.093 8.045 6.304 7.946 8.151 7.053 7.124 6.793 8.368 7.465 7.423 7.663 6.265 7.907 7.134 7.983 7.011 6.169 6.731 7.487 8.087 8.038 6.624 5.305 7.065 8.52 7.288 7.76 6.173 4.452 5.409 5.488 5.582 5.089 5.556 6.227 6.883 6.3 5.525 6.935 7.458 5.015 5.83 5.444 6.666 6.415 7.662 6.936 6.06 5.861 6.433 5.503 6.452 7.146 5.051 7.156 6.264 6.688 8.036 5.533 7.185 7.017 6.074 7.046 6.347 7.296 6.148 6.767 7.096 7.434 6.799 7.172 5.278 6.602 5.819 6.817 6.654 6.199 6.248 5.713 5.951 4.96 5.716 5.331 5.919 6.125 6.758 5.611 6.414 5.45 5.021 7.396 6.717 6.675 7.368 6.07 5.309 5.795 5.21 6.203 5.808 7.747 6.99 6.415 7.66 6.276 6.041 5.905 5.655 5.934 4.575 7.184 4.941 7.684 7.228 5.686 6.729 6.28 5.817 6.138 5.784 7.847 7.737 5.201 5.51 7.395 6.178 5.735 8.017 6.932 5.651 5.811 4.49 4.008 5.119 4.822 4.879 5.227 4.32 3.924 5.733 4.97 4.667 6.406 3.806 6.479 5.601 4.589 5.786 6.77 5.536 6.087 5.509 6.188 7.372 5.816 7.706 5.816 5.342 5.612 6.649 6.567 6.521 6.374 6.77 7.376 6.672 7.646 6.139 6.254 6.231 7.245 6.77 7.576 6.11 7.255 7.107 6.923 6.201 7.068 7.675 5.755 6.102 7.027,83.371,0.018709,0.0235872268676757,4.558408260345459,0.0063702677969643,0.0242214850715506,0.0586023301769046,0.0331821141067903,0.0169234637814451,0.0228978978978979,0.0679012345679012,0.1226643309976643,0.084376042709376,0.0528862195528862,0.0228978978978979,0.0357102638352638,0.0378153844296834,0.036866492482785,0.0337003670337003,0.0228978978978979,0.0357102638352638,0.0378153844296834,0.036866492482785,0.0337003670337003,0.0228978978978979,0.0433199049482579,0.0545317867369269,0.0475013068197103,0.0384588551645707,0.0228978978978979,0.0067901234567901,0.0012266433099766,0.0042188021354688,0.0105772439105772,0.0228978978978979,0.0679012345679012,0.1226643309976643,0.084376042709376,0.0528862195528862,0.4019523324201412,0.4128324938193156,0.4374833887736113,0.4182818366874912,0.4087206667671367,30music,sasrec,16,64,512,42
9.659 7.557 7.018 6.746 6.558,12.886 12.757 12.295 11.898 12.192 11.36 11.771 10.409 10.882 12.232 11.235 10.359 11.14 10.095 11.18 10.091 9.764 10.103 9.863 10.062 10.222 10.026 9.867 10.336 9.113 8.589 8.748 7.112 8.791 9.658 7.574 8.828 9.14 8.771 7.393 8.107 8.186 8.71 8.893 10.062 9.441 8.416 9.827 8.363 7.729 8.852 7.07 8.79 8.683 7.904 8.143 7.352 9.215 8.289 7.984 6.661 7.257 7.239 6.75 7.646 8.716 7.907 8.157 6.54 7.447 7.791 7.267 7.867 7.787 6.402 8.264 7.783 8.189 8.299 6.624 7.496 7.441 8.405 6.808 8.31 8.561 7.579 7.424 7.328 8.754 7.797 7.825 8.082 6.791 8.246 7.763 8.371 7.343 6.789 7.025 7.9 8.451 8.465 7.184 5.649 7.566 8.873 7.711 8.047 6.498 5.005 5.943 6.145 6.144 5.698 6.008 6.731 7.451 6.909 6.007 7.575 8.124 5.557 6.487 5.992 7.112 6.999 8.251 7.551 6.524 6.23 7.032 6.274 6.912 7.824 5.52 7.592 6.869 7.15 8.654 6.097 7.667 7.619 6.801 7.62 6.863 7.843 6.81 7.314 7.589 7.881 7.277 7.771 5.863 7.247 6.133 7.463 7.312 6.741 6.79 6.146 6.486 5.645 6.593 5.889 6.423 6.791 7.302 6.162 7.08 6.083 5.704 7.929 7.474 7.309 8.074 6.721 5.871 6.448 5.795 7.01 6.406 8.459 7.731 6.993 8.267 6.777 6.511 6.375 6.288 6.505 5.316 8.006 5.471 8.314 7.936 6.26 7.474 6.864 6.461 6.621 6.41 8.454 8.393 5.734 6.096 8.096 6.883 6.253 8.786 7.532 6.092 6.444 5.124 4.62 5.865 5.461 5.322 5.75 5.026 4.549 6.408 5.85 5.251 7.173 4.512 7.18 6.411 5.455 6.502 7.583 6.372 6.774 6.217 6.768 8.043 6.535 8.158 6.726 5.904 6.28 7.211 7.139 7.055 7.032 7.642 8.16 7.317 8.31 7.031 6.765 6.836 7.886 7.536 8.247 6.653 7.893 7.782 7.557 6.617 7.881 8.207 6.459 6.786 7.785,93.568,0.022587,0.0235872268676757,5.481139183044434,0.0069937457013896,0.0279508704004151,0.0657143414844744,0.0382686833823044,0.0193576684911719,0.0271938605271938,0.0796629963296629,0.1320487153820487,0.0960960960960961,0.0626459793126459,0.0271938605271938,0.0423069729782692,0.044352785268971,0.0434449236645444,0.0400671504838171,0.0271938605271938,0.0423069729782692,0.044352785268971,0.0434449236645444,0.0400671504838171,0.0271938605271938,0.0511485981479989,0.0619429889871293,0.0552998365116871,0.0456769284276629,0.0271938605271938,0.0079662996329662,0.0013204871538204,0.0048048048048048,0.0125291958625291,0.0271938605271938,0.0796629963296629,0.1320487153820487,0.0960960960960961,0.0626459793126459,0.4025444401642714,0.4174430597194183,0.4427680294127269,0.4235924261861346,0.4120233756701523,30music,sasrec,16,128,512,42
9.775 7.888 7.49 7.31 7.181,12.922 12.786 12.334 11.975 12.237 11.428 11.717 10.403 10.885 12.233 11.297 10.436 11.157 10.118 11.183 10.136 9.84 10.139 9.87 10.035 10.337 10.179 9.902 10.394 9.251 8.661 8.808 7.285 9.016 9.801 7.848 8.984 9.231 8.968 7.578 8.417 8.313 8.857 9.053 10.206 9.716 8.626 9.877 8.52 7.879 9.062 7.239 8.896 8.935 8.027 8.403 7.57 9.332 8.639 8.293 6.854 7.663 7.48 6.906 7.927 8.887 8.185 8.476 6.835 7.863 8.061 7.512 8.321 8.098 6.715 8.472 8.06 8.478 8.539 6.962 7.794 7.712 8.756 7.225 8.502 8.855 7.799 7.701 7.607 9.173 8.163 8.19 8.495 7.143 8.587 8.126 8.833 7.656 7.263 7.266 8.465 8.774 8.746 7.537 5.971 7.74 9.212 8.11 8.528 7.162 5.487 6.34 6.672 6.645 6.356 6.435 7.196 7.794 7.438 6.607 8.386 8.597 6.237 6.973 6.453 7.509 7.701 8.66 8.041 7.106 6.861 7.493 6.692 7.377 8.372 5.983 8.028 7.489 7.56 8.963 6.643 8.088 7.949 7.191 8.052 7.392 8.16 7.282 7.749 7.98 8.257 7.751 8.267 6.409 7.815 6.674 7.91 7.826 7.178 7.311 6.591 6.941 6.23 7.425 6.492 6.837 7.593 7.702 6.677 7.65 6.716 6.329 8.677 8.021 7.835 8.744 7.391 6.514 7.176 6.366 7.628 6.968 9.022 8.337 7.483 8.803 7.557 7.126 6.824 6.962 6.976 5.905 8.626 6.025 8.733 8.574 6.832 8.133 7.18 7.373 7.185 6.905 8.962 8.751 6.128 6.816 8.553 7.302 6.785 9.367 8.042 6.699 7.049 5.762 5.174 6.717 5.998 5.802 6.305 5.798 5.192 7.006 6.683 5.897 7.821 5.121 7.964 7.248 6.108 7.257 8.252 7.17 7.45 6.811 7.249 8.538 7.343 8.776 7.511 6.419 6.892 7.837 7.743 7.605 7.697 8.368 8.875 8.105 8.944 7.764 7.431 7.522 8.425 7.906 8.766 7.22 8.36 8.274 8.023 7.076 8.418 8.47 6.928 7.325 8.257,112.59,0.029888,0.0235872268676757,7.97928524017334,0.0080673218351607,0.0323462173951483,0.0734199772424823,0.0439270611226506,0.0223820530220307,0.0336169502836169,0.088088088088088,0.1382215548882215,0.1040623957290624,0.0704871538204871,0.0336169502836169,0.0492842048397604,0.0512376530349309,0.0503888306324595,0.0469191413635858,0.0336169502836169,0.0492842048397604,0.0512376530349309,0.0503888306324595,0.0469191413635858,0.0336169502836169,0.0584759836244778,0.068792832835636,0.0625100839625709,0.0527677795729685,0.0336169502836169,0.0088088088088088,0.0013822155488822,0.0052031197864531,0.0140974307640974,0.0336169502836169,0.088088088088088,0.1382215548882215,0.1040623957290624,0.0704871538204871,0.4163068218288367,0.4315066657176212,0.4552225302714695,0.4374269219010289,0.4259844789087245,30music,sasrec,16,256,512,42
9.875 8.139 7.824 7.701 7.59 7.499,12.945 12.791 12.364 12.046 12.261 11.463 11.748 10.495 10.928 12.254 11.383 10.557 11.176 10.156 11.205 10.192 9.951 10.167 9.935 10.074 10.481 10.296 10.077 10.5 9.37 8.72 8.864 7.428 9.145 9.979 7.937 9.072 9.402 9.121 7.759 8.595 8.354 9.073 9.167 10.356 9.945 8.824 10.004 8.667 7.969 9.181 7.443 9.089 9.009 8.144 8.577 7.727 9.529 8.885 8.449 7.167 8.095 7.676 7.158 8.145 9.059 8.421 8.797 7.02 8.077 8.382 7.726 8.549 8.337 6.988 8.635 8.193 8.754 8.73 7.328 8.073 7.946 8.885 7.55 8.725 9.121 8.046 7.918 7.829 9.422 8.301 8.316 8.788 7.407 8.777 8.505 9.061 7.82 7.567 7.441 8.666 8.974 8.892 7.844 6.214 7.926 9.454 8.489 8.764 7.573 5.905 6.68 7.045 6.955 6.864 6.773 7.625 8.14 7.747 6.908 8.758 8.921 6.547 7.353 6.681 7.845 8.008 9.038 8.304 7.478 7.053 7.782 7.198 7.779 8.83 6.199 8.302 7.912 7.84 9.145 7.001 8.486 8.339 7.66 8.352 7.655 8.334 7.798 7.938 8.256 8.385 7.983 8.556 6.816 8.048 6.909 8.188 8.136 7.504 7.558 6.833 7.252 6.667 7.836 6.89 7.171 7.998 8.102 6.971 8.051 7.139 6.884 8.952 8.406 8.304 9.014 7.934 6.942 7.633 6.87 8.033 7.47 9.436 8.799 7.881 9.122 8.112 7.502 7.159 7.247 7.376 6.399 9.026 6.42 9.051 8.946 7.293 8.529 7.467 7.476 7.534 7.384 9.211 9.001 6.554 7.286 8.887 7.718 7.07 9.787 8.353 7.139 7.579 6.121 5.591 7.222 6.361 6.078 6.555 6.364 5.739 7.625 7.102 6.385 8.359 5.752 8.52 7.877 6.699 7.695 8.826 7.56 7.91 7.268 7.61 8.823 7.801 9.032 7.938 6.859 7.245 8.261 8.146 7.85 8.001 8.712 9.32 8.593 9.236 8.29 7.619 7.903 8.676 8.266 9.162 7.46 8.695 8.565 8.438 7.293 8.869 8.58 7.262 7.835 8.536 7.279 6.593 7.892 7.068 7.813 6.821 7.6 7.146 8.942 6.884 7.04 7.78 8.873 6.968 7.282 8.19 7.082 8.152 6.64 8.363 8.084 7.157 7.471 9.677 6.785 7.484 6.903 6.885 8.012 5.444 8.457 6.881 8.915 6.812 8.079 7.201 7.923 7.305 7.093 7.377 7.816 8.193 6.937 7.774 7.611 7.947 8.056 8.209 7.893 8.197 7.58 7.035,146.24,0.04279,0.0235872268676757,13.490925788879396,0.0102500686055336,0.0427248854947808,0.1018393172285431,0.0593555557851975,0.029047410729561,0.03174007340674,0.0952202202202202,0.1526526526526526,0.1151568234901568,0.0760343677010343,0.03174007340674,0.0506748315776093,0.0530151731200969,0.0520748151051441,0.0480814147480814,0.03174007340674,0.0506748315776093,0.0530151731200969,0.0520748151051441,0.0480814147480814,0.03174007340674,0.0612761115329421,0.0732489031801609,0.066338156849392,0.0550386170188984,0.03174007340674,0.009522022022022,0.0015265265265265,0.0057578411745078,0.0152068735402068,0.03174007340674,0.0952202202202202,0.1526526526526526,0.1151568234901568,0.0760343677010343,0.4470949420378602,0.4616982145192861,0.4790159365723299,0.4666124998225937,0.4567089410150364,30music,sasrec,16,512,512,42
9.982 8.368 8.084 7.982 7.906 7.83 7.772 7.735 7.718 7.699 7.672 7.67 7.666 7.65,12.948 12.807 12.399 12.091 12.279 11.523 11.794 10.548 10.955 12.258 11.471 10.623 11.174 10.185 11.266 10.251 10.028 10.258 10.006 10.134 10.592 10.454 10.149 10.538 9.46 8.835 9.027 7.556 9.226 10.151 8.125 9.214 9.387 9.238 7.912 8.85 8.529 9.275 9.321 10.422 10.097 8.974 10.115 8.795 8.126 9.323 7.598 9.211 9.176 8.362 8.934 7.853 9.634 9.157 8.714 7.342 8.389 7.903 7.348 8.29 9.241 8.706 9.106 7.202 8.348 8.632 7.96 8.944 8.532 7.252 8.82 8.463 8.898 8.936 7.538 8.296 8.166 9.1 7.927 8.861 9.258 8.185 8.084 8.137 9.617 8.517 8.53 9.062 7.676 8.888 8.782 9.238 7.981 7.847 7.571 8.951 9.093 9.081 8.079 6.427 8.084 9.709 8.632 9.001 7.877 6.273 6.934 7.538 7.258 7.168 7.07 7.879 8.32 7.99 7.217 9.063 9.182 6.908 7.614 7.023 8.197 8.391 9.172 8.562 7.883 7.343 8.063 7.525 7.896 9.116 6.498 8.486 8.152 8.098 9.359 7.335 8.784 8.573 7.875 8.501 7.915 8.631 8.04 8.137 8.336 8.635 8.256 8.789 7.209 8.265 7.142 8.435 8.463 7.849 7.76 7.073 7.464 6.961 8.132 7.08 7.391 8.324 8.45 7.213 8.292 7.401 7.074 9.16 8.699 8.518 9.324 8.146 7.232 8.056 7.291 8.337 7.777 9.651 9.049 8.178 9.284 8.487 7.893 7.233 7.411 7.568 6.733 9.22 6.769 9.247 9.267 7.477 8.882 7.642 7.666 7.713 7.703 9.43 9.128 6.723 7.599 9.067 8.184 7.471 10.16 8.649 7.536 7.988 6.423 5.862 7.645 6.709 6.304 6.763 6.767 6.067 7.885 7.489 6.855 8.724 6.142 8.847 8.244 7.096 8.196 9.364 8.037 8.224 7.686 7.924 9.008 7.973 9.338 8.252 7.201 7.571 8.558 8.589 8.108 8.37 8.948 9.72 8.855 9.443 8.64 7.852 8.216 8.999 8.53 9.395 7.728 8.949 8.754 8.721 7.461 9.19 8.689 7.708 8.103 8.719 7.766 6.979 8.225 7.677 8.256 7.141 7.911 7.594 9.33 7.142 7.362 8.262 9.315 7.418 7.715 8.579 7.372 8.524 6.948 8.619 8.431 7.533 7.682 9.963 7.123 7.706 7.146 7.243 8.251 5.762 8.822 7.432 9.349 7.152 8.304 7.534 8.251 7.65 7.311 7.621 8.121 8.493 7.201 8.131 7.946 8.311 8.322 8.652 8.178 8.407 7.798 7.369 9.736 7.591 7.547 7.237 8.303 5.635 7.541 6.843 6.057 6.016 8.02 7.676 7.564 7.474 7.441 7.629 7.316 7.654 6.888 7.792 9.403 7.025 7.075 7.929 7.836 8.151 7.923 8.092 8.465 7.912 7.739 8.124 7.666 8.53 6.276 8.843 8.363 7.382 8.917 8.168 8.194 8.443 8.002 7.8 8.844 7.253 8.912 7.809 6.508 7.616 8.583 8.197 5.906 7.411 7.223 7.639 7.472 7.261 7.223 8.259 8.323 6.328 8.529 8.474 9.536 8.933 8.612 8.205 5.687 8.444 8.03 6.362 7.482 6.803 9.336 7.511 8.839 7.86 8.038 7.755 8.752 6.876 7.874 8.132 8.227 8.093 7.475 8.483 7.453 8.323 6.919 7.897 8.0 6.529 7.486 9.633 8.797 7.205 7.546 8.565 9.453 8.091 8.074 7.379 8.443 5.807 5.416 6.367 7.38 6.869 5.898 6.438 6.886 7.69 7.16 8.702 7.382 8.191 8.388 8.139 8.936 7.754 7.215 5.583 7.883 8.055 7.238 8.039 7.945 7.613 7.191 7.868 6.052 9.131 7.83 9.075 6.441 8.203 9.475 6.219 7.611 8.06 9.084 7.671 8.3 8.085 7.349 9.669 7.562 6.985 7.344 9.617 6.661 8.459 8.808 8.779 6.633 6.97 6.946 7.413 5.892 7.986 6.232 6.338 6.599 6.951 7.853 7.159 6.771 7.272 8.601 7.084 8.676 6.808 7.14 7.604 7.223 8.001 7.123 8.906 7.56 7.86 7.858 7.759 7.515 8.18 8.232 8.342 6.755 8.106 7.742 8.55 8.304 7.192 8.416 8.969 9.423 7.37 8.161 7.86 8.227 8.443 8.933 7.303 8.181 8.876 7.362 8.446 5.919 7.329 7.876 8.545 7.015 6.668 6.943 7.04 7.513 8.152 8.233 7.531 7.066 9.105 7.69 7.513 7.562 8.087 7.899 7.658 5.878 9.53 8.278 6.493 8.403 8.213 6.703 7.609 7.994 8.402 7.925 8.57 7.373 7.886 8.568 7.666 6.514 7.757 8.611 8.566 8.502 7.731 8.361 7.986 8.884 9.132 9.044 6.112 8.046 7.575 8.39 7.764 7.493 8.428 8.632 7.041 8.47 6.09 8.175 7.072 9.018 6.251 7.777 7.06 7.011 7.487 7.592 8.765 7.005 7.488 6.844 7.842 6.327 6.908 8.429 7.811 7.498 8.139 7.304 7.655 7.317 8.458 6.83 7.921 10.02 8.016 8.592 8.876 7.931 5.87 8.126 9.993 8.486 7.516 9.693 7.489 6.604 7.899 8.23 9.37 8.652 7.125 8.81 5.939 8.093 5.933 7.93 7.428 5.051 7.124 6.937 8.511 7.842 8.933 6.729 7.174 7.348 7.324 8.311 7.63 7.592 7.257 8.668 5.798 8.116 7.58 7.942 8.282 5.093 8.726 8.558 7.271 8.162 6.954 9.241 7.921 7.509 8.691 8.673 8.082 7.458 8.089 7.016 7.131 7.579 7.101 8.96 7.392 8.227 8.479 6.482 7.986 6.888 7.617 8.206 6.112 7.214 7.977 5.615 8.469 6.139 7.7 6.604 7.157 8.004 6.962 7.183 7.184 7.448 6.73 6.231 7.123 6.424 7.0 7.293 5.904 8.401 8.174 8.338 8.381 8.771 8.901 6.733 9.429 9.137 7.295 8.018 9.114 7.939 7.579 8.365 6.835 7.662 6.925 8.212 7.928 8.169 9.702 9.743 7.204 8.15 8.364 7.996 7.265 8.432 9.176 8.922 7.654,219.81,0.071041,3.337860107421875e-06,24.19070196151733,0.0125166346890246,0.053073700140426,0.1421311462233658,0.0751170312806787,0.035687507822179,0.0373707040373707,0.1068985652318985,0.1659993326659993,0.1274190857524191,0.0843343343343343,0.0373707040373707,0.0573501411464374,0.0597335143474145,0.0587733978840933,0.0543613057501946,0.0373707040373707,0.0573501411464374,0.0597335143474145,0.0587733978840933,0.0543613057501946,0.0373707040373707,0.069083146129453,0.0813666400192735,0.0742704957493624,0.0618089756426876,0.0373707040373707,0.0106898565231898,0.0016599933266599,0.0063709542876209,0.0168668668668668,0.0373707040373707,0.1068985652318985,0.1659993326659993,0.1274190857524191,0.0843343343343343,0.4723519444207532,0.4857234939565357,0.5068932713821924,0.4904347853589761,0.4811566178300741,30music,sasrec,16,1024,512,42
10.045 8.465 8.214 8.125 8.071,12.995 12.812 12.417 12.134 12.317 11.587 11.819 10.642 10.998 12.313 11.51 10.702 11.244 10.248 11.305 10.292 10.133 10.274 10.009 10.169 10.651 10.533 10.229 10.654 9.542 8.892 9.092 7.636 9.281 10.228 8.226 9.273 9.415 9.298 8.026 8.886 8.569 9.35 9.385 10.451 10.188 9.069 10.136 8.863 8.24 9.387 7.713 9.34 9.282 8.46 8.987 7.907 9.722 9.252 8.787 7.435 8.451 7.957 7.422 8.378 9.293 8.735 9.119 7.352 8.426 8.792 8.051 9.01 8.655 7.345 8.932 8.547 8.995 9.004 7.676 8.433 8.278 9.122 8.043 8.981 9.378 8.214 8.197 8.249 9.73 8.581 8.613 9.199 7.802 9.045 8.91 9.381 8.159 7.94 7.703 8.984 9.32 9.138 8.146 6.494 8.187 9.788 8.748 9.096 8.295 6.43 7.065 7.623 7.473 7.407 7.262 8.038 8.391 8.152 7.339 9.271 9.291 7.019 7.768 7.168 8.301 8.411 9.293 8.65 8.036 7.347 8.242 7.663 8.117 9.227 6.653 8.618 8.313 8.171 9.426 7.432 8.888 8.679 8.046 8.634 8.164 8.674 8.237 8.256 8.56 8.718 8.354 8.963 7.329 8.372 7.346 8.513 8.509 8.008 7.913 7.202 7.498 7.157 8.363 7.18 7.504 8.517 8.485 7.351 8.366 7.614 7.259 9.33 8.964 8.748 9.431 8.376 7.383 8.221 7.453 8.532 7.902 9.728 9.12 8.289 9.369 8.744 8.009 7.474 7.699 7.726 6.887 9.39 6.939 9.33 9.414 7.65 9.045 7.759 7.932 7.829 7.944 9.593 9.268 7.02 7.794 9.239 8.528 7.577 10.263 8.787 7.735 8.046 6.509 6.093 7.961 6.858 6.449 6.952 7.039 6.219 8.156 7.665 7.014 8.834 6.269 8.964 8.465 7.236 8.371 9.555 8.195 8.32 7.72 8.03 9.121 8.128 9.368 8.403 7.37 7.616 8.746 8.698 8.119 8.576 9.126 9.849 8.962 9.629 8.824 7.924 8.331 9.224 8.655 9.534 7.841 9.065 8.915 8.834 7.652 9.258 8.78 7.75 8.361 8.85,305.67,0.10392,0.0235872268676757,33.556331157684326,0.0114063158426539,0.0430130861467343,0.0868850332004854,0.0562680197170581,0.0308271358711065,0.046338004671338,0.1008508508508508,0.1421004337671004,0.1141975308641975,0.0852519185852519,0.046338004671338,0.0632487811885959,0.0648695555868989,0.0641858785069139,0.0611493437882326,0.046338004671338,0.0632487811885959,0.0648695555868989,0.0641858785069139,0.0611493437882326,0.046338004671338,0.0722366509761377,0.0807362756885719,0.0756251084586541,0.0671743863244808,0.046338004671338,0.010085085085085,0.001421004337671,0.0057098765432098,0.0170503837170503,0.046338004671338,0.1008508508508508,0.1421004337671004,0.1141975308641975,0.0852519185852519,0.4544653989338307,0.4642480968602762,0.4781584174013423,0.4674396902998318,0.4609323527959235,30music,sasrec,16,1512,512,42
10.08 8.562 8.288 8.166 8.124 8.089,12.974 12.818 12.423 12.118 12.328 11.586 11.869 10.674 11.016 12.294 11.53 10.692 11.206 10.264 11.315 10.292 10.148 10.301 10.071 10.175 10.687 10.541 10.247 10.64 9.518 8.968 9.092 7.693 9.329 10.272 8.312 9.306 9.451 9.35 8.036 8.995 8.604 9.427 9.429 10.524 10.172 9.108 10.196 8.96 8.371 9.482 7.737 9.39 9.312 8.527 9.026 8.009 9.763 9.399 8.951 7.558 8.691 8.063 7.557 8.474 9.307 8.874 9.397 7.423 8.532 8.912 8.104 9.138 8.699 7.471 9.006 8.611 9.047 9.093 7.786 8.47 8.382 9.2 8.028 9.031 9.436 8.336 8.287 8.32 9.854 8.623 8.655 9.296 7.959 9.102 9.011 9.457 8.165 7.984 7.798 9.076 9.318 9.232 8.287 6.535 8.299 9.854 8.75 9.132 8.282 6.596 7.193 7.758 7.539 7.477 7.404 8.13 8.412 8.115 7.494 9.36 9.311 7.117 7.825 7.263 8.351 8.467 9.427 8.752 8.122 7.402 8.223 7.787 8.074 9.231 6.712 8.678 8.32 8.196 9.484 7.529 9.022 8.749 8.205 8.718 8.138 8.682 8.32 8.304 8.579 8.772 8.427 9.073 7.432 8.413 7.368 8.575 8.47 8.122 7.949 7.309 7.543 7.206 8.425 7.279 7.661 8.557 8.643 7.408 8.399 7.62 7.354 9.238 9.016 8.808 9.542 8.381 7.379 8.233 7.607 8.556 8.02 9.744 9.109 8.352 9.337 8.837 8.08 7.507 7.698 7.792 6.916 9.347 6.9 9.306 9.353 7.63 9.069 7.783 7.851 7.932 8.029 9.562 9.301 7.07 7.859 9.223 8.498 7.6 10.331 8.772 7.881 8.192 6.532 6.235 8.077 6.766 6.538 6.967 7.108 6.344 8.175 7.788 7.093 9.033 6.367 9.148 8.513 7.427 8.434 9.68 8.301 8.365 7.891 8.111 9.099 8.221 9.428 8.474 7.449 7.718 8.773 8.764 8.218 8.6 9.101 9.854 9.013 9.614 8.919 8.004 8.476 9.215 8.693 9.541 7.902 9.069 8.985 8.864 7.629 9.327 8.799 7.868 8.381 8.885 8.14 7.183 8.388 7.941 8.55 7.458 8.197 7.899 9.636 7.416 7.49 8.471 9.547 7.804 8.061 8.835 7.641 8.72 7.218 8.763 8.776 7.749 8.009 10.085 7.342 7.865 7.589 7.47 8.479 6.035 9.196 7.804 9.797 7.391 8.476 7.759 8.495 8.015 7.653 7.862 8.291 8.691 7.505 8.32 8.161 8.497 8.527 8.82 8.413 8.653 8.019 7.674,403.68,0.14171,0.0235872268676757,45.65514659881592,0.0134030526304911,0.0533653454216857,0.114922019333556,0.0712946409605463,0.0373937475385253,0.0454204204204204,0.1091091091091091,0.154738071404738,0.1234984984984985,0.0905071738405071,0.0454204204204204,0.0647419906679166,0.0665488144305323,0.0657479622823691,0.0622678233789344,0.0454204204204204,0.0647419906679166,0.0665488144305323,0.0657479622823691,0.0622678233789344,0.0454204204204204,0.0753159492348661,0.0847553034330098,0.0789630092173974,0.0693086578438433,0.0454204204204204,0.0109109109109109,0.0015473807140473,0.0061749249249249,0.0181014347681014,0.0454204204204204,0.1091091091091091,0.154738071404738,0.1234984984984985,0.0905071738405071,0.4858483005452234,0.4915441977882737,0.4980106844209205,0.4925750963887684,0.4899351615790806,30music,sasrec,16,2048,512,42
9.125 6.559 5.739 5.34 5.088,13.18 12.501 11.559 11.032 11.894 10.851 12.204 10.7 10.28 11.001 11.571 10.34 10.129 9.814 9.887 8.939 9.982 9.592 9.8 7.763 10.376 9.579 9.006 7.612 7.799 8.565 9.306 8.14 9.061 9.2 8.353 8.086 8.162 8.543 8.851 7.888 8.072 8.456 8.442 6.655 7.599 5.372 8.558 7.097 7.575 7.317 4.983 7.492 6.754 7.039 8.168 7.185 6.651 5.813 5.308 5.613 6.145 6.447 6.77 5.484 6.759 6.683 6.081 7.676 6.655 7.183 6.705 7.832 5.458 7.517 6.783 7.066 7.126 6.519 6.559 7.626 6.343 5.096 8.421 5.682 6.35 6.142 7.285 6.161 8.071 6.143 6.337 5.331 5.911 8.164 6.974 5.4 4.915 6.266 7.64 7.043 6.219 6.682 6.999 5.358 5.375 6.979 6.049 5.447 3.648 5.229 6.272 6.559 4.295 5.021 5.083 4.321 4.976 4.535 5.066 4.606 5.121 5.076 5.621 6.258 5.927 5.767 4.956 5.966 5.188 7.614 5.844 6.12 5.246 6.256 6.581 6.437 4.725 5.523 5.912 6.355 5.404 6.485 7.045 5.483 6.186 5.033 7.655 6.309 6.204 6.153 5.562 6.023 6.104 7.308 6.783 6.286 4.426 6.809 4.968 5.391 4.363 4.241 4.74 3.769 5.419 4.965 3.979 4.719 3.753 5.037 4.889 5.442 5.177 4.617 4.857 3.982 4.941 5.712 6.407 3.844 5.469 6.628 4.283 6.281 4.865 5.224 4.753 3.917 5.779 4.837 5.896 4.287 6.815 6.302 5.773 6.697 6.265 6.404 6.581 5.057 5.302 5.382 4.367 5.881 6.029 5.121 5.015 3.984 5.501 4.974 4.95 5.414 5.304 4.891 3.367 4.706 5.041 4.177 5.04 4.656 4.485 4.473 4.728 4.868 5.089 5.769 6.383 6.011 4.005 5.3 6.551 5.218 4.619 4.695 4.818 5.364 4.473 5.547 4.224 5.14 5.734 5.226 4.535 4.765 4.764 4.66 5.344 5.309 5.447 5.054 5.735 6.564 5.527 3.457 5.785 5.328 6.261 7.452 5.036 6.516 4.88 5.594 3.433 6.313,88.373,0.020617,3.337860107421875e-06,4.601417541503906,0.0047432545546611,0.0184425453054869,0.0489895179930211,0.0259093534315971,0.0126498270221983,0.0145979312645979,0.0511344678011344,0.1064814814814814,0.0659826493159826,0.0362445779112445,0.0145979312645979,0.0240397970722044,0.0260179559641116,0.0250445589281086,0.0220748526304081,0.0145979312645979,0.0240397970722044,0.0260179559641116,0.0250445589281086,0.0220748526304081,0.0145979312645979,0.0303686244007153,0.0414725204195306,0.0340908059758883,0.0255759628035134,0.0145979312645979,0.0051134467801134,0.0010648148148148,0.0032991324657991,0.0072489155822489,0.0145979312645979,0.0511344678011344,0.1064814814814814,0.0659826493159826,0.0362445779112445,0.3798433510121186,0.3921219590511084,0.4174722877486419,0.39790699147531,0.3875823912533846,30music,sasrec,16,32,1024,42
9.299 6.977 6.297 5.964 5.745,13.2 12.608 11.814 11.28 11.971 11.109 12.282 10.801 10.364 11.105 11.706 10.415 10.203 9.9 9.89 8.946 10.031 9.6 9.901 7.862 10.46 9.687 9.167 7.625 7.92 8.712 9.577 8.28 9.288 9.383 8.504 8.221 8.32 8.772 8.979 8.217 8.616 8.631 8.666 6.791 7.941 5.684 8.819 7.486 7.806 7.561 5.16 7.824 7.042 7.211 8.388 7.469 6.951 6.258 5.591 5.942 6.503 6.799 7.082 5.817 7.131 7.064 6.585 8.02 7.035 7.533 7.077 8.368 5.829 7.921 7.22 7.41 7.478 6.884 6.965 7.851 6.76 5.544 8.687 6.106 6.761 6.462 7.758 6.589 8.562 6.798 6.806 5.73 6.335 8.597 7.369 5.834 5.486 6.772 8.055 7.544 6.634 7.05 7.438 5.717 5.894 7.518 6.574 5.949 4.086 5.814 6.927 7.19 4.864 5.674 5.7 4.977 5.551 5.112 5.776 4.97 5.543 5.794 6.174 6.852 6.459 6.306 5.456 6.634 5.719 7.878 6.529 6.601 5.799 6.9 7.215 7.198 5.134 6.033 6.289 6.958 6.188 7.08 7.647 5.939 6.986 5.519 8.303 6.768 6.711 6.72 6.217 6.701 6.555 8.054 7.307 6.785 5.059 7.433 5.496 5.925 5.189 4.853 5.39 4.265 6.041 5.665 4.563 5.277 4.372 5.557 5.645 6.102 5.659 5.172 5.471 4.556 5.702 6.302 7.128 4.326 5.969 6.985 4.919 7.072 5.479 5.918 5.378 4.519 6.383 5.259 6.66 4.933 7.372 6.912 6.658 7.358 6.958 7.202 7.13 5.665 5.995 6.053 4.713 6.529 6.651 5.75 5.591 4.48 6.263 5.504 5.522 6.081 5.928 5.391 3.925 5.368 5.634 4.82 6.05 5.357 5.105 5.346 5.521 5.632 6.029 6.477 7.146 6.701 4.689 5.865 7.438 6.009 5.172 5.29 5.413 6.31 4.905 6.325 4.876 5.827 6.475 6.053 5.103 5.35 5.374 5.495 6.1 5.827 6.149 5.641 6.442 7.077 6.257 4.004 6.702 5.939 6.979 8.156 5.673 7.322 5.377 6.335 3.873 7.09,94.757,0.023043,0.0235872268676757,5.313384532928467,0.0056905276138708,0.0230985359177238,0.0592705882623108,0.0323278460388485,0.0156650258749071,0.0214381047714381,0.0673173173173173,0.123998998998999,0.0838755422088755,0.0513847180513847,0.0214381047714381,0.0342526554332109,0.0363494905357913,0.0353729764122064,0.0321258758758758,0.0214381047714381,0.0342526554332109,0.0363494905357913,0.0353729764122064,0.0321258758758758,0.0214381047714381,0.0420505337614802,0.0535376329382635,0.0462005026732309,0.0368977556199884,0.0214381047714381,0.0067317317317317,0.0012399899899899,0.0041937771104437,0.0102769436102769,0.0214381047714381,0.0673173173173173,0.123998998998999,0.0838755422088755,0.0513847180513847,0.3896339246337744,0.4020145214016689,0.4275704347469209,0.4079666556708783,0.3970450975293127,30music,sasrec,16,64,1024,42
9.45 7.366 6.845 6.6 6.416,13.253 12.678 11.978 11.458 12.017 11.19 12.29 10.829 10.353 11.245 11.774 10.464 10.302 9.954 9.94 9.014 10.174 9.659 10.048 7.859 10.487 9.764 9.291 7.731 8.107 8.921 9.714 8.444 9.361 9.591 8.635 8.32 8.562 9.057 9.023 8.48 9.127 8.854 8.838 6.932 8.234 5.976 9.136 7.682 8.031 7.774 5.326 8.183 7.323 7.507 8.587 7.778 7.268 6.64 5.862 6.205 6.787 7.09 7.348 6.177 7.533 7.374 7.114 8.328 7.312 7.961 7.45 8.854 6.205 8.153 7.685 7.719 7.794 7.221 7.408 8.141 7.111 5.941 8.954 6.582 7.203 6.863 8.205 7.015 8.994 7.372 7.215 6.087 6.77 9.031 7.853 6.077 5.862 7.069 8.377 7.904 7.073 7.376 7.87 6.223 6.346 8.024 7.144 6.576 4.589 6.473 7.532 7.667 5.475 6.271 6.246 5.669 6.155 5.554 6.541 5.451 6.023 6.45 6.636 7.332 6.905 6.813 5.979 7.153 6.261 8.249 7.203 7.19 6.27 7.556 7.788 7.897 5.681 6.651 6.782 7.537 7.045 7.744 8.103 6.532 7.604 6.29 8.906 7.296 7.301 7.24 6.546 7.414 7.006 8.666 7.763 7.432 5.546 8.1 6.207 6.496 5.824 5.53 6.095 4.953 6.762 6.398 5.206 5.949 4.979 6.233 6.416 6.841 6.265 5.896 6.18 5.209 6.469 6.973 7.857 5.082 6.614 7.521 5.486 7.82 6.088 6.633 5.838 5.143 7.052 5.869 7.326 5.487 8.061 7.605 7.454 8.021 7.629 7.935 7.678 6.271 6.594 6.622 5.405 7.17 7.303 6.448 6.244 5.066 6.887 6.051 6.202 6.643 6.5 5.978 4.545 6.013 6.436 5.629 6.791 6.195 5.705 6.288 6.157 6.512 6.886 7.331 7.823 7.49 5.47 6.484 8.196 6.614 6.013 5.868 5.996 6.812 5.548 6.994 5.506 6.33 7.444 6.588 5.837 5.92 6.018 6.268 6.748 6.599 6.874 6.175 7.165 7.526 6.906 4.482 7.387 6.388 7.665 8.634 6.429 7.949 6.052 6.958 4.419 7.54,107.22,0.027833,0.0235872268676757,7.223114490509033,0.0064345675440137,0.0270897130738608,0.066913072483038,0.037896663417233,0.0183070565527757,0.0254838171504838,0.0759509509509509,0.1312979646312979,0.0935101768435101,0.0598932265598932,0.0254838171504838,0.0400524366959552,0.0422268721391633,0.0412773382010711,0.0379101323545768,0.0254838171504838,0.0400524366959552,0.0422268721391633,0.0412773382010711,0.0379101323545768,0.0254838171504838,0.0485562439774067,0.0599718487087022,0.0530042864294842,0.0433642461104502,0.0254838171504838,0.007595095095095,0.0013129796463129,0.0046755088421755,0.0119786453119786,0.0254838171504838,0.0759509509509509,0.1312979646312979,0.0935101768435101,0.0598932265598932,0.3964143639809089,0.4108253849410109,0.4348746018622049,0.416692844260169,0.4056702607569758,30music,sasrec,16,128,1024,42
9.577 7.688 7.266 7.087 6.936,13.277 12.696 12.055 11.545 12.042 11.202 12.274 10.838 10.317 11.398 11.862 10.461 10.387 10.073 9.971 9.073 10.218 9.678 10.171 7.89 10.629 9.897 9.43 7.864 8.317 9.07 9.928 8.547 9.503 9.687 8.735 8.416 8.668 9.231 9.122 8.745 9.596 9.009 8.955 7.051 8.471 6.244 9.268 8.007 8.159 8.021 5.501 8.474 7.546 7.844 8.852 7.998 7.555 6.97 6.095 6.432 7.07 7.37 7.558 6.527 7.812 7.625 7.489 8.579 7.506 8.238 7.732 9.04 6.427 8.394 7.846 8.007 7.989 7.601 7.884 8.353 7.319 6.314 9.189 6.824 7.587 7.274 8.48 7.351 9.352 7.692 7.624 6.375 7.137 9.363 8.242 6.475 6.218 7.416 8.601 8.259 7.406 7.629 8.315 6.55 6.859 8.265 7.509 7.104 4.938 7.02 7.823 7.973 5.981 6.712 6.716 6.23 6.694 5.991 7.094 5.91 6.394 7.025 7.033 7.752 7.201 7.293 6.347 7.581 6.656 8.469 7.719 7.507 6.587 8.09 8.169 8.259 6.158 7.084 7.127 7.829 7.7 8.114 8.582 6.775 8.063 6.627 9.262 7.572 7.724 7.618 6.887 7.928 7.418 9.038 8.075 7.704 6.095 8.5 6.599 6.875 6.361 6.016 6.663 5.515 7.145 6.892 5.715 6.591 5.392 6.701 7.057 7.361 6.689 6.683 6.752 5.797 7.036 7.606 8.462 5.725 7.008 7.927 6.022 8.33 6.607 7.08 6.166 5.729 7.439 6.33 7.978 5.995 8.676 8.104 8.029 8.415 8.093 8.425 8.109 6.746 7.062 7.182 5.876 7.647 7.776 6.82 6.664 5.583 7.211 6.429 6.542 7.095 7.068 6.391 5.096 6.572 7.026 6.207 7.614 6.743 6.178 7.072 6.762 7.135 7.63 7.989 8.301 7.975 5.936 6.986 8.634 7.267 6.553 6.367 6.526 7.234 5.975 7.59 6.197 6.818 8.105 7.114 6.373 6.352 6.544 6.862 7.24 7.033 7.473 6.588 7.592 7.995 7.354 5.049 8.007 6.853 8.095 8.989 7.023 8.297 6.461 7.33 4.803 8.004,129.75,0.036447,0.0235872268676757,11.534810543060305,0.0074622152870352,0.0317124056028043,0.0755889454956304,0.0439305057519568,0.0216024185890568,0.0298631965298631,0.084084084084084,0.1373873873873874,0.1016016016016016,0.066358024691358,0.0298631965298631,0.0459643009411527,0.0481071017465259,0.0471859382468472,0.0435630074518963,0.0298631965298631,0.0459643009411527,0.0481071017465259,0.0471859382468472,0.0435630074518963,0.0298631965298631,0.0550165084370378,0.0660930729114541,0.0594529547014633,0.0492482683310972,0.0298631965298631,0.0084084084084084,0.0013738738738738,0.00508008008008,0.0132716049382716,0.0298631965298631,0.084084084084084,0.1373873873873874,0.1016016016016016,0.066358024691358,0.4036979005019422,0.4189017475701366,0.4410181088811422,0.4244872458870798,0.4141665864452251,30music,sasrec,16,256,1024,42
9.677 7.938 7.605 7.48 7.372 7.321 7.252,13.305 12.709 12.101 11.587 12.052 11.277 12.265 10.824 10.285 11.544 11.933 10.494 10.401 10.166 9.989 9.095 10.307 9.7 10.246 7.93 10.766 9.979 9.547 7.979 8.479 9.134 10.004 8.637 9.58 9.753 8.891 8.476 8.845 9.332 9.213 8.941 9.949 9.191 9.115 7.148 8.706 6.445 9.381 8.226 8.323 8.088 5.688 8.73 7.776 7.937 8.969 8.235 7.779 7.139 6.247 6.632 7.293 7.618 7.696 6.762 7.965 7.792 7.726 8.78 7.721 8.401 7.978 9.23 6.7 8.494 8.154 8.151 8.177 7.871 8.257 8.528 7.602 6.578 9.435 7.082 7.967 7.403 8.87 7.592 9.644 7.881 7.886 6.707 7.362 9.571 8.48 6.633 6.546 7.648 8.808 8.533 7.66 7.832 8.54 6.781 7.097 8.515 7.885 7.57 5.361 7.24 8.223 8.24 6.525 7.091 7.079 6.697 7.067 6.261 7.557 6.215 6.759 7.451 7.4 8.027 7.468 7.571 6.657 7.863 6.965 8.708 8.088 7.852 6.933 8.397 8.466 8.487 6.417 7.447 7.465 8.203 8.297 8.463 8.937 7.149 8.343 7.001 9.508 7.842 8.001 8.028 7.16 8.287 7.7 9.385 8.354 8.02 6.372 8.871 6.953 7.104 6.779 6.43 7.16 6.119 7.652 7.301 6.128 7.006 5.839 6.977 7.557 7.816 7.03 6.91 7.287 6.154 7.498 7.985 8.89 6.282 7.298 8.244 6.459 8.713 7.112 7.489 6.406 6.227 7.813 6.691 8.303 6.496 8.935 8.434 8.403 8.761 8.43 8.752 8.433 7.077 7.524 7.45 6.415 8.022 8.319 7.166 7.095 6.208 7.564 6.802 7.009 7.414 7.498 6.774 5.5 7.011 7.474 6.756 8.176 7.236 6.592 7.454 7.256 7.757 8.12 8.464 8.765 8.315 6.367 7.47 9.131 7.75 7.02 6.685 6.863 7.595 6.359 8.027 6.643 7.199 8.563 7.571 6.791 6.761 6.977 7.245 7.657 7.435 7.971 7.029 7.989 8.247 7.636 5.357 8.501 7.182 8.541 9.246 7.554 8.676 6.807 7.852 5.28 8.347 6.59 4.711 6.159 5.453 6.757 5.667 5.482 6.81 6.893 8.746 7.228 6.986 8.193 7.423 8.107 7.982 7.899 6.33 9.274 9.255 7.626 6.401 8.442 7.878 6.844 7.856 8.796 7.601 8.421 8.206 7.891 7.27 7.181 7.696 6.147 7.807 8.616 7.133 7.302 8.363 8.154 7.132 8.788 8.329 7.885 6.218 7.756 7.357 9.549 8.856 7.977 6.998 6.104 4.897 6.001 6.467 6.044 8.132 6.323 6.846 8.116 6.451 7.774 5.783 7.541 7.036 8.071 7.694 6.33 6.768 7.744 6.768 7.187 5.981 7.319 9.031 7.268 8.466 7.763 8.899 8.322 7.153 7.847 8.783 7.357 7.543 9.104 8.17 8.354 6.611 7.78 7.677 6.179 7.596 7.242 6.652 6.73 7.711 7.849 7.269 7.753 9.583 7.867 7.184,179.44,0.055429,0.0235872268676757,20.317333698272705,0.0111537096935313,0.0493925396218485,0.129051888747659,0.0704495585707544,0.0327767960584255,0.034034034034034,0.1031031031031031,0.1636219552886219,0.1236236236236236,0.0813313313313313,0.034034034034034,0.0542950523274597,0.0567531401041096,0.0557331737727836,0.0513840229118006,0.034034034034034,0.0542950523274597,0.0567531401041096,0.0557331737727836,0.0513840229118006,0.034034034034034,0.065882303985964,0.0784965725458069,0.0710887792393729,0.0588369781194318,0.034034034034034,0.0103103103103103,0.0016362195528862,0.0061811811811811,0.0162662662662662,0.034034034034034,0.1031031031031031,0.1636219552886219,0.1236236236236236,0.0813313313313313,0.45721022109623,0.4720685585449908,0.4897205302361154,0.4768539015677092,0.4668757453050143,30music,sasrec,16,512,1024,42
9.789 8.154 7.843 7.738 7.677 7.656 7.618,13.303 12.724 12.178 11.687 12.127 11.342 12.318 10.926 10.389 11.668 11.967 10.548 10.493 10.278 10.081 9.263 10.447 9.784 10.345 7.999 10.9 10.09 9.663 8.1 8.626 9.264 10.085 8.777 9.712 9.89 8.98 8.531 9.054 9.483 9.334 9.04 10.122 9.303 9.17 7.36 8.833 6.622 9.539 8.446 8.445 8.242 5.852 8.825 7.948 8.122 9.112 8.408 7.926 7.344 6.421 6.807 7.487 7.815 7.859 7.006 8.151 7.969 8.117 8.995 7.806 8.637 8.258 9.471 6.935 8.709 8.384 8.322 8.402 8.132 8.505 8.706 7.746 6.859 9.498 7.317 8.205 7.721 9.098 7.862 9.773 8.174 8.146 6.961 7.63 9.783 8.731 6.954 6.768 7.867 8.972 8.803 7.859 7.998 8.726 7.028 7.396 8.695 8.188 7.958 5.623 7.591 8.514 8.424 6.833 7.449 7.343 6.965 7.444 6.567 7.91 6.438 7.054 7.676 7.566 8.213 7.631 7.758 6.787 8.041 7.168 8.853 8.419 8.121 7.089 8.634 8.685 8.665 6.655 7.652 7.553 8.458 8.797 8.59 9.096 7.366 8.602 7.15 9.62 7.946 8.208 8.283 7.398 8.456 7.921 9.531 8.426 8.156 6.745 9.121 7.158 7.363 7.136 6.652 7.633 6.314 7.959 7.563 6.43 7.379 6.177 7.296 7.823 8.097 7.2 7.135 7.57 6.295 7.716 8.206 9.06 6.487 7.529 8.429 6.729 9.014 7.36 7.789 6.555 6.525 7.96 6.836 8.672 6.657 9.157 8.661 8.646 9.129 8.668 9.036 8.693 7.31 7.769 7.665 6.63 8.372 8.75 7.372 7.44 6.714 7.696 7.066 7.278 7.663 7.693 7.137 5.829 7.2 7.828 7.084 8.644 7.529 6.852 7.875 7.618 8.212 8.39 8.768 8.998 8.503 6.711 7.726 9.227 8.206 7.472 7.041 7.182 7.915 6.702 8.328 7.044 7.455 9.0 7.829 7.253 7.077 7.237 7.588 7.92 7.718 8.298 7.23 8.32 8.563 7.932 5.868 8.849 7.453 8.975 9.383 7.995 8.922 7.15 8.241 5.569 8.676 6.787 5.131 6.388 5.779 7.245 6.078 5.777 7.155 7.296 8.998 7.545 7.301 8.537 7.783 8.575 8.262 8.311 6.594 9.626 9.595 8.004 6.711 8.781 8.363 7.122 8.087 9.036 7.934 8.542 8.584 8.204 7.7 7.444 8.019 6.502 8.08 9.024 7.5 7.583 8.711 8.423 7.373 8.983 8.614 8.266 6.577 8.167 7.618 9.741 9.091 8.308 7.279 6.463 5.308 6.448 6.943 6.393 8.543 6.827 7.257 8.412 6.866 8.099 6.195 7.937 7.448 8.492 8.117 6.685 7.133 8.156 7.24 7.626 6.294 7.778 9.223 7.714 8.84 8.073 9.285 8.691 7.595 8.054 9.153 7.524 7.89 9.449 8.505 8.607 6.966 8.065 8.057 6.516 7.971 7.52 7.038 7.122 8.072 8.2 7.53 8.117 9.933 8.414 7.478,284.29,0.095806,0.0235872268676757,37.717079639434814,0.0129885489039763,0.057091286121244,0.1401803378262781,0.0796708312234978,0.0384213952815467,0.0435852519185852,0.1131965298631965,0.1661244577911244,0.1310894227560894,0.0921755088421755,0.0435852519185852,0.0641254018568833,0.0662819564091275,0.0653792286836805,0.0612855911467022,0.0435852519185852,0.0641254018568833,0.0662819564091275,0.0653792286836805,0.0612855911467022,0.0435852519185852,0.0758016096789844,0.0868463457403321,0.080340410619561,0.0689691269011911,0.0435852519185852,0.0113196529863196,0.0016612445779112,0.0065544711378044,0.0184351017684351,0.0435852519185852,0.1131965298631965,0.1661244577911244,0.1310894227560894,0.0921755088421755,0.4808822751672255,0.4906772557113295,0.5015385239802127,0.4935486599165678,0.4872920054952838,30music,sasrec,16,1024,1024,42
9.831 8.254 7.964 7.845 7.781 7.769 7.735 7.702,13.33 12.729 12.178 11.697 12.157 11.364 12.301 10.903 10.399 11.665 11.995 10.597 10.507 10.311 10.083 9.246 10.431 9.818 10.375 8.033 10.956 10.143 9.73 8.125 8.682 9.259 10.132 8.786 9.726 9.963 9.058 8.542 9.151 9.504 9.396 9.164 10.231 9.344 9.221 7.521 8.968 6.685 9.597 8.576 8.49 8.303 5.935 8.894 8.039 8.19 9.217 8.462 8.034 7.431 6.469 6.893 7.567 7.921 7.936 7.136 8.244 8.029 8.277 9.134 7.896 8.661 8.336 9.517 7.057 8.788 8.455 8.422 8.421 8.2 8.634 8.788 7.84 7.049 9.546 7.421 8.365 7.853 9.114 8.023 9.895 8.133 8.263 7.039 7.704 9.906 8.785 6.938 6.872 7.963 9.086 8.906 7.981 8.126 8.862 7.038 7.555 8.782 8.369 8.171 5.806 7.727 8.654 8.556 6.973 7.593 7.452 7.113 7.601 6.7 8.1 6.548 7.064 7.828 7.645 8.251 7.717 7.981 6.873 8.086 7.201 8.972 8.575 8.16 7.15 8.776 8.825 8.72 6.811 7.748 7.739 8.531 8.913 8.657 9.232 7.491 8.791 7.341 9.74 8.079 8.318 8.397 7.458 8.484 7.993 9.654 8.507 8.381 6.963 9.148 7.333 7.492 7.271 6.784 7.716 6.467 8.099 7.722 6.525 7.593 6.314 7.38 8.007 8.223 7.365 7.269 7.746 6.471 7.756 8.248 9.125 6.728 7.608 8.552 6.813 9.037 7.468 7.897 6.658 6.645 8.065 6.971 8.652 6.827 9.13 8.769 8.777 9.139 8.644 9.133 8.713 7.514 7.872 7.712 6.764 8.572 8.754 7.469 7.611 7.025 7.802 7.153 7.415 7.742 7.863 7.21 5.919 7.279 7.944 7.226 8.727 7.69 6.914 8.01 7.804 8.406 8.527 8.928 9.01 8.628 6.84 7.822 9.301 8.344 7.632 7.042 7.251 7.981 6.775 8.424 7.14 7.557 9.072 7.86 7.369 7.209 7.278 7.666 8.025 7.758 8.488 7.391 8.363 8.621 8.067 5.992 8.906 7.526 8.951 9.432 8.145 8.995 7.22 8.391 5.686 8.703 6.879 5.279 6.63 5.863 7.415 6.257 5.913 7.392 7.432 9.219 7.697 7.35 8.752 8.009 8.632 8.375 8.421 6.783 9.674 9.696 8.177 6.78 8.805 8.467 7.241 8.253 9.095 8.001 8.618 8.72 8.387 7.75 7.498 8.141 6.618 8.164 9.088 7.654 7.697 8.815 8.497 7.556 8.984 8.691 8.384 6.619 8.253 7.791 9.773 9.12 8.468 7.335 6.69 5.437 6.549 7.044 6.634 8.739 6.986 7.48 8.606 7.006 8.243 6.386 8.05 7.6 8.566 8.192 6.888 7.344 8.237 7.444 7.667 6.384 7.842 9.245 7.756 8.94 8.244 9.386 8.686 7.57 8.176 9.231 7.652 8.004 9.411 8.512 8.557 7.104 8.104 8.123 6.615 7.983 7.62 7.272 7.278 8.193 8.242 7.693 8.145 10.037 8.579 7.701 6.591 6.361 7.226 8.935 7.893 8.451 8.215 6.196 7.408 7.42 7.813 8.273 7.282 8.627 8.537 7.608 8.665 6.545 9.21 7.3 6.619 8.326 7.087 7.705 6.469 6.913 7.142 7.626 7.1 9.78 7.81 6.996 9.005 7.574 7.984 8.396 8.897 7.128 8.322 8.431 9.021 8.887 7.603 8.049 7.431 6.267 8.08 8.785 6.87 7.896 9.151 8.907,417.23,0.14701,3.337860107421875e-06,54.462143898010254,0.0139989735004667,0.0609263067488325,0.1509379151495945,0.0850180441165157,0.0413148838987692,0.0438355021688355,0.1159909909909909,0.1676259592926259,0.1333416750083416,0.095095095095095,0.0438355021688355,0.0654435189157411,0.0675232708789862,0.0666459775091239,0.0626320765209654,0.0438355021688355,0.0654435189157411,0.0675232708789862,0.0666459775091239,0.0626320765209654,0.0438355021688355,0.0774910035550103,0.0882334543121333,0.0818751460628923,0.0707114297151819,0.0438355021688355,0.0115990990990991,0.0016762595929262,0.006667083750417,0.019019019019019,0.0438355021688355,0.1159909909909909,0.1676259592926259,0.1333416750083416,0.095095095095095,0.4910685058307074,0.4984425175719185,0.507250204867258,0.5003607092090634,0.4963976149725311,30music,sasrec,16,1512,1024,42
11.709 9.356 7.52 6.292 5.555 5.181 5.008,13.523 13.123 13.392 12.453 11.926 11.82 12.7 11.698 11.527 12.3 11.6 11.749 11.757 11.877 10.91 10.188 11.203 11.482 11.503 10.445 11.278 11.141 10.796 11.315 9.166 11.04 8.517 8.907 9.565 8.8 9.429 9.633 8.257 9.864 9.778 9.255 9.48 9.092 9.37 8.477 9.549 8.293 10.337 9.605 10.335 9.539 8.392 9.448 10.16 9.029 7.739 8.849 7.486 6.265 6.557 6.316 7.025 6.717 7.543 7.912 7.778 7.847 8.574 7.612 7.804 7.715 7.323 6.848 8.661 8.212 7.308 8.015 8.85 8.175 7.053 7.75 8.293 8.247 4.373 4.405 5.228 5.168 6.011 5.583 5.308 7.154 5.709 5.646 6.39 6.218 5.999 7.014 6.089 6.353 6.144 6.672 6.758 6.954 7.041 6.427 7.133 7.852 8.281 7.495 4.506 3.844 3.831 3.807 4.959 4.521 4.0 5.025 4.755 5.319 5.732 4.45 5.955 6.438 5.026 6.722 7.301 6.012 6.739 7.143 6.568 7.127 7.578 6.282 7.016 6.756 3.213 3.659 3.028 3.46 3.56 3.671 3.998 4.211 4.482 4.68 6.3 5.762 6.303 4.813 5.478 6.14 5.523 6.225 4.886 6.664 5.645 7.672 6.401 6.519 5.975 6.5 3.524 2.611 3.434 3.531 3.229 3.513 3.865 5.014 4.728 5.19 5.683 4.705 6.036 5.135 5.752 6.004 5.914 5.577 6.044 7.821 6.386 5.957 5.808 6.085 5.904 6.389,38.758,0.016166,3.337860107421875e-06,4.321601867675781,0.0059936549928179,0.0184505827738681,0.0423436798515594,0.024057291074621,0.013680919394526,0.0174758091424758,0.0480063396730063,0.0823323323323323,0.0574741408074741,0.0383299966633299,0.0174758091424758,0.0265949646736683,0.0278430882081493,0.0272484669740575,0.0253107273940607,0.0174758091424758,0.0265949646736683,0.0278430882081493,0.0272484669740575,0.0253107273940607,0.0174758091424758,0.0316820667107226,0.0385956631735069,0.0340716965041839,0.0285594662632713,0.0174758091424758,0.0048006339673006,0.0008233233233233,0.0028737070403737,0.0076659993326659,0.0174758091424758,0.0480063396730063,0.0823323323323323,0.0574741408074741,0.0383299966633299,0.3908511540237435,0.3984539154320731,0.4239315292835911,0.4040291030855684,0.3945614664416306,30music,sasrec,32,32,32,42
11.804 9.44 7.702 6.478 5.747 5.437,13.473 13.087 13.29 12.518 12.081 11.956 12.713 11.97 11.78 12.364 11.961 11.844 11.803 12.076 11.115 10.357 11.605 11.548 11.611 10.799 11.411 11.051 10.878 11.564 9.202 11.131 8.635 8.907 9.814 8.715 9.446 9.493 8.369 9.965 9.902 9.401 9.67 9.051 9.605 8.784 9.722 8.459 10.457 9.655 10.462 9.453 8.654 9.752 10.308 9.184 7.782 9.167 7.499 6.181 6.535 6.384 7.202 6.904 7.861 8.008 7.792 8.051 8.696 7.811 7.98 7.824 7.491 6.909 8.857 8.592 7.479 8.364 8.986 8.558 7.199 7.989 8.692 8.567 4.457 4.619 5.34 5.435 6.146 5.738 5.645 7.441 5.967 5.873 6.76 6.483 6.392 7.184 6.394 6.589 6.455 6.906 6.92 7.282 7.405 6.506 7.349 8.045 8.456 7.651 4.493 4.063 3.988 3.846 4.987 4.538 4.295 5.076 4.95 5.575 5.711 4.718 6.142 6.515 5.219 6.92 7.598 6.316 6.813 7.237 6.909 7.494 7.907 6.37 7.15 6.944 3.433 3.887 3.223 3.703 3.785 3.846 4.323 4.499 4.512 4.724 6.406 5.94 6.687 5.105 5.596 6.271 5.969 6.14 5.185 7.01 5.751 8.049 6.876 6.952 5.957 6.877,40.261,0.01642,0.0228729248046875,4.344471454620361,0.0058053485907447,0.0171887002380238,0.0381951979571051,0.0219422886806036,0.0130528486510257,0.0203536870203536,0.0501751751751751,0.0811227894561227,0.0588505171838505,0.0396646646646646,0.0203536870203536,0.0291224094464835,0.0302720571164809,0.0297337390850892,0.0277159103547992,0.0203536870203536,0.0291224094464835,0.0302720571164809,0.0297337390850892,0.0277159103547992,0.0203536870203536,0.0341046282950133,0.0403753630178293,0.0363095359838665,0.0307018662099838,0.0203536870203536,0.0050175175175175,0.0008112278945612,0.0029425258591925,0.0079329329329329,0.0203536870203536,0.0501751751751751,0.0811227894561227,0.0588505171838505,0.0396646646646646,0.3790992840991353,0.3888086896408852,0.4142018992311722,0.3942448185078563,0.3847608579197592,30music,sasrec,32,64,32,42
11.869 9.619 8.088 6.996 6.409 6.059 5.818,13.438 13.057 13.241 12.601 12.186 12.014 12.701 12.138 11.902 12.32 12.073 12.055 11.972 12.024 11.231 10.582 11.548 11.571 11.621 10.838 11.458 11.076 10.931 11.476 9.28 11.261 8.73 9.004 9.977 8.911 9.533 9.611 8.456 10.229 10.053 9.619 9.846 9.225 9.899 8.996 9.974 8.588 10.634 9.855 10.623 9.639 8.938 9.866 10.438 9.349 8.058 9.354 7.71 6.575 6.83 6.714 7.314 7.331 8.29 8.363 8.405 8.543 9.092 8.251 8.537 8.331 7.816 7.483 9.311 9.011 7.994 8.809 9.472 8.896 7.547 8.219 8.963 8.952 4.959 5.003 5.662 5.771 6.564 6.391 5.875 7.971 6.542 6.237 7.489 6.954 7.001 7.702 6.634 7.157 6.879 7.476 7.388 7.802 7.828 6.887 7.89 8.525 8.796 8.066 5.205 4.638 4.426 4.533 5.621 5.095 4.953 5.764 5.64 6.313 6.434 5.301 6.788 7.246 5.771 7.699 8.428 6.795 7.616 7.964 7.394 8.388 8.523 7.059 7.882 7.606 4.005 4.267 3.712 4.226 4.356 4.458 4.969 5.202 5.208 5.526 7.375 6.542 7.266 5.914 6.168 6.776 6.493 6.944 5.72 7.645 6.652 8.429 7.119 7.567 6.705 7.516 4.056 3.515 4.411 4.107 4.061 4.485 4.88 5.995 5.471 6.048 6.794 5.478 6.948 5.971 6.425 6.618 6.642 6.425 6.865 8.461 7.028 6.544 6.425 6.735 6.852 7.116,40.478,0.016788,0.0228729248046875,4.344471454620361,0.0064403085928574,0.0201510814413706,0.0454736996811421,0.0260735474285268,0.0150335105021006,0.0238571905238571,0.0611444778111444,0.0969719719719719,0.0723223223223223,0.0502168835502168,0.0238571905238571,0.034871180704514,0.0362747609151019,0.0356692366266956,0.0334306528750973,0.0238571905238571,0.034871180704514,0.0362747609151019,0.0356692366266956,0.0334306528750973,0.0238571905238571,0.04111772346581,0.0484908326241428,0.0439709596733015,0.0376016041289466,0.0238571905238571,0.0061144477811144,0.0009697197197197,0.0036161161161161,0.0100433767100433,0.0238571905238571,0.0611444778111444,0.0969719719719719,0.0723223223223223,0.0502168835502168,0.3908212774646689,0.4012785196932064,0.4296799003675964,0.4071685614778803,0.3970401711340714,30music,sasrec,32,128,32,42
11.906 9.808 8.496 7.65 7.176 6.884 6.651 6.376,13.353 13.073 13.252 12.644 12.189 12.134 12.763 12.166 12.06 12.347 12.15 12.163 11.957 12.163 11.313 10.64 11.599 11.491 11.686 10.996 11.533 11.079 10.967 11.623 9.367 11.363 8.849 8.993 10.081 9.049 9.654 9.749 8.565 10.308 10.188 9.941 10.075 9.282 10.04 9.281 10.372 8.761 10.716 10.053 10.865 9.751 9.141 10.016 10.771 9.506 8.456 9.532 8.139 6.833 7.333 7.066 7.7 7.626 8.712 8.744 8.719 9.02 9.669 8.644 8.785 8.65 8.295 7.895 9.665 9.29 8.413 9.202 9.918 9.441 8.116 8.815 9.399 9.399 5.392 5.62 6.275 6.364 7.334 7.171 6.573 8.737 7.244 6.979 8.164 7.924 7.495 8.58 7.353 7.98 7.423 8.202 8.102 8.454 8.514 7.482 8.471 9.32 9.466 8.862 5.994 5.517 5.155 5.233 6.563 5.917 5.458 6.577 6.546 7.196 7.209 6.031 7.644 8.243 6.58 8.397 9.083 7.511 8.517 8.657 8.379 9.091 9.078 7.727 8.459 8.156 4.678 4.905 4.545 5.008 5.194 5.177 5.948 6.158 5.867 6.561 8.293 7.424 8.253 6.803 7.078 7.435 7.466 7.675 6.562 8.416 7.526 9.4 7.889 8.377 7.344 8.382 4.982 4.271 5.267 4.737 4.68 5.463 5.793 7.04 6.291 6.848 7.606 6.473 7.543 6.981 7.304 7.729 7.589 7.216 7.784 9.324 7.872 7.334 7.218 7.621 7.733 8.002 4.715 4.223 4.049 4.315 5.308 6.145 4.928 5.062 6.876 4.94 6.906 6.39 7.592 8.622 6.246 6.516 7.262 7.744 7.125 6.824 7.708 7.281 7.422 6.983 7.623 6.7,42.805,0.018094,0.0228729248046875,4.344471454620361,0.0061521079409039,0.0204989890012986,0.0439477288984879,0.0265879454049219,0.0149370608815265,0.0221054387721054,0.0629796463129796,0.100392058725392,0.075075075075075,0.0513847180513847,0.0221054387721054,0.0344239907897315,0.0359048033782898,0.0352738103886553,0.0328766266266266,0.0221054387721054,0.0344239907897315,0.0359048033782898,0.0352738103886553,0.0328766266266266,0.0221054387721054,0.041231703157846,0.04896091977726,0.0443024938255112,0.037482537401131,0.0221054387721054,0.0062979646312979,0.0010039205872539,0.0037537537537537,0.0102769436102769,0.0221054387721054,0.0629796463129796,0.100392058725392,0.075075075075075,0.0513847180513847,0.3854048589033236,0.3993250444742835,0.4300852199240949,0.4060868687358552,0.3937096844739089,30music,sasrec,32,256,32,42
11.948 10.003 8.931 8.32 7.967 7.742,13.326 13.076 13.246 12.649 12.291 12.193 12.806 12.208 12.07 12.328 12.212 12.167 11.939 12.162 11.361 10.609 11.667 11.512 11.689 10.988 11.562 11.247 11.094 11.641 9.483 11.473 8.903 9.129 10.208 9.232 9.754 9.898 8.736 10.566 10.544 10.083 10.308 9.541 10.167 9.534 10.463 9.026 10.85 10.262 11.093 9.913 9.344 10.392 10.918 9.759 8.548 9.804 8.489 7.221 7.635 7.502 8.108 8.058 9.228 9.066 9.083 9.603 10.043 9.083 9.388 9.17 8.711 8.507 10.115 9.595 8.895 9.627 10.276 9.986 8.589 9.253 9.827 9.795 5.986 6.186 6.886 6.981 7.942 7.866 7.237 9.527 7.94 7.452 8.768 8.747 8.409 9.143 8.076 8.761 8.335 8.85 8.934 9.316 9.036 8.238 9.069 9.947 10.012 9.509 6.802 6.141 5.917 6.105 7.183 6.923 6.341 7.357 7.428 7.946 7.832 6.825 8.634 9.09 7.271 9.02 9.695 8.219 9.3 9.454 9.124 9.805 9.678 8.342 9.069 8.844 5.299 5.819 5.357 5.755 6.09 6.043 7.002 6.947 7.076 7.525 9.144 8.412 9.073 7.749 8.082 8.198 8.165 8.414 7.545 9.146 8.343 10.05 8.451 9.272 7.878 9.06,47.799,0.021845,0.0228729248046875,4.570456981658936,0.0063599339090457,0.0185286610381423,0.0357380290520035,0.022842485139295,0.0143480292701634,0.0285285285285285,0.0623957290623957,0.0923423423423423,0.0719469469469469,0.0530113446780113,0.0285285285285285,0.0389615806282472,0.040133711908083,0.0396343347434822,0.0377120175731286,0.0285285285285285,0.0389615806282472,0.040133711908083,0.0396343347434822,0.0377120175731286,0.0285285285285285,0.0445623523781366,0.0507237184418342,0.046988966267357,0.041531068029594,0.0285285285285285,0.0062395729062395,0.0009234234234234,0.0035973473473473,0.0106022689356022,0.0285285285285285,0.0623957290623957,0.0923423423423423,0.0719469469469469,0.0530113446780113,0.3874955840852756,0.3996285220987254,0.4266373988124184,0.4053097475050748,0.3950402758463794,30music,sasrec,32,512,32,42
11.977 10.171 9.28 8.776 8.513 8.395 8.29 8.197 8.089 7.938 7.781 7.65,13.338 13.09 13.281 12.663 12.32 12.192 12.83 12.222 12.074 12.332 12.209 12.193 11.998 12.131 11.334 10.727 11.75 11.439 11.79 11.075 11.514 11.27 11.257 11.688 9.53 11.49 9.131 9.199 10.313 9.39 9.984 10.094 8.901 10.645 10.718 10.272 10.45 9.74 10.511 9.721 10.762 9.223 11.017 10.516 11.038 10.085 9.57 10.475 11.144 9.958 8.865 10.038 8.84 7.52 7.99 7.881 8.312 8.38 9.835 9.479 9.46 9.963 10.34 9.548 9.844 9.56 9.119 8.959 10.443 10.007 9.019 9.875 10.57 10.21 9.106 9.596 10.18 10.219 6.36 6.821 7.423 7.47 8.412 8.403 7.801 10.046 8.516 8.188 9.355 9.231 8.938 9.542 8.605 9.253 8.728 9.345 9.355 9.717 9.406 8.63 9.433 10.287 10.36 10.087 7.373 6.475 6.457 6.439 7.514 7.388 6.844 7.985 8.182 8.682 8.334 7.369 9.191 9.461 7.754 9.564 10.252 8.895 9.94 10.154 9.762 10.376 10.131 9.0 9.576 9.33 5.893 6.356 5.939 6.645 6.839 6.736 7.702 7.758 7.607 8.133 9.849 9.226 9.5 8.291 8.896 8.764 8.952 9.022 8.44 9.698 8.983 10.488 9.151 9.839 8.47 9.645 6.566 6.068 7.115 6.022 6.086 7.073 7.506 9.015 7.772 8.637 9.425 8.51 9.068 8.879 8.929 9.133 9.054 8.674 9.721 10.866 9.438 8.904 8.743 9.169 9.2 9.32 6.48 5.868 5.735 6.061 7.179 8.331 6.64 6.696 9.017 6.847 9.193 8.156 9.816 10.411 7.958 8.654 9.231 9.66 8.995 8.348 9.333 8.842 9.229 9.016 9.778 8.661 6.109 6.223 6.538 7.081 7.688 7.696 6.717 6.638 7.312 8.097 7.429 8.18 8.077 8.612 8.745 7.728 8.879 9.522 8.698 9.445 8.913 9.875 8.067 9.713 8.374 7.815 5.67 7.394 6.887 6.454 7.057 6.868 7.329 7.243 7.145 8.147 7.821 7.819 8.617 8.065 7.864 7.95 8.597 8.19 8.612 7.877 9.98 8.166 8.209 10.417 9.674 8.784 6.312 6.301 5.944 7.631 5.849 6.307 7.546 7.428 7.876 8.682 8.091 6.898 6.941 8.532 8.829 9.259 8.253 8.263 9.133 7.747 8.482 8.471 9.724 9.819 10.074 9.371 6.031 5.977 6.681 5.32 5.68 8.706 6.212 7.486 8.361 6.67 7.994 6.984 7.483 7.275 8.189 7.742 8.15 8.606 8.789 7.319 8.797 9.16 9.841 9.236 8.107 8.998,57.451,0.02966,0.0228729248046875,5.64573335647583,0.0076011486690526,0.0255580012423629,0.0539635627111988,0.0328112423514876,0.018829491997552,0.0251501501501501,0.0672339005672339,0.0998498498498498,0.077077077077077,0.054346012679346,0.0251501501501501,0.037889940204755,0.0391014099234096,0.0385604971149203,0.0361305750194639,0.0251501501501501,0.037889940204755,0.0391014099234096,0.0385604971149203,0.0361305750194639,0.0251501501501501,0.0448825998039572,0.0514924123544149,0.0473556472890295,0.040675371602672,0.0251501501501501,0.0067233900567233,0.0009984984984984,0.0038538538538538,0.0108692025358692,0.0251501501501501,0.0672339005672339,0.0998498498498498,0.077077077077077,0.054346012679346,0.4035417647146423,0.4258223953239407,0.4619748159081489,0.434553335196904,0.4182613744418738,30music,sasrec,32,1024,32,42
11.998 10.246 9.445 9.009 8.789 8.679 8.567 8.518 8.444 8.348 8.25 8.14,13.336 13.097 13.278 12.644 12.337 12.221 12.876 12.264 12.08 12.296 12.244 12.209 11.982 12.168 11.388 10.747 11.794 11.479 11.788 11.054 11.585 11.287 11.169 11.653 9.582 11.618 9.16 9.286 10.398 9.494 9.963 10.085 9.03 10.703 10.745 10.273 10.562 9.914 10.584 9.855 10.759 9.352 11.093 10.553 11.208 10.229 9.654 10.628 11.216 9.986 8.949 10.083 8.948 7.629 8.126 8.127 8.539 8.589 9.918 9.527 9.701 10.112 10.534 9.725 9.955 9.792 9.308 9.208 10.573 10.106 9.249 10.151 10.668 10.448 9.267 9.778 10.357 10.336 6.819 6.939 7.792 7.883 8.662 8.748 8.049 10.235 8.8 8.277 9.576 9.479 9.141 9.582 8.789 9.456 9.033 9.686 9.645 10.094 9.457 8.866 9.565 10.41 10.417 10.176 7.527 6.747 6.586 6.668 7.772 7.686 7.231 8.582 8.653 8.892 8.742 7.629 9.656 9.798 7.978 9.76 10.47 9.416 10.084 10.289 9.944 10.702 10.335 9.156 9.84 9.531 6.051 6.638 6.357 6.758 7.198 7.09 8.114 7.898 8.082 8.429 10.127 9.32 9.774 8.639 9.082 9.026 9.169 9.217 8.705 9.958 9.322 10.775 9.504 10.071 8.801 9.82 6.933 6.362 7.348 6.328 6.412 7.36 8.019 9.139 7.949 8.824 9.827 8.796 9.116 9.217 9.253 9.438 9.247 9.057 9.922 11.097 9.702 9.259 9.064 9.282 9.567 9.734 6.643 5.99 6.006 6.313 7.444 8.565 6.975 7.006 9.304 7.205 9.563 8.401 10.207 10.601 8.396 8.989 9.598 10.044 9.215 8.643 9.764 9.176 9.498 9.133 10.003 8.722 6.397 6.692 6.756 7.159 8.197 8.2 7.306 6.991 7.692 8.487 7.734 8.691 8.462 9.095 9.071 8.11 9.397 9.879 9.083 9.893 9.137 10.117 8.296 9.845 8.612 8.27 5.938 7.66 7.033 6.848 7.248 7.186 7.636 7.823 7.699 8.432 8.253 8.244 9.032 8.501 8.402 8.507 9.213 8.591 9.267 8.208 10.186 8.443 8.81 10.348 9.895 9.102 6.797 6.737 6.464 7.942 6.498 6.651 8.004 8.051 8.193 9.048 8.46 7.45 7.381 9.191 9.053 9.618 8.867 8.866 9.667 7.975 8.873 9.397 10.188 10.224 10.206 9.915 6.532 6.271 7.413 5.849 6.033 9.299 6.67 8.071 8.643 7.201 8.618 7.478 8.063 7.847 8.777 8.324 8.765 8.913 9.385 7.772 9.457 9.444 10.585 9.696 8.514 9.629,61.403,0.032663,0.0228729248046875,7.081127643585205,0.0086081286362368,0.0270564149905674,0.0564861795731185,0.0343165453583046,0.0203485735215938,0.0273606940273606,0.0688605271938605,0.1013513513513513,0.0796212879546212,0.0580163496830163,0.0273606940273606,0.0400040417401528,0.0412916867696488,0.0407607230210357,0.0385524413302191,0.0273606940273606,0.0400040417401528,0.0412916867696488,0.0407607230210357,0.0385524413302191,0.0273606940273606,0.0469045956537102,0.0536161473528783,0.049638195044817,0.0433938539263448,0.0273606940273606,0.006886052719386,0.0010135135135135,0.003981064397731,0.0116032699366032,0.0273606940273606,0.0688605271938605,0.1013513513513513,0.0796212879546212,0.0580163496830163,0.426970562974773,0.441502570318881,0.4714175476627387,0.4479589482370271,0.4364647602867372,30music,sasrec,32,1512,32,42
12.01 10.308 9.556 9.158 8.95 8.855 8.75 8.722 8.678 8.611 8.531 8.467,13.341 13.083 13.255 12.65 12.376 12.225 12.868 12.233 12.131 12.301 12.217 12.234 11.99 12.217 11.37 10.819 11.824 11.49 11.794 11.129 11.597 11.376 11.283 11.705 9.626 11.614 9.155 9.26 10.444 9.595 10.092 10.203 9.047 10.813 10.857 10.389 10.559 9.925 10.614 9.974 10.79 9.448 11.142 10.73 11.116 10.257 9.749 10.758 11.232 10.103 9.008 10.161 9.042 7.744 8.411 8.243 8.592 8.667 10.073 9.556 9.969 10.185 10.639 9.881 10.144 9.916 9.407 9.4 10.628 10.229 9.383 10.275 10.801 10.62 9.352 9.889 10.46 10.468 6.8 7.086 8.064 7.981 8.872 8.824 8.311 10.368 8.964 8.541 9.738 9.627 9.373 9.905 8.844 9.708 9.057 9.635 9.641 10.234 9.565 8.912 9.704 10.436 10.58 10.358 7.82 7.035 6.787 6.858 7.912 7.94 7.401 8.633 8.742 9.176 8.874 7.83 9.736 9.886 8.336 9.887 10.544 9.414 10.239 10.454 10.084 10.798 10.449 9.505 10.038 9.783 6.118 6.758 6.482 6.95 7.388 7.568 8.275 8.253 8.407 8.621 10.299 9.489 9.837 8.782 9.381 9.117 9.415 9.557 9.029 10.081 9.412 10.716 9.51 10.308 8.859 9.964 7.048 6.64 7.323 6.564 6.581 7.455 8.13 9.576 8.11 8.968 10.027 8.932 9.283 9.426 9.53 9.601 9.485 9.198 10.056 11.052 9.864 9.261 9.3 9.502 9.561 9.654 6.892 6.156 6.169 6.585 7.665 8.659 7.201 7.212 9.559 7.572 9.798 8.658 10.527 10.761 8.527 9.267 9.856 10.29 9.524 8.94 9.928 9.328 9.725 9.38 10.076 9.024 6.479 6.782 6.941 7.429 8.453 8.456 7.844 7.383 7.892 8.745 7.853 8.846 8.754 9.329 9.21 8.478 9.319 9.871 9.162 10.037 9.573 10.367 8.594 10.043 9.007 8.52 6.274 7.995 7.248 6.967 7.601 7.453 8.136 8.174 7.778 8.672 8.661 8.621 9.271 8.775 8.647 8.792 9.56 8.987 9.622 8.654 10.418 8.624 8.85 10.589 10.059 9.298 7.109 6.992 6.657 8.161 6.708 6.895 8.397 8.265 8.49 9.412 8.685 7.78 7.83 9.452 9.405 9.855 9.132 9.227 9.977 8.439 9.21 9.537 10.252 10.457 10.565 10.047 6.756 6.577 7.801 6.089 6.361 9.587 7.112 8.355 9.236 7.607 8.807 7.812 8.451 8.044 8.772 8.665 9.177 9.337 9.775 8.263 9.543 9.641 10.831 9.911 8.816 10.001,68.393,0.038373,0.0228729248046875,8.65745210647583,0.0081465483092037,0.025839312635704,0.0545330747564934,0.0328766903083058,0.0194426360140586,0.0294044044044044,0.0676926926926927,0.1001418084751418,0.0781614948281615,0.0565148481815148,0.0294044044044044,0.0409201364062475,0.0421818333690815,0.0416567385480425,0.0394185852519185,0.0294044044044044,0.0409201364062475,0.0421818333690815,0.0416567385480425,0.0394185852519185,0.0294044044044044,0.047304306723025,0.0539679547613059,0.0499639296642157,0.04367916439235,0.0294044044044044,0.0067692692692692,0.0010014180847514,0.003908074741408,0.0113029696363029,0.0294044044044044,0.0676926926926927,0.1001418084751418,0.0781614948281615,0.0565148481815148,0.4061610904423356,0.4225829610068684,0.4541494442119042,0.429485159320445,0.4168068791081462,30music,sasrec,32,2048,32,42
11.165 8.53 6.853 5.797 5.102 4.694,13.262 12.427 11.882 11.358 11.708 11.815 11.727 10.719 11.016 11.243 11.496 11.155 11.3 11.501 10.912 10.375 10.609 10.789 9.581 10.273 10.046 10.045 10.952 9.422 9.28 9.536 8.602 8.917 8.797 8.65 8.887 8.628 8.669 8.492 8.729 8.424 8.932 8.779 8.161 8.059 9.104 8.197 8.654 7.437 8.162 7.862 7.531 8.712 7.703 7.81 9.327 8.826 5.822 5.675 5.891 6.46 8.003 6.713 6.846 5.732 6.556 6.23 7.588 6.39 6.331 8.172 7.184 7.821 7.36 6.8 7.124 7.509 7.772 7.349 7.256 8.03 7.237 7.265 4.13 5.129 4.551 5.147 3.98 5.861 5.175 5.637 6.394 4.342 5.47 5.399 5.454 6.346 5.655 6.321 5.995 5.762 6.966 5.215 7.257 6.761 7.39 6.947 6.573 7.128 4.397 4.369 4.057 4.57 4.325 4.566 4.19 4.567 3.395 5.258 5.793 5.423 6.251 5.478 4.303 5.17 5.289 5.206 6.36 5.97 4.465 5.656 6.895 5.744 6.137 6.565 3.218 3.005 3.377 3.438 3.829 4.002 3.568 4.016 4.515 4.336 4.535 4.802 4.413 5.224 5.895 4.63 5.403 6.004 4.545 5.165 5.881 5.43 5.538 5.082 6.571 5.562,41.366,0.016779,0.0228729248046875,4.36248254776001,0.005614745769134,0.0194759340973521,0.0450178604029527,0.0257233434490613,0.0140529393595974,0.0168918918918918,0.0473807140473807,0.0909242575909242,0.0595178511845178,0.0372038705372038,0.0168918918918918,0.0255003184401332,0.0271081510626061,0.0263548821530274,0.024147758869981,0.0168918918918918,0.0255003184401332,0.0271081510626061,0.0263548821530274,0.024147758869981,0.0168918918918918,0.0306701404814364,0.0394791666888239,0.0337539852704454,0.0273848024713893,0.0168918918918918,0.004738071404738,0.0009092425759092,0.0029758925592258,0.0074407741074407,0.0168918918918918,0.0473807140473807,0.0909242575909242,0.0595178511845178,0.0372038705372038,0.3835833885000304,0.3945259285097447,0.419889645166121,0.4001025206769234,0.3902006758293161,30music,sasrec,32,32,64,42
11.292 8.711 7.205 6.21 5.575 5.167,13.183 12.478 12.03 11.577 12.009 12.032 11.908 11.032 11.256 11.436 11.626 11.356 11.397 11.69 11.11 10.589 10.645 10.943 9.616 10.4 10.257 10.181 10.962 9.51 9.383 9.474 8.759 9.041 8.837 8.749 9.047 8.69 8.832 8.673 8.856 8.513 9.107 8.969 8.454 8.238 9.405 8.467 8.862 7.658 8.448 8.249 7.813 8.889 7.878 8.169 9.557 9.113 6.093 5.982 6.185 6.747 8.5 6.962 7.156 5.998 6.888 6.488 7.947 6.732 6.77 8.476 7.645 8.191 7.736 7.034 7.5 7.748 8.161 7.743 7.59 8.38 7.639 7.802 4.414 5.599 4.909 5.524 4.203 6.231 5.677 5.803 6.84 4.701 5.893 5.804 5.752 6.872 6.078 6.656 6.368 6.181 7.355 5.772 7.539 7.084 7.754 7.443 7.154 7.446 4.881 4.784 4.477 5.084 4.758 4.877 4.741 5.003 3.964 5.935 6.374 6.008 6.735 5.945 4.89 5.637 5.735 5.626 6.699 6.544 4.699 6.14 7.232 6.217 6.619 7.13 3.596 3.428 3.892 3.818 4.269 4.589 4.125 4.552 4.962 4.738 5.006 5.252 4.749 5.728 6.471 4.985 6.011 6.407 5.143 5.756 6.269 5.916 6.162 5.525 6.985 5.973,42.176,0.018143,0.0228729248046875,4.36248254776001,0.0061130688087668,0.0208882321129011,0.0474176188196173,0.0274743633463884,0.0150817353123876,0.0212712712712712,0.0591424758091424,0.101393059726393,0.0725308641975308,0.0469219219219219,0.0212712712712712,0.0323115774504663,0.0339021439239379,0.0332194454592975,0.0306688633077521,0.0212712712712712,0.0323115774504663,0.0339021439239379,0.0332194454592975,0.0306688633077521,0.0212712712712712,0.0386782458187913,0.0472747800328492,0.0420366141218626,0.0347142416765925,0.0212712712712712,0.0059142475809142,0.0010139305972639,0.0036265432098765,0.0093843843843843,0.0212712712712712,0.0591424758091424,0.101393059726393,0.0725308641975308,0.0469219219219219,0.38896628084224,0.3984802499108388,0.4228355024312102,0.4036821914443397,0.3946359932638264,30music,sasrec,32,64,64,42
11.354 8.928 7.639 6.817 6.286 5.9,13.137 12.575 12.193 11.724 12.08 12.173 12.001 11.284 11.316 11.563 11.775 11.262 11.47 11.733 11.221 10.568 10.652 11.088 9.759 10.389 10.275 10.251 10.973 9.623 9.368 9.584 8.797 9.093 8.958 8.845 9.188 8.778 9.021 8.867 8.993 8.672 9.281 9.279 8.72 8.467 9.801 8.766 9.135 7.877 8.808 8.543 8.156 9.187 8.089 8.707 9.954 9.338 6.332 6.249 6.7 7.034 8.789 7.556 7.578 6.293 7.284 6.918 8.32 7.184 7.161 8.841 8.077 8.599 8.283 7.462 7.873 8.324 8.636 8.147 8.083 8.774 8.092 8.336 4.9 6.201 5.289 5.987 4.793 6.682 6.371 6.49 7.346 5.233 6.584 6.441 6.339 7.363 6.599 7.357 7.105 6.817 7.922 6.487 8.245 7.827 8.484 8.242 7.697 8.186 5.433 5.439 5.122 5.97 5.439 5.598 5.583 5.538 4.523 6.636 7.182 6.874 7.703 6.826 5.427 6.329 6.621 6.29 7.433 7.282 5.428 6.954 8.095 6.762 7.19 7.82 4.302 4.261 4.573 4.596 5.085 5.278 4.692 5.222 5.735 5.598 5.901 5.867 5.394 6.587 7.238 5.816 6.644 7.157 5.933 6.347 6.976 6.665 6.731 6.294 7.774 6.47,42.254,0.018875,3.337860107421875e-06,4.340044975280762,0.0058903161136314,0.0208824910640574,0.0457286022498022,0.0276110003088684,0.0150622157463191,0.0235235235235235,0.0643977310643977,0.1078995662328995,0.0782866199532866,0.0532615949282615,0.0235235235235235,0.0357947729475507,0.0375061061365417,0.0367812055570053,0.03432668779891,0.0235235235235235,0.0357947729475507,0.0375061061365417,0.0367812055570053,0.03432668779891,0.0235235235235235,0.0426183451839633,0.0515828470360418,0.0461584813013139,0.0390357001083246,0.0235235235235235,0.0064397731064397,0.0010789956623289,0.0039143309976643,0.0106523189856523,0.0235235235235235,0.0643977310643977,0.1078995662328995,0.0782866199532866,0.0532615949282615,0.3867386550323647,0.3988490678783277,0.424718912883928,0.4045302735452656,0.3944781308408239,30music,sasrec,32,128,64,42
11.4 9.135 8.037 7.404 7.02 6.731,13.122 12.645 12.32 11.78 12.148 12.28 12.071 11.382 11.259 11.554 11.826 11.318 11.427 11.779 11.236 10.609 10.778 11.191 9.834 10.471 10.366 10.25 11.122 9.587 9.385 9.59 8.855 9.227 9.155 8.989 9.379 8.9 9.194 9.044 9.211 8.858 9.488 9.532 8.957 8.647 10.008 9.004 9.325 8.201 9.02 8.783 8.378 9.271 8.383 9.002 10.045 9.511 6.62 6.54 7.023 7.45 9.207 7.829 7.998 6.719 7.742 7.283 8.6 7.49 7.495 9.31 8.426 9.004 8.675 7.895 8.409 8.729 9.035 8.548 8.457 9.216 8.508 8.667 5.245 6.743 5.768 6.616 5.344 7.189 6.959 6.935 7.907 5.721 7.253 7.07 7.032 7.925 7.248 8.119 7.739 7.557 8.598 7.311 8.77 8.549 9.08 8.847 8.46 8.784 6.044 6.07 5.808 6.517 6.103 6.277 6.278 6.182 5.212 7.492 8.186 7.692 8.54 7.566 6.12 6.978 7.338 6.983 8.012 8.023 6.325 7.576 8.769 7.503 8.094 8.491 4.944 5.067 5.376 5.406 5.84 6.09 5.418 6.057 6.505 6.258 6.767 6.705 6.153 7.512 8.104 6.747 7.582 7.84 6.836 7.422 7.74 7.467 7.613 7.267 8.472 7.275,46.542,0.02219,0.0228729248046875,4.589895725250244,0.006666505917299,0.0232328764606663,0.0482006978818974,0.0302335114206684,0.0168143838534149,0.0264014014014014,0.0726559893226559,0.1137804471137804,0.0850016683350016,0.0593927260593927,0.0264014014014014,0.0403706782179004,0.0419547149162877,0.0412553750550754,0.0385830274719163,0.0264014014014014,0.0403706782179004,0.0419547149162877,0.0412553750550754,0.0385830274719163,0.0264014014014014,0.048071138221411,0.0564881202975556,0.0512271334915067,0.0437643790206817,0.0264014014014014,0.0072655989322655,0.0011378044711378,0.00425008341675,0.0118785452118785,0.0264014014014014,0.0726559893226559,0.1137804471137804,0.0850016683350016,0.0593927260593927,0.3964986789756081,0.4082841016573094,0.4335684939659912,0.4139836686799513,0.4036531610495087,30music,sasrec,32,256,64,42
11.441 9.313 8.381 7.896 7.626 7.435,13.13 12.649 12.363 11.867 12.163 12.302 12.105 11.469 11.313 11.571 11.868 11.333 11.398 11.734 11.228 10.628 10.852 11.225 9.947 10.508 10.495 10.368 11.214 9.712 9.47 9.646 9.013 9.336 9.214 9.107 9.377 9.02 9.332 9.197 9.365 9.051 9.594 9.682 9.339 8.824 10.252 9.171 9.495 8.409 9.283 9.027 8.641 9.428 8.594 9.303 10.278 9.684 6.945 6.834 7.562 7.644 9.417 8.169 8.347 7.147 8.021 7.535 8.972 8.029 7.975 9.71 8.816 9.337 9.117 8.245 8.703 8.964 9.415 8.955 8.674 9.521 8.781 9.087 5.509 7.207 6.225 7.012 5.787 7.824 7.401 7.428 8.401 6.217 7.82 7.581 7.541 8.453 7.69 8.697 8.372 8.112 9.024 7.941 9.226 9.041 9.464 9.364 8.997 9.069 6.55 6.669 6.402 7.264 6.541 6.828 6.922 6.854 5.875 8.151 8.891 8.333 9.26 8.344 6.853 7.633 8.189 7.633 8.663 8.696 6.736 8.257 9.256 7.943 8.571 8.943 5.624 5.637 6.13 6.234 6.727 6.824 6.263 6.821 7.24 6.987 7.469 7.518 6.716 8.069 8.79 7.358 8.4 8.623 7.639 8.294 8.332 8.125 8.306 7.784 9.114 7.882,61.541,0.033665,0.0228729248046875,5.665168285369873,0.007317540856174,0.0254753301390137,0.0506073455571745,0.0326700125499327,0.0186205178196415,0.0304054054054054,0.076368034701368,0.1157407407407407,0.0890473807140473,0.0627711044377711,0.0304054054054054,0.0442865981060425,0.0458294225949668,0.0451725899810981,0.0424556500945389,0.0304054054054054,0.0442865981060425,0.0458294225949668,0.0451725899810981,0.0424556500945389,0.0304054054054054,0.0519381309604467,0.060044137968947,0.0551515566201205,0.047525166312004,0.0304054054054054,0.0076368034701368,0.0011574074074074,0.0044523690357023,0.0125542208875542,0.0304054054054054,0.076368034701368,0.1157407407407407,0.0890473807140473,0.0627711044377711,0.4048256186743046,0.418423646974152,0.4418060083000135,0.4237723635628475,0.4135735428335665,30music,sasrec,32,512,64,42
11.48 9.473 8.664 8.256 8.046 7.916 7.807 7.694 7.566 7.429 7.298,13.139 12.69 12.377 11.955 12.256 12.312 12.134 11.504 11.314 11.594 11.877 11.36 11.44 11.782 11.296 10.631 10.934 11.303 10.044 10.62 10.517 10.388 11.217 9.779 9.585 9.787 9.028 9.498 9.359 9.25 9.51 9.182 9.563 9.386 9.576 9.218 9.815 9.862 9.516 9.019 10.371 9.47 9.696 8.619 9.412 9.315 8.794 9.641 8.812 9.592 10.313 9.829 7.024 6.991 7.864 7.92 9.803 8.31 8.52 7.384 8.279 7.904 9.228 8.322 8.227 9.933 9.06 9.52 9.348 8.561 8.893 9.37 9.658 9.245 8.921 9.778 9.031 9.394 5.804 7.507 6.657 7.387 6.268 8.179 7.934 7.844 8.652 6.532 8.227 8.046 7.992 8.73 8.149 9.295 8.736 8.519 9.348 8.27 9.692 9.396 9.651 9.676 9.297 9.4 6.894 7.119 6.869 7.571 6.934 7.294 7.394 7.295 6.44 8.702 9.448 8.994 9.604 8.678 7.392 8.026 8.784 8.114 8.962 8.924 7.145 8.544 9.607 8.285 8.933 9.397 5.989 6.087 6.639 6.735 7.241 7.24 6.763 7.28 7.723 7.572 8.066 8.008 7.298 8.721 9.2 7.873 8.885 8.867 8.335 8.901 8.86 8.661 8.722 8.248 9.588 8.11 6.571 5.47 6.389 6.023 6.823 8.397 6.642 6.728 8.639 7.696 7.138 7.756 8.641 7.388 8.622 7.913 8.729 8.532 7.616 9.613 8.651 8.77 9.668 8.768 8.849 8.526 5.861 6.349 5.807 7.083 6.681 7.135 8.365 6.674 6.518 7.62 7.324 7.862 7.262 7.339 8.118 8.5 8.333 7.739 8.619 8.267 8.707 8.088 8.982 9.37 9.169 8.085 4.995 6.118 5.838 6.157 5.802 5.463 6.446 6.917 6.819 6.94 6.678 8.244 8.919 8.913 9.421 9.178 8.332 8.859 8.256 9.072 9.417 7.439 8.376 8.069 8.765 8.77 5.498 5.794 5.341 6.829 5.39 6.387 7.761 6.965 7.202 7.181 7.843 7.061 7.851 7.604 7.131 7.949 7.533 8.769 7.615 6.458 7.599 7.988 7.918 7.421 7.693 8.244 5.607 5.102 6.616 6.285 5.869 6.468 6.36 6.762 5.432 8.06 7.5 7.307 7.619 7.262 7.158 8.129 7.688 7.262 8.409 8.05 9.922 9.003 7.796 8.138 7.758 8.382,71.281,0.041202,0.0228729248046875,8.677062511444092,0.0093510203566109,0.0349434678920361,0.0782332725930365,0.0464611600822577,0.0247932935363827,0.0306973640306973,0.0835001668335001,0.123998998998999,0.0978061394728061,0.0676509843176509,0.0306973640306973,0.046414155557674,0.0480478598878467,0.0474090093131057,0.0442734401067734,0.0306973640306973,0.046414155557674,0.0480478598878467,0.0474090093131057,0.0442734401067734,0.0306973640306973,0.0552386189270612,0.0636524687678261,0.0588579094035295,0.0500880946578667,0.0306973640306973,0.00835001668335,0.0012399899899899,0.0048903069736403,0.0135301968635301,0.0306973640306973,0.0835001668335001,0.123998998998999,0.0978061394728061,0.0676509843176509,0.4315778608807785,0.4461636690026304,0.4750439629875563,0.4523205569723447,0.4412093053750602,30music,sasrec,32,1024,64,42
11.497 9.551 8.812 8.444 8.238 8.117 8.034 7.952 7.862 7.758 7.66 7.537,13.149 12.689 12.396 11.989 12.233 12.316 12.129 11.517 11.32 11.578 11.904 11.388 11.44 11.756 11.335 10.665 11.0 11.32 10.062 10.688 10.589 10.412 11.233 9.872 9.587 9.798 9.074 9.479 9.443 9.26 9.531 9.212 9.556 9.409 9.601 9.293 9.874 10.049 9.62 9.1 10.497 9.492 9.771 8.818 9.527 9.456 8.863 9.694 8.873 9.723 10.497 9.837 7.251 7.138 7.89 8.069 9.801 8.56 8.691 7.515 8.455 8.125 9.343 8.538 8.341 10.123 9.177 9.741 9.523 8.63 9.075 9.661 9.748 9.327 9.103 9.829 9.291 9.574 6.039 7.794 6.839 7.631 6.45 8.386 8.108 7.883 8.839 6.865 8.466 8.285 8.103 9.112 8.315 9.356 8.902 8.854 9.473 8.496 9.668 9.535 9.82 9.912 9.552 9.486 6.936 7.289 7.132 7.673 7.025 7.411 7.543 7.413 6.546 8.921 9.617 9.12 9.71 8.957 7.611 8.225 8.937 8.335 9.099 9.167 7.57 8.827 9.761 8.373 9.109 9.517 6.18 6.375 6.801 6.955 7.443 7.541 7.162 7.555 7.873 7.817 8.315 8.272 7.502 8.815 9.406 8.112 9.139 8.972 8.524 9.136 9.032 8.754 8.899 8.433 9.65 8.205 6.842 5.667 6.47 6.237 7.032 8.802 6.786 7.049 8.944 7.99 7.374 8.101 8.883 7.678 8.942 8.169 8.97 8.895 7.84 9.957 8.858 8.969 9.888 9.083 9.004 8.696 5.92 6.613 5.924 7.308 6.849 7.315 8.621 6.967 6.891 8.069 7.695 8.194 7.534 7.558 8.354 8.779 8.52 8.184 8.771 8.496 8.819 8.381 9.206 9.477 9.427 8.404 5.361 6.501 6.128 6.388 6.249 5.676 6.819 7.23 7.177 7.211 6.969 8.486 9.15 9.21 9.653 9.595 8.731 9.133 8.549 9.466 9.692 7.948 8.529 8.52 8.941 9.169 5.819 5.948 5.724 7.169 5.776 6.677 8.185 7.225 7.58 7.579 8.314 7.324 8.096 7.748 7.626 8.21 7.886 8.995 7.955 6.736 7.924 8.296 8.125 7.755 7.919 8.53 5.959 5.341 6.878 6.465 6.129 6.702 6.723 7.124 5.803 8.567 7.82 7.617 8.137 7.519 7.516 8.519 8.228 7.658 8.581 8.337 10.232 9.147 8.089 8.396 7.982 8.85 5.045 5.529 6.035 6.329 6.947 5.28 6.455 7.968 7.207 7.813 7.504 6.775 7.682 8.195 7.762 7.379 8.256 9.148 8.473 8.058 9.0 8.76 8.436 9.17 8.286 8.39,83.253,0.050357,0.0228729248046875,11.547736644744871,0.0106255331999113,0.0381997907961801,0.0847137685277998,0.0505166369854441,0.0275960735818748,0.0365782449115782,0.0878378378378378,0.127711044377711,0.1008091424758091,0.0724057390724057,0.0365782449115782,0.0520102940241829,0.0535655051409525,0.0529132821394316,0.0499318763207652,0.0365782449115782,0.0520102940241829,0.0535655051409525,0.0529132821394316,0.0499318763207652,0.0365782449115782,0.0605457110600373,0.0687425605732694,0.063829203012936,0.0555370669317344,0.0365782449115782,0.0087837837837837,0.0012771104437771,0.0050404571237904,0.0144811478144811,0.0365782449115782,0.0878378378378378,0.127711044377711,0.1008091424758091,0.0724057390724057,0.4507980986020161,0.4635118832766403,0.4903418677387253,0.4688565445806144,0.4593068941315901,30music,sasrec,32,1512,64,42
11.517 9.611 8.905 8.553 8.362 8.257 8.187 8.128 8.059 7.979 7.891,13.148 12.685 12.401 11.982 12.244 12.298 12.161 11.585 11.351 11.627 11.915 11.391 11.43 11.737 11.364 10.679 11.028 11.314 10.158 10.772 10.623 10.451 11.321 9.924 9.655 9.832 9.126 9.533 9.491 9.375 9.66 9.368 9.652 9.557 9.71 9.347 9.867 10.059 9.629 9.251 10.579 9.552 9.834 8.837 9.633 9.538 8.976 9.754 8.974 9.804 10.461 9.962 7.294 7.255 8.127 8.125 9.986 8.612 8.782 7.611 8.492 8.192 9.482 8.638 8.479 10.181 9.235 9.768 9.705 8.834 9.094 9.635 9.934 9.402 9.167 9.922 9.398 9.562 6.123 7.905 7.009 7.819 6.609 8.411 8.35 8.144 8.928 6.854 8.636 8.32 8.216 9.125 8.349 9.528 9.02 8.953 9.542 8.626 9.802 9.649 9.863 9.913 9.539 9.523 7.055 7.449 7.206 7.848 7.161 7.583 7.705 7.508 6.815 9.048 9.756 9.13 9.906 9.063 7.802 8.348 9.141 8.588 9.207 9.258 7.613 8.81 9.865 8.518 9.153 9.661 6.309 6.457 6.971 7.073 7.663 7.682 7.323 7.716 7.934 7.879 8.404 8.422 7.748 9.069 9.581 8.261 9.266 9.153 8.584 9.301 9.155 8.849 8.966 8.611 9.836 8.409 6.944 5.783 6.678 6.533 7.103 8.768 6.937 7.2 9.012 8.05 7.687 8.175 8.94 7.77 8.943 8.445 9.081 9.041 7.91 10.003 8.958 9.046 10.035 9.143 9.166 8.813 6.099 6.797 6.109 7.528 7.168 7.548 8.855 7.09 7.063 8.199 7.958 8.28 7.684 7.802 8.556 8.951 8.818 8.274 9.054 8.727 8.986 8.465 9.493 9.593 9.585 8.573 5.452 6.565 6.249 6.59 6.536 5.937 6.996 7.458 7.311 7.527 7.274 8.79 9.444 9.184 9.773 9.714 8.914 9.379 8.7 9.584 9.773 8.065 8.649 8.695 9.121 9.345 6.101 6.209 5.935 7.486 6.088 6.718 8.245 7.518 7.805 7.741 8.32 7.645 8.378 7.887 7.764 8.399 8.08 9.172 8.191 7.157 8.143 8.55 8.262 7.827 8.212 8.474 6.164 5.457 7.137 6.787 6.417 6.899 6.883 7.284 6.112 8.79 8.154 7.819 8.487 7.741 7.782 8.917 8.499 7.947 8.878 8.623 10.342 9.258 8.294 8.625 8.153 8.97,96.183,0.060321,0.0228729248046875,14.699881076812744,0.0108000610847596,0.0385132520630459,0.0816319735085042,0.0501044296784668,0.0278969045412844,0.0352435769102435,0.085669002335669,0.125709042375709,0.0973473473473473,0.072364030697364,0.0352435769102435,0.0510317361011805,0.0525647809198321,0.0518498191819055,0.0492471638304971,0.0352435769102435,0.0510317361011805,0.0525647809198321,0.0518498191819055,0.0492471638304971,0.0352435769102435,0.0593314032187714,0.0675256326025049,0.0622933300115534,0.0550195907659589,0.0352435769102435,0.0085669002335669,0.001257090423757,0.0048673673673673,0.0144728061394728,0.0352435769102435,0.085669002335669,0.125709042375709,0.0973473473473473,0.072364030697364,0.4494271621348416,0.4596504646124839,0.4816223043667783,0.4636983508330167,0.4563149035379298,30music,sasrec,32,2048,64,42
10.61 7.754 6.273 5.32 4.691 4.26,12.871 12.492 11.89 11.64 11.218 11.621 11.101 10.35 10.827 11.321 10.499 10.881 10.675 10.573 10.522 10.744 9.434 9.757 9.769 9.815 8.888 9.218 9.069 8.766 9.105 8.994 7.147 8.172 7.84 7.922 7.272 7.581 8.793 7.505 7.223 7.937 8.283 9.037 7.158 7.843 8.58 7.499 7.542 7.758 6.538 7.305 8.012 8.384 7.433 7.139 6.718 7.36 5.241 6.227 5.424 5.386 6.17 6.604 5.827 6.387 4.725 6.677 6.695 6.656 7.097 5.444 6.547 6.746 6.088 7.138 6.396 6.098 6.218 7.299 7.411 7.204 6.727 6.841 3.846 4.746 4.321 4.637 4.654 5.309 4.924 4.954 5.306 5.669 5.048 4.757 5.423 5.472 5.236 6.134 5.55 5.086 5.526 6.089 5.986 5.187 6.2 6.215 5.209 4.914 2.875 4.876 4.03 3.979 4.638 4.258 4.149 3.985 4.692 4.681 4.484 4.693 5.1 4.936 4.32 5.591 5.465 5.46 5.145 4.926 4.656 4.98 5.336 5.869 5.944 5.365 3.139 3.214 4.256 3.258 3.748 4.385 3.324 3.702 4.239 4.899 4.232 4.476 4.746 4.224 5.026 4.009 4.163 4.994 4.492 5.174 4.124 4.734 4.394 5.49 4.328 4.525,41.19,0.018097,0.0228729248046875,4.403011322021484,0.005196797413313,0.0201660081683642,0.0518301889608816,0.0277097463489799,0.0139059685091988,0.0151818485151818,0.0526359693026359,0.1056056056056056,0.0679012345679012,0.039330997664331,0.0151818485151818,0.0254359021720132,0.0274241831657541,0.0264888069639173,0.0236625514403292,0.0151818485151818,0.0254359021720132,0.0274241831657541,0.0264888069639173,0.0236625514403292,0.0151818485151818,0.0318398259706968,0.0426240858542387,0.03569128623579,0.0275399918106912,0.0151818485151818,0.0052635969302635,0.001056056056056,0.003395061728395,0.0078661995328662,0.0151818485151818,0.0526359693026359,0.1056056056056056,0.0679012345679012,0.039330997664331,0.3865948947268494,0.3990383562865296,0.4245074922964945,0.4049881213498619,0.3942752296223462,30music,sasrec,32,32,128,42
10.717 7.999 6.706 5.876 5.302 4.866 4.505,12.823 12.609 12.052 11.963 11.458 11.849 11.323 10.528 11.022 11.435 10.499 11.008 10.745 10.631 10.662 10.687 9.498 9.801 9.904 9.844 8.989 9.356 9.16 8.888 9.239 9.091 7.354 8.326 7.929 8.114 7.29 7.735 8.987 7.752 7.389 8.213 8.566 9.227 7.382 8.05 8.786 7.892 7.665 7.957 6.798 7.62 8.169 8.567 7.692 7.482 7.063 7.687 5.589 6.672 5.79 5.73 6.585 7.154 6.172 6.743 5.065 7.141 7.198 7.164 7.504 5.947 6.918 7.252 6.478 7.553 7.001 6.53 6.555 7.882 7.989 7.598 7.149 7.381 4.205 5.289 4.742 5.199 5.22 5.832 5.36 5.54 5.966 6.048 5.586 5.275 6.062 5.948 5.736 6.625 6.101 5.641 6.063 6.757 6.605 5.818 6.894 6.894 5.938 5.328 3.389 5.538 4.678 4.551 5.258 4.958 4.831 4.445 5.349 5.392 4.978 5.313 5.864 5.538 4.862 6.246 5.996 6.124 5.762 5.561 5.302 5.573 5.995 6.556 6.601 5.899 3.698 3.748 4.988 3.927 4.344 4.919 3.835 4.366 4.82 5.61 4.843 5.174 5.358 4.839 5.617 4.603 4.737 5.484 5.103 5.972 4.665 5.415 4.886 6.112 4.757 5.081 2.896 3.569 3.326 3.48 3.795 3.714 4.114 3.436 3.586 3.559 4.148 5.015 4.192 5.0 5.304 4.878 4.412 5.045 5.382 5.046 5.012 7.056 5.702 6.029 5.077 5.765,43.499,0.019882,0.0228729248046875,4.403011322021484,0.0060281012858801,0.0242869330283688,0.0669934471668498,0.0346736385963824,0.0164423638883434,0.0173506840173506,0.0659826493159826,0.1305055055055055,0.0858775442108775,0.0483817150483817,0.0173506840173506,0.0304773192504674,0.0329942827492022,0.0318716435544709,0.0281329941052163,0.0173506840173506,0.0304773192504674,0.0329942827492022,0.0318716435544709,0.0281329941052163,0.0173506840173506,0.038823764141314,0.0521060469212879,0.04387175550181,0.0331365019459181,0.0173506840173506,0.0065982649315982,0.001305055055055,0.0042938772105438,0.0096763430096763,0.0173506840173506,0.0659826493159826,0.1305055055055055,0.0858775442108775,0.0483817150483817,0.3992742069414947,0.41465580219413,0.4432496842514813,0.4216449774299063,0.4089311723779459,30music,sasrec,32,64,128,42
10.785 8.231 7.128 6.461 6.001 5.623,12.854 12.711 12.13 12.16 11.597 11.973 11.522 10.609 11.044 11.442 10.477 10.985 10.726 10.589 10.623 10.686 9.575 9.819 9.883 9.94 9.027 9.441 9.265 8.987 9.289 9.311 7.578 8.51 8.081 8.2 7.483 7.961 9.223 7.988 7.54 8.349 8.75 9.432 7.697 8.277 8.889 8.169 8.032 8.129 7.163 7.83 8.423 8.783 7.945 7.794 7.312 8.039 5.912 7.004 6.112 6.1 6.923 7.608 6.517 7.101 5.472 7.495 7.632 7.581 7.992 6.378 7.216 7.654 6.929 8.115 7.492 6.931 7.025 8.25 8.459 8.06 7.547 7.817 4.674 5.829 5.241 5.658 5.7 6.443 5.887 6.109 6.458 6.511 6.179 5.827 6.739 6.567 6.201 7.411 6.783 6.278 6.723 7.411 7.196 6.44 7.508 7.506 6.439 5.971 4.049 6.291 5.618 5.287 6.111 5.645 5.499 5.215 6.019 6.199 5.932 5.946 6.515 6.356 5.62 6.794 6.655 7.022 6.576 6.282 5.861 6.293 6.594 7.196 7.372 6.893 4.398 4.363 5.736 4.664 4.992 5.822 4.719 5.064 5.762 6.49 5.473 5.931 6.147 5.529 6.64 5.353 5.366 6.488 5.948 6.69 5.237 6.288 5.841 7.043 5.344 5.783,50.185,0.025012,0.0228729248046875,4.627449989318848,0.006090104613392,0.0249884891970683,0.0607988554645025,0.034767791797419,0.0170371365485503,0.0209376042709376,0.070362028695362,0.1282949616282949,0.0887971304637971,0.0539706373039706,0.0209376042709376,0.0349253684901833,0.0371833694433472,0.0362098464765518,0.0327681848515181,0.0209376042709376,0.0349253684901833,0.0371833694433472,0.0362098464765518,0.0327681848515181,0.0209376042709376,0.0432946011649858,0.0552120027561071,0.0479615936983138,0.0380257816771145,0.0209376042709376,0.0070362028695362,0.0012829496162829,0.0044398565231898,0.0107941274607941,0.0209376042709376,0.070362028695362,0.1282949616282949,0.0887971304637971,0.0539706373039706,0.3935703113726471,0.4081521304010169,0.4336399381971577,0.4143490880436475,0.4028575890714986,30music,sasrec,32,128,128,42
10.848 8.441 7.501 6.978 6.637 6.353,12.873 12.746 12.184 12.222 11.676 12.073 11.552 10.589 11.109 11.437 10.423 10.992 10.775 10.599 10.7 10.687 9.643 9.859 10.028 10.081 9.083 9.531 9.332 9.105 9.431 9.408 7.717 8.643 8.243 8.343 7.587 8.187 9.398 8.144 7.653 8.627 8.932 9.643 7.939 8.519 9.141 8.465 8.172 8.275 7.487 8.038 8.58 9.005 8.12 8.073 7.617 8.201 6.219 7.247 6.381 6.421 7.189 8.022 6.912 7.44 5.834 7.856 8.103 7.9 8.392 6.833 7.554 8.037 7.3 8.531 7.899 7.274 7.479 8.746 8.818 8.354 8.055 8.298 5.121 6.246 5.808 6.187 6.077 6.919 6.289 6.647 7.089 7.015 6.812 6.404 7.318 7.086 6.646 7.984 7.346 6.838 7.369 7.94 7.697 6.867 8.148 7.873 7.027 6.463 4.621 6.872 6.272 5.803 6.589 6.274 6.172 5.939 6.63 6.925 6.546 6.654 7.248 7.049 6.238 7.56 7.208 7.657 7.197 7.149 6.425 6.916 7.189 7.796 7.924 7.471 5.132 4.967 6.467 5.394 5.555 6.552 5.486 5.862 6.475 7.238 6.124 6.686 7.024 6.279 7.271 6.068 6.302 7.228 6.755 7.466 6.08 7.112 6.502 7.781 5.979 6.445,59.486,0.032128,0.0228729248046875,5.703780174255371,0.007665448416102,0.0308340251297189,0.0699650140483465,0.0419257314957384,0.0212866609026536,0.029029029029029,0.085085085085085,0.1379713046379713,0.1015598932265599,0.0665248581915248,0.029029029029029,0.0450659819872782,0.0471021471329962,0.0462114274788065,0.0425661772883995,0.029029029029029,0.0450659819872782,0.0471021471329962,0.0462114274788065,0.0425661772883995,0.029029029029029,0.0545420042222981,0.0653690209530077,0.0587099495209928,0.048517099080827,0.029029029029029,0.0085085085085085,0.0013797130463797,0.0050779946613279,0.0133049716383049,0.029029029029029,0.085085085085085,0.1379713046379713,0.1015598932265599,0.0665248581915248,0.4154609265327628,0.4307921295704402,0.4540647612507358,0.4367826912235079,0.4253222080213617,30music,sasrec,32,256,128,42
10.909 8.627 7.811 7.387 7.139 6.955 6.773 6.602 6.445,12.905 12.771 12.202 12.256 11.746 12.09 11.596 10.644 11.119 11.438 10.413 11.03 10.799 10.67 10.696 10.734 9.73 9.922 10.109 10.21 9.211 9.648 9.437 9.225 9.56 9.564 7.895 8.801 8.434 8.516 7.742 8.379 9.515 8.307 7.785 8.802 9.08 9.768 8.143 8.78 9.311 8.656 8.397 8.462 7.758 8.294 8.711 9.098 8.35 8.262 7.876 8.374 6.503 7.522 6.626 6.754 7.436 8.34 7.22 7.74 6.082 8.154 8.384 8.184 8.761 7.227 7.832 8.391 7.565 8.865 8.257 7.549 7.877 9.04 9.108 8.598 8.327 8.606 5.496 6.585 6.24 6.532 6.479 7.409 6.658 7.044 7.403 7.261 7.267 6.638 7.717 7.536 7.11 8.509 7.831 7.331 7.784 8.465 8.066 7.365 8.585 8.211 7.421 6.958 5.103 7.311 6.797 6.297 7.139 6.752 6.694 6.476 7.241 7.415 7.107 7.187 7.728 7.569 6.859 8.056 7.807 8.424 7.78 7.707 6.801 7.406 7.7 8.294 8.482 7.934 5.589 5.55 7.02 5.895 6.201 7.243 6.168 6.457 7.12 7.864 6.616 7.326 7.671 6.821 7.933 6.719 6.916 7.719 7.561 8.021 6.614 7.794 7.047 8.3 6.448 7.061 4.825 5.739 5.497 5.769 6.141 5.94 6.366 5.512 5.837 6.089 6.325 7.699 6.744 7.4 7.972 7.283 7.026 7.349 7.316 7.371 7.16 9.116 8.159 8.348 7.342 8.064 4.598 6.256 5.876 5.87 5.653 5.666 5.581 6.518 7.124 5.949 6.936 7.024 6.981 7.149 7.136 7.733 6.554 7.679 7.424 7.22 7.279 6.608 7.451 7.482 6.88 8.132 4.855 5.563 5.011 5.578 6.066 4.949 5.858 4.845 5.927 6.068 4.903 6.561 6.339 6.622 7.053 6.442 6.96 6.531 6.461 7.549 7.235 6.469 8.097 6.428 7.043 7.299,66.027,0.037059,0.0228729248046875,8.715014457702637,0.0098849378990746,0.0403986125033154,0.0983154614482829,0.0560785651052162,0.0276821893145302,0.030739072405739,0.0949282615949282,0.1469803136469803,0.1120286953620287,0.0745328661995328,0.030739072405739,0.0495568319642393,0.0516409548397764,0.05076374455979,0.0468127850072294,0.030739072405739,0.0495568319642393,0.0516409548397764,0.05076374455979,0.0468127850072294,0.030739072405739,0.0603292274518635,0.0711221823915696,0.0646789997680036,0.0537117059302808,0.030739072405739,0.0094928261594928,0.0014698031364698,0.0056014347681014,0.0149065732399065,0.030739072405739,0.0949282615949282,0.1469803136469803,0.1120286953620287,0.0745328661995328,0.436680013136193,0.4506743532136701,0.4743293468846393,0.4564575831456641,0.4457565187934426,30music,sasrec,32,512,128,42
11.002 8.812 8.069 7.688 7.49 7.361 7.245 7.136 7.025 6.911,13.002 12.813 12.271 12.34 11.875 12.183 11.733 10.765 11.219 11.529 10.512 11.154 10.934 10.756 10.844 10.814 9.929 10.015 10.203 10.311 9.332 9.795 9.566 9.369 9.703 9.747 8.054 8.963 8.613 8.65 7.948 8.56 9.737 8.453 7.964 9.054 9.26 9.936 8.328 8.881 9.527 8.906 8.593 8.563 8.069 8.465 8.836 9.301 8.483 8.451 8.027 8.601 6.845 7.73 6.837 6.977 7.599 8.663 7.442 7.946 6.388 8.354 8.673 8.415 9.03 7.553 8.067 8.713 7.937 9.161 8.667 7.8 8.169 9.31 9.325 8.895 8.663 8.951 5.714 6.919 6.578 6.903 6.756 7.646 6.976 7.437 7.867 7.562 7.575 7.076 8.122 7.825 7.396 8.808 8.129 7.748 8.094 8.952 8.343 7.694 8.705 8.518 7.764 7.161 5.49 7.651 7.195 6.642 7.449 7.031 7.0 6.78 7.554 7.787 7.605 7.541 8.22 7.89 7.242 8.296 8.182 8.727 8.095 8.178 7.178 7.714 8.146 8.478 8.765 8.367 5.994 5.881 7.447 6.373 6.66 7.608 6.622 6.808 7.495 8.338 7.026 7.648 8.007 7.312 8.316 7.188 7.389 8.137 8.071 8.409 6.992 8.295 7.497 8.553 6.881 7.57 5.182 6.307 5.895 6.287 6.561 6.366 6.789 5.951 6.335 6.663 6.922 8.197 7.266 7.921 8.383 7.815 7.534 7.857 7.69 7.848 7.338 9.394 8.667 8.627 7.861 8.429 5.046 6.868 6.477 6.404 6.179 6.165 6.106 7.09 7.759 6.546 7.392 7.594 7.618 7.759 7.68 8.266 7.112 8.294 7.902 7.726 7.849 7.164 7.996 7.88 7.338 8.579 5.297 6.081 5.577 6.144 6.61 5.423 6.49 5.482 6.48 6.599 5.615 7.094 6.895 7.2 7.789 7.023 7.578 7.109 7.206 8.039 7.798 6.99 8.533 6.975 7.593 7.929 5.539 5.346 5.89 5.7 6.626 5.887 6.906 7.048 7.795 7.067 6.908 6.966 7.465 6.912 6.562 7.708 6.89 7.463 7.615 7.849 7.497 7.418 7.488 7.061 7.88 9.037,95.297,0.059569,0.0228729248046875,14.737886428833008,0.0115004690436905,0.0468308836277917,0.1098917123367102,0.0639816929434472,0.0323978868347416,0.038038038038038,0.101393059726393,0.1502335669002335,0.11841007674341,0.083667000333667,0.038038038038038,0.057477086875235,0.0594728090752771,0.0586683918990635,0.0550974585696807,0.038038038038038,0.057477086875235,0.0594728090752771,0.0586683918990635,0.0550974585696807,0.038038038038038,0.0679689951418608,0.0781645212194242,0.0722841937899835,0.0622225440780196,0.038038038038038,0.0101393059726393,0.0015023356690023,0.0059205038371705,0.0167334000667334,0.038038038038038,0.101393059726393,0.1502335669002335,0.11841007674341,0.083667000333667,0.4583119228908451,0.4701063794794672,0.4899705912425841,0.47413332038841,0.4664010053197996,30music,sasrec,32,1024,128,42
11.054 8.896 8.196 7.822 7.632 7.522 7.433 7.35,12.962 12.846 12.296 12.373 11.926 12.232 11.779 10.826 11.293 11.565 10.589 11.206 10.973 10.802 10.874 10.844 9.989 10.109 10.264 10.349 9.419 9.825 9.594 9.401 9.784 9.746 8.175 9.068 8.729 8.731 8.028 8.608 9.808 8.613 8.036 9.107 9.361 10.02 8.396 9.028 9.583 8.949 8.666 8.665 8.134 8.58 9.023 9.293 8.533 8.592 8.11 8.639 6.823 7.876 6.914 7.09 7.729 8.749 7.622 8.123 6.61 8.53 8.818 8.551 9.201 7.742 8.189 8.842 8.033 9.268 8.774 7.946 8.344 9.409 9.349 8.925 8.824 9.061 5.87 7.113 6.622 7.027 6.853 7.78 7.062 7.485 7.95 7.766 7.776 7.214 8.24 7.874 7.436 8.9 8.262 7.892 8.171 9.036 8.429 7.795 8.839 8.658 7.883 7.284 5.648 7.717 7.429 6.798 7.599 7.232 7.193 6.988 7.756 7.994 7.676 7.589 8.269 7.994 7.382 8.367 8.286 8.884 8.215 8.26 7.272 7.787 8.332 8.552 8.855 8.492 6.036 5.919 7.607 6.528 6.807 7.884 6.725 7.03 7.732 8.479 7.178 7.858 8.348 7.492 8.465 7.385 7.433 8.329 8.162 8.532 7.079 8.457 7.755 8.798 6.997 7.697 5.323 6.387 6.056 6.581 6.762 6.598 7.067 6.092 6.594 6.892 7.126 8.467 7.61 8.125 8.634 7.934 7.819 8.019 7.842 8.042 7.592 9.438 8.782 8.812 7.946 8.612 5.327 7.133 6.701 6.65 6.466 6.42 6.292 7.277 7.941 6.721 7.611 7.78 7.89 7.994 7.777 8.511 7.251 8.39 8.159 7.889 8.056 7.351 8.147 8.091 7.55 8.734,129.82,0.086112,0.0228729248046875,20.479809284210205,0.012100982752741,0.0471960143342507,0.1002903822505141,0.0625211701176111,0.0333187510692703,0.0413747080413747,0.1051051051051051,0.1482732732732732,0.1189105772439105,0.0862946279612946,0.0413747080413747,0.0604246773228254,0.0621111541869053,0.061388156360959,0.057887053720387,0.0413747080413747,0.0604246773228254,0.0621111541869053,0.061388156360959,0.057887053720387,0.0413747080413747,0.0710682051808806,0.0799524154403835,0.074565666255575,0.064958242373477,0.0413747080413747,0.0105105105105105,0.0014827327327327,0.0059455288621955,0.0172589255922589,0.0413747080413747,0.1051051051051051,0.1482732732732732,0.1189105772439105,0.0862946279612946,0.4619692890679096,0.4709488933610726,0.4832492497625796,0.4729739320202519,0.4684299368606208,30music,sasrec,32,1512,128,42
11.106 8.973 8.304 7.936 7.751 7.65 7.576 7.512,13.054 12.91 12.358 12.404 11.996 12.285 11.827 10.923 11.339 11.612 10.655 11.254 11.065 10.869 10.942 10.904 10.043 10.187 10.334 10.435 9.485 9.932 9.655 9.459 9.837 9.819 8.283 9.113 8.76 8.812 8.079 8.733 9.861 8.62 8.119 9.154 9.415 10.07 8.534 9.057 9.626 9.057 8.728 8.728 8.214 8.615 9.045 9.411 8.705 8.623 8.265 8.7 7.004 7.925 7.045 7.218 7.908 8.861 7.713 8.224 6.755 8.607 8.841 8.657 9.271 7.847 8.277 8.926 8.128 9.382 8.927 7.995 8.434 9.48 9.455 8.951 8.974 9.193 6.028 7.167 6.789 7.166 7.045 7.842 7.327 7.622 8.118 7.779 7.838 7.331 8.303 8.021 7.612 9.058 8.423 7.964 8.294 9.137 8.484 7.919 8.929 8.753 7.953 7.375 5.798 7.844 7.531 6.916 7.743 7.313 7.226 7.153 7.833 8.054 7.825 7.799 8.365 8.136 7.55 8.472 8.44 9.043 8.412 8.353 7.384 7.845 8.402 8.686 8.988 8.624 6.192 6.124 7.776 6.646 6.995 7.893 6.943 7.118 7.849 8.6 7.367 8.0 8.338 7.652 8.611 7.482 7.653 8.307 8.31 8.635 7.294 8.607 7.74 8.845 7.1 7.889 5.424 6.553 6.227 6.755 6.97 6.739 7.225 6.339 6.705 7.084 7.189 8.63 7.656 8.26 8.773 7.991 7.931 8.239 7.979 8.17 7.739 9.528 8.965 8.914 8.148 8.782 5.524 7.234 6.84 6.823 6.482 6.522 6.353 7.446 8.071 6.923 7.784 7.957 8.085 8.2 7.978 8.727 7.441 8.628 8.33 8.052 8.186 7.584 8.35 8.291 7.699 8.831,158.75,0.10835,3.337860107421875e-06,26.76233530044556,0.0129552508206829,0.0493661307971676,0.1026407676471229,0.0648566287872264,0.0351248850354969,0.045045045045045,0.1061061061061061,0.1491491491491491,0.1209959959959959,0.0900483817150483,0.045045045045045,0.0641968522755559,0.0659462781159573,0.0652489000687673,0.062036341897453,0.045045045045045,0.0641968522755559,0.0659462781159573,0.0652489000687673,0.062036341897453,0.045045045045045,0.0742453404185628,0.0832045741991262,0.0780333865087089,0.0690345296270317,0.045045045045045,0.0106106106106106,0.0014914914914914,0.0060497997997998,0.0180096763430096,0.045045045045045,0.1061061061061061,0.1491491491491491,0.1209959959959959,0.0900483817150483,0.4733034645290722,0.4787745625570476,0.4885053422424246,0.4798404613317333,0.4774042955829713,30music,sasrec,32,2048,128,42
10.164 7.178 5.85 5.018 4.43 4.017 3.703,12.318 11.739 11.748 11.101 12.219 11.83 11.313 10.377 11.119 10.299 9.86 10.661 10.392 9.952 9.238 10.378 9.795 9.652 9.51 9.297 8.681 8.644 9.794 8.12 9.207 7.861 7.226 7.415 6.794 6.694 7.398 7.966 8.006 7.152 7.804 7.509 6.767 6.648 7.098 7.104 7.164 6.288 6.574 6.675 7.04 6.6 6.91 6.912 7.375 6.919 6.384 5.999 4.849 6.284 5.23 5.174 4.966 5.872 4.98 6.547 5.284 5.244 5.852 6.171 5.933 5.822 5.485 5.933 4.986 6.788 6.182 5.634 5.703 6.735 5.472 6.797 5.166 6.342 3.738 3.921 4.57 4.652 4.899 4.188 5.219 4.681 5.197 4.586 5.311 4.642 4.861 4.647 5.151 4.939 4.683 5.79 4.77 5.449 5.909 5.775 5.634 5.031 5.857 5.405 3.654 3.755 3.373 3.421 3.116 3.861 4.159 4.75 4.032 3.385 4.998 4.216 4.059 4.873 3.855 4.86 3.966 5.04 4.446 4.572 4.83 5.1 4.871 4.693 4.1 4.595 2.756 3.021 2.699 3.354 3.007 3.341 3.089 3.644 3.232 4.525 3.666 4.231 4.75 4.733 4.161 4.884 4.372 3.463 4.591 3.702 5.065 4.986 5.684 4.625 4.366 4.115 2.141 2.706 2.544 3.13 2.718 2.949 4.181 3.003 3.515 3.447 3.897 3.871 3.558 3.416 3.914 4.733 3.694 4.317 3.894 3.944 4.16 4.766 5.184 3.94 4.113 3.645,42.055,0.018708,3.337860107421875e-06,4.455235958099365,0.0058283127861195,0.0237323477100678,0.0719514169482651,0.0343946236225788,0.0158211824034556,0.0114698031364698,0.0544294294294294,0.1286703370036703,0.0747831164497831,0.0371204537871204,0.0114698031364698,0.0228375862635121,0.0255262282665226,0.024228238781114,0.0205413747080413,0.0114698031364698,0.0228375862635121,0.0255262282665226,0.024228238781114,0.0205413747080413,0.0114698031364698,0.0302323049464905,0.0451782115230869,0.0353509244463666,0.0246484009813327,0.0114698031364698,0.0054429429429429,0.0012867033700367,0.0037391558224891,0.007424090757424,0.0114698031364698,0.0544294294294294,0.1286703370036703,0.0747831164497831,0.0371204537871204,0.4010171549857008,0.4172939071886591,0.4447720427338546,0.4238771811321387,0.4114388184251357,30music,sasrec,32,32,256,42
10.265 7.442 6.304 5.588 5.059 4.658,12.373 11.934 11.977 11.386 12.353 11.998 11.431 10.451 11.226 10.337 9.884 10.738 10.447 9.957 9.423 10.444 9.887 9.664 9.432 9.225 8.819 8.74 9.943 8.297 9.328 8.052 7.416 7.53 6.899 6.863 7.638 8.085 8.163 7.374 7.985 7.747 7.039 6.957 7.312 7.356 7.475 6.694 6.917 6.983 7.368 6.907 7.321 7.285 7.8 7.237 6.699 6.396 5.095 6.735 5.629 5.563 5.376 6.395 5.349 6.953 5.723 5.764 6.268 6.577 6.434 6.35 6.02 6.408 5.544 7.243 6.765 6.099 6.232 7.265 5.979 7.283 5.568 6.912 4.204 4.442 5.209 5.171 5.408 4.787 5.692 5.246 5.867 5.222 5.876 5.2 5.547 5.226 5.796 5.413 5.194 6.502 5.302 6.09 6.499 6.387 6.255 5.689 6.505 6.056 4.213 4.422 4.002 4.031 3.65 4.381 4.864 5.402 4.712 3.986 5.765 4.921 4.721 5.554 4.35 5.448 4.591 5.777 4.961 5.174 5.575 5.678 5.548 5.313 4.709 5.237 3.31 3.741 3.23 4.039 3.603 3.934 3.627 4.33 3.97 5.272 4.345 4.845 5.536 5.487 4.887 5.707 4.921 3.977 5.275 4.268 5.918 5.633 6.204 5.188 5.052 4.651,45.174,0.021181,0.0228729248046875,4.6051554679870605,0.0064793477249945,0.0272539070707905,0.0733258240414457,0.038838195427599,0.0182381639666513,0.0194778111444778,0.0716549883216549,0.1373039706373039,0.0912579245912579,0.0522188855522188,0.0194778111444778,0.033540319419949,0.036016925563504,0.0348888686695775,0.030983761539317,0.0194778111444778,0.033540319419949,0.036016925563504,0.0348888686695775,0.030983761539317,0.0194778111444778,0.0424826737231256,0.0558537157188804,0.0474238046197213,0.036234761714775,0.0194778111444778,0.0071654988321654,0.001373039706373,0.0045628962295628,0.0104437771104437,0.0194778111444778,0.0716549883216549,0.1373039706373039,0.0912579245912579,0.0522188855522188,0.4049588694424789,0.4200204897374097,0.4458957892319907,0.4262640150924164,0.4146080552650579,30music,sasrec,32,64,256,42
10.332 7.678 6.7 6.128 5.704,12.405 12.107 12.132 11.631 12.451 11.986 11.464 10.417 11.17 10.39 9.892 10.749 10.449 9.965 9.544 10.504 9.927 9.7 9.495 9.273 8.882 8.877 10.107 8.433 9.449 8.251 7.56 7.671 7.001 7.067 7.814 8.329 8.318 7.55 8.206 7.99 7.342 7.138 7.521 7.642 7.796 6.992 7.22 7.243 7.523 7.136 7.618 7.598 8.173 7.518 7.016 6.738 5.39 7.081 5.989 5.958 5.582 6.774 5.729 7.351 6.09 6.208 6.77 6.933 6.794 6.79 6.446 6.727 5.91 7.759 7.221 6.541 6.54 7.674 6.356 7.651 5.981 7.219 4.573 4.854 5.788 5.637 5.901 5.327 6.219 5.776 6.461 5.83 6.41 5.807 6.08 5.672 6.354 6.062 5.698 6.993 5.858 6.639 7.005 7.06 6.796 6.314 7.133 6.701 4.817 5.108 4.464 4.586 4.229 5.019 5.526 6.021 5.342 4.669 6.434 5.541 5.335 6.096 5.04 6.08 5.172 6.484 5.603 5.819 6.322 6.31 6.16 6.05 5.341 5.893,50.92,0.025552,0.0228729248046875,5.531218528747559,0.0062979305815338,0.0243271203702746,0.0518611906246375,0.0321269093293191,0.0172920391172104,0.0298631965298631,0.0762012012012012,0.1225392058725392,0.0890056723390056,0.0619369369369369,0.0298631965298631,0.0434941555311925,0.04517167296922,0.0443741984837114,0.0415936770103436,0.0298631965298631,0.0434941555311925,0.04517167296922,0.0443741984837114,0.0415936770103436,0.0298631965298631,0.0512617202953659,0.0605874394947163,0.0544887347848637,0.0466517156191639,0.0298631965298631,0.0076201201201201,0.0012253920587253,0.0044502836169502,0.0123873873873873,0.0298631965298631,0.0762012012012012,0.1225392058725392,0.0890056723390056,0.0619369369369369,0.3934172584529024,0.4022423637657594,0.4242095662956361,0.4068735068410198,0.3988044879192108,30music,sasrec,32,128,256,42
10.391 7.89 7.039 6.581 6.264 6.022,12.466 12.196 12.252 11.714 12.449 12.038 11.445 10.368 11.191 10.371 9.925 10.78 10.504 10.042 9.645 10.58 9.962 9.742 9.515 9.249 9.034 8.96 10.207 8.608 9.609 8.365 7.68 7.813 7.117 7.192 8.06 8.524 8.451 7.694 8.412 8.217 7.621 7.284 7.681 7.888 8.028 7.288 7.457 7.47 7.766 7.406 7.86 7.909 8.37 7.747 7.375 7.013 5.618 7.358 6.326 6.262 5.865 7.131 6.0 7.683 6.432 6.458 7.083 7.314 7.161 7.171 6.788 7.151 6.288 8.119 7.61 6.881 6.892 8.042 6.72 8.018 6.355 7.558 4.982 5.238 6.272 6.029 6.378 5.733 6.711 6.179 6.909 6.25 6.915 6.459 6.502 6.106 6.793 6.511 6.127 7.45 6.376 7.196 7.44 7.507 7.233 6.813 7.648 7.204 5.285 5.697 4.936 5.207 4.721 5.55 6.121 6.524 5.917 5.135 6.974 6.18 5.947 6.637 5.594 6.709 5.757 7.222 6.089 6.436 7.019 6.803 6.708 6.616 5.879 6.402 4.49 4.983 4.413 5.304 4.925 5.398 5.022 5.637 5.442 6.893 5.714 6.233 6.998 6.992 6.198 7.138 6.446 5.238 6.837 5.578 7.366 6.761 7.513 6.715 6.53 5.969,60.786,0.033113,0.0228729248046875,8.24864912033081,0.0087906939894663,0.037975889891276,0.0922620995474905,0.0532333012982807,0.0255476673544443,0.0315732399065732,0.0948865532198865,0.1529029029029029,0.1131548214881548,0.0749916583249916,0.0315732399065732,0.0498867750025157,0.0521531597704235,0.0511722970617091,0.0472312590368146,0.0315732399065732,0.0498867750025157,0.0521531597704235,0.0511722970617091,0.0472312590368146,0.0315732399065732,0.0605562839597213,0.072495722524004,0.0651964695803031,0.0541223824101144,0.0315732399065732,0.0094886553219886,0.001529029029029,0.0056577410744077,0.0149983316649983,0.0315732399065732,0.0948865532198865,0.1529029029029029,0.1131548214881548,0.0749916583249916,0.425772378717031,0.44102926459093,0.4611464896716162,0.4462699155483818,0.4357889345014345,30music,sasrec,32,256,256,42
10.436 8.067 7.319 6.932 6.685 6.52,12.507 12.225 12.305 11.722 12.443 12.017 11.429 10.37 11.159 10.373 10.005 10.793 10.575 10.082 9.787 10.628 9.981 9.782 9.522 9.281 9.153 9.016 10.287 8.783 9.763 8.48 7.827 7.868 7.217 7.296 8.316 8.692 8.554 7.855 8.564 8.394 7.816 7.404 7.867 8.066 8.247 7.553 7.635 7.698 7.922 7.594 8.094 8.063 8.625 8.014 7.575 7.244 5.792 7.612 6.597 6.537 6.056 7.453 6.339 7.851 6.772 6.713 7.412 7.598 7.411 7.524 7.013 7.433 6.582 8.374 8.015 7.142 7.183 8.366 6.959 8.217 6.596 7.767 5.308 5.648 6.655 6.373 6.666 6.164 7.083 6.559 7.3 6.697 7.303 6.878 6.894 6.424 7.212 6.903 6.48 7.775 6.732 7.628 7.725 7.928 7.504 7.194 7.965 7.628 5.699 6.132 5.219 5.572 5.148 5.98 6.537 6.969 6.393 5.589 7.492 6.541 6.412 7.0 5.968 7.155 6.071 7.618 6.54 6.94 7.555 7.122 7.106 7.079 6.285 6.724 4.826 5.55 4.868 5.771 5.437 5.951 5.572 6.095 6.097 7.439 6.24 6.851 7.385 7.518 6.637 7.7 6.962 5.735 7.356 5.933 7.778 7.136 7.979 7.287 7.131 6.45,84.152,0.051051,0.0228729248046875,13.732637882232666,0.0103488146456452,0.0436514907781532,0.100083704492141,0.0597872826582434,0.0297064831368172,0.0363697030363697,0.1021438104771438,0.1559893226559893,0.1198698698698698,0.0825825825825825,0.0363697030363697,0.05589577672911,0.0580408501687042,0.0571380918914888,0.0532796685574463,0.0363697030363697,0.05589577672911,0.0580408501687042,0.0571380918914888,0.0532796685574463,0.0363697030363697,0.0669032453403274,0.0780558424040524,0.0714006539202096,0.0605726182617194,0.0363697030363697,0.0102143810477143,0.0015598932265598,0.0059934934934934,0.0165165165165165,0.0363697030363697,0.1021438104771438,0.1559893226559893,0.1198698698698698,0.0825825825825825,0.442668137584496,0.4559490909588449,0.471392232478084,0.4601033367829037,0.4515324025202542,30music,sasrec,32,512,256,42
10.52 8.232 7.542 7.206 7.009 6.893 6.792 6.683 6.6 6.532 6.469 6.391 6.354,12.552 12.296 12.348 11.807 12.469 12.063 11.478 10.447 11.192 10.451 10.154 10.902 10.63 10.178 9.861 10.692 10.054 9.853 9.578 9.359 9.284 9.148 10.409 8.959 9.856 8.584 7.962 7.991 7.338 7.483 8.458 8.803 8.712 7.955 8.747 8.555 7.952 7.544 8.08 8.255 8.49 7.723 7.863 7.922 8.0 7.791 8.302 8.22 8.803 8.13 7.786 7.452 6.046 7.758 6.802 6.771 6.3 7.609 6.498 8.013 7.077 6.989 7.615 7.826 7.621 7.849 7.288 7.743 6.816 8.558 8.323 7.415 7.392 8.629 7.168 8.374 6.855 7.936 5.514 5.862 6.872 6.581 6.889 6.478 7.347 6.774 7.605 7.088 7.606 7.277 7.16 6.673 7.487 7.131 6.771 8.009 7.07 7.886 7.907 8.141 7.777 7.516 8.216 7.872 5.898 6.428 5.621 5.882 5.469 6.261 6.96 7.308 6.67 6.017 7.789 6.976 6.85 7.267 6.344 7.518 6.383 8.026 6.809 7.306 7.875 7.397 7.365 7.465 6.7 7.107 5.203 5.812 5.305 6.165 5.937 6.378 6.064 6.475 6.529 7.881 6.621 7.238 7.854 7.817 6.976 7.973 7.335 6.006 7.683 6.295 8.095 7.389 8.293 7.604 7.544 6.798 4.499 5.732 5.569 6.032 5.809 5.834 7.471 6.302 6.742 6.55 7.287 6.78 6.699 6.049 7.227 8.15 6.797 7.185 7.268 6.843 7.126 7.98 8.349 6.753 7.131 6.687 4.749 5.169 6.013 5.114 6.415 6.667 6.402 5.845 6.571 7.08 6.426 7.144 6.467 6.88 8.244 6.619 7.145 6.628 6.497 6.895 7.46 7.409 7.828 8.17 7.796 7.206 4.729 5.606 5.984 5.58 5.29 5.739 6.113 5.813 5.371 5.56 6.123 6.669 6.713 7.38 6.812 7.033 7.185 6.389 7.48 6.521 7.688 7.03 7.078 7.442 7.097 7.08 5.355 5.55 5.912 4.671 5.53 6.05 6.324 6.425 5.877 7.134 5.766 6.896 6.336 6.574 7.089 7.521 6.794 7.335 7.297 8.226 7.121 7.275 6.804 6.84 8.099 7.255 5.387 5.131 5.491 5.534 5.43 5.813 5.717 6.166 5.778 5.851 7.106 6.325 6.988 6.004 6.981 6.976 7.936 7.163 7.831 7.729 7.133 7.814 7.319 6.889 6.935 6.681 5.577 5.322 4.757 5.403 6.418 6.196 5.715 5.582 6.436 7.735 6.804 6.351 6.39 6.382 6.763 6.773 6.388 7.939 7.534 7.53 7.291 6.797 7.505 7.298 6.619 7.406 4.498 5.371 4.154 4.918 6.003 5.825 6.142 5.665 5.406 6.536 5.556 5.845 6.594 6.626 7.657 6.581 7.474 7.043 7.219 7.056 7.072 7.134 7.06 7.655 7.262 7.548,137.51,0.092015,0.0228729248046875,25.324594497680664,0.0141057570089594,0.0618104282707616,0.1664238203005783,0.0873822080303494,0.0415238580766797,0.0406239572906239,0.115407073740407,0.1720887554220887,0.1327577577577577,0.094678011344678,0.0406239572906239,0.0630740528888677,0.0652717490875701,0.064294777331198,0.0603123957290623,0.0406239572906239,0.0630740528888677,0.0652717490875701,0.064294777331198,0.0603123957290623,0.0406239572906239,0.0755530830553837,0.0871922553790224,0.079960296508403,0.0688545189005827,0.0406239572906239,0.0115407073740407,0.0017208875542208,0.0066378878878878,0.0189356022689356,0.0406239572906239,0.115407073740407,0.1720887554220887,0.1327577577577577,0.094678011344678,0.4890689572052999,0.4992803481989981,0.5197318207030835,0.5032789138349709,0.4961479044529335,30music,sasrec,32,1024,256,42
10.623 8.351 7.681 7.352 7.168 7.07 6.989 6.891 6.815 6.759 6.699,12.614 12.36 12.427 11.952 12.548 12.139 11.622 10.592 11.314 10.57 10.299 10.995 10.8 10.313 10.027 10.781 10.17 9.925 9.689 9.492 9.449 9.234 10.47 9.033 9.938 8.685 8.046 8.103 7.461 7.582 8.643 8.902 8.803 8.06 8.866 8.692 8.092 7.68 8.184 8.363 8.637 7.896 7.956 8.022 8.169 7.916 8.505 8.316 8.863 8.297 7.975 7.643 6.179 7.925 6.989 6.94 6.385 7.748 6.595 8.126 7.188 7.102 7.739 7.988 7.795 7.991 7.44 7.84 7.014 8.671 8.455 7.508 7.552 8.798 7.309 8.511 7.043 8.035 5.71 6.021 7.057 6.716 7.037 6.613 7.523 6.923 7.678 7.22 7.771 7.445 7.275 6.79 7.67 7.332 6.952 8.113 7.17 8.104 8.044 8.327 7.896 7.653 8.311 8.015 6.073 6.643 5.785 6.039 5.712 6.479 7.131 7.401 6.906 6.227 7.964 7.135 7.082 7.48 6.527 7.7 6.478 8.195 6.92 7.456 8.085 7.478 7.573 7.613 6.904 7.157 5.418 6.026 5.566 6.338 6.05 6.55 6.27 6.632 6.77 8.111 6.78 7.372 7.905 7.96 7.27 8.126 7.515 6.115 7.847 6.519 8.259 7.488 8.44 7.743 7.747 6.961 4.675 5.942 5.668 6.227 6.035 6.011 7.723 6.572 6.96 6.742 7.492 6.942 6.829 6.195 7.393 8.344 6.967 7.368 7.441 7.072 7.263 8.156 8.455 6.883 7.444 6.905 4.909 5.373 6.203 5.33 6.588 6.941 6.584 6.087 6.816 7.206 6.622 7.351 6.677 7.047 8.467 6.873 7.374 6.862 6.788 7.247 7.62 7.597 7.97 8.295 7.99 7.446 4.984 5.854 6.276 5.816 5.521 5.994 6.196 6.06 5.586 5.808 6.438 6.868 6.98 7.525 7.021 7.233 7.321 6.676 7.784 6.813 7.997 7.247 7.277 7.588 7.232 7.239 5.441 5.864 6.131 4.915 5.772 6.184 6.539 6.709 6.072 7.279 6.027 7.221 6.517 6.867 7.288 7.732 7.008 7.632 7.575 8.418 7.287 7.442 6.984 6.99 8.288 7.355 5.683 5.355 5.739 5.769 5.781 6.086 5.916 6.332 6.036 6.078 7.323 6.613 7.228 6.235 7.225 7.231 8.174 7.474 7.999 7.887 7.349 7.985 7.611 7.121 7.07 6.885,207.81,0.14612,3.337860107421875e-06,36.04861402511597,0.014943950140139,0.0656155954443629,0.1625336856040903,0.0915938414620844,0.0443117113951782,0.0482982982982983,0.1200367033700367,0.174341007674341,0.1388471805138471,0.0983066399733066,0.0482982982982983,0.070178495294236,0.072368177704828,0.0714913568994236,0.0672561450339228,0.0482982982982983,0.070178495294236,0.072368177704828,0.0714913568994236,0.0672561450339228,0.0482982982982983,0.0820660869233716,0.0933483764307216,0.0868310934996103,0.0750160767390831,0.0482982982982983,0.0120036703370036,0.0017434100767434,0.0069423590256923,0.0196613279946613,0.0482982982982983,0.1200367033700367,0.174341007674341,0.1388471805138471,0.0983066399733066,0.4996400079377096,0.5066673622159684,0.5196219657398533,0.5086031017881081,0.5045028218167816,30music,sasrec,32,1512,256,42
10.666 8.415 7.768 7.458 7.285 7.201 7.144 7.077 7.014 6.954 6.885 6.815,12.659 12.392 12.455 11.98 12.573 12.176 11.66 10.653 11.343 10.609 10.363 11.031 10.846 10.354 10.044 10.832 10.24 9.988 9.712 9.471 9.512 9.243 10.518 9.101 9.999 8.726 8.145 8.16 7.555 7.659 8.671 8.995 8.833 8.084 8.896 8.739 8.17 7.739 8.257 8.43 8.682 7.973 8.099 8.141 8.213 8.006 8.533 8.335 8.987 8.34 8.059 7.625 6.238 8.006 7.084 7.027 6.476 7.849 6.7 8.159 7.332 7.143 7.885 8.073 7.892 8.048 7.56 7.933 7.144 8.773 8.551 7.66 7.619 8.869 7.396 8.574 7.143 8.136 5.794 6.057 7.194 6.846 7.137 6.795 7.605 7.049 7.815 7.293 7.867 7.521 7.349 6.926 7.772 7.427 7.034 8.226 7.336 8.19 8.065 8.461 7.936 7.853 8.493 8.115 6.1 6.72 5.793 6.183 5.855 6.552 7.268 7.477 6.988 6.292 8.083 7.226 7.198 7.573 6.636 7.754 6.719 8.286 7.078 7.63 8.156 7.614 7.631 7.735 6.985 7.251 5.521 6.175 5.672 6.402 6.214 6.715 6.415 6.775 6.89 8.263 6.912 7.487 8.0 8.107 7.342 8.202 7.626 6.342 8.022 6.636 8.337 7.641 8.472 7.836 7.952 7.071 4.817 6.076 5.876 6.449 6.159 6.169 7.795 6.819 7.182 6.904 7.572 7.166 7.024 6.394 7.54 8.487 7.104 7.483 7.691 7.207 7.409 8.358 8.596 7.182 7.627 7.086 5.108 5.542 6.393 5.629 6.815 7.142 6.771 6.335 6.994 7.334 6.872 7.571 6.968 7.18 8.647 7.081 7.535 7.005 6.939 7.442 7.794 7.815 8.147 8.467 8.19 7.548 5.216 6.019 6.549 5.987 5.742 6.237 6.494 6.244 5.887 6.032 6.559 7.128 7.159 7.718 7.295 7.39 7.48 6.811 7.915 6.937 8.127 7.391 7.49 7.707 7.422 7.526 5.594 6.018 6.344 5.116 6.087 6.437 6.715 6.877 6.245 7.503 6.225 7.419 6.661 7.109 7.486 8.0 7.214 7.763 7.743 8.598 7.513 7.689 7.148 7.143 8.454 7.604 5.81 5.583 5.91 6.159 6.015 6.164 6.21 6.515 6.196 6.257 7.587 6.686 7.44 6.515 7.364 7.324 8.325 7.557 8.138 8.096 7.542 8.185 7.838 7.327 7.313 7.082 6.276 5.835 5.212 5.687 6.799 6.708 6.333 5.913 6.816 8.272 7.36 6.849 6.849 6.883 7.166 7.207 6.868 8.311 7.93 7.946 7.72 7.17 7.975 7.682 6.949 7.835,276.92,0.19922,0.0228729248046875,47.877188205718994,0.0158257752425306,0.0678224546198794,0.1654524348362251,0.093650285157896,0.0463199302807028,0.0507173840507173,0.1228311644978311,0.1741741741741741,0.1385135135135135,0.1024774774774774,0.0507173840507173,0.0726577768244434,0.0746803995858034,0.073761141533616,0.0699150539428317,0.0507173840507173,0.0726577768244434,0.0746803995858034,0.073761141533616,0.0699150539428317,0.0507173840507173,0.0846408219312263,0.0952463771790165,0.0886244865780128,0.0780323746652549,0.0507173840507173,0.0122831164497831,0.0017417417417417,0.0069256756756756,0.0204954954954954,0.0507173840507173,0.1228311644978311,0.1741741741741741,0.1385135135135135,0.1024774774774774,0.5116426864030499,0.5166420907874327,0.5274013235463294,0.5177472171362235,0.5155891696654163,30music,sasrec,32,2048,256,42
9.773 6.79 5.57 4.809 4.286,12.78 11.764 11.448 11.217 11.995 11.134 10.766 10.497 10.423 10.494 10.179 9.418 9.059 8.734 9.086 8.702 8.548 7.86 8.656 9.089 7.766 7.934 8.355 7.62 7.444 7.411 6.699 6.423 6.26 6.842 6.936 6.681 7.113 6.826 6.604 7.072 6.983 7.811 6.142 6.231 6.769 6.791 7.113 6.914 7.404 6.634 7.049 6.15 7.534 6.602 7.046 7.279 5.09 5.606 5.383 5.596 5.353 6.422 5.721 5.305 6.23 5.77 6.43 5.709 5.421 7.049 4.542 5.851 4.91 5.503 5.092 5.08 5.67 6.28 6.046 5.862 6.074 6.459 4.228 3.79 4.617 5.378 4.541 4.781 4.895 4.742 4.64 4.362 5.572 5.101 3.918 4.636 4.895 4.782 5.09 5.166 4.825 4.715 4.746 5.33 5.417 5.84 5.053 4.677 3.398 3.469 3.683 3.502 3.856 3.207 4.631 4.451 3.905 4.018 4.379 5.077 4.645 5.295 4.04 5.612 5.112 4.476 4.149 4.917 4.808 4.106 4.868 4.978 4.745 4.304,44.121,0.020387,3.337860107421875e-06,4.615425109863281,0.0057743469269887,0.0229423793891753,0.0538682613003934,0.0309499943163616,0.0160508243572034,0.0225225225225225,0.0557640974307641,0.1045211878545211,0.0684017350684017,0.0439606272939606,0.0225225225225225,0.0318835866289569,0.0336349839868172,0.03276768577587,0.0303303303303303,0.0225225225225225,0.0318835866289569,0.0336349839868172,0.03276768577587,0.0303303303303303,0.0225225225225225,0.0375139551607862,0.0472996287225203,0.0407173551794882,0.0337188617655579,0.0225225225225225,0.0055764097430764,0.0010452118785452,0.00342008675342,0.0087921254587921,0.0225225225225225,0.0557640974307641,0.1045211878545211,0.0684017350684017,0.0439606272939606,0.3921341825479114,0.4030746885473625,0.4264189063829205,0.4081116114640923,0.3991176439416648,30music,sasrec,32,32,512,42
9.878 7.065 6.013 5.367 4.909,12.815 12.011 11.733 11.455 12.096 11.307 10.844 10.553 10.392 10.512 10.165 9.427 8.973 8.797 9.215 8.721 8.718 8.012 8.71 9.215 7.782 8.029 8.485 7.771 7.596 7.608 6.856 6.618 6.544 7.055 7.235 6.925 7.448 7.137 6.889 7.388 7.319 8.081 6.462 6.539 7.112 7.09 7.367 7.321 7.759 6.981 7.471 6.529 7.954 6.909 7.416 7.605 5.394 5.958 5.681 5.999 5.722 6.865 6.081 5.789 6.722 6.089 6.781 6.229 5.856 7.595 4.98 6.33 5.307 6.08 5.468 5.706 6.107 6.704 6.568 6.39 6.575 6.974 4.727 4.24 5.171 5.991 5.026 5.254 5.456 5.223 5.21 4.89 6.116 5.665 4.47 5.302 5.533 5.421 5.69 5.777 5.356 5.283 5.381 5.914 5.936 6.598 5.638 5.332 3.898 4.014 4.17 4.012 4.406 3.738 5.261 5.041 4.415 4.708 4.962 5.766 5.328 6.039 4.703 6.242 5.904 5.065 4.774 5.552 5.459 4.74 5.669 5.732 5.334 4.987,49.237,0.024274,0.0228729248046875,5.50681209564209,0.0067514734401857,0.0263054858018121,0.0590616140844003,0.0351788508946276,0.018613628561029,0.0285702369035702,0.0740323656990323,0.1232065398732065,0.0887971304637971,0.0601434768101434,0.0285702369035702,0.041935801542283,0.0438169002575026,0.0429641872162082,0.0401165053942831,0.0285702369035702,0.041935801542283,0.0438169002575026,0.0429641872162082,0.0401165053942831,0.0285702369035702,0.049553675617756,0.0596155761910892,0.0532913031509974,0.0450962663435684,0.0285702369035702,0.0074032365699032,0.001232065398732,0.0044398565231898,0.0120286953620286,0.0285702369035702,0.0740323656990323,0.1232065398732065,0.0887971304637971,0.0601434768101434,0.4044945808794111,0.4164083470329254,0.4379548515380349,0.4211793170831008,0.4124660129017555,30music,sasrec,32,64,512,42
9.961 7.312 6.396 5.867 5.509,12.873 12.155 11.875 11.568 12.154 11.339 10.84 10.554 10.302 10.525 10.186 9.429 8.988 8.838 9.329 8.786 8.921 8.181 8.828 9.301 7.847 8.122 8.592 7.841 7.669 7.709 6.941 6.852 6.809 7.319 7.409 7.198 7.67 7.311 7.109 7.642 7.674 8.272 6.759 6.781 7.42 7.328 7.596 7.542 7.999 7.325 7.744 6.961 8.347 7.157 7.719 7.914 5.646 6.257 6.041 6.327 5.995 7.229 6.395 6.043 7.123 6.445 7.193 6.573 6.198 7.92 5.34 6.697 5.658 6.447 5.907 6.082 6.383 7.039 6.973 6.712 6.976 7.337 5.167 4.739 5.648 6.517 5.418 5.669 5.964 5.595 5.619 5.395 6.634 6.121 5.05 5.825 6.076 5.964 6.294 6.316 5.86 5.748 5.981 6.368 6.632 7.08 6.031 6.019 4.327 4.554 4.675 4.523 5.043 4.362 5.893 5.686 4.996 5.304 5.502 6.451 5.964 6.731 5.408 6.851 6.605 5.605 5.466 6.119 6.015 5.447 6.325 6.425 6.025 5.767,58.034,0.030886,3.337860107421875e-06,7.759954929351807,0.0076941536603205,0.0306342366299584,0.0672747585601908,0.0408854534452608,0.0214669298363456,0.0355355355355355,0.0848348348348348,0.1329662996329663,0.0998498498498498,0.0699449449449449,0.0355355355355355,0.0502696645057756,0.0521715967035261,0.0513093454639005,0.0482607607607607,0.0355355355355355,0.0502696645057756,0.0521715967035261,0.0513093454639005,0.0482607607607607,0.0355355355355355,0.0584951498785567,0.0684556917208066,0.0622883681676771,0.0536589003434631,0.0355355355355355,0.0084834834834834,0.0013296629963296,0.0049924924924924,0.0139889889889889,0.0355355355355355,0.0848348348348348,0.1329662996329663,0.0998498498498498,0.0699449449449449,0.4116322075298857,0.4226055448713741,0.4435643862742799,0.4273199443455249,0.4185039268121617,30music,sasrec,32,128,512,42
10.041 7.529 6.723 6.292 6.022,12.905 12.261 11.933 11.613 12.185 11.42 10.864 10.574 10.297 10.542 10.244 9.481 9.05 8.934 9.434 8.822 9.023 8.362 8.915 9.386 7.96 8.24 8.71 8.029 7.806 7.832 7.125 7.025 7.018 7.584 7.612 7.47 7.845 7.529 7.395 7.845 7.885 8.465 6.967 7.022 7.661 7.593 7.757 7.731 8.234 7.616 8.033 7.289 8.651 7.446 7.981 8.088 5.923 6.54 6.344 6.675 6.252 7.516 6.741 6.355 7.377 6.703 7.519 6.908 6.51 8.199 5.62 6.988 5.969 6.907 6.185 6.56 6.718 7.3 7.424 7.047 7.356 7.644 5.547 5.141 6.031 6.966 5.884 6.085 6.307 5.997 6.011 5.841 7.089 6.574 5.508 6.337 6.58 6.418 6.862 6.806 6.261 6.126 6.596 6.804 7.073 7.549 6.49 6.548 4.747 5.02 5.158 4.958 5.608 4.742 6.433 6.186 5.385 5.883 6.048 6.944 6.589 7.245 5.899 7.37 7.225 6.108 6.06 6.65 6.639 5.961 6.846 7.051 6.586 6.4,73.145,0.042598,0.0228729248046875,12.610360622406006,0.008167216085041,0.0337194762785602,0.0736863619088298,0.0451854990291886,0.0234831861902514,0.0407073740407073,0.0932599265932599,0.1407657657657657,0.1093176509843176,0.0759509509509509,0.0407073740407073,0.0562897222619444,0.0581639612454626,0.0573939254822682,0.0539504782560338,0.0407073740407073,0.0562897222619444,0.0581639612454626,0.0573939254822682,0.0539504782560338,0.0407073740407073,0.0650653031219701,0.0748738851071389,0.0691126140553013,0.0594383146679979,0.0407073740407073,0.0093259926593259,0.0014076576576576,0.0054658825492158,0.0151901901901901,0.0407073740407073,0.0932599265932599,0.1407657657657657,0.1093176509843176,0.0759509509509509,0.4178894116745549,0.4294385962379967,0.448534907063769,0.4336855098848049,0.4254374662764214,30music,sasrec,32,256,512,42
10.167 7.737 6.996 6.622 6.412 6.262 6.158 6.06 5.98 5.905 5.817,12.957 12.352 12.029 11.755 12.27 11.533 10.969 10.704 10.4 10.668 10.351 9.6 9.162 9.087 9.592 8.929 9.197 8.534 9.081 9.514 8.114 8.371 8.829 8.152 7.926 7.96 7.31 7.237 7.225 7.818 7.838 7.701 8.061 7.734 7.609 8.035 8.171 8.597 7.199 7.26 7.912 7.841 7.977 7.926 8.367 7.802 8.215 7.556 8.902 7.687 8.179 8.327 6.088 6.779 6.54 6.858 6.519 7.803 6.959 6.635 7.68 6.847 7.808 7.184 6.781 8.505 5.872 7.265 6.233 7.176 6.459 6.891 6.936 7.475 7.805 7.321 7.604 7.886 5.808 5.438 6.403 7.307 6.16 6.408 6.629 6.285 6.383 6.233 7.35 6.807 5.902 6.699 6.968 6.811 7.222 7.199 6.551 6.423 6.966 7.139 7.508 7.853 6.823 6.964 5.075 5.426 5.522 5.297 5.962 5.227 6.876 6.569 5.837 6.269 6.357 7.397 6.983 7.656 6.295 7.742 7.728 6.493 6.472 7.027 7.035 6.261 7.211 7.524 6.877 6.796 4.35 5.091 5.38 5.574 6.804 5.634 5.697 6.229 5.93 6.051 6.915 6.655 6.635 5.821 6.88 6.918 5.668 6.229 6.885 6.952 6.113 6.381 7.093 6.759 6.577 7.053 5.159 4.55 5.065 5.772 5.385 6.103 5.781 6.382 5.875 5.558 6.477 5.238 6.911 5.907 6.714 6.421 5.651 6.524 5.554 6.903 6.784 6.992 7.353 6.635 6.541 6.547 3.741 5.994 5.006 5.342 4.656 5.359 5.882 4.856 5.701 5.652 6.779 7.233 6.029 6.383 6.807 6.697 5.758 6.165 7.038 6.233 6.083 5.935 7.923 6.96 7.278 5.64 4.567 4.439 4.727 5.226 4.673 5.774 4.621 5.466 5.266 5.906 5.738 6.821 6.169 6.464 6.44 6.915 6.706 6.256 6.757 7.088 7.15 6.942 6.456 6.337 6.508 7.13 4.059 3.917 4.012 5.197 5.31 6.544 4.875 5.609 4.938 5.199 5.455 6.177 5.996 6.196 6.492 6.955 5.773 6.453 6.434 6.895 6.766 5.818 6.833 7.45 6.489 6.324 4.52 4.678 4.087 4.62 5.758 6.6 6.295 5.787 6.032 5.881 6.564 7.014 5.643 6.241 5.646 6.167 6.124 5.873 6.768 5.784 5.992 6.79 5.568 6.665 6.022 6.011,110.0,0.070741,0.0228729248046875,22.3102068901062,0.0135695430469583,0.0623879777844373,0.1770229446758087,0.0905191171185446,0.0409210479480917,0.0374124124124124,0.1151985318651985,0.1818068068068068,0.1393476810143477,0.0902152152152152,0.0374124124124124,0.0599271559919708,0.0626730940618565,0.0616089139473785,0.0565509954398843,0.0374124124124124,0.0599271559919708,0.0626730940618565,0.0616089139473785,0.0565509954398843,0.0374124124124124,0.0730365290802211,0.0869783729071327,0.079149973973638,0.0649154382448712,0.0374124124124124,0.0115198531865198,0.001818068068068,0.0069673840507173,0.018043043043043,0.0374124124124124,0.1151985318651985,0.1818068068068068,0.1393476810143477,0.0902152152152152,0.485730961662156,0.4984383431516812,0.5158870418998105,0.5023213168673655,0.4946019482851225,30music,sasrec,32,512,512,42
10.274 7.92 7.225 6.888 6.72 6.613 6.544 6.479 6.429 6.381 6.315,13.015 12.418 12.112 11.862 12.328 11.628 11.094 10.794 10.498 10.746 10.459 9.735 9.263 9.206 9.741 9.025 9.314 8.692 9.2 9.63 8.231 8.471 8.956 8.315 8.061 8.099 7.509 7.428 7.448 8.024 8.038 7.953 8.193 7.916 7.803 8.195 8.317 8.765 7.382 7.52 8.089 8.016 8.098 8.11 8.576 7.975 8.413 7.808 9.127 7.842 8.352 8.523 6.278 6.942 6.786 7.092 6.705 8.017 7.153 6.834 7.867 7.039 7.98 7.421 6.936 8.706 6.041 7.52 6.471 7.47 6.675 7.247 7.086 7.707 8.109 7.592 7.902 8.111 6.079 5.729 6.661 7.623 6.44 6.642 6.866 6.529 6.691 6.563 7.629 7.088 6.245 7.01 7.3 7.109 7.55 7.491 6.825 6.649 7.201 7.339 7.842 8.057 7.043 7.308 5.36 5.733 5.806 5.61 6.278 5.604 7.142 6.878 6.105 6.579 6.677 7.694 7.294 8.029 6.701 8.006 8.035 6.788 6.802 7.277 7.361 6.556 7.582 7.879 7.202 7.173 4.631 5.477 5.79 5.992 7.142 6.002 6.075 6.65 6.239 6.402 7.303 6.987 6.998 6.174 7.269 7.321 6.038 6.581 7.316 7.169 6.531 6.684 7.507 7.049 6.862 7.384 5.548 4.965 5.457 6.198 5.81 6.516 6.213 6.701 6.229 6.003 6.94 5.611 7.325 6.298 7.093 6.906 6.082 6.943 5.963 7.338 7.219 7.25 7.741 7.113 6.916 7.072 4.085 6.39 5.475 5.855 5.093 5.829 6.375 5.386 6.181 6.006 7.172 7.662 6.47 6.803 7.303 7.088 6.219 6.555 7.394 6.548 6.44 6.327 8.335 7.338 7.661 6.018 5.032 4.804 5.215 5.801 5.211 6.342 5.127 5.917 5.691 6.326 6.174 7.337 6.632 6.928 6.979 7.34 7.179 6.743 7.177 7.421 7.539 7.266 6.819 6.828 6.847 7.502 4.526 4.4 4.416 5.68 5.784 7.115 5.43 6.159 5.367 5.736 6.142 6.718 6.533 6.761 7.001 7.377 6.232 7.007 6.924 7.365 7.358 6.261 7.296 7.813 6.9 6.744 5.008 5.274 4.63 5.224 6.319 7.124 6.865 6.289 6.566 6.397 7.112 7.617 6.115 6.785 6.098 6.594 6.612 6.339 7.254 6.297 6.506 7.223 5.876 7.031 6.414 6.445,203.5,0.14275,0.0228729248046875,41.70404005050659,0.015278079182842,0.0704679299270542,0.1873832414191413,0.1004120924860004,0.046582870317744,0.0460877544210877,0.1244577911244577,0.1852686019352686,0.1459376042709376,0.101393059726393,0.0460877544210877,0.0694695853260668,0.0719467512221262,0.0709654705833111,0.066359414970526,0.0460877544210877,0.0694695853260668,0.0719467512221262,0.0709654705833111,0.066359414970526,0.0460877544210877,0.0825655890818029,0.095240201851307,0.0880024667260489,0.0750753825662883,0.0460877544210877,0.0124457791124457,0.0018526860193526,0.0072968802135468,0.0202786119452786,0.0460877544210877,0.1244577911244577,0.1852686019352686,0.1459376042709376,0.101393059726393,0.5058372108819338,0.5144439740003446,0.5262570152004871,0.5164376653317888,0.5118289263831686,30music,sasrec,32,1024,512,42
9.532 6.594 5.451 4.741 4.225 3.843 3.543 3.306 3.141,12.758 11.433 10.934 11.138 11.885 10.854 10.689 10.039 10.444 9.092 9.869 9.274 8.686 8.598 9.079 8.301 8.531 8.246 8.337 7.87 5.987 6.944 7.278 7.778 7.638 7.512 6.903 6.997 6.612 7.039 7.195 6.669 6.542 6.461 7.045 6.409 4.644 5.925 6.639 6.532 6.467 5.301 6.458 6.387 6.991 5.904 6.202 5.909 5.625 6.951 6.611 6.368 5.007 5.129 4.71 5.252 5.335 5.225 4.696 4.943 5.908 4.843 6.264 6.501 5.345 5.643 4.818 5.767 5.023 5.165 5.185 5.794 5.548 5.215 6.527 4.976 5.748 4.826 4.517 5.422 4.098 4.247 4.245 4.156 4.41 4.482 3.898 5.077 4.877 4.372 5.18 5.894 5.144 5.469 4.794 4.894 4.184 5.67 4.285 5.773 4.812 5.426 4.647 4.473 3.474 3.016 3.07 2.956 2.988 3.623 5.649 3.869 4.092 4.633 4.536 3.958 4.031 4.698 5.082 3.602 4.356 4.153 4.508 3.68 4.821 4.061 3.472 3.582 4.661 3.821 2.873 3.393 3.056 3.731 3.376 3.501 3.468 3.336 3.169 3.36 4.455 3.203 4.558 4.177 3.542 4.501 4.208 4.201 3.9 3.472 4.362 4.727 2.959 4.382 4.878 4.363 2.593 2.591 3.723 3.366 3.58 3.413 3.212 3.364 3.287 3.512 3.46 3.312 3.38 3.095 3.476 4.495 3.652 3.801 4.332 4.403 4.259 4.025 4.506 4.149 3.963 4.498 2.173 2.786 2.746 3.285 3.827 2.547 2.744 3.444 2.552 3.336 3.694 3.704 3.655 3.157 3.371 3.82 4.234 3.312 3.765 3.849 3.734 3.549 3.813 3.914 4.014 4.298 1.744 2.076 1.97 2.348 2.911 2.364 2.327 3.2 2.553 3.405 3.189 3.225 3.141 3.712 3.459 3.173 4.18 3.222 3.218 3.908 3.439 3.555 4.667 3.416 3.943 4.096,57.998,0.030874,3.337860107421875e-06,47.89415979385376,0.0072532411091247,0.029782264981554,0.1014638526341654,0.0441153675247238,0.0198433612233486,0.0129295962629295,0.0610193526860193,0.1475225225225225,0.0852936269602936,0.0394561227894561,0.0129295962629295,0.0249196120723898,0.0280685105507378,0.0265905379827593,0.02202341230119,0.0129295962629295,0.0249196120723898,0.0280685105507378,0.0265905379827593,0.02202341230119,0.0129295962629295,0.0333160782612513,0.0507467308894412,0.0394365254262857,0.0263249588555262,0.0129295962629295,0.0061019352686019,0.0014752252252252,0.0042646813480146,0.0078912245578912,0.0129295962629295,0.0610193526860193,0.1475225225225225,0.0852936269602936,0.0394561227894561,0.4195134566690053,0.4336761023975802,0.4617908894933347,0.4404045533982225,0.4279288958683173,30music,sasrec,32,32,1024,42
9.656 6.901 5.906 5.301 4.861,12.792 11.71 11.199 11.295 11.917 10.997 10.845 10.042 10.459 9.068 9.918 9.274 8.821 8.641 9.138 8.404 8.764 8.595 8.466 7.927 6.144 7.166 7.397 8.047 7.802 7.743 7.041 7.234 6.898 7.175 7.415 6.902 6.955 6.731 7.236 6.687 4.857 6.291 6.933 6.823 6.868 5.591 6.842 6.779 7.293 6.423 6.504 6.296 5.951 7.384 7.122 6.744 5.399 5.537 5.082 5.621 5.687 5.644 5.048 5.309 6.294 5.234 6.724 6.839 5.794 6.074 5.299 6.311 5.449 5.609 5.687 6.236 6.043 5.675 7.006 5.446 6.268 5.238 5.093 5.902 4.517 4.676 4.734 4.713 4.988 4.995 4.439 5.613 5.388 4.995 5.862 6.553 5.744 6.149 5.361 5.54 4.804 6.399 4.861 6.419 5.479 5.97 5.151 5.024 4.023 3.523 3.646 3.59 3.491 4.174 6.187 4.484 4.757 5.254 5.207 4.627 4.602 5.441 5.768 4.276 4.972 4.807 5.182 4.254 5.563 4.734 4.11 4.198 5.352 4.549,63.943,0.03544,0.0228729248046875,7.094690322875977,0.0057353077948516,0.0241422585975076,0.0585104733954055,0.0332866011957456,0.0165640741238298,0.0271104437771104,0.0697364030697364,0.1224557891224557,0.0855021688355021,0.0555972639305972,0.0271104437771104,0.0395240313064387,0.0415258651379555,0.0406263406888693,0.0376119174730285,0.0271104437771104,0.0395240313064387,0.0415258651379555,0.0406263406888693,0.0376119174730285,0.0271104437771104,0.0466843739972538,0.057436172679864,0.0506802567606217,0.042086593657689,0.0271104437771104,0.0069736403069736,0.0012245578912245,0.0042751084417751,0.0111194527861194,0.0271104437771104,0.0697364030697364,0.1224557891224557,0.0855021688355021,0.0555972639305972,0.3829736407361463,0.3935103569500012,0.4155304261742422,0.3983829787410267,0.38956665069808,30music,sasrec,32,64,1024,42
9.742 7.131 6.247 5.757 5.417 5.165 4.951,12.848 11.893 11.372 11.369 11.947 10.975 10.9 9.977 10.389 9.033 9.946 9.283 8.98 8.693 9.243 8.43 8.954 8.836 8.603 8.071 6.331 7.321 7.525 8.289 7.93 7.923 7.223 7.476 7.169 7.319 7.476 7.148 7.228 6.982 7.442 6.862 5.062 6.546 7.186 7.052 7.199 5.84 7.092 7.097 7.515 6.856 6.836 6.569 6.216 7.674 7.393 7.058 5.685 5.834 5.391 5.875 5.995 5.983 5.356 5.56 6.677 5.656 7.048 7.06 6.074 6.397 5.645 6.706 5.731 5.989 6.01 6.591 6.352 6.051 7.401 5.883 6.729 5.626 5.491 6.205 4.829 5.135 5.105 5.2 5.459 5.438 4.878 5.968 5.837 5.437 6.445 6.988 6.228 6.683 5.908 6.031 5.329 6.87 5.316 6.822 5.918 6.418 5.631 5.528 4.44 3.959 4.124 4.071 3.917 4.631 6.681 4.98 5.4 5.868 5.705 5.18 5.159 5.986 6.382 4.842 5.475 5.269 5.813 4.949 6.329 5.346 4.658 4.782 5.955 5.088 3.958 4.515 4.328 4.995 4.608 4.731 4.832 4.799 4.601 4.625 5.705 4.398 6.037 5.802 4.863 6.107 5.584 5.585 5.29 4.575 5.951 6.005 4.128 5.851 6.264 5.682 3.878 4.027 5.065 5.04 5.153 4.886 4.614 4.682 4.791 5.083 4.867 4.651 4.819 4.553 4.914 6.315 5.184 5.36 5.822 5.919 5.769 5.559 6.232 5.541 5.411 5.892,75.533,0.044267,0.0228729248046875,10.987442016601562,0.0087218014033419,0.0415996399214165,0.1289278820926352,0.0624373508044931,0.0265546473216284,0.0231481481481481,0.0943443443443443,0.1716299632966299,0.1216216216216216,0.0671504838171504,0.0231481481481481,0.0423150498381979,0.0454498934904064,0.0441986483672858,0.0386845178511845,0.0231481481481481,0.0423150498381979,0.0454498934904064,0.0441986483672858,0.0386845178511845,0.0231481481481481,0.054530861551164,0.0706294229181253,0.0614163762338874,0.0457358264886574,0.0231481481481481,0.0094344344344344,0.0017162996329663,0.006081081081081,0.01343009676343,0.0231481481481481,0.0943443443443443,0.1716299632966299,0.1216216216216216,0.0671504838171504,0.4284802328092379,0.4471718484510735,0.4707419034252085,0.4538750141048924,0.4408305188639222,30music,sasrec,32,128,1024,42
9.836 7.357 6.564 6.159 5.899 5.726 5.586,12.884 12.032 11.487 11.42 11.998 10.987 10.945 9.976 10.407 9.074 9.991 9.357 9.093 8.828 9.315 8.517 9.082 9.036 8.724 8.138 6.549 7.471 7.59 8.469 8.087 8.072 7.336 7.632 7.447 7.496 7.654 7.308 7.521 7.196 7.572 7.061 5.209 6.726 7.443 7.296 7.54 6.038 7.329 7.395 7.768 7.179 7.139 6.846 6.436 7.981 7.663 7.334 6.03 6.07 5.695 6.146 6.313 6.308 5.618 5.878 6.917 5.858 7.347 7.284 6.348 6.649 5.972 7.062 6.084 6.268 6.334 6.884 6.654 6.37 7.811 6.221 7.09 5.903 5.829 6.517 5.142 5.462 5.443 5.552 5.948 5.829 5.273 6.371 6.159 5.864 6.869 7.437 6.669 7.088 6.319 6.46 5.757 7.299 5.769 7.203 6.423 6.837 5.97 6.013 4.824 4.363 4.589 4.53 4.344 5.119 7.103 5.422 5.957 6.236 6.292 5.666 5.592 6.455 6.843 5.383 5.954 5.712 6.299 5.434 6.929 5.914 5.188 5.277 6.392 5.649 4.411 4.931 4.843 5.608 5.139 5.298 5.479 5.336 5.318 5.164 6.283 4.904 6.634 6.542 5.344 6.815 6.066 6.157 5.835 5.018 6.552 6.347 4.682 6.387 6.952 6.211 4.464 4.653 5.607 5.711 5.898 5.637 5.32 5.281 5.459 5.858 5.537 5.348 5.601 5.22 5.496 6.975 5.909 5.971 6.391 6.529 6.409 6.178 6.842 6.122 5.969 6.453,97.291,0.060967,0.0228729248046875,18.781808376312256,0.0105267871597997,0.0509667352147898,0.1477332616850437,0.0755200529095061,0.03269068032577,0.0316149482816149,0.1102352352352352,0.1785118451785118,0.1329245912579245,0.0832916249582916,0.0316149482816149,0.0538676904417645,0.0566339440660379,0.0554587287088218,0.0502620676231787,0.0316149482816149,0.0538676904417645,0.0566339440660379,0.0554587287088218,0.0502620676231787,0.0316149482816149,0.0671861975128176,0.0814087647177333,0.0729429010073335,0.0584640115975672,0.0316149482816149,0.0110235235235235,0.0017851184517851,0.0066462295628962,0.0166583249916583,0.0316149482816149,0.1102352352352352,0.1785118451785118,0.1329245912579245,0.0832916249582916,0.4480504818471719,0.4669582237271508,0.4855653575092677,0.4727698470636879,0.4607163866117413,30music,sasrec,32,256,1024,42
9.961 7.562 6.828 6.479 6.27 6.153 6.061,12.939 12.134 11.641 11.557 12.09 11.102 11.061 10.109 10.514 9.157 10.104 9.483 9.201 8.932 9.379 8.637 9.228 9.231 8.834 8.255 6.778 7.634 7.718 8.632 8.256 8.263 7.482 7.793 7.719 7.657 7.811 7.441 7.859 7.386 7.769 7.258 5.408 6.962 7.648 7.449 7.82 6.237 7.55 7.603 7.992 7.516 7.335 7.069 6.653 8.204 7.935 7.576 6.313 6.375 5.942 6.388 6.6 6.551 5.881 6.068 7.167 6.126 7.511 7.465 6.639 6.839 6.291 7.347 6.298 6.482 6.599 7.112 6.907 6.661 8.064 6.499 7.332 6.162 6.199 6.713 5.38 5.779 5.748 5.826 6.271 6.13 5.641 6.637 6.426 6.19 7.242 7.75 6.999 7.414 6.577 6.905 6.035 7.605 6.136 7.501 6.902 7.17 6.32 6.326 5.118 4.754 4.876 4.948 4.663 5.455 7.411 5.737 6.395 6.51 6.718 6.124 5.903 6.831 7.245 5.804 6.248 6.079 6.728 5.88 7.399 6.352 5.558 5.611 6.737 6.058 4.854 5.295 5.344 6.042 5.588 5.734 5.945 5.842 5.828 5.624 6.729 5.29 6.985 7.167 5.697 7.301 6.552 6.57 6.272 5.388 7.066 6.753 5.033 6.718 7.421 6.579 4.967 5.199 6.011 6.413 6.545 6.105 5.943 5.741 5.926 6.383 6.065 5.85 6.098 5.737 5.987 7.565 6.371 6.477 6.933 7.02 6.892 6.623 7.303 6.451 6.379 6.89,148.16,0.10003,0.0228729248046875,34.370540618896484,0.0128151692288967,0.0612535465329231,0.1638093466571595,0.0885086018134825,0.0400024801331004,0.042042042042042,0.1202035368702035,0.1816816816816817,0.1413913913913914,0.097681014347681,0.042042042042042,0.0654636945146204,0.0679750082102882,0.0669375410209316,0.0624429985541096,0.042042042042042,0.0654636945146204,0.0679750082102882,0.0669375410209316,0.0624429985541096,0.042042042042042,0.0785103805880318,0.0913533939240923,0.0838711703478281,0.0712119753812546,0.042042042042042,0.0120203536870203,0.0018168168168168,0.0070695695695695,0.0195362028695362,0.042042042042042,0.1202035368702035,0.1816816816816817,0.1413913913913914,0.097681014347681,0.4752426355356112,0.4910445357836893,0.5026610516850292,0.4949639415973125,0.4863181827623875,30music,sasrec,32,512,1024,42
11.844 9.678 7.554 5.778 4.433 3.503 2.908 2.568,13.154 12.59 11.857 12.294 11.818 12.12 11.589 10.397 11.521 10.859 11.669 11.355 10.88 9.834 9.88 9.8 10.375 9.949 9.443 9.358 9.949 9.357 10.1 9.725 8.858 9.44 6.566 6.919 7.441 7.698 7.355 8.027 8.2 7.417 7.239 7.816 7.331 8.168 7.981 4.779 5.413 5.451 4.84 5.461 6.034 5.652 5.486 6.033 5.981 6.019 6.091 6.098 3.936 3.887 4.128 3.956 3.858 4.325 4.931 4.645 4.448 4.935 5.163 5.364 5.269 2.882 2.719 2.631 3.188 3.312 3.504 3.643 3.783 4.276 3.26 4.353 4.706 4.068 1.837 1.946 2.468 2.656 2.774 2.568 2.969 3.204 3.591 3.539 3.474 3.485 4.626 1.545 1.782 2.024 1.736 2.38 2.864 2.622 2.818 3.319 3.089 3.458 3.758 4.458,21.581,0.018658,0.0234251022338867,62.6989860534668,0.0092775349314116,0.0312404913878526,0.0688914379145754,0.0404617640405961,0.0231743177624606,0.0291541541541541,0.0607273940607273,0.0963463463463463,0.0724891558224891,0.0530947614280947,0.0291541541541541,0.0392907457722272,0.0406569755296485,0.0401058631305664,0.0382757757757757,0.0291541541541541,0.0392907457722272,0.0406569755296485,0.0401058631305664,0.0382757757757757,0.0291541541541541,0.0444484387106651,0.0517230544148506,0.0474214181402042,0.0419839806209635,0.0291541541541541,0.0060727394060727,0.0009634634634634,0.0036244577911244,0.0106189522856189,0.0291541541541541,0.0607273940607273,0.0963463463463463,0.0724891558224891,0.0530947614280947,0.4306707172016711,0.431892791539331,0.4538833491243099,0.4357552900413286,0.430108004434496,30music,sasrec,64,32,32,42
11.988 9.731 7.648 5.976 4.706 3.802 3.202 2.839,13.09 12.612 11.951 12.429 12.008 12.283 11.743 10.751 11.622 11.045 11.724 11.378 10.913 9.896 9.903 9.827 10.462 9.876 9.578 9.401 9.962 9.35 10.207 9.768 9.005 9.489 6.53 6.928 7.375 7.623 7.487 8.161 8.277 7.583 7.399 8.045 7.409 8.424 8.053 4.824 5.526 5.607 4.944 5.74 6.236 5.862 5.772 6.198 6.308 6.227 6.434 6.356 4.063 4.0 4.203 4.396 4.074 4.629 5.207 5.043 4.751 5.058 5.424 5.7 5.64 3.037 2.962 2.832 3.476 3.549 3.729 3.831 4.076 4.717 3.576 4.601 5.111 4.483 1.972 2.209 2.666 2.951 3.181 2.847 3.229 3.537 3.919 3.814 3.99 3.852 5.097 1.792 2.123 2.287 1.952 2.638 3.117 2.835 3.12 3.569 3.422 3.813 4.138 4.735,21.482,0.018578,0.0225152969360351,4.3620219230651855,0.0089204416933338,0.0295342516715063,0.0637451617310869,0.0379931130378071,0.0217964660399737,0.0312812812812812,0.072364030697364,0.1073156489823156,0.0825825825825825,0.0611027694361027,0.0312812812812812,0.0438717321819173,0.0451830511976878,0.0445857463231115,0.0423527694361027,0.0312812812812812,0.0438717321819173,0.0451830511976878,0.0445857463231115,0.0423527694361027,0.0312812812812812,0.0506840290999123,0.057789293384748,0.0532738616400556,0.0470262438217317,0.0312812812812812,0.0072364030697364,0.0010731564898231,0.0041291291291291,0.0122205538872205,0.0312812812812812,0.072364030697364,0.1073156489823156,0.0825825825825825,0.0611027694361027,0.4202264226031418,0.4223221426749988,0.4441778185816054,0.4256717198584065,0.4204730279144826,30music,sasrec,64,64,32,42
12.063 9.76 7.801 6.284 5.152 4.355 3.811 3.401,13.026 12.71 12.15 12.539 12.124 12.42 11.852 10.934 11.59 11.253 11.848 11.483 11.017 9.972 9.982 9.846 10.479 9.854 9.555 9.43 9.959 9.5 10.188 9.895 9.063 9.64 6.464 6.951 7.474 7.62 7.547 8.26 8.407 7.731 7.571 8.187 7.713 8.674 8.296 5.019 5.822 5.883 5.06 6.043 6.671 6.252 6.151 6.609 6.577 6.705 6.934 6.762 4.4 4.275 4.558 4.85 4.518 5.085 5.783 5.485 5.294 5.786 5.985 6.202 6.139 3.364 3.411 3.255 3.952 4.062 4.33 4.475 4.886 5.468 4.099 5.233 5.793 5.094 2.447 2.786 3.263 3.739 3.861 3.315 3.887 4.246 4.687 4.621 4.531 4.503 5.722 2.284 2.63 2.76 2.342 3.354 3.801 3.508 3.566 4.36 3.89 4.449 4.633 5.559,21.213,0.017918,3.337860107421875e-06,4.362455368041992,0.0087137639349608,0.0292173457753343,0.0622892317443258,0.0378185851529587,0.0215450081006199,0.0305305305305305,0.0760343677010343,0.1107774441107774,0.086086086086086,0.0641474808141474,0.0305305305305305,0.0447596405929739,0.0460595994235327,0.0454671513326627,0.0431744244244244,0.0305305305305305,0.0447596405929739,0.0460595994235327,0.0454671513326627,0.0431744244244244,0.0305305305305305,0.0522524817411421,0.0593081499478796,0.0548067929127857,0.04840977345253,0.0305305305305305,0.0076034367701034,0.0011077744411077,0.0043043043043043,0.0128294961628294,0.0305305305305305,0.0760343677010343,0.1107774441107774,0.086086086086086,0.0641474808141474,0.4176164883105348,0.4199072863222929,0.4422041222979602,0.423456064617052,0.418400326887085,30music,sasrec,64,128,32,42
12.097 9.805 7.998 6.637 5.667 4.984 4.49 4.091 3.719 3.366,13.023 12.721 12.258 12.602 12.16 12.45 11.95 11.01 11.57 11.302 11.863 11.479 10.992 9.95 9.905 9.812 10.6 9.79 9.588 9.454 9.99 9.663 10.238 9.934 9.201 9.836 6.564 7.112 7.605 7.81 7.717 8.456 8.608 7.904 7.858 8.518 7.97 8.825 8.535 5.192 5.987 6.183 5.3 6.34 7.055 6.716 6.601 6.937 7.032 7.074 7.245 7.189 4.808 4.704 4.955 5.264 5.006 5.646 6.388 6.245 5.866 6.283 6.499 6.847 6.787 3.835 3.992 3.762 4.564 4.796 4.89 5.225 5.594 6.237 4.709 6.0 6.646 5.84 2.891 3.417 3.839 4.494 4.688 3.939 4.505 4.985 5.39 5.42 5.287 5.332 6.591 2.828 3.253 3.421 2.997 3.952 4.602 4.223 4.357 5.294 4.671 5.289 5.452 6.321 2.123 2.565 2.562 2.806 3.118 3.064 3.969 4.443 4.581 4.892 4.445 5.246 5.053 2.384 2.157 1.8 2.636 2.888 3.515 3.178 3.346 3.792 4.411 4.218 4.976 5.208,23.551,0.02184,0.0225152969360351,4.589434623718262,0.0091121927247132,0.0343108043094609,0.0741502386554004,0.0452532434055442,0.0245142785625791,0.0272772772772772,0.0782866199532866,0.114698031364698,0.0911745078411745,0.0628962295628962,0.0272772772772772,0.0423151491438528,0.0438102101776293,0.0432283663535813,0.0402743020798576,0.0272772772772772,0.0423151491438528,0.0438102101776293,0.0432283663535813,0.0402743020798576,0.0272772772772772,0.0508642465294364,0.0584661664256168,0.0541466672811676,0.0459003469843569,0.0272772772772772,0.0078286619953286,0.0011469803136469,0.0045587253920587,0.0125792459125792,0.0272772772772772,0.0782866199532866,0.114698031364698,0.0911745078411745,0.0628962295628962,0.4129448004171353,0.420446633775103,0.4455265081603111,0.4247987855344558,0.418124311688809,30music,sasrec,64,256,32,42
12.116 9.867 8.179 6.958 6.136 5.538 5.104 4.755,13.016 12.735 12.299 12.619 12.15 12.488 11.967 11.018 11.555 11.331 11.872 11.468 10.995 9.992 9.93 9.794 10.636 9.899 9.694 9.524 10.051 9.735 10.34 10.046 9.309 9.921 6.74 7.192 7.773 7.944 7.852 8.707 8.74 8.222 8.026 8.696 8.159 9.098 8.749 5.402 6.192 6.495 5.538 6.614 7.405 7.049 6.946 7.195 7.412 7.572 7.659 7.735 5.218 5.05 5.293 5.744 5.426 6.199 6.851 6.77 6.407 6.86 7.026 7.359 7.362 4.298 4.457 4.231 5.119 5.442 5.375 5.918 6.21 6.838 5.256 6.722 7.183 6.581 3.458 4.074 4.459 5.137 5.421 4.529 5.146 5.601 5.964 5.963 5.823 6.042 7.382 3.291 3.865 4.079 3.51 4.656 5.33 4.86 5.142 5.964 5.405 6.038 6.215 7.146,29.745,0.031354,0.0225152969360351,5.664707660675049,0.0093820220203669,0.0317744089303163,0.0632525797402979,0.0404904692848145,0.0235199289028511,0.0342842842842842,0.081664998331665,0.1144894894894894,0.0925091758425091,0.0703203203203203,0.0342842842842842,0.0492663463728278,0.0505605417240636,0.0500168421285552,0.0477109053497942,0.0342842842842842,0.0492663463728278,0.0505605417240636,0.0500168421285552,0.0477109053497942,0.0342842842842842,0.0570583000942042,0.0638319690727402,0.0597972029858526,0.0533483373963756,0.0342842842842842,0.0081664998331664,0.0011448948948948,0.0046254587921254,0.014064064064064,0.0342842842842842,0.081664998331665,0.1144894894894894,0.0925091758425091,0.0703203203203203,0.421415581156823,0.4259173682866023,0.4469469751094977,0.4293841324694332,0.4237716562166488,30music,sasrec,64,512,32,42
12.164 9.998 8.381 7.264 6.525 5.978 5.611 5.3 4.989 4.702,13.026 12.731 12.339 12.662 12.173 12.532 12.013 11.079 11.602 11.385 11.927 11.517 11.084 10.102 10.061 9.938 10.733 10.004 9.837 9.638 10.165 9.815 10.432 10.235 9.458 10.064 6.846 7.305 7.973 8.134 8.032 8.859 8.92 8.433 8.252 8.941 8.409 9.335 8.944 5.653 6.526 6.676 5.82 7.026 7.673 7.469 7.307 7.593 7.718 7.942 7.957 8.193 5.532 5.389 5.602 6.202 5.785 6.694 7.257 7.239 6.829 7.251 7.494 7.817 7.86 4.619 4.89 4.644 5.556 5.903 5.909 6.467 6.794 7.305 5.739 7.324 7.718 7.062 3.801 4.556 4.888 5.632 6.0 5.053 5.726 6.149 6.433 6.734 6.327 6.577 7.883 3.697 4.458 4.396 3.99 5.186 5.777 5.448 5.632 6.494 6.032 6.678 6.834 7.674 3.081 3.567 3.392 3.989 4.202 4.35 5.507 5.941 6.093 6.259 6.015 6.853 6.401 3.175 3.118 2.862 3.756 4.227 4.911 4.58 4.885 5.343 5.964 5.652 6.7 6.715,35.614,0.040379,0.0225152969360351,8.67667818069458,0.0106416081366737,0.0384455076866903,0.0767038571810761,0.0496474421905086,0.028255145989131,0.0341591591591591,0.0822072072072072,0.1133633633633633,0.0936353019686353,0.0714047380714047,0.0341591591591591,0.0497155886044774,0.0509879443041552,0.050508163977627,0.0482697975753531,0.0341591591591591,0.0497155886044774,0.0509879443041552,0.050508163977627,0.0482697975753531,0.0341591591591591,0.0575470080414098,0.0640441024289901,0.060435835411335,0.0540493323531544,0.0341591591591591,0.0082207207207207,0.0011336336336336,0.0046817650984317,0.0142809476142809,0.0341591591591591,0.0822072072072072,0.1133633633633633,0.0936353019686353,0.0714047380714047,0.4304610586616386,0.4368785548866508,0.4565890263040548,0.4396113855633516,0.4352426052345402,30music,sasrec,64,1024,32,42
12.188 10.059 8.486 7.41 6.674 6.199 5.849 5.549 5.269 4.995,13.057 12.745 12.366 12.667 12.195 12.556 12.057 11.16 11.654 11.436 11.962 11.557 11.122 10.179 10.092 9.963 10.773 10.06 9.878 9.705 10.276 9.862 10.483 10.313 9.557 10.15 6.926 7.405 8.079 8.226 8.164 9.01 8.989 8.628 8.372 9.049 8.516 9.482 9.104 5.795 6.603 6.796 5.966 7.18 7.868 7.548 7.496 7.7 7.847 8.033 8.129 8.274 5.755 5.491 5.816 6.341 5.879 6.854 7.379 7.443 6.981 7.472 7.537 7.93 8.046 4.762 5.086 4.886 5.838 6.169 6.206 6.661 6.952 7.567 5.993 7.541 7.815 7.283 4.102 4.693 5.214 5.853 6.269 5.265 5.947 6.532 6.643 6.96 6.591 6.794 8.204 3.926 4.704 4.807 4.222 5.512 6.016 5.709 6.025 6.797 6.182 7.12 7.244 7.958 3.216 3.661 3.74 4.314 4.426 4.621 5.807 6.297 6.4 6.573 6.327 7.102 6.758 3.411 3.411 3.097 4.045 4.567 5.318 4.98 5.219 5.765 6.216 6.052 7.022 7.164,41.339,0.049132,0.0225152969360351,11.547276020050049,0.0114396139259473,0.0397498739839778,0.077267628177527,0.050785318071329,0.0294022075481013,0.0357857857857857,0.0848765432098765,0.1149482816149482,0.0950533867200533,0.0726559893226559,0.0357857857857857,0.0514651059789948,0.0526728355689828,0.0521792000172131,0.0498283005227449,0.0357857857857857,0.0514651059789948,0.0526728355689828,0.0521792000172131,0.0498283005227449,0.0357857857857857,0.059496084176093,0.065736336808882,0.0620782430774706,0.0555383147981953,0.0357857857857857,0.0084876543209876,0.0011494828161494,0.0047526693360026,0.0145311978645312,0.0357857857857857,0.0848765432098765,0.1149482816149482,0.0950533867200533,0.0726559893226559,0.4433581040209109,0.4468355178710183,0.4635131070358049,0.4486146747764344,0.4459644681990992,30music,sasrec,64,1512,32,42
12.22 10.128 8.588 7.527 6.799 6.349 6.011 5.725 5.475 5.229 5.004,13.072 12.763 12.387 12.69 12.215 12.56 12.084 11.212 11.677 11.474 12.001 11.584 11.175 10.271 10.228 10.092 10.805 10.152 9.995 9.793 10.335 9.977 10.511 10.394 9.623 10.147 7.037 7.499 8.183 8.348 8.275 9.107 9.083 8.72 8.476 9.157 8.648 9.589 9.136 5.865 6.747 6.99 6.039 7.366 8.017 7.63 7.656 7.808 7.934 8.169 8.263 8.399 5.68 5.611 5.776 6.537 6.008 7.058 7.517 7.507 7.219 7.61 7.68 8.012 8.176 5.038 5.201 5.011 5.997 6.31 6.201 6.823 7.05 7.692 6.228 7.695 8.022 7.319 4.249 4.791 5.381 5.967 6.301 5.456 6.162 6.627 6.812 7.099 6.841 6.931 8.386 4.031 4.725 4.76 4.379 5.693 6.14 5.835 6.139 6.956 6.498 7.175 7.399 8.268 3.342 3.826 3.956 4.568 4.607 4.911 5.99 6.532 6.612 6.863 6.548 7.333 7.093 3.521 3.483 3.284 4.203 4.724 5.643 5.202 5.486 5.939 6.536 6.276 7.232 7.339 2.944 3.402 3.392 4.562 4.496 4.652 5.122 5.421 5.859 6.346 6.593 7.182 7.648,49.89,0.062315,0.0225152969360351,14.69942045211792,0.0121492075630281,0.0436710103442218,0.0866955785886435,0.0559350388841238,0.0319787902691518,0.0362862862862862,0.0862529195862529,0.1161578244911578,0.0954287620954287,0.0737821154487821,0.0362862862862862,0.0521336813003479,0.0532852048083895,0.0527674907764992,0.0504302914025136,0.0362862862862862,0.0521336813003479,0.0532852048083895,0.0527674907764992,0.0504302914025136,0.0362862862862862,0.060336131299916,0.0664679508908175,0.0626524843056671,0.0562648342943519,0.0362862862862862,0.0086252919586252,0.0011615782449115,0.0047714381047714,0.0147564230897564,0.0362862862862862,0.0862529195862529,0.1161578244911578,0.0954287620954287,0.0737821154487821,0.454137809365511,0.458630983303525,0.4756229154172323,0.4601648343811994,0.4575677858858611,30music,sasrec,64,2048,32,42
11.459 8.993 6.981 5.513 4.414 3.635 3.072 2.694 2.407,12.742 11.872 11.991 11.322 11.426 11.489 11.354 11.179 11.038 10.65 10.775 10.196 10.172 9.134 9.081 8.732 8.51 9.378 8.655 9.348 9.213 9.098 8.379 8.928 8.62 9.337 6.608 7.157 6.807 6.607 6.935 7.041 6.539 7.341 6.561 7.119 7.224 7.128 6.764 4.923 5.398 4.989 5.405 5.254 5.845 5.771 5.728 5.939 5.908 6.649 5.629 5.845 3.967 3.573 4.101 3.828 4.525 4.718 4.889 4.555 5.017 4.551 4.971 4.999 5.035 2.715 3.248 3.13 3.326 3.591 3.541 3.728 3.66 4.521 4.43 4.484 4.621 4.734 2.021 2.382 2.956 2.582 2.789 3.018 3.566 3.46 3.074 3.645 4.221 3.995 3.725 1.99 1.77 1.873 2.349 2.368 2.486 2.59 2.68 3.28 3.436 3.926 3.903 2.98 1.569 1.666 1.772 1.742 2.482 2.386 2.663 3.07 2.904 3.295 3.358 3.004 3.414,20.165,0.016584,0.0225152969360351,4.402424812316895,0.0080202452346424,0.0310544814053169,0.0776534266598233,0.0426123609374443,0.0217803911032114,0.0218968968968968,0.0709876543209876,0.1233733733733733,0.0868785452118785,0.0553887220553887,0.0218968968968968,0.0361209092690574,0.0381453883083665,0.0372443617011327,0.0340402902902902,0.0218968968968968,0.0361209092690574,0.0381453883083665,0.0372443617011327,0.0340402902902902,0.0218968968968968,0.044386461120221,0.0551281243590208,0.0484300192949102,0.0393432533613381,0.0218968968968968,0.0070987654320987,0.0012337337337337,0.0043439272605939,0.0110777444110777,0.0218968968968968,0.0709876543209876,0.1233733733733733,0.0868785452118785,0.0553887220553887,0.4159830084732905,0.4225855871790189,0.4463656536754626,0.4272802424139397,0.419628947273568,30music,sasrec,64,32,64,42
11.596 9.027 7.148 5.804 4.792 4.061 3.513,12.724 12.084 12.205 11.599 11.674 11.648 11.57 11.319 11.168 10.679 10.817 10.349 10.16 9.15 9.118 8.679 8.527 9.385 8.718 9.388 9.22 9.192 8.416 8.993 8.688 9.453 6.715 7.245 6.893 6.738 7.081 7.196 6.643 7.535 6.735 7.315 7.419 7.453 7.023 5.059 5.594 5.173 5.66 5.437 6.125 6.063 6.042 6.254 6.264 6.946 5.964 6.191 4.293 3.725 4.52 4.069 4.877 5.114 5.311 4.953 5.548 4.964 5.409 5.44 5.401 2.997 3.611 3.485 3.652 3.869 3.91 4.24 4.08 5.025 4.942 4.866 5.133 5.285 2.363 2.731 3.388 3.025 3.206 3.505 3.984 3.906 3.52 4.111 4.803 4.53 4.267,21.084,0.017762,3.337860107421875e-06,4.402424335479736,0.0075988522495151,0.0278647546677597,0.0625751359767418,0.0369114994356549,0.0198904378238669,0.0284034034034034,0.0726559893226559,0.1179095762429095,0.0871287954621287,0.0591841841841841,0.0284034034034034,0.041515076584521,0.0432780543152778,0.0424981628307293,0.0397244466688911,0.0284034034034034,0.041515076584521,0.0432780543152778,0.0424981628307293,0.0397244466688911,0.0284034034034034,0.0489191270392331,0.058244622524556,0.0525522471792676,0.0445696350240958,0.0284034034034034,0.0072655989322656,0.001179095762429,0.0043564397731064,0.0118368368368368,0.0284034034034034,0.0726559893226559,0.1179095762429095,0.0871287954621287,0.0591841841841841,0.4073960195827698,0.4131675980627322,0.4335283180911735,0.4169453288387614,0.4105999170996429,30music,sasrec,64,64,64,42
11.655 9.066 7.345 6.133 5.24 4.595 4.083 3.665 3.284 2.94 2.64,12.749 12.229 12.359 11.782 11.855 11.694 11.709 11.348 11.226 10.665 10.858 10.354 10.142 9.145 9.116 8.596 8.489 9.456 8.721 9.418 9.305 9.259 8.514 9.068 8.812 9.563 6.75 7.377 7.075 6.891 7.303 7.324 6.913 7.756 6.893 7.542 7.613 7.697 7.271 5.265 5.884 5.431 5.986 5.802 6.582 6.336 6.403 6.707 6.596 7.343 6.316 6.646 4.613 4.139 4.874 4.502 5.269 5.605 5.726 5.503 6.075 5.513 5.921 6.051 5.966 3.462 4.098 3.993 4.154 4.471 4.443 4.848 4.651 5.62 5.594 5.493 5.829 5.996 2.828 3.217 3.901 3.556 3.736 4.229 4.688 4.498 4.18 4.752 5.446 5.152 5.008 2.808 2.467 2.666 3.304 3.3 3.52 3.525 3.693 4.339 4.495 5.193 5.121 3.875 2.243 2.456 2.576 2.558 3.455 3.224 3.673 4.072 3.942 4.384 4.411 3.947 4.352 1.63 1.899 2.121 2.353 2.788 2.376 2.567 2.996 3.64 3.827 3.87 3.721 4.168 1.299 1.425 1.9 2.128 1.919 2.518 2.696 2.466 2.994 3.699 3.366 3.797 4.284,23.002,0.021019,0.0225152969360351,4.626863479614258,0.0085920536994744,0.0354785336442685,0.0951027705153509,0.0500722798049421,0.024052698235546,0.0237737737737737,0.0828745412078745,0.1359275942609276,0.1002669336002669,0.063355021688355,0.0237737737737737,0.040611395125284,0.0427163083944992,0.0418140125565091,0.0379761706150595,0.0237737737737737,0.040611395125284,0.0427163083944992,0.0418140125565091,0.0379761706150595,0.0237737737737737,0.0506162639453423,0.0616015184137982,0.0550085054575022,0.0442738364391308,0.0237737737737737,0.0082874541207874,0.0013592759426092,0.0050133466800133,0.012671004337671,0.0237737737737737,0.0828745412078745,0.1359275942609276,0.1002669336002669,0.063355021688355,0.4082887994502258,0.4212056233480074,0.4508019196711233,0.4277027893851424,0.41644591174011,30music,sasrec,64,128,64,42
11.684 9.135 7.522 6.419 5.635 5.079 4.63 4.229 3.85 3.504 3.2 2.937,12.77 12.288 12.384 11.839 11.895 11.783 11.74 11.336 11.259 10.708 10.86 10.363 10.096 9.163 9.16 8.582 8.513 9.474 8.839 9.46 9.376 9.333 8.577 9.136 8.99 9.676 6.917 7.524 7.178 7.038 7.445 7.481 7.105 7.9 7.081 7.725 7.875 7.985 7.496 5.444 6.207 5.623 6.218 6.133 6.912 6.523 6.676 6.983 6.899 7.714 6.674 6.996 4.909 4.332 5.258 4.813 5.683 5.986 6.156 5.907 6.523 6.022 6.418 6.55 6.439 3.846 4.485 4.461 4.587 4.878 4.935 5.492 5.134 6.192 6.144 6.077 6.417 6.691 3.139 3.658 4.438 4.063 4.295 4.783 5.43 5.123 4.75 5.371 6.118 5.749 5.737 3.293 2.874 3.154 3.988 3.747 4.022 4.19 4.366 4.93 5.019 5.874 5.721 4.447 2.754 2.87 3.057 3.037 4.108 3.894 4.144 4.787 4.608 5.121 5.145 4.526 5.158 1.901 2.319 2.608 2.868 3.335 2.911 3.158 3.578 4.34 4.475 4.41 4.326 4.972 1.727 1.784 2.484 2.634 2.364 3.037 3.34 2.972 3.655 4.449 4.037 4.336 4.964 1.765 1.882 1.926 2.498 2.355 2.927 2.992 3.055 3.881 3.65 3.717 4.187 4.442,26.899,0.027043,0.0225152969360351,5.702271938323975,0.0100433908471606,0.042538875512245,0.1125945981323219,0.0601558579940086,0.0287178745259328,0.0256089422756089,0.0918835502168835,0.1393059726393059,0.1091508174841508,0.0717384050717384,0.0256089422756089,0.0450102880658436,0.0469743795368279,0.0461982453439855,0.0422936825714603,0.0256089422756089,0.0450102880658436,0.0469743795368279,0.0461982453439855,0.0422936825714603,0.0256089422756089,0.0561484452426135,0.0661032947969288,0.0605016470709591,0.0496065342027549,0.0256089422756089,0.0091883550216883,0.001393059726393,0.0054575408742075,0.0143476810143476,0.0256089422756089,0.0918835502168835,0.1393059726393059,0.1091508174841508,0.0717384050717384,0.429974614992351,0.4433089060324096,0.4726355991849963,0.449450890712813,0.438846984540823,30music,sasrec,64,256,64,42
11.72 9.239 7.697 6.679 5.98 5.49 5.085 4.717 4.374 4.063 3.789 3.553 3.36 3.181 3.025 2.884,12.814 12.338 12.401 11.896 11.933 11.816 11.732 11.357 11.309 10.696 10.886 10.416 10.163 9.221 9.305 8.617 8.582 9.56 8.961 9.523 9.508 9.471 8.736 9.284 9.156 9.818 7.119 7.632 7.33 7.216 7.566 7.704 7.243 8.052 7.25 7.922 8.081 8.215 7.725 5.61 6.336 5.835 6.445 6.264 7.179 6.818 6.967 7.221 7.129 8.074 6.908 7.343 5.246 4.59 5.594 5.169 5.976 6.277 6.422 6.393 6.85 6.325 6.801 6.951 6.851 4.242 4.794 4.878 4.924 5.218 5.358 5.967 5.64 6.588 6.634 6.49 6.822 7.228 3.536 4.003 4.929 4.496 4.794 5.17 5.997 5.463 5.309 5.848 6.606 6.177 6.389 3.654 3.195 3.504 4.404 4.239 4.568 4.694 4.877 5.492 5.603 6.424 6.277 5.052 3.199 3.256 3.559 3.549 4.708 4.324 4.667 5.529 5.142 5.65 5.736 5.124 5.809 2.202 2.704 3.175 3.404 3.938 3.341 3.764 4.275 4.863 5.183 5.1 4.938 5.519 1.922 2.233 2.947 3.118 2.881 3.619 4.118 3.565 4.186 5.16 4.582 5.023 5.658 2.154 2.281 2.381 3.122 3.038 3.546 3.644 3.718 4.629 4.201 4.413 4.927 5.259 1.897 2.03 2.344 2.641 3.233 3.135 3.546 3.924 4.224 4.144 4.533 3.914 5.164 1.678 1.651 1.884 2.256 2.776 3.642 3.351 3.508 3.733 4.396 4.527 5.053 4.727 1.586 1.698 1.769 2.208 2.673 3.12 3.342 3.317 4.026 3.621 4.235 4.249 4.407 1.55 1.73 1.752 2.207 2.308 2.568 3.327 3.066 3.779 3.556 3.802 4.3 3.987,33.325,0.036836,0.0225152969360351,8.714553356170654,0.0115429528051338,0.05199553116758,0.158733111269564,0.0761412343943939,0.0342384670940303,0.028737070403737,0.0921338004671338,0.1434351017684351,0.1077744411077744,0.0719052385719052,0.028737070403737,0.0472477934283489,0.0492642679379285,0.0483500170683048,0.0445160438215993,0.028737070403737,0.0472477934283489,0.0492642679379285,0.0483500170683048,0.0445160438215993,0.028737070403737,0.0578973078785969,0.0684845414320702,0.0618732797093758,0.0513235112480122,0.028737070403737,0.0092133800467133,0.0014343510176843,0.0053887220553887,0.014381047714381,0.028737070403737,0.0921338004671338,0.1434351017684351,0.1077744411077744,0.0719052385719052,0.4511126748228476,0.4696934205349121,0.5105141291302945,0.4780615013003291,0.4631191768702604,30music,sasrec,64,512,64,42
11.81 9.411 7.911 6.941 6.28 5.826 5.458 5.12 4.821 4.549,12.9 12.398 12.462 12.018 12.014 11.894 11.83 11.488 11.404 10.82 11.015 10.592 10.279 9.383 9.507 8.853 8.771 9.709 9.151 9.704 9.706 9.676 8.835 9.453 9.361 9.934 7.29 7.873 7.52 7.414 7.824 7.887 7.457 8.294 7.464 8.178 8.282 8.508 7.944 5.864 6.593 6.078 6.748 6.569 7.483 7.056 7.209 7.512 7.378 8.295 7.173 7.676 5.535 4.863 5.867 5.467 6.193 6.607 6.783 6.752 7.234 6.767 7.16 7.254 7.211 4.501 5.105 5.235 5.257 5.443 5.711 6.351 5.978 6.978 7.106 6.787 7.099 7.686 3.766 4.307 5.212 4.796 5.146 5.632 6.273 5.845 5.674 6.304 6.99 6.558 6.815 3.997 3.451 3.78 4.93 4.552 4.934 5.136 5.154 5.857 6.073 6.865 6.772 5.425 3.525 3.542 3.949 3.941 5.144 4.728 5.166 5.997 5.65 6.176 6.325 5.563 6.396 2.586 3.075 3.553 3.92 4.406 3.919 4.355 4.937 5.4 5.721 5.724 5.626 6.178,47.199,0.058041,3.337860107421875e-06,14.737299919128418,0.0124511867322064,0.0488207311570165,0.1042781147773449,0.064924373163582,0.0344864804040779,0.0405405405405405,0.1021021021021021,0.141016016016016,0.1143226559893226,0.085377043710377,0.0405405405405405,0.059500886468479,0.061014396680754,0.0603611421685252,0.0572503058614169,0.0405405405405405,0.059500886468479,0.061014396680754,0.0603611421685252,0.0572503058614169,0.0405405405405405,0.0696917766542228,0.0776862331414874,0.0727972454920136,0.064264498727543,0.0405405405405405,0.0102102102102102,0.0014101601601601,0.0057161327994661,0.0170754087420754,0.0405405405405405,0.1021021021021021,0.141016016016016,0.1143226559893226,0.085377043710377,0.4536856620883819,0.4600364737486989,0.4763411619253412,0.4624887612337968,0.4581670353704386,30music,sasrec,64,1024,64,42
11.851 9.475 8.002 7.051 6.416 5.982 5.636 5.32 5.037 4.789 4.575,12.918 12.459 12.504 12.072 12.057 11.945 11.892 11.556 11.463 10.884 11.06 10.655 10.323 9.46 9.564 8.938 8.818 9.773 9.233 9.735 9.786 9.759 8.914 9.582 9.403 10.023 7.322 7.955 7.602 7.535 7.884 7.978 7.611 8.34 7.528 8.311 8.347 8.578 8.09 5.949 6.726 6.175 6.836 6.741 7.523 7.148 7.281 7.595 7.496 8.335 7.318 7.79 5.681 4.937 6.031 5.569 6.317 6.638 6.849 6.815 7.379 6.853 7.357 7.37 7.314 4.681 5.282 5.356 5.402 5.536 5.881 6.519 6.097 7.176 7.229 7.039 7.244 7.791 3.882 4.495 5.34 5.008 5.343 5.728 6.485 5.985 5.967 6.503 7.202 6.767 7.126 4.117 3.62 3.977 5.072 4.621 5.124 5.376 5.463 6.017 6.241 7.115 7.01 5.738 3.665 3.639 4.149 4.143 5.354 5.011 5.365 6.157 5.879 6.378 6.554 5.841 6.738 2.713 3.204 3.726 4.124 4.575 4.058 4.665 5.26 5.742 6.005 5.957 5.917 6.451 2.453 2.783 3.56 3.884 3.661 4.484 4.975 4.469 5.07 6.075 5.446 6.061 6.693,63.131,0.082652,0.0225152969360351,20.479246616363525,0.0133548278202041,0.0530874786576509,0.116374504691011,0.0711844128227474,0.0374224527827437,0.0437937937937937,0.1016433099766433,0.1408908908908908,0.1135719052385719,0.0867117117117117,0.0437937937937937,0.0618555394018357,0.0633580999952168,0.062677814883518,0.0598675063952841,0.0437937937937937,0.0618555394018357,0.0633580999952168,0.062677814883518,0.0598675063952841,0.0437937937937937,0.0713899699506538,0.0794270487739513,0.0743982874423446,0.0665660000023179,0.0437937937937937,0.0101643309976643,0.0014089089089089,0.0056785952619285,0.0173423423423423,0.0437937937937937,0.1016433099766433,0.1408908908908908,0.1135719052385719,0.0867117117117117,0.4684937067792095,0.4730417199341141,0.4881120259007012,0.4746470869446709,0.4722377518656525,30music,sasrec,64,1512,64,42
11.886 9.544 8.088 7.147 6.52 6.098 5.768 5.473 5.214 4.977 4.78 4.615 4.484,12.923 12.499 12.529 12.093 12.074 11.993 11.932 11.611 11.503 10.957 11.11 10.699 10.395 9.537 9.629 8.988 8.883 9.824 9.321 9.819 9.832 9.836 8.979 9.626 9.478 10.075 7.449 8.041 7.696 7.61 7.985 8.064 7.616 8.468 7.633 8.417 8.426 8.64 8.191 6.041 6.814 6.312 6.961 6.83 7.644 7.241 7.436 7.695 7.564 8.485 7.322 7.932 5.729 5.055 6.099 5.636 6.432 6.801 6.932 7.001 7.495 6.969 7.42 7.505 7.485 4.796 5.42 5.483 5.49 5.718 6.045 6.657 6.214 7.219 7.33 7.096 7.367 7.97 3.989 4.623 5.381 5.145 5.491 5.845 6.637 6.092 6.081 6.643 7.313 6.88 7.265 4.248 3.835 4.125 5.302 4.71 5.269 5.536 5.644 6.241 6.436 7.23 7.147 5.923 3.804 3.907 4.358 4.418 5.508 5.174 5.568 6.425 6.045 6.533 6.791 6.082 6.954 2.831 3.328 3.945 4.28 4.791 4.28 4.879 5.504 5.873 6.117 6.099 6.159 6.61 2.664 3.001 3.776 4.05 3.755 4.778 5.21 4.489 5.295 6.401 5.625 6.04 6.736 2.981 3.044 3.244 4.081 4.003 4.583 4.814 4.775 5.95 5.475 5.621 6.178 6.611 2.652 2.853 3.159 3.489 4.513 4.278 4.838 5.106 5.476 5.429 5.761 5.164 6.47,81.561,0.11086,0.0225152969360351,26.78465843200684,0.0144215146953627,0.0599629587528604,0.1422390779416273,0.0820659968010875,0.041469892217549,0.0440857524190857,0.103687020353687,0.1439773106439773,0.1170754087420754,0.0896312979646313,0.0440857524190857,0.0633168055621759,0.0649385769406192,0.0642609558570314,0.061426009342676,0.0440857524190857,0.0633168055621759,0.0649385769406192,0.0642609558570314,0.061426009342676,0.0440857524190857,0.0730373708231347,0.0814013418464313,0.0764414872607473,0.0684772139692778,0.0440857524190857,0.0103687020353687,0.0014397731064397,0.0058537704371037,0.0179262595929262,0.0440857524190857,0.103687020353687,0.1439773106439773,0.1170754087420754,0.0896312979646313,0.4835308330028992,0.4915505082342765,0.5128737805221619,0.4942650684205809,0.4895037543908178,30music,sasrec,64,2048,64,42
11.037 8.231 6.425 5.204 4.314 3.648 3.145 2.75,12.816 11.906 11.923 11.016 11.384 11.396 11.094 10.804 10.746 10.318 10.462 9.779 9.789 8.661 8.421 8.601 8.662 8.603 8.665 8.092 8.36 7.438 8.005 7.906 7.654 7.833 6.616 7.018 6.756 6.062 6.728 6.393 6.48 6.427 6.22 6.622 6.093 5.953 6.889 4.257 5.138 4.883 5.012 5.219 4.957 5.248 5.2 5.517 5.186 5.755 5.837 5.637 3.852 3.618 4.0 3.844 4.645 3.972 4.475 4.673 5.115 4.465 5.126 4.896 5.057 2.823 2.763 2.81 3.495 3.483 4.155 3.625 4.297 3.904 4.039 4.283 4.1 3.961 2.179 2.307 2.878 2.559 3.09 2.911 3.249 3.697 3.891 3.814 3.958 3.516 3.685 1.639 1.732 2.108 2.332 2.834 2.847 3.347 3.234 2.835 2.991 3.709 3.391 3.478,22.097,0.019646,3.337860107421875e-06,4.4558424949646,0.0070454151409829,0.0295032500077504,0.08036090529451,0.041914249398051,0.0198835485652544,0.0197697697697697,0.0721554888221554,0.134009009009009,0.0908825492158825,0.0528028028028028,0.0197697697697697,0.0339896609572535,0.0363604110465936,0.035291160734953,0.031397369591814,0.0197697697697697,0.0339896609572535,0.0363604110465936,0.035291160734953,0.031397369591814,0.0197697697697697,0.0429634773988946,0.0556281266060918,0.0477008697657645,0.0366951566710414,0.0197697697697697,0.0072155488822155,0.00134009009009,0.0045441274607941,0.0105605605605605,0.0197697697697697,0.0721554888221554,0.134009009009009,0.0908825492158825,0.0528028028028028,0.4101542730141812,0.4204252445677731,0.4441346550109736,0.4257964513466979,0.4161638634566312,30music,sasrec,64,32,128,42
11.155 8.286 6.628 5.534 4.734 4.121 3.632 3.215 2.862,12.857 12.168 12.097 11.244 11.634 11.521 11.275 10.908 10.791 10.312 10.452 9.855 9.76 8.658 8.424 8.595 8.715 8.577 8.702 8.102 8.396 7.544 8.095 8.044 7.734 7.953 6.732 7.172 6.931 6.24 6.927 6.59 6.745 6.718 6.432 6.942 6.311 6.255 7.167 4.484 5.417 5.246 5.327 5.544 5.287 5.523 5.566 5.912 5.541 6.136 6.175 5.998 4.227 3.914 4.396 4.202 5.005 4.344 4.87 5.221 5.626 4.975 5.537 5.303 5.498 3.174 3.191 3.17 3.942 3.975 4.73 4.129 4.755 4.434 4.619 4.864 4.615 4.475 2.607 2.718 3.288 2.932 3.583 3.388 3.835 4.193 4.428 4.355 4.637 4.04 4.22 1.98 2.091 2.506 2.79 3.28 3.327 3.907 3.732 3.307 3.486 4.243 3.911 3.971 1.653 1.956 1.998 2.114 2.969 2.579 3.034 3.418 2.968 3.353 3.456 3.817 4.166,23.993,0.022525,0.0225152969360351,4.676506996154785,0.007665448416102,0.0334117560605382,0.0958869977873997,0.0483132224392338,0.0221248540338331,0.0212712712712712,0.083375041708375,0.1492742742742742,0.1057307307307307,0.0611027694361027,0.0212712712712712,0.0383581167145982,0.0410047367496539,0.0399129525992844,0.0353951173395617,0.0212712712712712,0.0383581167145982,0.0410047367496539,0.0399129525992844,0.0353951173395617,0.0212712712712712,0.0489511865555777,0.0626327941456647,0.0546071790488153,0.041758051562227,0.0212712712712712,0.0083375041708375,0.0014927427427427,0.0052865365365365,0.0122205538872205,0.0212712712712712,0.083375041708375,0.1492742742742742,0.1057307307307307,0.0611027694361027,0.4144805192071247,0.4273545707848261,0.452575439361132,0.4332145308447787,0.4224999902171468,30music,sasrec,64,64,128,42
11.204 8.38 6.84 5.843 5.128 4.579 4.121 3.713 3.345 3.034 2.768 2.537 2.346 2.195,12.896 12.29 12.203 11.365 11.724 11.599 11.282 10.865 10.759 10.388 10.478 9.866 9.811 8.616 8.494 8.616 8.752 8.526 8.781 8.198 8.476 7.662 8.246 8.241 7.89 8.126 6.905 7.328 7.073 6.424 7.163 6.767 6.924 6.95 6.634 7.211 6.592 6.522 7.465 4.71 5.641 5.487 5.577 5.843 5.562 5.881 5.883 6.295 5.909 6.578 6.475 6.366 4.546 4.257 4.707 4.611 5.336 4.789 5.323 5.549 6.127 5.429 6.076 5.729 5.929 3.469 3.557 3.578 4.396 4.362 5.201 4.604 5.285 4.943 5.126 5.377 5.161 4.967 2.971 3.086 3.735 3.437 4.113 3.841 4.412 4.648 4.988 4.936 5.131 4.535 4.798 2.298 2.468 2.999 3.284 3.746 3.851 4.511 4.274 3.915 4.107 4.824 4.462 4.527 1.984 2.345 2.379 2.531 3.559 3.017 3.475 3.943 3.452 3.882 3.967 4.345 4.807 1.892 1.954 2.052 2.612 2.95 3.237 3.04 3.386 3.409 3.907 4.513 3.828 3.643 1.732 1.822 2.067 2.331 2.532 2.721 2.882 2.637 3.601 3.894 3.402 3.907 3.691 1.364 1.807 1.736 2.098 2.275 2.721 2.596 2.703 3.057 3.047 3.153 3.434 3.73 1.446 1.261 1.541 1.519 1.921 1.916 2.464 2.952 3.057 3.124 3.224 3.377 3.217 1.259 1.242 1.291 1.326 1.656 1.948 2.437 2.349 2.484 2.884 2.664 3.191 3.26,28.646,0.029666,0.0225152969360351,5.719323635101318,0.0098194899422565,0.0429981594197407,0.1417981653904315,0.0638852433228731,0.0283814490636923,0.0228144811478144,0.0900483817150483,0.1609526192859526,0.113697030363697,0.0665665665665665,0.0228144811478144,0.0413310301041782,0.0441848108603236,0.0429841914111206,0.0382069569569569,0.0228144811478144,0.0413310301041782,0.0441848108603236,0.0429841914111206,0.0382069569569569,0.0228144811478144,0.0528108277959847,0.0675511380737998,0.0588038529117229,0.0452279619165501,0.0228144811478144,0.0090048381715048,0.0016095261928595,0.0056848515181848,0.0133133133133133,0.0228144811478144,0.0900483817150483,0.1609526192859526,0.113697030363697,0.0665665665665665,0.4331892694899061,0.4499276758794419,0.4836113567048097,0.4576134474942872,0.4438222960821512,30music,sasrec,64,128,128,42
11.248 8.486 7.026 6.106 5.455 4.964 4.537 4.154 3.81,12.921 12.381 12.276 11.455 11.762 11.616 11.287 10.858 10.789 10.42 10.512 9.899 9.835 8.701 8.585 8.699 8.799 8.564 8.89 8.254 8.545 7.774 8.343 8.365 8.024 8.201 7.037 7.472 7.244 6.57 7.336 6.946 7.102 7.123 6.789 7.396 6.877 6.8 7.695 4.923 5.856 5.683 5.876 6.061 5.848 6.194 6.059 6.61 6.114 6.921 6.803 6.612 4.768 4.496 4.974 4.876 5.665 5.066 5.571 6.001 6.505 5.771 6.455 6.075 6.357 3.795 3.841 3.857 4.778 4.72 5.617 4.984 5.637 5.324 5.541 5.832 5.72 5.438 3.266 3.341 4.179 3.776 4.505 4.251 4.816 5.092 5.489 5.45 5.581 4.903 5.275 2.629 2.83 3.345 3.635 4.362 4.288 5.016 4.827 4.286 4.671 5.388 4.981 5.089 2.251 2.654 2.735 2.902 4.006 3.457 3.957 4.449 3.913 4.408 4.482 4.938 5.284,34.58,0.038727,0.0225152969360351,8.642695426940918,0.0101421368872722,0.0448789270209353,0.1164939185069598,0.0639874339922909,0.0298924931193529,0.0318234901568234,0.1031448114781448,0.1599933266599933,0.1239155822489155,0.0814981648314981,0.0318234901568234,0.0525976704217444,0.054973704682801,0.0540550569851252,0.0496781503725948,0.0318234901568234,0.0525976704217444,0.054973704682801,0.0540550569851252,0.0496781503725948,0.0318234901568234,0.0646062462138863,0.0765568441295964,0.069878050865127,0.0575761180404365,0.0318234901568234,0.0103144811478144,0.0015999332665999,0.0061957791124457,0.0162996329662996,0.0318234901568234,0.1031448114781448,0.1599933266599933,0.1239155822489155,0.0814981648314981,0.4360261535708201,0.4476409158697638,0.4688316628917678,0.4528175863947909,0.4431045123107872,30music,sasrec,64,256,128,42
11.364 8.675 7.256 6.373 5.763 5.31 4.917 4.556 4.246,12.995 12.464 12.382 11.617 11.88 11.699 11.352 10.922 10.903 10.592 10.63 10.041 9.975 8.881 8.785 8.828 8.961 8.728 9.088 8.434 8.745 8.004 8.573 8.534 8.231 8.409 7.238 7.743 7.453 6.728 7.581 7.165 7.328 7.351 6.972 7.638 7.088 7.089 7.942 5.129 6.103 5.927 6.148 6.301 6.078 6.464 6.372 6.928 6.413 7.193 7.055 6.944 5.051 4.734 5.27 5.111 5.893 5.38 5.89 6.325 6.825 6.172 6.829 6.376 6.668 4.022 4.137 4.144 5.087 5.051 5.948 5.322 6.035 5.729 5.95 6.204 6.025 5.845 3.613 3.659 4.544 4.131 4.939 4.712 5.223 5.477 5.902 5.916 6.024 5.343 5.723 2.958 3.112 3.743 4.002 4.805 4.711 5.497 5.173 4.859 5.039 5.957 5.477 5.558 2.514 3.031 3.053 3.29 4.501 3.843 4.425 4.94 4.475 4.897 4.982 5.476 5.874,48.185,0.05965,0.0225152969360351,14.519539833068848,0.0118610069110745,0.0510815561916637,0.1242007024747365,0.0715323203826753,0.034534705214365,0.0397897897897897,0.1121121121121121,0.1629963296629963,0.1294210877544211,0.0916332999666333,0.0397897897897897,0.0619240768546324,0.0639442365406759,0.0631210731104306,0.0591953064175286,0.0397897897897897,0.0619240768546324,0.0639442365406759,0.0631210731104306,0.0591953064175286,0.0397897897897897,0.0739021285232905,0.0844284056731972,0.078272477219395,0.0672840590302821,0.0397897897897897,0.0112112112112112,0.0016299632966299,0.006471054387721,0.0183266599933266,0.0397897897897897,0.1121121121121121,0.1629963296629963,0.1294210877544211,0.0916332999666333,0.4532751284516528,0.4618228073624406,0.4772736975874435,0.4652690127719823,0.4590429962092562,30music,sasrec,64,512,128,42
11.583 8.931 7.509 6.635 6.044 5.608 5.245 4.916 4.638 4.407,13.085 12.623 12.557 11.873 12.088 11.919 11.601 11.247 11.144 10.857 10.84 10.274 10.182 9.171 9.089 9.073 9.243 8.978 9.342 8.674 8.995 8.204 8.802 8.902 8.533 8.638 7.471 7.98 7.722 7.01 7.845 7.364 7.631 7.613 7.256 7.928 7.386 7.408 8.142 5.346 6.332 6.215 6.4 6.576 6.349 6.706 6.718 7.152 6.644 7.489 7.3 7.174 5.307 5.009 5.519 5.432 6.234 5.606 6.178 6.626 7.184 6.536 7.138 6.651 6.966 4.303 4.363 4.387 5.335 5.308 6.188 5.63 6.249 6.069 6.27 6.462 6.427 6.202 3.901 3.946 4.882 4.41 5.253 5.089 5.503 5.794 6.206 6.275 6.404 5.741 5.982 3.24 3.448 4.054 4.282 5.143 5.09 5.858 5.557 5.26 5.521 6.333 5.827 5.906 2.84 3.278 3.421 3.686 4.916 4.303 4.796 5.306 4.901 5.337 5.398 5.901 6.295 2.822 2.986 3.194 3.978 4.379 4.768 4.353 4.862 5.099 5.503 6.135 5.348 5.24,81.783,0.1113,0.0225152969360351,26.26546192169189,0.0140368644228351,0.0597149454428128,0.1413618456783106,0.0825367628062706,0.0408211536982114,0.0472972972972973,0.1184934934934934,0.166041041041041,0.13501001001001,0.1000166833500166,0.0472972972972973,0.0694650172659432,0.0713744811883422,0.0706155407671504,0.0669885162940718,0.0472972972972973,0.0694650172659432,0.0713744811883422,0.0706155407671504,0.0669885162940718,0.0472972972972973,0.0812157522975935,0.0910778574569348,0.0853973919470178,0.0752301727239307,0.0472972972972973,0.0118493493493493,0.0016604104104104,0.0067505005005005,0.0200033366700033,0.0472972972972973,0.1184934934934934,0.166041041041041,0.13501001001001,0.1000166833500166,0.4774459040847489,0.4827940234594749,0.4939226073783458,0.4843235098640233,0.4814901207121344,30music,sasrec,64,1024,128,42
11.55 8.933 7.546 6.703 6.142 5.735 5.392 5.088 4.829,13.089 12.597 12.513 11.845 12.062 11.9 11.543 11.178 11.116 10.837 10.851 10.256 10.18 9.132 9.096 9.057 9.217 8.965 9.336 8.649 8.973 8.234 8.815 8.941 8.526 8.661 7.48 8.014 7.725 7.069 7.9 7.412 7.658 7.657 7.269 7.953 7.48 7.408 8.23 5.426 6.385 6.283 6.459 6.617 6.377 6.801 6.818 7.24 6.69 7.561 7.403 7.288 5.368 5.143 5.607 5.486 6.269 5.779 6.301 6.698 7.244 6.691 7.27 6.709 7.141 4.399 4.495 4.494 5.505 5.466 6.345 5.802 6.412 6.172 6.465 6.641 6.596 6.385 4.044 4.06 5.048 4.547 5.362 5.17 5.661 5.936 6.444 6.464 6.539 5.874 6.124 3.456 3.563 4.23 4.434 5.337 5.315 6.044 5.74 5.416 5.678 6.62 5.983 6.043 2.938 3.475 3.537 3.817 5.081 4.484 4.978 5.404 5.072 5.558 5.562 6.175 6.467,124.92,0.1776,0.0225152969360351,37.465288162231445,0.0147051225082412,0.0606943683755472,0.1334185304981737,0.0819086920627703,0.042041700682381,0.0534284284284284,0.1202452452452452,0.1621621621621621,0.1340507173840507,0.1030196863530196,0.0534284284284284,0.0742832945379241,0.0759644158032099,0.0752597539028997,0.0719684962740518,0.0534284284284284,0.0742832945379241,0.0759644158032099,0.0752597539028997,0.0719684962740518,0.0534284284284284,0.0852980051169507,0.0939945836592301,0.0888118726291643,0.0797113849193964,0.0534284284284284,0.0120245245245245,0.0016216216216216,0.0067025358692025,0.0206039372706039,0.0534284284284284,0.1202452452452452,0.1621621621621621,0.1340507173840507,0.1030196863530196,0.4837141341606539,0.4855936327503599,0.4916502164786541,0.4856323296879176,0.4854396101708811,30music,sasrec,64,1512,128,42
11.536 8.948 7.592 6.769 6.222 5.825 5.505 5.224 4.989 4.796,13.055 12.572 12.512 11.815 12.034 11.877 11.509 11.14 11.096 10.836 10.82 10.262 10.202 9.126 9.05 9.061 9.206 8.966 9.342 8.66 8.997 8.242 8.856 8.982 8.573 8.679 7.511 8.004 7.773 7.085 7.926 7.449 7.679 7.715 7.314 8.031 7.554 7.51 8.267 5.504 6.474 6.348 6.557 6.67 6.449 6.863 6.859 7.379 6.75 7.705 7.453 7.332 5.454 5.15 5.65 5.552 6.373 5.855 6.333 6.845 7.334 6.752 7.342 6.803 7.183 4.451 4.573 4.562 5.578 5.514 6.411 5.801 6.505 6.3 6.565 6.727 6.693 6.492 4.122 4.103 5.117 4.656 5.507 5.247 5.794 6.079 6.522 6.641 6.632 6.059 6.268 3.535 3.618 4.435 4.571 5.456 5.455 6.253 5.865 5.613 5.791 6.713 6.225 6.293 3.106 3.557 3.73 3.994 5.265 4.7 5.078 5.634 5.247 5.759 5.743 6.36 6.624 3.012 3.241 3.618 4.309 4.779 5.204 4.783 5.303 5.508 6.001 6.477 5.862 5.667,163.9,0.23747,0.0225152969360351,49.765103340148926,0.0155237960733522,0.0645041283882235,0.1450464508261943,0.0874178025331803,0.0448192201129608,0.055055055055055,0.1217467467467467,0.1644978311644978,0.1365115115115115,0.1041875208541875,0.055055055055055,0.0759845659151214,0.077722198362028,0.0770236215621277,0.0735902569235902,0.055055055055055,0.0759845659151214,0.077722198362028,0.0770236215621277,0.0735902569235902,0.055055055055055,0.0869680797812512,0.0958760526797746,0.0907189476689764,0.0812383543310362,0.055055055055055,0.0121746746746746,0.0016449783116449,0.0068255755755755,0.0208375041708375,0.055055055055055,0.1217467467467467,0.1644978311644978,0.1365115115115115,0.1041875208541875,0.4905675219973557,0.4910828917194168,0.4974995796182134,0.4905775128974844,0.4917051094955266,30music,sasrec,64,2048,128,42
10.683 7.631 5.994 4.967 4.208 3.633 3.172,12.11 11.565 11.592 11.005 11.131 10.598 10.436 10.594 10.409 9.954 8.906 9.01 8.369 8.201 7.883 7.729 7.662 7.483 7.85 7.541 8.072 7.567 7.381 7.219 7.395 7.686 6.275 5.705 6.366 5.382 6.072 5.709 6.004 5.589 5.817 6.756 6.622 6.271 5.587 4.619 4.436 4.728 4.265 4.735 4.727 5.393 4.91 4.986 5.032 5.304 5.158 5.232 3.53 3.586 3.69 4.185 4.288 4.367 4.736 4.523 4.544 4.231 4.748 4.599 4.682 3.115 3.411 3.308 3.019 3.525 3.802 3.635 3.91 3.846 4.154 4.014 4.693 3.936 2.265 2.728 2.773 2.596 2.844 3.64 3.057 3.106 3.775 3.38 3.563 3.797 3.823,23.061,0.021121,0.0225152969360351,4.711225986480713,0.0069707815060148,0.0312324539194714,0.0868333637608922,0.0448387396790294,0.0206517009005409,0.0185185185185185,0.0695278611945278,0.1383883883883883,0.0891307974641308,0.0505505505505505,0.0185185185185185,0.0324725684679388,0.0350299247494317,0.0338130775340527,0.0299403570236903,0.0185185185185185,0.0324725684679388,0.0350299247494317,0.0338130775340527,0.0299403570236903,0.0185185185185185,0.041182972092308,0.0551594459232964,0.0461140627421043,0.035047046321078,0.0185185185185185,0.0069527861194527,0.0013838838838838,0.0044565398732065,0.0101101101101101,0.0185185185185185,0.0695278611945278,0.1383883883883883,0.0891307974641308,0.0505505505505505,0.4121401837664009,0.4250488566273481,0.4496081508331234,0.4307375553197875,0.4203820952027505,30music,sasrec,64,32,256,42
10.769 7.715 6.231 5.306 4.618 4.086 3.639,12.222 11.848 11.813 11.228 11.299 10.812 10.563 10.582 10.323 9.845 8.884 9.039 8.379 8.162 7.844 7.744 7.659 7.55 7.901 7.625 8.138 7.769 7.509 7.405 7.535 7.877 6.448 5.94 6.535 5.614 6.323 5.898 6.233 5.767 6.136 7.024 6.926 6.628 5.835 4.883 4.715 5.055 4.505 5.003 5.063 5.748 5.296 5.4 5.389 5.693 5.627 5.629 3.857 3.886 4.046 4.577 4.639 4.841 5.183 4.96 4.959 4.625 5.249 5.037 5.131 3.49 3.832 3.689 3.411 3.952 4.354 4.09 4.416 4.339 4.573 4.596 5.176 4.39 2.579 3.083 3.148 3.001 3.267 4.134 3.497 3.577 4.254 3.924 4.103 4.341 4.303,26.36,0.026163,0.0225152969360351,5.636007308959961,0.0075150329363972,0.0336953638734167,0.0949856531189396,0.0491250067457323,0.0222201554446384,0.0231898565231898,0.0824991658324991,0.1516933600266933,0.1039372706039372,0.0619786453119786,0.0231898565231898,0.0397160056882279,0.0423954901016193,0.0411868025933571,0.0369793404515626,0.0231898565231898,0.0397160056882279,0.0423954901016193,0.0411868025933571,0.0369793404515626,0.0231898565231898,0.0498095958833521,0.0640307319109276,0.0552085463388166,0.0431757755909429,0.0231898565231898,0.0082499165832499,0.0015169336002669,0.0051968635301968,0.0123957290623957,0.0231898565231898,0.0824991658324991,0.1516933600266933,0.1039372706039372,0.0619786453119786,0.4126193428296054,0.4277094478428415,0.4515218741728986,0.4335515235132142,0.4226820539132618,30music,sasrec,64,64,256,42
10.815 7.839 6.457 5.606 4.979 4.495,12.305 12.007 11.891 11.277 11.319 10.861 10.642 10.56 10.338 9.814 8.886 9.105 8.455 8.216 7.934 7.742 7.699 7.698 8.027 7.719 8.27 7.926 7.729 7.581 7.682 8.099 6.633 6.133 6.702 5.867 6.598 6.076 6.506 6.029 6.433 7.268 7.207 6.858 6.1 5.073 4.985 5.246 4.8 5.288 5.353 6.117 5.564 5.771 5.741 6.02 6.019 6.002 4.146 4.182 4.381 4.989 4.911 5.206 5.514 5.321 5.32 4.987 5.707 5.43 5.57 3.863 4.192 4.085 3.768 4.339 4.717 4.524 4.767 4.765 5.11 5.062 5.619 4.981,31.723,0.034386,0.0225152969360351,8.171573162078857,0.0082475907688527,0.0359125569368519,0.086899959927479,0.0498449342707317,0.0242536349450753,0.0342425759092425,0.0936353019686353,0.1489406072739406,0.1113613613613613,0.0741157824491157,0.0342425759092425,0.0514217259587629,0.0536017486509801,0.0526436450124602,0.0487974085196307,0.0342425759092425,0.0514217259587629,0.0536017486509801,0.0526436450124602,0.0487974085196307,0.0342425759092425,0.0614257267569124,0.0728587606003337,0.0658977367545302,0.0550952438967102,0.0342425759092425,0.0093635301968635,0.0014894060727394,0.005568068068068,0.0148231564898231,0.0342425759092425,0.0936353019686353,0.1489406072739406,0.1113613613613613,0.0741157824491157,0.4219821487404203,0.4335229468556055,0.4526272857438133,0.4377960286583399,0.4298821403988717,30music,sasrec,64,128,256,42
10.905 7.995 6.668 5.871 5.288 4.841 4.454 4.102,12.407 12.127 11.991 11.317 11.354 10.939 10.727 10.654 10.391 9.863 9.0 9.237 8.585 8.34 8.062 7.901 7.793 7.859 8.215 7.91 8.414 8.091 7.946 7.74 7.827 8.281 6.781 6.311 6.91 6.104 6.823 6.255 6.692 6.194 6.701 7.482 7.418 7.065 6.376 5.289 5.212 5.48 5.009 5.535 5.629 6.403 5.833 6.095 5.993 6.294 6.335 6.295 4.398 4.44 4.658 5.274 5.197 5.503 5.841 5.755 5.567 5.331 6.068 5.772 5.958 4.106 4.478 4.364 4.085 4.644 5.04 4.913 5.145 5.178 5.43 5.511 6.021 5.348 3.199 3.846 3.776 3.707 4.006 4.955 4.406 4.348 5.09 4.914 5.042 5.198 5.333 3.201 3.211 3.452 3.551 3.795 3.902 4.073 4.871 4.515 5.242 4.879 4.923 5.023,42.363,0.050732,0.0225152969360351,13.429378032684326,0.0105451585160996,0.0494040217195359,0.1353923030906362,0.0721041288475074,0.0321716895103,0.0341174507841174,0.1099015682349015,0.1754671338004671,0.1338838838838839,0.0848765432098765,0.0341174507841174,0.0560108388812092,0.0587385570238136,0.0576863482810693,0.0526394450005561,0.0341174507841174,0.0560108388812092,0.0587385570238136,0.0576863482810693,0.0526394450005561,0.0341174507841174,0.0687784178519297,0.082542683769075,0.0748557237513894,0.0606538888200614,0.0341174507841174,0.0109901568234901,0.0017546713380046,0.0066941941941941,0.0169753086419753,0.0341174507841174,0.1099015682349015,0.1754671338004671,0.1338838838838839,0.0848765432098765,0.4451677716141405,0.4607122541421465,0.4787857604623909,0.4659962083700313,0.4556474131478174,30music,sasrec,64,256,256,42
11.09 8.209 6.896 6.121 5.561 5.137 4.774 4.451 4.183 3.954,12.539 12.279 12.159 11.549 11.558 11.153 10.951 10.803 10.582 10.025 9.236 9.471 8.757 8.531 8.3 8.092 7.991 8.09 8.429 8.085 8.597 8.299 8.197 7.948 7.991 8.464 7.027 6.561 7.139 6.34 7.037 6.443 6.942 6.425 6.942 7.769 7.629 7.276 6.631 5.522 5.381 5.699 5.28 5.736 5.967 6.569 6.146 6.337 6.304 6.601 6.629 6.52 4.66 4.646 4.981 5.59 5.393 5.785 6.077 6.028 5.779 5.578 6.381 6.063 6.233 4.381 4.762 4.661 4.358 4.922 5.409 5.219 5.467 5.464 5.748 5.88 6.295 5.705 3.449 4.088 3.983 3.947 4.289 5.165 4.699 4.641 5.451 5.222 5.388 5.535 5.728 3.452 3.523 3.761 3.921 4.178 4.251 4.421 5.297 4.941 5.656 5.286 5.439 5.437 2.811 2.922 3.269 3.652 4.114 4.378 4.605 4.49 4.926 4.49 4.99 4.956 5.469 2.583 2.836 3.074 3.907 3.776 4.103 4.34 4.681 4.592 4.444 4.487 5.189 5.343,67.408,0.089229,0.0225152969360351,23.9468641281128,0.0133192333173732,0.06250394697108,0.1704425544911651,0.0904375942249641,0.0408946391234107,0.0425008341675008,0.1260427093760427,0.1860193526860193,0.1469803136469803,0.1003503503503503,0.0425008341675008,0.0671772466911355,0.0696159973401615,0.0686359336463968,0.0637018963407852,0.0425008341675008,0.0671772466911355,0.0696159973401615,0.0686359336463968,0.0637018963407852,0.0425008341675008,0.0811722178361527,0.093669909551674,0.0864747612032697,0.0728175110929859,0.0425008341675008,0.0126042709376042,0.0018601935268601,0.007349015682349,0.02007007007007,0.0425008341675008,0.1260427093760427,0.1860193526860193,0.1469803136469803,0.1003503503503503,0.4721609453001441,0.4848543495269727,0.500681340727296,0.4886454628930492,0.4811265504634471,30music,sasrec,64,512,256,42
11.208 8.363 7.079 6.334 5.803 5.409 5.078 4.798 4.562 4.357 4.204 4.044 3.944 3.829,12.619 12.387 12.269 11.734 11.689 11.291 11.065 10.922 10.703 10.152 9.359 9.597 8.916 8.678 8.456 8.29 8.16 8.26 8.559 8.239 8.731 8.429 8.369 8.096 8.126 8.642 7.191 6.736 7.277 6.543 7.202 6.578 7.126 6.595 7.16 7.969 7.818 7.409 6.856 5.676 5.637 5.909 5.48 5.964 6.123 6.804 6.374 6.611 6.503 6.836 6.935 6.736 4.914 4.852 5.205 5.867 5.548 6.024 6.311 6.251 5.98 5.816 6.663 6.325 6.524 4.606 5.019 4.904 4.55 5.202 5.695 5.44 5.794 5.781 6.013 6.18 6.628 6.006 3.706 4.334 4.276 4.216 4.615 5.416 5.057 4.978 5.749 5.583 5.728 5.836 6.012 3.722 3.869 4.077 4.219 4.471 4.658 4.748 5.78 5.277 6.057 5.672 5.83 5.85 3.195 3.225 3.621 3.968 4.416 4.762 4.981 4.823 5.401 4.842 5.396 5.26 6.07 2.932 3.185 3.447 4.281 4.141 4.48 4.756 5.1 5.134 4.889 4.987 5.762 5.772 2.393 3.042 3.06 3.663 3.956 4.202 4.278 4.356 4.921 4.726 5.539 5.186 5.875 2.833 2.636 3.232 3.174 3.683 3.584 4.055 3.788 4.395 4.696 4.812 4.649 5.095 2.24 2.539 2.797 3.252 3.938 3.206 4.446 3.984 4.48 4.351 4.559 4.706 4.819 2.09 2.358 3.254 2.873 2.773 3.581 3.83 4.595 4.49 4.604 4.844 5.375 4.983,139.69,0.20028,0.0225152969360351,45.58830261230469,0.0158671107942052,0.0746520063243394,0.2189406387031659,0.1088652128034574,0.0488678077575348,0.0511761761761761,0.1313813813813814,0.1865615615615615,0.1503586920253587,0.1083583583583583,0.0511761761761761,0.0754797952714619,0.0777026905837338,0.0768033467551871,0.0724217272828383,0.0511761761761761,0.0754797952714619,0.0777026905837338,0.0768033467551871,0.0724217272828383,0.0511761761761761,0.0888112940121535,0.1002740669075605,0.0936168874409126,0.0813810933696242,0.0511761761761761,0.0131381381381381,0.0018656156156156,0.0075179346012679,0.0216716716716716,0.0511761761761761,0.1313813813813814,0.1865615615615615,0.1503586920253587,0.1083583583583583,0.5025279767204978,0.5112629282831302,0.5341562486675503,0.5150797007253026,0.5083967488254497,30music,sasrec,64,1024,256,42
10.397 7.216 5.71 4.788 4.132 3.603 3.184 2.824,12.317 11.643 11.568 10.776 10.894 9.977 9.761 9.6 9.328 9.692 9.135 8.151 8.112 7.375 7.295 7.607 7.338 7.611 7.409 7.007 7.244 7.523 6.352 6.73 6.731 6.685 5.349 5.636 5.848 5.499 6.095 6.092 5.663 5.728 6.118 5.206 5.814 5.177 5.134 3.99 4.705 4.799 4.738 4.857 5.337 5.126 5.011 4.956 5.671 4.823 5.288 5.036 4.121 3.598 3.893 3.834 4.331 4.174 4.444 4.27 4.158 4.328 4.852 4.984 4.882 3.111 3.213 3.761 3.235 3.428 3.552 3.335 3.726 2.986 4.156 3.91 3.588 4.088 2.376 2.722 2.48 3.179 3.055 3.734 2.81 3.715 3.123 3.472 3.437 3.57 3.863 2.089 2.469 2.272 2.904 2.721 2.773 3.214 3.465 3.414 3.028 3.608 3.503 3.069,29.077,0.030318,0.0225152969360351,57.37344026565552,0.0073852852325297,0.0339961948328264,0.1101293917588392,0.0507864662810978,0.0219744385541283,0.0163913913913913,0.0727394060727394,0.1558224891558225,0.0961378044711378,0.051051051051051,0.0163913913913913,0.0312735188892596,0.0343595718303245,0.0328734421233848,0.0283908908908908,0.0163913913913913,0.0312735188892596,0.0343595718303245,0.0328734421233848,0.0283908908908908,0.0163913913913913,0.0409909967847517,0.0578616206674762,0.0468777678732173,0.0339899164405145,0.0163913913913913,0.0072739406072739,0.0015582248915582,0.0048068902235568,0.0102102102102102,0.0163913913913913,0.0727394060727394,0.1558224891558225,0.0961378044711378,0.051051051051051,0.4167394421233317,0.4326890623062147,0.4582996302481053,0.4388715426555165,0.4270959192542066,30music,sasrec,64,32,512,42
10.472 7.347 5.969 5.127 4.528 4.031 3.63,12.456 11.876 11.809 10.916 11.045 10.055 9.767 9.601 9.28 9.665 9.126 8.128 8.083 7.41 7.421 7.698 7.461 7.674 7.536 7.207 7.375 7.629 6.544 6.927 6.946 6.932 5.618 5.827 5.99 5.701 6.292 6.339 5.955 5.979 6.406 5.443 6.062 5.535 5.452 4.237 4.957 5.09 5.068 5.181 5.702 5.511 5.324 5.225 6.119 5.179 5.716 5.459 4.439 3.952 4.251 4.169 4.742 4.578 4.902 4.648 4.595 4.739 5.296 5.45 5.337 3.44 3.679 4.163 3.674 3.895 3.978 3.718 4.119 3.393 4.616 4.428 4.083 4.583 2.708 3.116 2.813 3.548 3.483 4.223 3.251 4.198 3.622 3.991 3.917 4.094 4.394,33.385,0.036936,0.0225152969360351,7.537490367889404,0.0081809946022658,0.0380229664917943,0.1123167313682871,0.0561176042373533,0.0247691811312392,0.0236069402736069,0.0877127127127127,0.1639973306639973,0.1113196529863196,0.0656906906906907,0.0236069402736069,0.0416131078168115,0.0445654861340374,0.0432582319892763,0.0386650539428317,0.0236069402736069,0.0416131078168115,0.0445654861340374,0.0432582319892763,0.0386650539428317,0.0236069402736069,0.0524968316143429,0.068153187044136,0.058474122814947,0.0453667818791913,0.0236069402736069,0.0087712712712712,0.0016399733066399,0.0055659826493159,0.0131381381381381,0.0236069402736069,0.0877127127127127,0.1639973306639973,0.1113196529863196,0.0656906906906907,0.428594710558021,0.4433191132680702,0.465289178613305,0.4488370214457163,0.4383546792023652,30music,sasrec,64,64,512,42
10.537 7.483 6.188 5.404 4.853 4.394,12.553 12.027 11.925 11.023 11.119 10.024 9.826 9.615 9.318 9.733 9.155 8.162 8.181 7.452 7.506 7.893 7.554 7.754 7.64 7.386 7.525 7.776 6.708 7.128 7.215 7.136 5.843 6.0 6.153 5.888 6.421 6.569 6.174 6.197 6.614 5.649 6.264 5.798 5.701 4.488 5.172 5.285 5.345 5.495 5.963 5.761 5.559 5.508 6.471 5.571 6.024 5.751 4.731 4.225 4.539 4.437 5.14 4.903 5.303 4.959 4.93 5.098 5.701 5.834 5.717 3.767 3.988 4.52 3.982 4.222 4.315 4.062 4.464 3.74 4.997 4.825 4.497 4.989,41.205,0.048947,0.0225152969360351,11.879703521728516,0.0087815083113164,0.0405409905146391,0.1042953379238759,0.0577078747670569,0.0268658121689567,0.0351184517851184,0.0978061394728061,0.1585752419085752,0.117992992992993,0.0782032032032032,0.0351184517851184,0.0534099575766242,0.0558707738273372,0.0548244613955254,0.0508265209654098,0.0351184517851184,0.0534099575766242,0.0558707738273372,0.0548244613955254,0.0508265209654098,0.0351184517851184,0.0639391649549789,0.0765940393619186,0.0690598324963034,0.0576326816623606,0.0351184517851184,0.0097806139472806,0.0015857524190857,0.0058996496496496,0.0156406406406406,0.0351184517851184,0.0978061394728061,0.1585752419085752,0.117992992992993,0.0782032032032032,0.4300598122620661,0.4432098236566002,0.4629934118329485,0.448144422559697,0.4388390443015417,30music,sasrec,64,128,512,42
10.7 7.694 6.446 5.704 5.189 4.757 4.405 4.089 3.823 3.599 3.391,12.66 12.199 12.094 11.211 11.281 10.185 10.01 9.776 9.495 9.846 9.314 8.351 8.392 7.65 7.757 8.102 7.755 7.944 7.84 7.619 7.714 7.949 6.964 7.353 7.434 7.395 6.138 6.225 6.363 6.094 6.665 6.845 6.422 6.428 6.887 5.905 6.509 6.054 5.959 4.741 5.43 5.575 5.605 5.807 6.21 6.067 5.822 5.766 6.793 5.864 6.387 6.054 4.997 4.555 4.844 4.734 5.465 5.273 5.665 5.282 5.307 5.426 6.124 6.202 6.108 4.073 4.408 4.884 4.342 4.601 4.667 4.522 4.738 4.144 5.4 5.235 4.881 5.45 3.369 3.813 3.466 4.262 4.237 4.905 4.033 4.96 4.425 4.784 4.82 5.066 5.205 3.092 3.51 3.346 4.16 4.033 3.974 4.61 4.94 4.839 4.419 5.116 5.014 4.386 2.655 2.616 2.85 3.498 3.427 3.257 4.09 4.667 4.517 4.041 4.682 4.859 4.649 2.866 2.688 2.875 3.029 3.282 3.998 3.702 3.77 3.875 3.902 4.384 4.485 4.198 2.562 2.383 2.338 2.539 3.392 3.424 3.187 3.591 3.865 3.948 4.505 3.645 4.353,59.147,0.076504,0.0225152969360351,20.56559467315674,0.0117955589542564,0.0584898056195682,0.1878367842777932,0.0884247825003645,0.0371032504670343,0.032032032032032,0.1172839506172839,0.1935268601935268,0.1441441441441441,0.0889222555889222,0.032032032032032,0.0562289306502269,0.0593566341733292,0.0581178734606882,0.0524295128461795,0.032032032032032,0.0562289306502269,0.0593566341733292,0.0581178734606882,0.0524295128461795,0.032032032032032,0.0706722360332498,0.0866013282589428,0.0774948868600423,0.061485889102725,0.032032032032032,0.0117283950617283,0.0019352686019352,0.0072072072072072,0.0177844511177844,0.032032032032032,0.1172839506172839,0.1935268601935268,0.1441441441441441,0.0889222555889222,0.458421940413154,0.4741040797859457,0.4961956755329895,0.4798481719728384,0.4683362611428409,30music,sasrec,64,256,512,42
10.916 7.909 6.665 5.938 5.448 5.045 4.72 4.429 4.193 4.005 3.821,12.786 12.372 12.243 11.51 11.539 10.52 10.325 10.023 9.757 10.038 9.506 8.559 8.627 7.881 7.993 8.323 7.981 8.159 8.045 7.833 7.853 8.127 7.148 7.572 7.625 7.607 6.427 6.443 6.571 6.331 6.855 7.075 6.651 6.663 7.074 6.126 6.717 6.282 6.147 5.016 5.66 5.777 5.794 6.068 6.411 6.296 6.053 5.925 7.034 6.132 6.608 6.256 5.268 4.882 5.112 4.991 5.718 5.523 5.925 5.573 5.602 5.687 6.389 6.529 6.371 4.313 4.683 5.101 4.649 4.961 5.008 4.81 5.045 4.456 5.649 5.6 5.274 5.766 3.68 4.08 3.734 4.505 4.44 5.23 4.385 5.326 4.762 5.112 5.193 5.422 5.539 3.327 3.763 3.69 4.463 4.402 4.316 4.977 5.356 5.185 4.749 5.497 5.441 4.749 2.994 2.93 3.174 3.848 3.782 3.605 4.466 5.095 4.875 4.468 5.128 5.325 5.115 3.174 3.0 3.239 3.419 3.669 4.432 4.121 4.17 4.259 4.313 4.827 4.892 4.617 2.902 2.706 2.691 2.904 3.779 3.874 3.615 4.141 4.331 4.387 5.086 4.108 4.895,108.35,0.15216,0.0225152969360351,37.935911655426025,0.0141367586727154,0.0695367318046068,0.2051093038289351,0.1028543346641084,0.0447239187021555,0.0439189189189189,0.1332165498832165,0.1976976976976977,0.1572405739072405,0.106398064731398,0.0439189189189189,0.0703147261017631,0.0729864978838854,0.0719951623734518,0.0667021187854521,0.0439189189189189,0.0703147261017631,0.0729864978838854,0.0719951623734518,0.0667021187854521,0.0439189189189189,0.0852794916479206,0.0987827905016227,0.0913707147575677,0.0765733951887701,0.0439189189189189,0.0133216549883216,0.0019769769769769,0.007862028695362,0.0212796129462796,0.0439189189189189,0.1332165498832165,0.1976976976976977,0.1572405739072405,0.106398064731398,0.4837453528740994,0.4969266056414798,0.512286888636707,0.5006968047255236,0.492627178977018,30music,sasrec,64,512,512,42
10.158 6.99 5.591 4.742 4.126 3.641 3.236 2.889 2.607 2.369 2.149,12.07 11.25 11.251 10.741 10.637 10.16 9.693 9.472 8.824 8.669 8.102 8.623 7.801 7.741 8.143 7.489 7.332 7.316 6.551 6.116 7.298 7.184 6.516 7.05 6.419 6.289 5.723 5.57 5.312 5.549 5.477 5.089 4.46 5.801 5.315 4.992 5.266 5.481 5.628 3.773 4.871 5.277 4.377 4.948 5.101 4.081 5.437 4.573 4.578 4.92 4.255 5.487 3.55 3.716 3.58 3.783 3.82 3.797 4.823 3.981 4.1 4.56 4.128 4.202 4.596 3.012 2.879 3.304 3.321 3.166 3.406 3.247 3.633 4.346 3.81 3.739 3.873 3.675 2.879 2.532 2.801 2.906 2.556 3.7 3.296 3.16 3.466 3.721 4.254 3.762 3.487 2.192 2.868 2.296 2.591 2.612 2.668 3.509 3.191 3.434 3.403 3.411 3.615 3.125 1.753 2.081 2.484 2.469 2.516 2.71 2.531 2.957 3.442 2.917 2.791 3.238 2.784 1.587 1.915 1.925 2.343 2.052 2.427 2.953 2.326 2.516 2.488 2.986 3.047 3.358 1.359 1.389 1.511 1.764 1.711 1.738 2.16 2.058 2.264 2.549 2.613 2.686 2.596,41.934,0.049941,0.0230674743652343,75.78246545791626,0.0078204567348818,0.0354119374776816,0.1316812891180715,0.0545009248829687,0.0226197324441596,0.0142642642642642,0.070362028695362,0.1649149149149149,0.0985568902235568,0.0477977977977977,0.0142642642642642,0.0285958743134669,0.0321898636532233,0.0305278867293329,0.0255727950172394,0.0142642642642642,0.0285958743134669,0.0321898636532233,0.0305278867293329,0.0255727950172394,0.0142642642642642,0.0383562132799175,0.0576837751734079,0.0454540842688541,0.0310471033699821,0.0142642642642642,0.0070362028695362,0.0016491491491491,0.0049278445111778,0.0095595595595595,0.0142642642642642,0.070362028695362,0.1649149149149149,0.0985568902235568,0.0477977977977977,0.4197900753185435,0.4364007985719805,0.4659949749900672,0.4436366770176706,0.4300433076189802,30music,sasrec,64,32,1024,42
10.26 7.163 5.872 5.088 4.512 4.059,12.237 11.538 11.468 10.879 10.693 10.172 9.738 9.479 8.946 8.685 8.195 8.702 7.909 7.862 8.171 7.615 7.503 7.44 6.674 6.265 7.528 7.331 6.697 7.289 6.694 6.557 5.937 5.8 5.493 5.824 5.789 5.421 4.827 6.069 5.615 5.339 5.56 5.831 5.946 4.074 5.159 5.603 4.762 5.273 5.464 4.42 5.743 4.974 4.927 5.305 4.689 6.008 3.907 4.061 3.873 4.111 4.22 4.206 5.246 4.35 4.486 5.005 4.507 4.589 5.053 3.339 3.239 3.733 3.635 3.523 3.788 3.639 4.104 4.872 4.301 4.156 4.355 4.111,47.16,0.057982,0.0225152969360351,9.771848201751707,0.0078388280911816,0.0365900007004079,0.099713980946607,0.0528440581866782,0.0240389197183211,0.0303636970303636,0.0898815482148815,0.1529029029029029,0.1089839839839839,0.0696946946946946,0.0303636970303636,0.0475132539947354,0.0499238837440085,0.0488342429628191,0.0448163441218996,0.0303636970303636,0.0475132539947354,0.0499238837440085,0.0488342429628191,0.0448163441218996,0.0303636970303636,0.0575371078532745,0.0704343929353154,0.0623610277401207,0.0510066573133641,0.0303636970303636,0.0089881548214881,0.001529029029029,0.0054491991991992,0.0139389389389389,0.0303636970303636,0.0898815482148815,0.1529029029029029,0.1089839839839839,0.0696946946946946,0.4180708243621418,0.4321690985490155,0.4540176586280781,0.4373425752510779,0.4278138562145253,30music,sasrec,64,64,1024,42
10.389 7.358 6.124 5.383 4.845 4.421 4.055 3.736 3.469,12.378 11.792 11.643 11.037 10.79 10.207 9.9 9.613 9.157 8.758 8.314 8.869 8.053 8.041 8.313 7.744 7.62 7.59 6.826 6.414 7.78 7.486 6.915 7.46 6.968 6.817 6.161 6.045 5.727 6.07 6.007 5.745 5.152 6.308 5.867 5.618 5.85 6.073 6.244 4.36 5.423 5.856 5.053 5.581 5.71 4.685 6.01 5.29 5.26 5.659 5.053 6.335 4.209 4.353 4.145 4.473 4.515 4.588 5.552 4.663 4.839 5.322 4.831 4.893 5.384 3.616 3.5 4.04 3.994 3.873 4.141 3.997 4.488 5.226 4.679 4.533 4.785 4.511 3.571 3.189 3.541 3.597 3.247 4.525 4.129 4.03 4.256 4.809 5.148 4.776 4.419 2.836 3.682 3.051 3.432 3.422 3.506 4.352 3.991 4.3 4.371 4.38 4.639 4.08 2.329 2.829 3.318 3.311 3.411 3.632 3.468 3.99 4.395 3.916 3.68 4.144 3.72,57.52,0.073965,0.0225152969360351,15.802396774291992,0.0102248079906214,0.0514466868981227,0.1704172938762528,0.079045056899535,0.032246323145268,0.0279446112779446,0.1103186519853186,0.1924841508174841,0.1377627627627627,0.0796629963296629,0.0279446112779446,0.0502995886097737,0.0536031429008179,0.0522141734694409,0.0461899399399399,0.0279446112779446,0.0502995886097737,0.0536031429008179,0.0522141734694409,0.0461899399399399,0.0279446112779446,0.064407939578942,0.0814813600314772,0.0713596271752802,0.0544764955783281,0.0279446112779446,0.0110318651985318,0.0019248415081748,0.0068881381381381,0.0159325992659325,0.0279446112779446,0.1103186519853186,0.1924841508174841,0.1377627627627627,0.0796629963296629,0.4470166233707766,0.4648139677678969,0.4881627405578889,0.4715461285840974,0.4585745414481924,30music,sasrec,64,128,1024,42
10.508 7.52 6.333 5.63 5.127 4.739 4.4 4.104 3.868 3.669 3.48 3.328,12.498 11.961 11.763 11.184 10.9 10.322 10.026 9.742 9.326 8.873 8.485 9.03 8.199 8.164 8.409 7.924 7.775 7.707 6.951 6.531 7.935 7.63 7.134 7.653 7.141 7.042 6.359 6.255 5.903 6.269 6.219 5.97 5.439 6.483 6.112 5.858 6.07 6.279 6.474 4.644 5.661 6.058 5.285 5.844 5.947 4.924 6.219 5.566 5.515 5.946 5.371 6.641 4.438 4.671 4.429 4.719 4.768 4.916 5.818 4.965 5.109 5.628 5.09 5.156 5.723 3.883 3.795 4.354 4.296 4.144 4.455 4.312 4.884 5.622 5.051 4.857 5.158 4.849 3.805 3.495 3.835 3.899 3.524 4.863 4.482 4.333 4.591 5.164 5.472 5.223 4.799 3.129 3.988 3.34 3.775 3.77 3.885 4.734 4.403 4.725 4.787 4.814 5.038 4.558 2.599 3.198 3.691 3.698 3.846 4.037 3.941 4.375 4.866 4.354 4.081 4.598 4.087 2.514 3.092 3.069 3.705 3.241 3.805 4.303 3.731 4.008 3.91 4.501 4.734 5.068 2.302 2.416 2.618 2.923 2.884 2.883 3.509 3.416 3.624 4.072 4.023 4.257 4.013 1.844 2.632 2.781 2.696 3.578 3.036 3.167 3.299 3.548 4.682 4.171 3.911 4.236,83.767,0.11422,0.0225152969360351,27.871318817138672,0.012497115122956,0.0629517487808882,0.2107780154571999,0.0958135123622004,0.0396063477628855,0.0344928261594928,0.1218718718718718,0.203078078078078,0.1506089422756089,0.093385051718385,0.0344928261594928,0.05962003670337,0.0629870215170614,0.0616380209311424,0.0557960738516294,0.0344928261594928,0.05962003670337,0.0629870215170614,0.0616380209311424,0.0557960738516294,0.0344928261594928,0.0743667525932827,0.0913988477455164,0.0816621244716414,0.065132320356218,0.0344928261594928,0.0121871871871871,0.0020307807807807,0.0075304471137804,0.018677010343677,0.0344928261594928,0.1218718718718718,0.203078078078078,0.1506089422756089,0.093385051718385,0.4654522712323365,0.4822326938586071,0.5045872926819206,0.4879150152302394,0.4766353514207963,30music,sasrec,64,256,1024,42
10.633 7.711 6.569 5.896 5.424 5.064 4.752 4.486 4.271 4.101 3.934,12.558 12.085 11.879 11.334 11.028 10.457 10.155 9.895 9.5 8.974 8.635 9.174 8.371 8.319 8.511 8.091 7.938 7.867 7.117 6.703 8.131 7.799 7.34 7.827 7.381 7.268 6.571 6.507 6.107 6.514 6.428 6.278 5.744 6.688 6.356 6.128 6.322 6.571 6.72 4.956 5.912 6.292 5.519 6.087 6.194 5.172 6.447 5.864 5.802 6.218 5.675 6.954 4.712 4.951 4.659 5.019 5.042 5.245 6.108 5.272 5.434 5.95 5.383 5.46 6.028 4.13 4.115 4.619 4.599 4.466 4.794 4.672 5.21 5.931 5.383 5.185 5.53 5.166 4.073 3.844 4.199 4.23 3.831 5.233 4.833 4.645 4.946 5.624 5.899 5.693 5.225 3.458 4.338 3.731 4.122 4.144 4.224 5.123 4.812 5.055 5.202 5.214 5.479 5.001 2.931 3.565 4.084 4.049 4.189 4.501 4.391 4.835 5.357 4.771 4.53 5.014 4.505 2.818 3.497 3.461 4.153 3.623 4.266 4.793 4.168 4.501 4.406 4.995 5.27 5.568 2.612 2.8 3.015 3.264 3.283 3.314 3.988 3.906 4.084 4.62 4.5 4.768 4.464,154.1,0.2223,0.0225152969360351,52.00037384033203,0.0147361241719972,0.0746439688559582,0.22402720797868,0.1111823001167729,0.0475737753481659,0.0476309642976309,0.1389305972639306,0.2057891224557891,0.1617033700367033,0.1107357357357357,0.0476309642976309,0.0744337757069238,0.0771836386182968,0.0760566327144127,0.0706400845289734,0.0476309642976309,0.0744337757069238,0.0771836386182968,0.0760566327144127,0.0706400845289734,0.0476309642976309,0.0897605473346367,0.1037432897748387,0.0955713011155142,0.0806124958245504,0.0476309642976309,0.013893059726393,0.0020578912245578,0.0080851685018351,0.0221471471471471,0.0476309642976309,0.1389305972639306,0.2057891224557891,0.1617033700367033,0.1107357357357357,0.491735332462263,0.5041612023706944,0.5172364965886528,0.5076540991865982,0.5003985243506683,30music,sasrec,64,512,1024,42
12.483 10.85 9.875 8.876 7.785 6.656 5.588 4.642 3.811 3.092 2.474 1.954 1.525 1.187 0.933 0.745 0.61 0.51 0.441 0.389,12.09 10.725 10.818 9.905 9.007 8.891 7.795 7.837 6.608 5.589 5.574 4.726 4.576 3.878 3.045 3.133 2.355 2.651 1.908 1.527 1.642 1.111 0.819 0.93 0.726 0.842 0.624 0.443 0.515 0.349 0.546 0.37,4.5178,0.02443,3.337860107421875e-06,4.803469181060791,0.0131010734613127,0.0685653463402535,0.1648404390294871,0.0940234533327362,0.0456769328102089,0.0473807140473807,0.0921338004671338,0.1209542876209542,0.1007674341007674,0.0825408742075408,0.0473807140473807,0.0623520345742567,0.0634606430333236,0.0629679439755334,0.061061756200645,0.0473807140473807,0.0623520345742567,0.0634606430333236,0.0629679439755334,0.061061756200645,0.0473807140473807,0.0695648457072923,0.0754624276069909,0.0717688802486748,0.0664515965346629,0.0473807140473807,0.0092133800467133,0.0012095428762095,0.0050383717050383,0.0165081748415081,0.0473807140473807,0.0921338004671338,0.1209542876209542,0.1007674341007674,0.0825408742075408,0.4882799763585528,0.478194135324413,0.4750805161484079,0.4722753983654822,0.4852173180975491,30music,sasrec,512,32,32,42
12.587 11.111 10.074 8.928 7.702 6.497 5.397 4.439 3.609 2.901 2.299 1.795 1.388 1.071 0.837 0.67,12.248 11.039 11.079 10.165 9.152 8.935 7.7 7.734 6.456 5.4 5.401 4.561 4.375 3.677 2.823 2.921 2.196 2.431 1.767 1.356 1.507 1.03 0.726 0.859 0.649 0.764,5.6892,0.030292,0.0225152969360351,5.8535637855529785,0.0130080684700449,0.0638691683861108,0.1561691588559697,0.0872765727316254,0.0431485748994455,0.0500083416750083,0.092384050717384,0.1210794127460794,0.1013513513513513,0.0827911244577911,0.0500083416750083,0.0638745226708189,0.064980248073073,0.0645081731090001,0.0625931487042598,0.0500083416750083,0.0638745226708189,0.064980248073073,0.0645081731090001,0.0625931487042598,0.0500083416750083,0.0707558313617345,0.0766297946948363,0.0730373738259896,0.0676522282451996,0.0500083416750083,0.0092384050717384,0.0012107941274607,0.0050675675675675,0.0165582248915582,0.0500083416750083,0.092384050717384,0.1210794127460794,0.1013513513513513,0.0827911244577911,0.4973816827791493,0.4888062378052997,0.4927253829251043,0.4853962770878894,0.49346928832335,30music,sasrec,512,64,32,42
12.679 11.282 10.237 9.031 7.76 6.529 5.411 4.441 3.604 2.89 2.285 1.779 1.37 1.056 0.825 0.662 0.544 0.46 0.401 0.36,12.384 11.223 11.283 10.298 9.269 9.032 7.776 7.833 6.483 5.433 5.395 4.546 4.377 3.654 2.802 2.936 2.166 2.447 1.765 1.343 1.472 1.004 0.693 0.832 0.613 0.779 0.526 0.399 0.48 0.322 0.53 0.329,8.62,0.041434,0.0225152969360351,8.792714595794678,0.0144180700660565,0.074508480103247,0.1898507442121616,0.1039405411053356,0.0492271974151501,0.0496329662996329,0.1025608942275609,0.130714047380714,0.1118201534868201,0.0905905905905905,0.0496329662996329,0.0670942106127291,0.0682032226952873,0.0677400469964754,0.0654967467467467,0.0496329662996329,0.0670942106127291,0.0682032226952873,0.0677400469964754,0.0654967467467467,0.0496329662996329,0.0756588470418133,0.0814626527057155,0.0780045156191774,0.0717884785666605,0.0496329662996329,0.010256089422756,0.0013071404738071,0.005591007674341,0.0181181181181181,0.0496329662996329,0.1025608942275609,0.130714047380714,0.1118201534868201,0.0905905905905905,0.4963952778869563,0.4939511119362309,0.4910842688382316,0.4880602593432134,0.499794319673391,30music,sasrec,512,128,32,42
12.773 11.478 10.467 9.261 7.983 6.757 5.634 4.644 3.786 3.052 2.429 1.906 1.479 1.144 0.896 0.716 0.584 0.494 0.429 0.381,12.509 11.414 11.485 10.543 9.511 9.269 8.054 8.048 6.698 5.648 5.628 4.744 4.584 3.835 2.942 3.108 2.303 2.594 1.866 1.449 1.59 1.101 0.769 0.901 0.654 0.835 0.575 0.423 0.512 0.345 0.569 0.35,10.796,0.064442,0.0225152969360351,14.664618015289308,0.0144341450028188,0.0754626424210691,0.1979881068432154,0.1065286059240734,0.0493695754264738,0.050759092425759,0.104396062729396,0.1323406740073406,0.1142392392392392,0.0924674674674674,0.050759092425759,0.0686069502041724,0.0697560408996188,0.069291121964088,0.066992687131576,0.050759092425759,0.0686069502041724,0.0697560408996188,0.069291121964088,0.066992687131576,0.050759092425759,0.0772594692777133,0.0831074642995444,0.0797493345374751,0.0733794078380934,0.050759092425759,0.0104396062729396,0.0013234067400734,0.0057119619619619,0.0184934934934934,0.050759092425759,0.104396062729396,0.1323406740073406,0.1142392392392392,0.0924674674674674,0.4956270126698686,0.4938238605836936,0.4926851502917693,0.4883648183673811,0.4989735994670142,30music,sasrec,512,256,32,42
12.811 11.582 10.63 9.439 8.161 6.93 5.801 4.795 3.923 3.174 2.537 2.003 1.562 1.214 0.952 0.762 0.623 0.525 0.457 0.404,12.574 11.523 11.564 10.693 9.676 9.443 8.249 8.256 6.874 5.805 5.816 4.911 4.738 3.975 3.063 3.24 2.393 2.712 1.966 1.541 1.706 1.139 0.811 0.966 0.723 0.889 0.617 0.457 0.546 0.386 0.589 0.393,13.639,0.12021,0.0225152969360351,26.41583824157715,0.0145822640629861,0.0744476249855038,0.2003465297082054,0.1052805019054541,0.0491238585359636,0.0545962629295962,0.1055221888555221,0.1331748415081748,0.1148231564898231,0.093093093093093,0.0545962629295962,0.0711078472652546,0.0721996999089131,0.0717634426308173,0.0694500055611166,0.0545962629295962,0.0711078472652546,0.0721996999089131,0.0717634426308173,0.0694500055611166,0.0545962629295962,0.0793908688751179,0.0850897667692856,0.0817545664486374,0.0753726075233323,0.0545962629295962,0.0105522188855522,0.0013317484150817,0.0057411578244911,0.0186186186186186,0.0545962629295962,0.1055221888555221,0.1331748415081748,0.1148231564898231,0.093093093093093,0.494819624183982,0.4919533085183111,0.4942407080737944,0.4875463355589898,0.496427664573979,30music,sasrec,512,512,32,42
12.817 11.59 10.606 9.38 8.097 6.875 5.75 4.751 3.882 3.139 2.508 1.979 1.544 1.203 0.95 0.767 0.632 0.538 0.472 0.424,12.577 11.521 11.58 10.665 9.62 9.382 8.197 8.198 6.835 5.762 5.741 4.855 4.675 3.948 3.028 3.22 2.353 2.685 1.967 1.51 1.653 1.134 0.815 0.956 0.727 0.889 0.624 0.448 0.565 0.403 0.629 0.405,25.075,0.26365,0.0225152969360351,49.90960884094238,0.015546760268727,0.083749272322059,0.2181518185920422,0.1186341815158895,0.0542276509580088,0.0547630964297631,0.1069819819819819,0.1321738405071738,0.1164497831164497,0.0954704704704704,0.0547630964297631,0.0721452106868773,0.0732044206580292,0.0728225150734395,0.0705789122455789,0.0547630964297631,0.0721452106868773,0.0732044206580292,0.0728225150734395,0.0705789122455789,0.0547630964297631,0.080574096733761,0.0858664769387438,0.0829934403800679,0.0768210871919189,0.0547630964297631,0.0106981981981981,0.0013217384050717,0.0058224891558224,0.019094094094094,0.0547630964297631,0.1069819819819819,0.1321738405071738,0.1164497831164497,0.0954704704704704,0.5110088286032348,0.5159274177590981,0.5146230453153651,0.5102609561976511,0.5194505034035148,30music,sasrec,512,1024,32,42
12.306 10.797 9.787 8.684 7.545 6.461 5.492 4.664 3.962 3.363 2.847 2.408 2.032 1.71 1.436 1.203 1.012 0.854 0.73 0.632,12.042 10.742 10.623 9.824 8.699 8.603 7.532 7.504 6.503 5.598 5.646 4.656 4.814 4.053 3.247 3.222 2.821 3.018 2.439 1.973 2.018 1.704 1.373 1.503 1.049 1.276 0.993 0.789 0.963 0.698 0.874 0.594,7.2355,0.03882,3.337860107421875e-06,62.9006667137146,0.0139851949832418,0.0724417025195166,0.1932058131564171,0.102821036580815,0.0473831725265552,0.0505505505505505,0.1071488154821488,0.1501084417751084,0.1200784117450784,0.0933433433433433,0.0505505505505505,0.0684931790255864,0.0701256084335499,0.0693918528332228,0.0666346902458013,0.0505505505505505,0.0684931790255864,0.0701256084335499,0.0693918528332228,0.0666346902458013,0.0505505505505505,0.0777821907148737,0.0865468214152819,0.0810528817855287,0.0733017766183231,0.0505505505505505,0.0107148815482148,0.001501084417751,0.0060039205872539,0.0186686686686686,0.0505505505505505,0.1071488154821488,0.1501084417751084,0.1200784117450784,0.0933433433433433,0.499855518476874,0.4938125337295571,0.4965629523282022,0.4907337501327804,0.4975274630351795,30music,sasrec,512,32,64,42
12.457 11.089 9.984 8.752 7.517 6.383 5.406 4.581 3.882 3.292 2.784 2.354 1.985 1.671,12.257 11.089 10.9 10.02 8.829 8.674 7.496 7.448 6.43 5.529 5.545 4.573 4.731 3.979 3.162 3.163 2.747 2.947 2.388 1.912 2.006 1.648,6.9453,0.0459,0.0225152969360351,8.989717960357666,0.0137199585266631,0.0621170002790149,0.1520608643034213,0.0851500882399207,0.042591693161607,0.0514681348014681,0.1016016016016016,0.1426009342676009,0.1136553219886553,0.0881297964631298,0.0514681348014681,0.0672679458559088,0.0687989413763382,0.0681060737264871,0.0654703314425536,0.0514681348014681,0.0672679458559088,0.0687989413763382,0.0681060737264871,0.0654703314425536,0.0514681348014681,0.0754933492750034,0.0838115162421757,0.0785430931659952,0.0711370468132688,0.0514681348014681,0.0101601601601601,0.001426009342676,0.0056827660994327,0.0176259592926259,0.0514681348014681,0.1016016016016016,0.1426009342676009,0.1136553219886553,0.0881297964631298,0.508605424922726,0.4986962631295105,0.5033547878697388,0.4966228326769392,0.502034840678254,30music,sasrec,512,64,64,42
12.608 11.366 10.222 8.913 7.628 6.486 5.499 4.661 3.954 3.351 2.838 2.401 2.028 1.712 1.44 1.212 1.026 0.873 0.747 0.647,12.45 11.394 11.202 10.266 9.004 8.826 7.594 7.562 6.524 5.585 5.634 4.633 4.825 4.045 3.232 3.224 2.795 3.029 2.429 1.978 2.05 1.685 1.341 1.509 1.042 1.288 0.998 0.796 0.987 0.704 0.911 0.615,9.5143,0.067245,0.0225152969360351,14.762809753417969,0.0149359126717578,0.0786787779833073,0.2278358197815875,0.1149369460605496,0.0505108959366004,0.0518435101768435,0.1176176176176176,0.1624541207874541,0.1327577577577577,0.1021438104771438,0.0518435101768435,0.0730887468155986,0.0749135062717731,0.0741588838037066,0.0710008619730842,0.0518435101768435,0.0730887468155986,0.0749135062717731,0.0741588838037066,0.0710008619730842,0.0518435101768435,0.0838158040699721,0.093163503737645,0.0876685398979863,0.07878874807033,0.0518435101768435,0.0117617617617617,0.0016245412078745,0.0066378878878878,0.0204287620954287,0.0518435101768435,0.1176176176176176,0.1624541207874541,0.1327577577577577,0.1021438104771438,0.5098457059890424,0.5106868334383813,0.5151624405756061,0.5085087678900883,0.5130236962474602,30music,sasrec,512,128,64,42
12.686 11.567 10.506 9.225 7.954 6.811 5.808 4.946 4.207 3.577 3.041 2.58 2.187 1.854 1.565 1.319 1.12 0.952 0.817 0.707,12.557 11.581 11.42 10.565 9.326 9.141 7.929 7.875 6.848 5.906 5.961 4.91 5.107 4.304 3.456 3.425 2.972 3.238 2.611 2.113 2.232 1.838 1.461 1.639 1.137 1.382 1.098 0.885 1.066 0.763 0.992 0.676,13.735,0.11676,0.0225152969360351,26.30915927886963,0.0149106520568455,0.0769403883934363,0.2212956169388498,0.1117690353085986,0.0496049584290653,0.0541374708041374,0.11841007674341,0.1612445779112445,0.1334668001334668,0.1028111444778111,0.0541374708041374,0.0745627406507036,0.0762991643665013,0.0756158981373262,0.0724349349349349,0.0541374708041374,0.0745627406507036,0.0762991643665013,0.0756158981373262,0.0724349349349349,0.0541374708041374,0.0851051435249619,0.0940200056382272,0.0889224983006125,0.0800149090453075,0.0541374708041374,0.011841007674341,0.0016124457791124,0.0066733400066733,0.0205622288955622,0.0541374708041374,0.11841007674341,0.1612445779112445,0.1334668001334668,0.1028111444778111,0.5087943014546032,0.505829856709889,0.5122326972126073,0.503932098795846,0.5084678180240965,30music,sasrec,512,256,64,42
12.756 11.771 10.749 9.459 8.159 6.987 5.957 5.072 4.314 3.667 3.119 2.65 2.25 1.909 1.617 1.37 1.165 0.997 0.858 0.748,12.647 11.79 11.622 10.809 9.57 9.374 8.135 8.088 7.015 6.052 6.095 5.061 5.247 4.409 3.528 3.506 3.049 3.334 2.673 2.197 2.307 1.9 1.497 1.714 1.188 1.442 1.145 0.914 1.098 0.797 1.031 0.71,24.335,0.25046,0.0225152969360351,49.40292167663574,0.0152838202316857,0.0804481692369342,0.2327317862354909,0.117469896810388,0.0516648467541832,0.0545128461795128,0.1227477477477477,0.161036036036036,0.1371788455121788,0.1056473139806473,0.0545128461795128,0.0762352133879911,0.0778519809136653,0.0772524202590636,0.0739253142030919,0.0545128461795128,0.0762352133879911,0.0778519809136653,0.0772524202590636,0.0739253142030919,0.0545128461795128,0.0874135217566787,0.0954832720251022,0.0910818652505206,0.0818556699283264,0.0545128461795128,0.0122747747747747,0.0016103603603603,0.0068589422756089,0.0211294627961294,0.0545128461795128,0.1227477477477477,0.161036036036036,0.1371788455121788,0.1056473139806473,0.5042515802809961,0.5048079328105833,0.511906839117248,0.5028847879796381,0.506756907973715,30music,sasrec,512,512,64,42
12.145 10.681 9.55 8.31 7.113 6.075 5.218 4.515 3.934 3.443 3.024 2.661 2.348 2.073 1.835 1.627 1.445,11.879 10.682 10.376 9.477 8.69 8.313 7.193 6.986 6.131 5.284 5.105 4.463 4.56 3.924 3.392 3.334 2.996 3.16 2.646 2.195 2.393 2.01 1.765 1.819 1.537 1.755 1.434,7.187,0.055475,3.337860107421875e-06,61.21766185760498,0.0129977345821262,0.0660105796048091,0.1834586604295912,0.0950327297194579,0.0428615224572607,0.0462128795462128,0.1042292292292292,0.1601601601601601,0.1221638304971638,0.0868368368368368,0.0462128795462128,0.0634561644978311,0.0656069564218966,0.0646851228434117,0.0611215382048715,0.0462128795462128,0.0634561644978311,0.0656069564218966,0.0646851228434117,0.0611215382048715,0.0462128795462128,0.0731549294263078,0.0846143213015153,0.0776699841821225,0.0675176367682446,0.0462128795462128,0.0104229229229229,0.0016016016016016,0.0061081915248581,0.0173673673673673,0.0462128795462128,0.1042292292292292,0.1601601601601601,0.1221638304971638,0.0868368368368368,0.4813846473687536,0.4799896198209366,0.4913586740213824,0.4805959799333285,0.4799920286743967,30music,sasrec,512,32,128,42
12.329 10.966 9.692 8.318 7.076 6.052 5.214 4.522 3.943 3.453 3.034 2.672 2.358 2.085 1.846 1.639,12.118 11.034 10.636 9.621 8.698 8.351 7.143 6.956 6.095 5.26 5.103 4.448 4.584 3.897 3.374 3.342 3.005 3.186 2.67 2.183 2.413 2.036 1.775 1.855 1.533 1.778,8.7868,0.077771,3.337860107421875e-06,62.87843561172485,0.0135592091590396,0.0662562964953193,0.1847102090775167,0.0953817854891545,0.0435447072696605,0.0491741741741741,0.1126126126126126,0.1672505839172506,0.1292125458792125,0.0948865532198865,0.0491741741741741,0.0687780703984407,0.0709054889712884,0.0699540693044161,0.0663976476476476,0.0491741741741741,0.0687780703984407,0.0709054889712884,0.0699540693044161,0.0663976476476476,0.0491741741741741,0.079260844748834,0.0904908094478451,0.0834879966970788,0.0735130937194183,0.0491741741741741,0.0112612612612612,0.0016725058391725,0.0064606272939606,0.0189773106439773,0.0491741741741741,0.1126126126126126,0.1672505839172506,0.1292125458792125,0.0948865532198865,0.4891492056499942,0.4877849007644581,0.4984682163937429,0.4882711157666058,0.4880321694660527,30music,sasrec,512,64,128,42
12.455 11.167 9.787 8.334 7.099 6.093 5.262 4.572 3.991 3.497 3.076 2.712 2.397 2.122 1.884 1.674 1.491 1.331,12.296 11.281 10.829 9.7 8.719 8.381 7.146 7.001 6.141 5.291 5.162 4.481 4.646 3.95 3.407 3.393 3.045 3.233 2.709 2.212 2.446 2.054 1.791 1.888 1.552 1.815 1.475 1.231 1.457,12.913,0.12801,0.0225152969360351,25.69461297988892,0.0139059685091988,0.0705804544843906,0.2101384626160122,0.1041518117027836,0.0454013624657115,0.0484234234234234,0.1198698698698698,0.1772188855522188,0.1393893893893893,0.0988905572238905,0.0484234234234234,0.0699753490262749,0.0722986318265856,0.0713531979490226,0.0671678623067512,0.0484234234234234,0.0699753490262749,0.0722986318265856,0.0713531979490226,0.0671678623067512,0.0484234234234234,0.0818640277203067,0.0938018996385953,0.0868283589764782,0.0750722349895887,0.0484234234234234,0.0119869869869869,0.0017721888555221,0.0069694694694694,0.0197781114447781,0.0484234234234234,0.1198698698698698,0.1772188855522188,0.1393893893893893,0.0988905572238905,0.4917272362779275,0.4941716058241121,0.5079675916401603,0.4958050628181522,0.4933053023960551,30music,sasrec,512,128,128,42
12.543 11.273 9.833 8.377 7.169 6.182 5.355 4.661 4.074 3.574 3.147 2.779 2.46 2.181 1.939 1.726,12.407 11.417 10.911 9.745 8.717 8.411 7.202 7.068 6.231 5.379 5.265 4.561 4.744 4.035 3.47 3.46 3.117 3.312 2.792 2.275 2.521 2.116 1.843 1.926 1.601 1.867,24.29,0.26637,0.0225152969360351,47.57884502410889,0.0142079476783772,0.0714726134747009,0.2071358940707595,0.1044882371650241,0.0461281792493234,0.0525525525525525,0.1235819152485819,0.1783867200533867,0.1424341007674341,0.1029362696029362,0.0525525525525525,0.0742539000640852,0.0765013000520817,0.075570962074445,0.0714429707485263,0.0525525525525525,0.0742539000640852,0.0765013000520817,0.075570962074445,0.0714429707485263,0.0525525525525525,0.0860367070754021,0.0974991144803708,0.0908129278930345,0.0793044747359425,0.0525525525525525,0.0123581915248581,0.0017838672005338,0.0071217050383717,0.0205872539205872,0.0525525525525525,0.1235819152485819,0.1783867200533867,0.1424341007674341,0.1029362696029362,0.4924229337483403,0.4945049217495206,0.5069908880454738,0.4961302584693168,0.493760314520728,30music,sasrec,512,256,128,42
12.066 10.548 9.233 7.876 6.711 5.786 5.05 4.453 3.956 3.535 3.173 2.858 2.583 2.342 2.126 1.935 1.765 1.612 1.476 1.354,11.596 10.912 10.297 9.333 8.253 7.794 6.883 6.657 5.748 5.08 5.138 4.521 4.597 4.01 3.395 3.744 3.095 3.198 2.797 2.403 2.72 2.291 1.997 2.169 1.878 2.091 1.655 1.593 1.705 1.444 1.697 1.351,10.183,0.094461,0.024724006652832,59.50378036499024,0.0117748911784191,0.0622639711294135,0.2061105427472755,0.094464365883932,0.0391952886656769,0.0359943276609943,0.1032699366032699,0.1753837170503837,0.1269602936269603,0.0814147480814147,0.0359943276609943,0.0551595080530265,0.0579943928496325,0.0568129170989723,0.0522425202980758,0.0359943276609943,0.0551595080530265,0.0579943928496325,0.0568129170989723,0.0522425202980758,0.0359943276609943,0.0665501682792917,0.0814131329719651,0.0725514994686532,0.059483279848664,0.0359943276609943,0.0103269936603269,0.0017538371705038,0.006348014681348,0.0162829496162829,0.0359943276609943,0.1032699366032699,0.1753837170503837,0.1269602936269603,0.0814147480814147,0.4646039530841521,0.4731461420121336,0.4935029048887625,0.4771744296436063,0.4701925627509616,30music,sasrec,512,32,256,42
12.245 10.767 9.257 7.797 6.652 5.766 5.055 4.47 3.979 3.561 3.201 2.886 2.612,11.875 11.164 10.461 9.363 8.171 7.684 6.824 6.617 5.74 5.056 5.162 4.518 4.656 4.03 3.414 3.763 3.11 3.225 2.821 2.432 2.754,13.877,0.13904,0.0225152969360351,23.678630828857425,0.0119218620288177,0.057593053790183,0.159868690730847,0.0828238152484553,0.0377657675035967,0.0452535869202535,0.1092342342342342,0.1704621287954621,0.1288788788788789,0.0906322989656323,0.0452535869202535,0.0641830487895302,0.0665732929892137,0.0655566490347478,0.0617068457346235,0.0452535869202535,0.0641830487895302,0.0665732929892137,0.0655566490347478,0.0617068457346235,0.0452535869202535,0.0749026522208626,0.0874915242824826,0.0798816897904115,0.0688938631737658,0.0452535869202535,0.0109234234234234,0.0017046212879546,0.0064439439439439,0.0181264597931264,0.0452535869202535,0.1092342342342342,0.1704621287954621,0.1288788788788789,0.0906322989656323,0.4681503440827089,0.4698217981179259,0.4822454183186891,0.4715428306329228,0.468982276911339,30music,sasrec,512,64,256,42
12.378 10.938 9.297 7.826 6.713 5.847 5.142 4.56 4.065 3.643 3.279 2.961 2.686 2.441 2.222 2.026 1.855,12.066 11.352 10.585 9.395 8.179 7.708 6.887 6.693 5.813 5.137 5.264 4.591 4.761 4.11 3.497 3.846 3.201 3.324 2.884 2.505 2.848 2.399 2.089 2.292 1.947 2.199 1.741,23.431,0.25605,0.0225152969360351,42.49673080444336,0.0129081742201646,0.067128935919561,0.2129630586471103,0.1011549842063746,0.0423781261446216,0.0441691691691691,0.1205789122455789,0.1881881881881882,0.1438104771438104,0.09668001334668,0.0441691691691691,0.0664791775902887,0.069237634126955,0.0681288842446178,0.0632653486820153,0.0441691691691691,0.0664791775902887,0.069237634126955,0.0681288842446178,0.0632653486820153,0.0441691691691691,0.0793228933917157,0.0934139612822074,0.0852432385585638,0.0715700326847958,0.0441691691691691,0.0120578912245578,0.0018818818818818,0.0071905238571905,0.019336002669336,0.0441691691691691,0.1205789122455789,0.1881881881881882,0.1438104771438104,0.09668001334668,0.4786660592856537,0.4869207446300271,0.5044309862422255,0.4906361684493867,0.4838373156068714,30music,sasrec,512,128,256,42
11.989 10.408 8.933 7.515 6.433 5.607 4.956 4.426 3.984 3.61 3.286 3.004,11.671 10.789 10.005 8.905 7.819 7.403 6.624 6.258 5.634 4.957 4.987 4.548 4.461 4.06 3.671 3.657 3.367 3.309 2.977,16.642,0.17265,0.0247178077697753,72.70249223709106,0.0100709478816103,0.0506704970944551,0.1418406491518748,0.0730330305504173,0.0327354605067509,0.0359526192859526,0.0951368034701368,0.1575742409075742,0.1143226559893226,0.0764514514514514,0.0359526192859526,0.053300622050622,0.0556980082839244,0.054625732511726,0.0508126181737292,0.0359526192859526,0.053300622050622,0.0556980082839244,0.054625732511726,0.0508126181737292,0.0359526192859526,0.0632298659770467,0.0760250151607961,0.0680725848913446,0.0571932873371431,0.0359526192859526,0.0095136803470136,0.0015757424090757,0.0057161327994661,0.0152902902902902,0.0359526192859526,0.0951368034701368,0.1575742409075742,0.1143226559893226,0.0764514514514514,0.4442616035992129,0.4504880924898226,0.4652753656505035,0.4527822690598983,0.4486850980709676,30music,sasrec,512,32,512,42
12.186 10.626 8.953 7.499 6.453 5.66 5.028 4.51 4.073 3.7 3.373,11.958 11.042 10.166 8.928 7.762 7.405 6.601 6.303 5.683 5.025 5.074 4.631 4.566 4.157 3.745 3.747 3.455 3.406,23.143,0.25146,0.0225152969360351,36.15889644622803,0.0105164532718811,0.0519783080210489,0.14234586145012,0.0746416724364207,0.0337608118302348,0.0422922922922922,0.1049799799799799,0.1664998331664998,0.1242492492492492,0.0856272939606273,0.0422922922922922,0.0609642380475713,0.0633572931528272,0.062294062208242,0.0584118841063285,0.0422922922922922,0.0609642380475713,0.0633572931528272,0.062294062208242,0.0584118841063285,0.0422922922922922,0.0714229057470931,0.0840846557995712,0.0762854570184055,0.0651955945898054,0.0422922922922922,0.010497997997998,0.0016649983316649,0.0062124624624624,0.0171254587921254,0.0422922922922922,0.1049799799799799,0.1664998331664998,0.1242492492492492,0.0856272939606273,0.4460889364759345,0.4521066461644401,0.4645436718250676,0.454108883734021,0.4502847245357327,30music,sasrec,512,64,512,42
11.926 10.185 8.578 7.199 6.205 5.465 4.874 4.396 3.995 3.652,11.47 10.426 9.882 8.648 7.629 6.857 6.505 6.167 5.739 4.788 4.851 4.356 4.695 3.912 3.54 3.804,29.051,0.32231,0.0313148498535156,73.40597724914551,0.00905133760697,0.0450144157736465,0.1212302838030085,0.0644570517877052,0.0293195364447521,0.0369119119119119,0.0892976309642976,0.1480647313980647,0.1068985652318985,0.0726976976976977,0.0369119119119119,0.052337555809778,0.0545590339040539,0.0535631078783025,0.0501153931709487,0.0369119119119119,0.052337555809778,0.0545590339040539,0.0535631078783025,0.0501153931709487,0.0369119119119119,0.0611075201523354,0.0730792919572857,0.0655626411488929,0.0557328828451497,0.0369119119119119,0.0089297630964297,0.0014806473139806,0.0053449282615949,0.0145395395395395,0.0369119119119119,0.0892976309642976,0.1480647313980647,0.1068985652318985,0.0726976976976977,0.4263206201935541,0.4335777547898061,0.4482886676259802,0.4360919063278097,0.4314376932377258,30music,sasrec,512,32,1024,42
12.108 10.334 8.556 7.2 6.261 5.554 4.985 4.518 4.124 3.783 3.486 3.222,11.746 10.638 9.927 8.596 7.583 6.868 6.556 6.247 5.835 4.867 4.963 4.459 4.839 4.051 3.65 3.945 3.483 3.663 3.373,38.094,0.43364,0.0225152969360351,51.33503484725952,0.0103694824214825,0.0541713886793406,0.1655006596465121,0.0810349044287599,0.0343314720852982,0.0366199532866199,0.1080663997330663,0.1780947614280947,0.1307974641307974,0.0852519185852519,0.0366199532866199,0.0573930577402799,0.060143886211678,0.0589620237333014,0.0543501835168501,0.0366199532866199,0.0573930577402799,0.060143886211678,0.0589620237333014,0.0543501835168501,0.0366199532866199,0.0694109688586111,0.0838618168681371,0.0751483054546475,0.0620353933222862,0.0366199532866199,0.0108066399733066,0.0017809476142809,0.0065398732065398,0.0170503837170503,0.0366199532866199,0.1080663997330663,0.1780947614280947,0.1307974641307974,0.0852519185852519,0.4518006673318507,0.4618048571014738,0.4780729071593724,0.4653173300193174,0.4587390587455511,30music,sasrec,512,64,1024,42
12.795 11.229 10.442 9.785 9.109 8.395 7.632 6.855 6.098 5.389 4.737 4.147 3.613 3.134 2.707 2.323 1.987 1.701 1.452 1.241,11.278 10.372 9.796 9.141 7.747 6.923 6.063 5.307 4.81 3.592 3.125 2.751 2.351 1.656 1.447 1.27,4.06,0.039882,0.0313096046447753,57.83207607269287,0.0124477421029002,0.0653848052808463,0.1651791609112652,0.0904088889807456,0.043595228499485,0.0475892559225892,0.0835835835835835,0.1096096096096096,0.0910076743410076,0.075367033700367,0.0475892559225892,0.0594528059805837,0.0604064659699701,0.0599639394943115,0.0583569680791902,0.0475892559225892,0.0594528059805837,0.0604064659699701,0.0599639394943115,0.0583569680791902,0.0475892559225892,0.0652744064943291,0.0705283808250715,0.0671466089002418,0.0626180546140895,0.0475892559225892,0.0083583583583583,0.001096096096096,0.0045503837170503,0.0150734067400734,0.0475892559225892,0.0835835835835835,0.1096096096096096,0.0910076743410076,0.075367033700367,0.522761553961328,0.5253855558492865,0.5329067349227722,0.5239749606221985,0.5266502311905585,30music,sasrec,1024,32,32,42
12.843 11.499 10.776 10.062 9.297 8.478 7.626 6.773 5.963 5.217 4.546 3.942 3.409 2.932 2.511 2.138 1.816 1.538 1.305 1.11,11.514 10.723 10.024 9.313 7.742 6.846 5.904 5.125 4.613 3.382 2.925 2.558 2.155 1.49 1.286 1.119,4.5964,0.052139,0.0225152969360351,9.078293800354004,0.0138014814202436,0.07051730294711,0.1764385059035205,0.0972579602512742,0.0471914214951757,0.0535535535535535,0.0939272605939272,0.1220387053720387,0.1019769769769769,0.0841257924591258,0.0535535535535535,0.0666657729157729,0.0677228666335831,0.0672292803396963,0.0653306083861639,0.0535535535535535,0.0666657729157729,0.0677228666335831,0.0672292803396963,0.0653306083861639,0.0535535535535535,0.0732384152526137,0.0789583073337331,0.0752795964349942,0.07004132399626,0.0535535535535535,0.0093927260593927,0.0012203870537203,0.0050988488488488,0.0168251584918251,0.0535535535535535,0.0939272605939272,0.1220387053720387,0.1019769769769769,0.0841257924591258,0.5223942518178404,0.5139154065369135,0.5173992709623094,0.5109984617114144,0.5187038607804674,30music,sasrec,1024,64,32,42
12.885 11.698 11.002 10.248 9.416 8.52 7.599 6.697 5.853 5.09 4.406 3.806 3.27 2.797 2.381 2.014 1.698 1.432 1.206 1.02,11.698 10.973 10.222 9.415 7.753 6.802 5.804 5.003 4.467 3.26 2.796 2.426 2.042 1.394 1.187 1.016,5.8141,0.081715,0.0225152969360351,14.932273864746094,0.0145053340084806,0.0720960913791262,0.1854599900565034,0.0999975887594856,0.0482718868875592,0.0549299299299299,0.0999749749749749,0.1269602936269603,0.1091091091091091,0.0904237570904237,0.0549299299299299,0.070056845867031,0.0711399883473424,0.0706910044064971,0.0687833667000333,0.0549299299299299,0.070056845867031,0.0711399883473424,0.0706910044064971,0.0687833667000333,0.0549299299299299,0.0773010921346394,0.0829067064788058,0.079611244265542,0.0742136914856659,0.0549299299299299,0.0099974974974974,0.0012696029362696,0.0054554554554554,0.0180847514180847,0.0549299299299299,0.0999749749749749,0.1269602936269603,0.1091091091091091,0.0904237570904237,0.5251106947349468,0.5194748413375991,0.5206136291913022,0.515436157321297,0.5244079122726587,30music,sasrec,1024,128,32,42
12.945 11.881 11.239 10.486 9.62 8.68 7.723 6.803 5.948 5.173 4.482 3.867 3.322 2.842 2.417 2.045 1.725 1.451 1.222 1.034,11.863 11.223 10.444 9.625 7.893 6.887 5.893 5.066 4.542 3.297 2.849 2.444 2.089 1.417 1.197 1.042,8.981,0.1591,0.0225152969360351,26.642174243927,0.0142814331035765,0.0676536677838747,0.1755670146890475,0.0940705299332545,0.0458147179824576,0.0561394728061394,0.0993076409743076,0.1272105438772105,0.1089839839839839,0.0892976309642976,0.0561394728061394,0.0699498936767455,0.0710790062772225,0.0706353623883866,0.0686026304081859,0.0561394728061394,0.0699498936767455,0.0710790062772225,0.0706353623883866,0.0686026304081859,0.0561394728061394,0.0770163681513048,0.0828148328289233,0.0794811361214402,0.0737681555754986,0.0561394728061394,0.0099307640974307,0.0012721054387721,0.0054491991991992,0.0178595261928595,0.0561394728061394,0.0993076409743076,0.1272105438772105,0.1089839839839839,0.0892976309642976,0.5046992871705833,0.4926959206310204,0.4996426558205638,0.4902161011109075,0.4974202715254547,30music,sasrec,1024,256,32,42
12.953 11.907 11.308 10.558 9.664 8.7 7.733 6.813 5.962 5.19 4.495 3.877 3.331 2.846 2.423 2.052 1.728 1.455 1.228 1.037,11.889 11.297 10.515 9.655 7.919 6.887 5.921 5.097 4.549 3.31 2.844 2.461 2.086 1.402 1.212 1.037,16.142,0.33533,0.0225152969360351,50.066081523895264,0.0148233881144214,0.0717631105461919,0.18987944945638,0.1005085421065745,0.0480640609194174,0.0571404738071404,0.1033116449783116,0.1306306306306306,0.1119869869869869,0.0922589255922589,0.0571404738071404,0.0724683843896806,0.073535231084703,0.0730736507390919,0.070973056389723,0.0571404738071404,0.0724683843896806,0.073535231084703,0.0730736507390919,0.070973056389723,0.0571404738071404,0.079913173717153,0.085540431821865,0.0821103487980773,0.076319104422108,0.0571404738071404,0.0103311644978311,0.0013063063063063,0.0055993493493493,0.0184517851184517,0.0571404738071404,0.1033116449783116,0.1306306306306306,0.1119869869869869,0.0922589255922589,0.5149167094264941,0.5056557411160337,0.513809130364544,0.5034172864451333,0.5098654713636729,30music,sasrec,1024,512,32,42
12.66 11.22 10.477 9.804 9.088 8.32 7.533 6.77 6.054 5.411 4.832 4.325 3.873 3.469 3.106 2.782 2.493 2.229 1.992 1.78,11.297 10.543 9.742 9.063 7.658 6.82 6.067 5.325 4.814 3.877 3.475 3.147 2.768 2.226 1.971 1.724,4.7423,0.056634,0.0230746269226074,63.1441445350647,0.013839372342612,0.0720467183590704,0.1862407726992459,0.1014512223267093,0.047291315745056,0.0537620954287621,0.1029779779779779,0.1410994327660994,0.1141558224891558,0.089673006339673,0.0537620954287621,0.0690746301857413,0.0705293398261872,0.0698616496070199,0.0672783895006117,0.0537620954287621,0.0690746301857413,0.0705293398261872,0.0698616496070199,0.0672783895006117,0.0537620954287621,0.077191468968894,0.0849804318654948,0.080031493023633,0.0728689743862076,0.0537620954287621,0.0102977977977978,0.0014109943276609,0.0057077911244577,0.0179346012679346,0.0537620954287621,0.1029779779779779,0.1410994327660994,0.1141558224891558,0.089673006339673,0.5123517380038642,0.5036120427117121,0.5066643989101464,0.5009096885822133,0.5071633649351639,30music,sasrec,1024,32,64,42
12.738 11.558 10.836 10.074 9.236 8.353 7.473 6.648 5.9 5.243 4.664 4.157 3.708 3.311 2.958 2.64 2.358 2.104 1.873 1.669,11.615 10.897 10.015 9.183 7.607 6.722 5.905 5.151 4.693 3.715 3.313 3.007 2.626 2.097 1.851 1.638,5.6666,0.07682,0.0225152969360351,15.177597045898438,0.0147005296691663,0.0739470055263336,0.1921781654133957,0.1037453454446499,0.0489217736166655,0.0554304304304304,0.1112362362362362,0.1492742742742742,0.1240407073740407,0.0973473473473473,0.0554304304304304,0.0733387984545392,0.0748927027334126,0.0742567021125959,0.0714394950506061,0.0554304304304304,0.0733387984545392,0.0748927027334126,0.0742567021125959,0.0714394950506061,0.0554304304304304,0.0824600978067242,0.090390045461039,0.0857342402175244,0.0779230456859606,0.0554304304304304,0.0111236236236236,0.0014927427427427,0.006202035368702,0.0194694694694694,0.0554304304304304,0.1112362362362362,0.1492742742742742,0.1240407073740407,0.0973473473473473,0.5210163027178522,0.5136625777931408,0.5163740375379553,0.5110614062933863,0.5169536152238767,30music,sasrec,1024,64,64,42
12.788 11.763 11.058 10.24 9.319 8.358 7.434 6.591 5.841 5.183 4.606 4.101 3.654 3.258 2.907 2.591 2.312 2.061 1.834 1.635,11.81 11.129 10.172 9.238 7.585 6.648 5.853 5.081 4.631 3.656 3.266 2.963 2.581 2.045 1.809 1.593,8.378,0.14307,0.0225152969360351,26.542126655578613,0.015330896832204,0.0770230594967855,0.2064768216635033,0.1093509055356341,0.0506590149967677,0.05835001668335,0.1161578244911578,0.1562812812812812,0.129713046379713,0.102394060727394,0.05835001668335,0.076887850151739,0.0785189766717413,0.077853004472479,0.075025720164609,0.05835001668335,0.076887850151739,0.0785189766717413,0.077853004472479,0.075025720164609,0.05835001668335,0.0863417698367061,0.0946921486284203,0.0897997999993813,0.0818655849148821,0.05835001668335,0.0116157824491157,0.0015628128128128,0.0064856523189856,0.0204788121454788,0.05835001668335,0.1161578244911578,0.1562812812812812,0.129713046379713,0.102394060727394,0.5204608261334032,0.5139955879640887,0.5191325534378498,0.5116752723252156,0.5172430994334258,30music,sasrec,1024,128,64,42
12.833 11.919 11.243 10.397 9.419 8.407 7.453 6.598 5.844 5.183 4.6 4.091 3.64 3.245 2.891 2.578 2.299 2.05 1.827 1.628,11.956 11.31 10.317 9.313 7.604 6.652 5.844 5.076 4.643 3.646 3.249 2.949 2.549 2.017 1.801 1.587,15.193,0.30965,0.0225152969360351,49.271185874938965,0.0157454005587188,0.0794894140800371,0.2165914015163258,0.1136210976655747,0.0519943829578113,0.059059059059059,0.119411077744411,0.1582415749082415,0.1331331331331331,0.1048965632298965,0.059059059059059,0.078402906875129,0.0799998391400463,0.0793527050675743,0.0765015015015015,0.059059059059059,0.078402906875129,0.0799998391400463,0.0793527050675743,0.0765015015015015,0.059059059059059,0.0882592592004172,0.0963918142354663,0.0917254137998341,0.0836009198235249,0.059059059059059,0.0119411077744411,0.0015824157490824,0.0066566566566566,0.0209793126459793,0.059059059059059,0.119411077744411,0.1582415749082415,0.1331331331331331,0.1048965632298965,0.5203669334621197,0.5164957094412601,0.5242025582365198,0.5148312268832131,0.5187511245344313,30music,sasrec,1024,256,64,42
12.554 11.173 10.418 9.669 8.846 8.001 7.187 6.44 5.785 5.218 4.73 4.302 3.928 3.592 3.296 3.029 2.785 2.565 2.363 2.182,11.21 10.453 9.658 8.705 7.34 6.396 5.689 5.164 4.797 3.902 3.545 3.335 3.052 2.512 2.319 2.169,6.6033,0.10277,3.337860107421875e-06,60.646324634552,0.013174558886512,0.0682943688348311,0.190539670073405,0.099084761993338,0.0442795615216535,0.0472138805472138,0.1073156489823156,0.1611611611611611,0.123998998998999,0.090382048715382,0.0472138805472138,0.0656400613576539,0.0676816473449248,0.0667802886237555,0.0633571071071071,0.0472138805472138,0.0656400613576539,0.0676816473449248,0.0667802886237555,0.0633571071071071,0.0472138805472138,0.0755980592586653,0.0865830842425817,0.0797938683246932,0.0700982158186773,0.0472138805472138,0.0107315648982315,0.0016116116116116,0.0061999499499499,0.0180764097430764,0.0472138805472138,0.1073156489823156,0.1611611611611611,0.123998998998999,0.090382048715382,0.4895970589195402,0.4890442112140207,0.4988028667994418,0.4893798772728918,0.4896551767875448,30music,sasrec,1024,32,128,42
12.626 11.481 10.693 9.817 8.863 7.912 7.047 6.295 5.654 5.101 4.624 4.208 3.839 3.515 3.223 2.959 2.724 2.507 2.312 2.134,11.518 10.728 9.787 8.671 7.201 6.214 5.553 5.068 4.706 3.78 3.452 3.247 2.983 2.464 2.254 2.13,9.533,0.17116,0.0225152969360351,26.55936861038208,0.0138577436989118,0.0670680808018178,0.1800255132210614,0.0953427463570174,0.0442898954095721,0.0509676343009676,0.1121121121121121,0.1623707040373707,0.1286703370036703,0.095095095095095,0.0509676343009676,0.0697537815593371,0.0717250428939008,0.0708958632589451,0.0674132465799132,0.0509676343009676,0.0697537815593371,0.0717250428939008,0.0708958632589451,0.0674132465799132,0.0509676343009676,0.0798884509860923,0.0902501079673407,0.0840661544594099,0.0743163365518127,0.0509676343009676,0.0112112112112112,0.0016237070403737,0.0064335168501835,0.019019019019019,0.0509676343009676,0.1121121121121121,0.1623707040373707,0.1286703370036703,0.095095095095095,0.4947730066015038,0.4918310888801878,0.4998055463211864,0.4916497815860755,0.4929642381239018,30music,sasrec,1024,64,128,42
12.671 11.665 10.846 9.876 8.822 7.824 6.956 6.221 5.59 5.048 4.578 4.165 3.801 3.476 3.188 2.93,11.708 10.891 9.846 8.595 7.107 6.121 5.483 5.031 4.682 3.722 3.413 3.213 2.975,17.495,0.36555,0.0225152969360351,48.11057901382446,0.0131814481451245,0.0603418679765443,0.153562722680932,0.0840213980372502,0.040708629140875,0.0526359693026359,0.1127794461127794,0.1609943276609943,0.1282115448782115,0.0961378044711378,0.0526359693026359,0.0712143029272659,0.0731147597185796,0.0723013777150343,0.0689724446668891,0.0526359693026359,0.0712143029272659,0.0731147597185796,0.0723013777150343,0.0689724446668891,0.0526359693026359,0.0811552146447278,0.0910977852324171,0.0850767140036069,0.0757514618169105,0.0526359693026359,0.0112779446112779,0.0016099432766099,0.0064105772439105,0.0192275608942275,0.0526359693026359,0.1127794461127794,0.1609943276609943,0.1282115448782115,0.0961378044711378,0.4867804414791895,0.4818758077419706,0.4886408023016437,0.4813106740574221,0.48340825562986,30music,sasrec,1024,128,128,42
12.498 11.148 10.32 9.443 8.499 7.588 6.78 6.09 5.51 5.023 4.609 4.248 3.93 3.646 3.391 3.163 2.957,11.402 10.381 9.31 8.308 7.018 6.188 5.576 5.075 4.573 3.941 3.625 3.415 3.239,10.651,0.19901,0.024721622467041,59.778313636779785,0.0114005747938102,0.0563415051422574,0.1509666203938129,0.0802839752400045,0.0370630631251284,0.0424174174174174,0.0949699699699699,0.1522355689022355,0.1118201534868201,0.0789122455789122,0.0424174174174174,0.0582355338142375,0.0604062308935796,0.0594162034811759,0.0560949838727616,0.0424174174174174,0.0582355338142375,0.0604062308935796,0.0594162034811759,0.0560949838727616,0.0424174174174174,0.066978429594451,0.0786543209511531,0.0712530181192617,0.0617879398868502,0.0424174174174174,0.0094969969969969,0.0015223556890223,0.005591007674341,0.0157824491157824,0.0424174174174174,0.0949699699699699,0.1522355689022355,0.1118201534868201,0.0789122455789122,0.4629263247024019,0.4629655984771729,0.4739525084160296,0.4638497851377805,0.4628310723893222,30music,sasrec,1024,32,256,42
12.574 11.419 10.49 9.453 8.384 7.425 6.632 5.979 5.433 4.971 4.572 4.221 3.913 3.635 3.385 3.162 2.96,11.652 10.556 9.319 8.182 6.846 6.062 5.489 5.032 4.554 3.918 3.612 3.413 3.236,16.965,0.35036,0.0225152969360351,44.20999479293823,0.012369663838626,0.0602706789708825,0.164484494001178,0.0863671905947841,0.0395914210358918,0.0475892559225892,0.1098181514848181,0.1666249582916249,0.1270854187520854,0.0911745078411745,0.0475892559225892,0.0661539515706182,0.0683171222997639,0.0673415902715151,0.0636296018240462,0.0475892559225892,0.0661539515706182,0.0683171222997639,0.0673415902715151,0.0636296018240462,0.0475892559225892,0.0765520978089396,0.0881613153337103,0.0809045247826949,0.0704872738723926,0.0475892559225892,0.0109818151484818,0.0016662495829162,0.0063542709376042,0.0182349015682349,0.0475892559225892,0.1098181514848181,0.1666249582916249,0.1270854187520854,0.0911745078411745,0.474301440920474,0.4750605302625972,0.4852925407541756,0.4760763206047758,0.4746846083050809,30music,sasrec,1024,64,256,42
12.44 11.074 10.195 9.226 8.204 7.28 6.516 5.889 5.376 4.947 4.578 4.258 3.976 3.724 3.498 3.294 3.107,11.293 10.208 9.14 7.997 6.654 6.008 5.416 4.894 4.498 3.881 3.67 3.44 3.355,19.501,0.39642,0.0313224792480468,76.35668992996216,0.0105003783351188,0.0539027075934556,0.1541402721946077,0.0785823283627332,0.034714974148057,0.0374958291624958,0.0943443443443443,0.1589506172839506,0.1154904904904905,0.075367033700367,0.0374958291624958,0.053876594848817,0.0564143823882132,0.055350917795914,0.0513131186742297,0.0374958291624958,0.053876594848817,0.0564143823882132,0.055350917795914,0.0513131186742297,0.0374958291624958,0.0634594663789338,0.0767714734923068,0.0688140553009856,0.0572916582267119,0.0374958291624958,0.0094344344344344,0.0015895061728395,0.0057745245245245,0.0150734067400734,0.0374958291624958,0.0943443443443443,0.1589506172839506,0.1154904904904905,0.075367033700367,0.4500210885442018,0.4559557411893968,0.4701747536537161,0.458259649194788,0.4542513549269623,30music,sasrec,1024,32,512,42
12.407 10.971 9.979 8.892 7.835 6.953 6.257 5.697 5.238 4.854 4.523 4.235,11.179 10.109 8.63 7.695 6.276 5.689 5.213 4.912 4.51,33.838,0.75822,0.0401124954223632,61.62955141067505,0.0094107272645854,0.0451751651412699,0.1141274581735886,0.0631549819099551,0.0300911334093448,0.0415415415415415,0.0897147147147147,0.1428094761428094,0.1057724391057724,0.0745745745745745,0.0415415415415415,0.0557557392048132,0.0577457066205343,0.0568653404598967,0.0537148259370481,0.0415415415415415,0.0557557392048132,0.0577457066205343,0.0568653404598967,0.0537148259370481,0.0415415415415415,0.0638196023429329,0.0746012219146525,0.0678737306646508,0.0589042435233913,0.0415415415415415,0.0089714714714714,0.001428094761428,0.0052886219552886,0.0149149149149149,0.0415415415415415,0.0897147147147147,0.1428094761428094,0.1057724391057724,0.0745745745745745,0.4348257521185873,0.4360714079534307,0.4456530991526894,0.4367091677829884,0.4360543848577479,30music,sasrec,1024,32,1024,42
12.018 10.092 8.166 6.317 4.752 3.508 2.564 1.883 1.411 1.108 0.939,12.679 12.24 12.217 10.933 11.287 11.429 9.935 10.29 10.416 9.89 9.933 10.17 9.905 8.149 8.059 8.641 7.986 8.355 8.573 5.844 5.767 6.223 6.21 6.377 6.687 6.643 4.522 4.612 4.384 4.566 4.86 5.09 3.428 3.006 3.145 3.421 3.478 3.856 4.095 2.217 2.212 2.46 2.724 2.955 3.15 1.438 1.464 1.608 1.705 2.01 2.17 2.726 0.997 1.222 1.276 1.412 1.592 1.82 0.72 0.756 0.987 1.053 1.288 1.556 1.963 0.496 0.587 0.7 0.961 1.262 1.726,11.048,0.017478,3.337860107421875e-06,4.379782676696777,0.0117335556267445,0.046460011872489,0.1017612389642688,0.0609182692804513,0.0333382706353389,0.035035035035035,0.0780363697030363,0.1141141141141141,0.0898815482148815,0.0672756089422756,0.035035035035035,0.0487431876320765,0.0501371418955411,0.0495739629997097,0.0473091146702257,0.035035035035035,0.0487431876320765,0.0501371418955411,0.0495739629997097,0.0473091146702257,0.035035035035035,0.0557802422253766,0.0631658925206218,0.0587855472883393,0.0523027410996456,0.035035035035035,0.0078036369703036,0.0011411411411411,0.004494077410744,0.0134551217884551,0.035035035035035,0.0780363697030363,0.1141141141141141,0.0898815482148815,0.0672756089422756,0.4602716933585629,0.4498648351417922,0.4608400837240443,0.4490242655369629,0.4529532381540653,30music,sasrec,128,32,32,42
12.181 10.19 8.099 6.23 4.714 3.544 2.647 2.014 1.569 1.259 1.051,12.68 12.391 12.441 11.281 11.56 11.688 10.181 10.356 10.462 9.957 10.01 10.209 9.961 7.985 7.923 8.574 8.001 8.292 8.561 5.634 5.645 6.069 6.172 6.306 6.575 6.73 4.357 4.493 4.351 4.534 4.899 5.13 3.409 3.058 3.167 3.432 3.542 4.031 4.24 2.16 2.298 2.487 2.835 3.052 3.277 1.496 1.612 1.724 1.757 2.169 2.351 2.949 1.139 1.319 1.333 1.576 1.738 2.059 0.822 0.887 1.133 1.115 1.406 1.741 2.262 0.575 0.573 0.801 1.065 1.467 1.832,12.311,0.019172,0.0225152969360351,4.402294635772705,0.012158393241178,0.0484039310109642,0.1042126668205267,0.0632514315305291,0.0348240540760872,0.037746079412746,0.0855855855855855,0.1222472472472472,0.0976393059726393,0.0739906573239906,0.037746079412746,0.0529526053831609,0.0544060554506872,0.0538047530854046,0.0513854131909687,0.037746079412746,0.0529526053831609,0.0544060554506872,0.0538047530854046,0.0513854131909687,0.037746079412746,0.060798149162169,0.0683690382399811,0.063865286685294,0.0570292076564188,0.037746079412746,0.0085585585585585,0.0012224724724724,0.0048819652986319,0.0147981314647981,0.037746079412746,0.0855855855855855,0.1222472472472472,0.0976393059726393,0.0739906573239906,0.4591757075159642,0.4498865152863568,0.458422031368478,0.4479676299625608,0.4535954063934273,30music,sasrec,128,64,32,42
12.272 10.183 8.031 6.194 4.742 3.642 2.823 2.223 1.802 1.496,12.71 12.519 12.532 11.471 11.738 11.783 10.19 10.324 10.452 10.042 9.98 10.189 9.963 7.886 7.854 8.441 7.924 8.242 8.543 5.547 5.621 5.988 6.136 6.268 6.669 6.812 4.372 4.513 4.286 4.61 4.912 5.283 3.43 3.093 3.242 3.581 3.632 4.153 4.553 2.275 2.42 2.686 3.07 3.222 3.655 1.625 1.722 1.926 1.943 2.387 2.512 3.34 1.237 1.503 1.58 1.793 2.085 2.323 0.964 1.067 1.362 1.369 1.659 2.106 2.619,16.282,0.025417,0.0225152969360351,4.622262477874756,0.0121652824997904,0.0463486355249213,0.098011185859567,0.0601191152814089,0.0336184338189112,0.0399983316649983,0.0887971304637971,0.1233316649983316,0.0992242242242242,0.075658992325659,0.0399983316649983,0.05533052894164,0.0566315447596856,0.0560510981947027,0.0535493827160493,0.0399983316649983,0.05533052894164,0.0566315447596856,0.0560510981947027,0.0535493827160493,0.0399983316649983,0.0633524787166004,0.0703795095518891,0.0659842899511435,0.0590764251582211,0.0399983316649983,0.0088797130463797,0.0012333166499833,0.0049612112112112,0.0151317984651318,0.0399983316649983,0.0887971304637971,0.1233316649983316,0.0992242242242242,0.075658992325659,0.4573491355892958,0.4475013617716973,0.4576484836886788,0.4461831491152389,0.450986945122488,30music,sasrec,128,128,32,42
12.321 10.177 8.035 6.235 4.831 3.789 3.023 2.455 2.053 1.752,12.749 12.593 12.62 11.607 11.803 11.809 10.151 10.325 10.422 10.069 9.983 10.17 10.036 7.838 7.834 8.5 7.933 8.24 8.646 5.531 5.56 6.032 6.178 6.329 6.719 6.918 4.426 4.585 4.395 4.663 5.077 5.437 3.573 3.193 3.332 3.7 3.816 4.389 4.806 2.452 2.558 2.788 3.236 3.578 3.954 1.775 1.897 2.102 2.126 2.647 2.912 3.75 1.467 1.685 1.807 2.125 2.389 2.812 1.154 1.272 1.58 1.612 1.908 2.392 2.947,16.275,0.029081,0.0225152969360351,5.691720962524414,0.0122628803301332,0.0485991266716498,0.102578764319611,0.0633409918924908,0.03493083758458,0.0394978311644978,0.0924257590924257,0.1267934601267934,0.1039372706039372,0.078661995328662,0.0394978311644978,0.0560802700848997,0.0574404840524014,0.0568886040954181,0.0542785841396952,0.0394978311644978,0.0560802700848997,0.0574404840524014,0.0568886040954181,0.0542785841396952,0.0394978311644978,0.0647853525894459,0.0718793859106623,0.0677079967121623,0.0603695150961858,0.0394978311644978,0.0092425759092425,0.0012679346012679,0.0051968635301968,0.0157323990657324,0.0394978311644978,0.0924257590924257,0.1267934601267934,0.1039372706039372,0.078661995328662,0.4581639357723966,0.4496659918240402,0.4594331896488633,0.4479481629818559,0.4534226016102969,30music,sasrec,128,256,32,42
12.366 10.25 8.178 6.405 5.028 4.009 3.266 2.709 2.302 1.994 1.739,12.767 12.609 12.638 11.677 11.872 11.863 10.206 10.403 10.494 10.147 10.096 10.29 10.08 7.98 7.964 8.631 8.078 8.432 8.802 5.698 5.768 6.204 6.357 6.542 6.853 7.133 4.611 4.766 4.546 4.906 5.252 5.636 3.763 3.41 3.523 3.905 4.051 4.644 5.12 2.673 2.764 2.991 3.55 3.783 4.343 1.948 2.059 2.306 2.42 2.92 3.177 4.137 1.694 1.849 2.004 2.333 2.659 3.129 1.351 1.469 1.823 1.891 2.159 2.707 3.375 1.047 1.097 1.357 1.775 2.23 2.91,19.249,0.03924,0.0225152969360351,8.696599960327148,0.0132170426479554,0.0551117724799379,0.1171059143136978,0.0722832495714307,0.0390437249762033,0.042042042042042,0.0962212212212212,0.1284617951284618,0.1072739406072739,0.0832082082082082,0.042042042042042,0.0590561295422406,0.0603458918057313,0.0598309114272736,0.0572982704927149,0.042042042042042,0.0590561295422406,0.0603458918057313,0.0598309114272736,0.0572982704927149,0.042042042042042,0.0679831429784256,0.0746627788726352,0.0707875456159941,0.0637543650061689,0.042042042042042,0.0096221221221221,0.0012846179512846,0.0053636970303636,0.0166416416416416,0.042042042042042,0.0962212212212212,0.1284617951284618,0.1072739406072739,0.0832082082082082,0.4681766443010969,0.464798798426085,0.4741411809520676,0.4630113798994863,0.4679380818124061,30music,sasrec,128,512,32,42
12.417 10.346 8.33 6.597 5.228 4.216 3.466 2.93 2.523 2.208,12.798 12.653 12.67 11.783 11.926 11.912 10.281 10.466 10.563 10.266 10.204 10.368 10.185 8.107 8.12 8.727 8.203 8.611 9.012 5.904 5.941 6.333 6.557 6.76 7.115 7.323 4.791 4.908 4.751 5.06 5.511 5.86 3.923 3.555 3.734 4.121 4.287 4.891 5.37 2.832 2.951 3.219 3.763 4.035 4.571 2.12 2.273 2.515 2.577 3.202 3.532 4.45 1.907 2.107 2.2 2.56 2.957 3.394 1.538 1.654 2.056 2.1 2.47 2.966 3.665,26.906,0.062762,0.0225152969360351,14.695995330810549,0.013548875271121,0.05357087497029,0.1106851252869089,0.0695424728534505,0.0385189931118895,0.0466299632966299,0.0963463463463463,0.127002002002002,0.1063563563563563,0.0849182515849182,0.0466299632966299,0.062720706817929,0.0639231845955292,0.0634153625489194,0.0612007841174507,0.0466299632966299,0.062720706817929,0.0639231845955292,0.0634153625489194,0.0612007841174507,0.0466299632966299,0.0708242683317229,0.0771403966937173,0.073354915781433,0.0671337553919264,0.0466299632966299,0.0096346346346346,0.00127002002002,0.0053178178178178,0.0169836503169836,0.0466299632966299,0.0963463463463463,0.127002002002002,0.1063563563563563,0.0849182515849182,0.4714788877237705,0.4647928505393165,0.4729765099702753,0.4626841090646744,0.4683474630257973,30music,sasrec,128,1024,32,42
12.443 10.399 8.422 6.716 5.347 4.337 3.593 3.052 2.645 2.328 2.059 1.852 1.686 1.596,12.828 12.674 12.682 11.831 11.98 11.948 10.352 10.511 10.647 10.338 10.263 10.421 10.237 8.194 8.201 8.85 8.32 8.69 9.101 6.006 6.079 6.503 6.668 6.914 7.198 7.491 4.933 5.003 4.87 5.202 5.64 5.986 4.044 3.709 3.826 4.25 4.36 4.98 5.477 2.884 3.062 3.336 3.872 4.219 4.624 2.228 2.359 2.734 2.752 3.268 3.631 4.608 1.99 2.195 2.305 2.767 3.094 3.537 1.675 1.732 2.179 2.252 2.56 3.114 3.792 1.372 1.384 1.699 2.056 2.603 3.309 0.969 1.131 1.499 1.757 2.119 2.408 3.109 1.012 1.1 1.314 1.931 2.16 2.814 0.704 0.868 1.073 1.569 1.67 2.353 2.964,36.743,0.092569,0.0225152969360351,20.419430255889893,0.0147154563961599,0.069355314661146,0.1559842970832027,0.0939327447610058,0.0470387095959335,0.0435018351685018,0.1024357691024357,0.1319235902569236,0.1122789456122789,0.0884217550884217,0.0435018351685018,0.0621113673197006,0.0632837290744456,0.0628018993046656,0.0602199421643866,0.0435018351685018,0.0621113673197006,0.0632837290744456,0.0628018993046656,0.0602199421643866,0.0435018351685018,0.0718033273352363,0.0778995786128278,0.0743012005996899,0.0672502871068681,0.0435018351685018,0.0102435769102435,0.0013192359025692,0.0056139472806139,0.0176843510176843,0.0435018351685018,0.1024357691024357,0.1319235902569236,0.1122789456122789,0.0884217550884217,0.4883531780959018,0.4964858476494218,0.5001618630814182,0.493300984872295,0.4982706329774878,30music,sasrec,128,1512,32,42
12.45 10.405 8.458 6.75 5.406 4.412 3.676 3.137 2.728 2.407,12.832 12.678 12.694 11.842 11.972 11.954 10.336 10.54 10.619 10.337 10.276 10.413 10.256 8.219 8.229 8.865 8.375 8.733 9.097 6.042 6.114 6.499 6.732 6.901 7.257 7.495 5.018 5.06 4.918 5.304 5.688 6.026 4.157 3.82 3.898 4.311 4.509 5.041 5.558 2.96 3.122 3.402 4.013 4.227 4.711 2.278 2.437 2.714 2.831 3.41 3.717 4.688 2.074 2.254 2.447 2.805 3.157 3.638 1.706 1.851 2.304 2.292 2.662 3.136 3.904,45.298,0.11803,0.0225152969360351,26.70169448852539,0.0140517911498287,0.0552621879596427,0.1134764232347136,0.071617287905562,0.039815321940796,0.0492575909242575,0.0973056389723056,0.1254587921254588,0.1070236903570236,0.0860443777110443,0.0492575909242575,0.06475738304442,0.0658818056830566,0.0654391855882868,0.0632020909798687,0.0492575909242575,0.06475738304442,0.0658818056830566,0.0654391855882868,0.0632020909798687,0.0492575909242575,0.0726032824862921,0.0784302096624619,0.0750693411119864,0.0689090330807704,0.0492575909242575,0.0097305638972305,0.0012545879212545,0.0053511845178511,0.0172088755422088,0.0492575909242575,0.0973056389723056,0.1254587921254588,0.1070236903570236,0.0860443777110443,0.4783914404069954,0.4703902073338564,0.4781389206323029,0.4681257891766086,0.4742891215571047,30music,sasrec,128,2048,32,42
11.73 9.669 7.642 5.964 4.662 3.664 2.891 2.315 1.887 1.583 1.369 1.212,12.352 11.865 11.681 11.577 11.399 11.177 9.885 10.053 9.966 9.54 9.461 9.403 9.383 7.586 7.928 7.684 7.601 7.323 7.967 5.845 5.576 5.896 5.788 5.933 6.197 5.539 4.902 4.211 4.335 5.224 4.644 4.877 3.447 3.39 3.619 3.552 3.922 4.008 4.239 2.517 2.535 2.926 3.231 3.059 3.385 1.713 1.988 2.068 2.354 2.67 2.662 2.833 1.5 1.681 1.925 2.13 2.332 2.231 1.17 1.126 1.296 1.675 1.653 1.982 2.43 0.921 1.119 1.243 1.312 1.694 1.914 0.692 0.794 0.945 1.215 1.493 1.589 1.769,12.182,0.019195,3.337860107421875e-06,4.455804347991943,0.010868953670884,0.046671282469937,0.1174159309512573,0.0644937945003048,0.0320384971771262,0.0314898231564898,0.0859609609609609,0.1344260927594261,0.101393059726393,0.0699866533199866,0.0314898231564898,0.0477456623289956,0.0496255690051064,0.0488275484133184,0.0455907296185074,0.0314898231564898,0.0477456623289956,0.0496255690051064,0.0488275484133184,0.0455907296185074,0.0314898231564898,0.0568522559353236,0.0667986654050344,0.0607683816486123,0.051662728398835,0.0314898231564898,0.008596096096096,0.0013442609275942,0.0050696529863196,0.0139973306639973,0.0314898231564898,0.0859609609609609,0.1344260927594261,0.101393059726393,0.0699866533199866,0.4469338716332305,0.4454949494074931,0.4604427384219576,0.4467573376692552,0.4457881298420647,30music,sasrec,128,32,64,42
11.907 9.684 7.571 5.95 4.717 3.778 3.046 2.498 2.086 1.78 1.554,12.417 12.108 11.889 11.821 11.498 11.306 10.03 10.051 9.991 9.59 9.497 9.335 9.413 7.477 7.861 7.567 7.581 7.247 7.931 5.751 5.522 5.813 5.767 5.954 6.239 5.607 4.896 4.226 4.409 5.285 4.715 4.97 3.476 3.452 3.676 3.692 4.013 4.166 4.483 2.614 2.639 3.031 3.402 3.262 3.594 1.843 2.097 2.197 2.534 2.846 2.928 3.087 1.678 1.852 2.11 2.374 2.56 2.498 1.333 1.263 1.45 1.777 1.881 2.277 2.778 1.056 1.288 1.413 1.537 1.91 2.165,13.345,0.023709,0.0225152969360351,4.68733549118042,0.0115280260781402,0.0489619609585714,0.1183827235765356,0.0671943838763791,0.0338802256461837,0.0369536202869536,0.09668001334668,0.1439356022689356,0.1118201534868201,0.079079079079079,0.0369536202869536,0.0548537790435938,0.0566914887453043,0.0558941710008459,0.0524997219441663,0.0369536202869536,0.0548537790435938,0.0566914887453043,0.0558941710008459,0.0524997219441663,0.0369536202869536,0.0648172006207251,0.0745427551369217,0.0686323680208889,0.0591204520466093,0.0369536202869536,0.009668001334668,0.0014393560226893,0.005591007674341,0.0158158158158158,0.0369536202869536,0.09668001334668,0.1439356022689356,0.1118201534868201,0.079079079079079,0.453507399672085,0.4512210450152371,0.464613907397581,0.4520548222921588,0.4520760182490284,30music,sasrec,128,64,64,42
11.991 9.666 7.576 6.001 4.818 3.922 3.227 2.702 2.3 1.988 1.742 1.553,12.523 12.267 12.038 11.91 11.605 11.344 10.031 10.036 9.933 9.495 9.451 9.324 9.394 7.427 7.926 7.595 7.591 7.296 8.004 5.769 5.526 5.836 5.778 6.047 6.412 5.724 4.915 4.353 4.489 5.393 4.845 5.108 3.491 3.554 3.792 3.897 4.254 4.379 4.758 2.744 2.792 3.261 3.587 3.449 3.849 1.941 2.286 2.38 2.705 3.072 3.183 3.424 1.814 2.066 2.337 2.58 2.829 2.805 1.503 1.388 1.601 2.019 2.119 2.549 3.121 1.2 1.39 1.587 1.707 2.05 2.405 0.948 1.015 1.25 1.506 1.885 2.015 2.248,15.551,0.030221,0.0225152969360351,5.737778663635254,0.0121480593532593,0.0537660706309757,0.134051194080749,0.0748988714246183,0.0364200656546345,0.0349099099099099,0.1016433099766433,0.1503586920253587,0.1181598264931598,0.0842509175842509,0.0349099099099099,0.0555452443183924,0.0575091258435997,0.0566956710111523,0.053198337226115,0.0349099099099099,0.0555452443183924,0.0575091258435997,0.0566956710111523,0.053198337226115,0.0349099099099099,0.0665915099129681,0.0767174541404571,0.0707720826448779,0.0609406955316617,0.0349099099099099,0.0101643309976643,0.0015035869202535,0.0059079913246579,0.0168501835168501,0.0349099099099099,0.1016433099766433,0.1503586920253587,0.1181598264931598,0.0842509175842509,0.4587284950264352,0.4596856279668685,0.4740983581240341,0.460769427251857,0.4598828196132102,30music,sasrec,128,128,64,42
12.048 9.693 7.641 6.091 4.933 4.069 3.395 2.887 2.487 2.167 1.915,12.579 12.344 12.105 11.97 11.633 11.376 10.04 10.043 9.943 9.547 9.525 9.317 9.478 7.467 7.935 7.649 7.67 7.393 8.105 5.837 5.618 5.96 5.845 6.158 6.534 5.902 4.969 4.452 4.597 5.545 5.014 5.268 3.627 3.666 3.915 4.027 4.376 4.545 5.021 2.876 2.942 3.432 3.75 3.651 4.096 2.042 2.384 2.514 2.886 3.3 3.448 3.675 1.947 2.166 2.495 2.819 3.097 3.097 1.618 1.503 1.775 2.249 2.321 2.798 3.435 1.29 1.539 1.748 1.864 2.297 2.681,18.901,0.040525,0.0225152969360351,8.709250926971436,0.0128266513265841,0.0558041429704875,0.1330694747284771,0.0768887189538431,0.0380516717360127,0.040331998665332,0.1062312312312312,0.1509843176509843,0.121705038371705,0.0890473807140473,0.040331998665332,0.0607220977591348,0.0625648154994687,0.0618244846182439,0.0584007618729841,0.040331998665332,0.0607220977591348,0.0625648154994687,0.0618244846182439,0.0584007618729841,0.040331998665332,0.0716250914546185,0.0809839129048585,0.0755723099864764,0.0660396031375026,0.040331998665332,0.0106231231231231,0.0015098431765098,0.0060852519185852,0.0178094761428094,0.040331998665332,0.1062312312312312,0.1509843176509843,0.121705038371705,0.0890473807140473,0.4634825880973228,0.4628949180193866,0.4746932307052396,0.4633423016269973,0.4633971870117325,30music,sasrec,128,256,64,42
12.124 9.824 7.819 6.282 5.125 4.263 3.594 3.083 2.679 2.339 2.074,12.641 12.41 12.21 12.049 11.719 11.452 10.126 10.159 10.077 9.687 9.656 9.451 9.614 7.624 8.147 7.812 7.887 7.566 8.28 6.049 5.81 6.139 6.027 6.366 6.791 6.164 5.173 4.635 4.812 5.709 5.183 5.517 3.794 3.846 4.072 4.187 4.592 4.788 5.238 3.038 3.134 3.638 4.004 3.843 4.337 2.192 2.555 2.688 3.102 3.508 3.633 3.912 2.145 2.372 2.687 3.01 3.323 3.327 1.736 1.596 1.895 2.427 2.516 2.993 3.684 1.387 1.668 1.852 2.048 2.464 2.866,26.862,0.062038,0.0225152969360351,14.653707027435305,0.0139243398654987,0.0610434241452439,0.1425410571108057,0.083463368089643,0.041729387625284,0.0455455455455455,0.1106106106106106,0.1526526526526526,0.1260427093760427,0.0940523857190523,0.0455455455455455,0.0661090488636785,0.0678428696651871,0.0671935458755705,0.0638659492826159,0.0455455455455455,0.0661090488636785,0.0678428696651871,0.0671935458755705,0.0638659492826159,0.0455455455455455,0.0767941031568775,0.0855855021729937,0.0807133240974948,0.0714060780321354,0.0455455455455455,0.011061061061061,0.0015265265265265,0.0063021354688021,0.0188104771438104,0.0455455455455455,0.1106106106106106,0.1526526526526526,0.1260427093760427,0.0940523857190523,0.4776734306906078,0.4760547458149279,0.4847167367489809,0.4755342760603276,0.4776364830544,30music,sasrec,128,512,64,42
12.228 10.03 8.057 6.517 5.35 4.484 3.806 3.289 2.869 2.527 2.254 2.052 1.889,12.712 12.497 12.313 12.169 11.829 11.616 10.258 10.354 10.293 9.93 9.86 9.665 9.8 7.914 8.363 8.039 8.125 7.821 8.46 6.235 6.008 6.377 6.233 6.662 6.989 6.399 5.363 4.847 5.02 5.955 5.355 5.723 3.998 4.013 4.293 4.366 4.823 4.98 5.494 3.234 3.329 3.852 4.21 4.089 4.542 2.383 2.753 2.88 3.307 3.731 3.86 4.114 2.358 2.5 2.848 3.219 3.449 3.552 1.899 1.798 2.05 2.623 2.707 3.161 3.847 1.52 1.818 2.011 2.216 2.666 3.019 1.28 1.378 1.635 1.966 2.435 2.58 2.94 1.367 1.453 1.618 1.942 2.366 2.831,42.407,0.11428,3.337860107421875e-06,26.51348304748535,0.0149577286573638,0.0700867242838328,0.1694378709435184,0.097223513958212,0.0471397520555825,0.0480897564230897,0.1154904904904905,0.1545712379045712,0.1292125458792125,0.0993076409743076,0.0480897564230897,0.0696028038620631,0.0711951330667821,0.0705749706020245,0.0674049049049049,0.0480897564230897,0.0696028038620631,0.0711951330667821,0.0705749706020245,0.0674049049049049,0.0480897564230897,0.0806450021749866,0.0887835143947836,0.0841388563652925,0.0753734536256685,0.0480897564230897,0.011549049049049,0.0015457123790457,0.0064606272939606,0.0198615281948615,0.0480897564230897,0.1154904904904905,0.1545712379045712,0.1292125458792125,0.0993076409743076,0.4851049386930088,0.4885319889488181,0.4978803616112632,0.4877823908907576,0.4895279395871846,30music,sasrec,128,1024,64,42
12.253 10.063 8.112 6.583 5.425 4.567 3.898 3.379 2.965 2.616 2.346,12.717 12.515 12.346 12.2 11.876 11.639 10.297 10.376 10.323 9.956 9.904 9.692 9.843 7.97 8.428 8.1 8.182 7.874 8.541 6.321 6.081 6.444 6.304 6.756 7.069 6.515 5.406 4.962 5.093 6.022 5.497 5.85 4.039 4.137 4.378 4.418 4.908 5.089 5.578 3.327 3.441 3.986 4.3 4.17 4.652 2.453 2.861 2.947 3.401 3.773 3.919 4.235 2.437 2.605 2.955 3.328 3.68 3.655 1.989 1.859 2.191 2.653 2.78 3.27 3.941 1.589 1.94 2.107 2.299 2.712 3.185,65.219,0.18415,0.0225152969360351,37.86522912979126,0.0158039592569245,0.068360965001418,0.1522549117543382,0.0921185733263981,0.0469755580586528,0.0558058058058058,0.1160326993660327,0.1499833166499833,0.1278778778778778,0.1011428094761428,0.0558058058058058,0.0751875718310903,0.0765832172745998,0.0760112196157374,0.0731488432877321,0.0558058058058058,0.0751875718310903,0.0765832172745998,0.0760112196157374,0.0731488432877321,0.0558058058058058,0.0850199217386684,0.0921252618274286,0.0880172268894498,0.0801530583546975,0.0558058058058058,0.0116032699366032,0.0014998331664998,0.0063938938938938,0.0202285618952285,0.0558058058058058,0.1160326993660327,0.1499833166499833,0.1278778778778778,0.1011428094761428,0.4988523988543538,0.4942386233865684,0.4989510863151095,0.4922989827556357,0.4965024152547672,30music,sasrec,128,1512,64,42
12.216 10.009 8.077 6.567 5.425 4.585 3.935 3.429 3.027 2.682 2.415 2.214 2.055,12.708 12.486 12.308 12.155 11.813 11.574 10.228 10.302 10.284 9.894 9.85 9.648 9.808 7.93 8.359 8.033 8.152 7.848 8.516 6.306 6.065 6.42 6.283 6.745 7.104 6.508 5.386 4.993 5.122 6.01 5.487 5.843 4.04 4.105 4.383 4.523 4.927 5.075 5.619 3.318 3.476 3.967 4.352 4.216 4.719 2.495 2.895 3.035 3.412 3.833 3.953 4.286 2.474 2.651 3.017 3.373 3.762 3.833 2.032 1.931 2.236 2.787 2.886 3.403 4.027 1.637 2.001 2.181 2.358 2.765 3.233 1.433 1.514 1.801 2.093 2.661 2.778 3.082 1.513 1.622 1.785 2.137 2.459 3.005,87.891,0.25377,0.0225152969360351,50.30622053146362,0.0163206536528571,0.0771608446690342,0.1792194699634065,0.1060670255970403,0.0519438617279868,0.0546379713046379,0.1169919919919919,0.1533616950283617,0.1295879212545879,0.1017684351017684,0.0546379713046379,0.0749534090969276,0.0764467141342676,0.0758402374918901,0.0728631409186964,0.0546379713046379,0.0749534090969276,0.0764467141342676,0.0758402374918901,0.0728631409186964,0.0546379713046379,0.0850888221090387,0.0926942826812573,0.0882905615272264,0.0801068376667688,0.0546379713046379,0.0116991991991992,0.0015336169502836,0.0064793960627293,0.0203536870203536,0.0546379713046379,0.1169919919919919,0.1533616950283617,0.1295879212545879,0.1017684351017684,0.5052372543027509,0.5085560695259828,0.5141927443570883,0.5065062465322736,0.510253544186373,30music,sasrec,128,2048,64,42
11.444 9.08 7.027 5.575 4.517 3.701 3.061 2.553 2.157 1.856 1.619,12.26 11.384 11.402 11.212 10.645 10.528 9.942 9.44 9.232 8.804 8.703 8.704 8.362 7.305 6.941 7.429 6.979 6.683 7.203 5.467 5.293 5.222 5.563 5.901 5.607 5.335 4.207 4.335 4.586 4.329 4.918 4.607 3.334 3.269 3.554 3.277 3.843 4.393 4.23 2.549 2.691 3.233 3.385 3.808 3.936 2.17 2.26 2.327 2.658 2.659 2.545 3.035 1.686 1.807 2.061 2.271 2.294 2.523 1.429 1.367 1.614 1.702 1.96 2.333 2.452 1.165 1.355 1.488 1.672 1.77 1.945,12.864,0.023143,0.0225152969360351,4.800339221954346,0.009795377537113,0.0435630786259603,0.1247771037786435,0.0627071801001468,0.0289279969136121,0.0279029029029029,0.0872122122122122,0.1532365699032365,0.1068985652318985,0.0678178178178178,0.0279029029029029,0.0447017619471323,0.0472111210354788,0.0460590097904124,0.0420767990212434,0.0279029029029029,0.0447017619471323,0.0472111210354788,0.0460590097904124,0.0420767990212434,0.0279029029029029,0.0547626655434159,0.0682497977989141,0.0597279713386191,0.0484537732284826,0.0279029029029029,0.0087212212212212,0.0015323656990323,0.0053449282615949,0.0135635635635635,0.0279029029029029,0.0872122122122122,0.1532365699032365,0.1068985652318985,0.0678178178178178,0.4396271362653678,0.4441374388647629,0.4640120185598898,0.4479575439717905,0.4413967933127259,30music,sasrec,128,32,128,42
11.616 9.067 7.043 5.655 4.648 3.874 3.262 2.767 2.374 2.065,12.408 11.684 11.668 11.394 10.827 10.646 10.019 9.413 9.197 8.751 8.7 8.697 8.337 7.232 6.918 7.366 7.003 6.707 7.254 5.496 5.324 5.257 5.649 5.934 5.721 5.484 4.314 4.465 4.766 4.457 5.118 4.772 3.489 3.435 3.693 3.501 4.068 4.583 4.47 2.714 2.854 3.436 3.583 4.049 4.254 2.334 2.438 2.515 2.908 2.904 2.81 3.304 1.86 1.994 2.281 2.455 2.502 2.79 1.587 1.514 1.815 1.918 2.198 2.607 2.719,14.664,0.029017,0.0225152969360351,5.780797958374023,0.0105474549356371,0.0469675205902716,0.1269437756122541,0.0670898967874238,0.0313426820572704,0.0313646980313647,0.0978478478478478,0.1593259926593259,0.1183266599933266,0.0781614948281615,0.0313646980313647,0.0507395788645788,0.0532078784055402,0.0521693134565439,0.0480980980980981,0.0313646980313647,0.0507395788645788,0.0532078784055402,0.0521693134565439,0.0480980980980981,0.0313646980313647,0.0619356517116117,0.0747026231778773,0.067123574336523,0.0555550003941463,0.0313646980313647,0.0097847847847847,0.0015932599265932,0.0059163329996663,0.0156322989656322,0.0313646980313647,0.0978478478478478,0.1593259926593259,0.1183266599933266,0.0781614948281615,0.4476524028652316,0.4523827634247183,0.4701581090078658,0.4556519934763789,0.450338444918816,30music,sasrec,128,64,128,42
11.702 9.075 7.11 5.763 4.788 4.036 3.439 2.948 2.553,12.502 11.845 11.791 11.522 10.939 10.716 10.037 9.386 9.216 8.79 8.717 8.746 8.348 7.244 6.943 7.41 7.097 6.774 7.375 5.54 5.4 5.31 5.801 6.042 5.891 5.656 4.365 4.552 4.864 4.605 5.268 4.962 3.607 3.581 3.814 3.635 4.294 4.773 4.68 2.847 3.013 3.567 3.778 4.304 4.439 2.425 2.62 2.671 3.11 3.104 3.027 3.532 1.994 2.13 2.436 2.668 2.733 2.983,17.48,0.037715,0.0225152969360351,8.639526844024658,0.011080224268332,0.0488666595477661,0.1261377323545993,0.0690602247505801,0.032717089150451,0.0390807474140807,0.1052302302302302,0.1621204537871204,0.125417083750417,0.0859192525859192,0.0390807474140807,0.0586087575670909,0.0609338552628268,0.0600190970418008,0.0560136525414303,0.0390807474140807,0.0586087575670909,0.0609338552628268,0.0600190970418008,0.0560136525414303,0.0390807474140807,0.069701196329741,0.0815791817777484,0.0748171015391881,0.0634384851700237,0.0390807474140807,0.010523023023023,0.0016212045378712,0.0062708541875208,0.0171838505171838,0.0390807474140807,0.1052302302302302,0.1621204537871204,0.125417083750417,0.0859192525859192,0.4540743904988671,0.4577987007713445,0.4732730994393546,0.4605270882212353,0.4557350509796487,30music,sasrec,128,128,128,42
11.833 9.246 7.319 5.98 5.002 4.249 3.648 3.152 2.742 2.41 2.142 1.912,12.64 12.005 11.972 11.653 11.087 10.82 10.172 9.533 9.405 9.004 8.904 8.899 8.535 7.484 7.117 7.592 7.3 6.944 7.561 5.745 5.614 5.52 6.061 6.275 6.061 5.867 4.615 4.766 5.082 4.798 5.526 5.217 3.818 3.788 4.002 3.834 4.476 5.032 4.963 3.032 3.222 3.816 3.987 4.544 4.714 2.598 2.773 2.856 3.335 3.347 3.233 3.74 2.136 2.301 2.639 2.843 2.946 3.208 1.831 1.78 2.128 2.27 2.531 3.044 3.167 1.553 1.791 1.939 2.209 2.388 2.616 1.32 1.457 1.699 1.726 2.089 2.611 2.628,24.326,0.058401,3.337860107421875e-06,14.342335224151611,0.0125912683239926,0.0605703617205234,0.1710338825220657,0.0883363703481716,0.0393767058091376,0.0399149149149149,0.1200367033700367,0.1785118451785118,0.1400567233900567,0.0949699699699699,0.0399149149149149,0.06323337226115,0.0656281370992489,0.0646360966935944,0.0598793237682126,0.0399149149149149,0.06323337226115,0.0656281370992489,0.0646360966935944,0.0598793237682126,0.0399149149149149,0.076716874585904,0.0889378288583886,0.0817952071558611,0.0686025722386886,0.0399149149149149,0.0120036703370036,0.0017851184517851,0.0070028361695028,0.0189939939939939,0.0399149149149149,0.1200367033700367,0.1785118451785118,0.1400567233900567,0.0949699699699699,0.4646044343944253,0.4716122445870549,0.4887815135508007,0.4749783507629288,0.4692484416095926,30music,sasrec,128,256,128,42
11.985 9.486 7.545 6.193 5.211 4.453 3.846 3.344 2.93 2.589 2.312 2.079 1.906 1.764 1.65 1.563,12.711 12.172 12.114 11.823 11.298 11.02 10.406 9.785 9.66 9.276 9.122 9.13 8.757 7.711 7.359 7.785 7.541 7.123 7.756 5.943 5.803 5.763 6.277 6.448 6.288 6.074 4.76 4.969 5.285 5.011 5.723 5.426 3.968 3.998 4.205 4.049 4.69 5.265 5.243 3.247 3.398 4.048 4.18 4.733 4.915 2.758 2.934 3.048 3.532 3.565 3.508 3.995 2.323 2.496 2.832 3.055 3.137 3.427 1.977 1.943 2.306 2.443 2.757 3.232 3.383 1.686 1.979 2.089 2.429 2.583 2.851 1.462 1.612 1.899 1.945 2.271 2.793 2.817 1.271 1.386 1.716 1.94 2.389 2.658 1.169 1.207 1.54 1.84 1.985 2.045 2.693 1.104 1.303 1.502 1.688 2.087 2.53 0.897 1.013 1.17 1.428 1.748 2.011 2.273,41.347,0.11084,0.0225152969360351,25.815401554107662,0.0147108635570849,0.0748954267953121,0.2265670479871308,0.110798798054014,0.0479664630890746,0.0437937937937937,0.1282949616282949,0.1829329329329329,0.1469386052719386,0.1066066066066066,0.0437937937937937,0.0702138812092515,0.0724389610150449,0.0715214132076088,0.067309670781893,0.0437937937937937,0.0702138812092515,0.0724389610150449,0.0715214132076088,0.067309670781893,0.0437937937937937,0.0841387681207609,0.0955338361323843,0.0888709198210654,0.0771158012904173,0.0437937937937937,0.0128294961628294,0.0018293293293293,0.0073469302635969,0.0213213213213213,0.0437937937937937,0.1282949616282949,0.1829329329329329,0.1469386052719386,0.1066066066066066,0.4844592051144553,0.4967321374815062,0.518760424124442,0.50017034386049,0.4934390731710916,30music,sasrec,128,512,128,42
12.032 9.575 7.668 6.332 5.36 4.612 4.013 3.513 3.098 2.757 2.476 2.25,12.704 12.226 12.179 11.888 11.404 11.091 10.464 9.862 9.747 9.395 9.227 9.209 8.853 7.806 7.489 7.888 7.646 7.237 7.89 6.079 5.927 5.87 6.428 6.596 6.424 6.211 4.913 5.083 5.448 5.179 5.884 5.599 4.152 4.134 4.339 4.224 4.824 5.452 5.432 3.404 3.559 4.209 4.336 4.895 5.128 2.907 3.126 3.187 3.666 3.729 3.648 4.179 2.448 2.601 2.976 3.204 3.333 3.586 2.108 2.092 2.457 2.6 2.884 3.409 3.603 1.79 2.143 2.262 2.593 2.79 3.036 1.561 1.727 2.049 2.078 2.419 2.979 3.0,86.774,0.25013,0.0225152969360351,48.7150468826294,0.0158292198718368,0.0752284076282464,0.1931782561219674,0.1070969697595993,0.0497542256990014,0.055055055055055,0.1320487153820487,0.1785118451785118,0.147731064397731,0.1129462796129462,0.055055055055055,0.0795454680871347,0.0814303730523384,0.0806602879575087,0.0769380491602713,0.055055055055055,0.0795454680871347,0.0814303730523384,0.0806602879575087,0.0769380491602713,0.055055055055055,0.0921736580228007,0.1018397590520546,0.0961713054045953,0.0859377288721941,0.055055055055055,0.0132048715382048,0.0017851184517851,0.0073865532198865,0.0225892559225892,0.055055055055055,0.1320487153820487,0.1785118451785118,0.147731064397731,0.1129462796129462,0.4977339615230481,0.5005731747837909,0.5100969844411268,0.50127200415159,0.5001308560230068,30music,sasrec,128,1024,128,42
11.207 8.523 6.556 5.294 4.391 3.705 3.154 2.707 2.343 2.041 1.803 1.592,12.032 11.247 10.937 11.076 10.446 10.084 9.332 9.184 8.381 8.46 8.202 7.899 7.865 6.627 6.401 6.389 6.343 6.626 6.516 4.995 5.216 5.494 5.094 5.319 5.139 5.686 4.266 4.379 4.624 4.73 4.603 4.411 3.424 3.371 3.809 3.521 3.65 4.25 3.748 2.591 2.815 3.374 3.492 3.341 3.639 2.17 2.338 2.739 2.666 2.795 3.176 2.904 1.925 2.032 2.314 2.337 2.612 2.981 1.609 1.627 1.945 1.985 2.126 2.274 2.574 1.285 1.502 1.53 1.944 2.063 2.192 1.114 1.175 1.262 1.496 1.647 1.837 2.208,15.657,0.03205,0.0227932929992675,56.8770489692688,0.0088331777509096,0.0423942010813839,0.1415524484999213,0.0637061225989498,0.0269668546286058,0.0212295628962295,0.0838338338338338,0.1655405405405405,0.1082332332332332,0.0592676009342676,0.0212295628962295,0.0377485124012901,0.0408653474461514,0.0394428100444827,0.034472667111556,0.0212295628962295,0.0377485124012901,0.0408653474461514,0.0394428100444827,0.034472667111556,0.0212295628962295,0.0485431631720932,0.0652494809636228,0.0547141244437879,0.0406021946626811,0.0212295628962295,0.0083833833833833,0.0016554054054054,0.0054116616616616,0.0118535201868535,0.0212295628962295,0.0838338338338338,0.1655405405405405,0.1082332332332332,0.0592676009342676,0.4286316365976608,0.4408467555372845,0.4665273783837541,0.4466161977112721,0.4358177747387022,30music,sasrec,128,32,256,42
11.355 8.508 6.629 5.432 4.572 3.91 3.37 2.929 2.561 2.248 1.994 1.767 1.6 1.454,12.184 11.521 11.221 11.208 10.497 10.153 9.348 9.162 8.353 8.406 8.129 7.935 7.892 6.634 6.452 6.469 6.424 6.712 6.662 5.138 5.357 5.601 5.291 5.482 5.327 5.898 4.399 4.564 4.789 4.883 4.827 4.635 3.602 3.541 3.969 3.754 3.901 4.507 4.014 2.742 2.984 3.583 3.703 3.569 3.894 2.363 2.528 2.908 2.888 3.026 3.49 3.121 2.107 2.224 2.551 2.543 2.881 3.244 1.782 1.778 2.144 2.158 2.346 2.527 2.822 1.429 1.665 1.723 2.175 2.281 2.452 1.221 1.276 1.385 1.659 1.818 2.038 2.417 1.097 1.286 1.537 1.6 1.884 2.142 1.084 1.092 1.172 1.388 1.573 1.74 2.061,18.658,0.041249,0.0225152969360351,8.251802444458008,0.0097195956923762,0.0486473514819369,0.1717377351103027,0.0748885375366996,0.0304826729404848,0.0236486486486486,0.0981398064731398,0.1820987654320987,0.1256673340006673,0.0714464464464464,0.0236486486486486,0.043842254953366,0.0472377001196825,0.0457885092721264,0.0402889000111222,0.0236486486486486,0.043842254953366,0.0472377001196825,0.0457885092721264,0.0402889000111222,0.0236486486486486,0.0566143144782325,0.0740893118005954,0.0636186867210518,0.0479914080312304,0.0236486486486486,0.0098139806473139,0.0018209876543209,0.0062833667000333,0.0142892892892892,0.0236486486486486,0.0981398064731398,0.1820987654320987,0.1256673340006673,0.0714464464464464,0.4361390993239008,0.4526876358621303,0.4816842615309391,0.4597563826522054,0.4464546339864783,30music,sasrec,128,64,256,42
11.445 8.575 6.756 5.595 4.752 4.102 3.569 3.128,12.321 11.694 11.329 11.281 10.534 10.179 9.402 9.215 8.422 8.486 8.198 8.016 8.009 6.714 6.606 6.593 6.607 6.859 6.858 5.261 5.489 5.755 5.463 5.693 5.533 6.11 4.517 4.711 4.975 5.071 4.986 4.874 3.736 3.702 4.179 3.931 4.089 4.722 4.255 2.899 3.145 3.772 3.919 3.825 4.117 2.55 2.713 3.103 3.077 3.272 3.766 3.315,26.014,0.063817,0.0225152969360351,13.111679077148438,0.0106978704153419,0.0500389817216486,0.1334093448200238,0.071744739189892,0.0328698010496933,0.0396229562896229,0.1091925258591925,0.1742158825492158,0.1306306306306306,0.0885051718385051,0.0396229562896229,0.0602235833717315,0.0627867807456798,0.0616920825243408,0.0574852630408185,0.0396229562896229,0.0602235833717315,0.0627867807456798,0.0616920825243408,0.0574852630408185,0.0396229562896229,0.0718707517403706,0.0853000518475441,0.077266949645131,0.0652031781110024,0.0396229562896229,0.0109192525859192,0.0017421588254921,0.0065315315315315,0.017701034367701,0.0396229562896229,0.1091925258591925,0.1742158825492158,0.1306306306306306,0.0885051718385051,0.4503974542608912,0.45941168562852,0.4746645762542461,0.4629479393091779,0.4562056428330849,30music,sasrec,128,128,256,42
11.62 8.776 6.967 5.806 4.965 4.314 3.781 3.328 2.948 2.62 2.355 2.113 1.937 1.78,12.493 11.91 11.555 11.433 10.7 10.356 9.618 9.397 8.629 8.681 8.357 8.207 8.222 6.938 6.813 6.827 6.801 7.069 7.074 5.469 5.679 5.973 5.711 5.935 5.728 6.353 4.718 4.91 5.165 5.259 5.173 5.129 3.978 3.887 4.38 4.154 4.31 4.977 4.501 3.084 3.313 3.981 4.112 4.021 4.371 2.744 2.897 3.278 3.293 3.443 4.011 3.525 2.439 2.587 2.976 2.924 3.308 3.781 2.03 2.102 2.509 2.51 2.716 2.981 3.274 1.709 1.987 2.045 2.553 2.726 2.919 1.494 1.6 1.687 2.0 2.215 2.444 2.849 1.35 1.576 1.852 1.917 2.315 2.632 1.331 1.353 1.455 1.723 1.968 2.109 2.537,38.013,0.10072,0.0225152969360351,23.392745971679688,0.0124856330252686,0.0651413848098736,0.2144568795562398,0.099089354832413,0.0408957873331794,0.0379963296629963,0.125709042375709,0.197072072072072,0.1514431097764431,0.0969302635969302,0.0379963296629963,0.0631646196461011,0.0661302643513739,0.0649720152391506,0.0593322489155822,0.0379963296629963,0.0631646196461011,0.0661302643513739,0.0649720152391506,0.0593322489155822,0.0379963296629963,0.0779693938720508,0.0929419320034101,0.0845027047280003,0.0686710540765103,0.0379963296629963,0.0125709042375709,0.0019707207207207,0.0075721554888221,0.019386052719386,0.0379963296629963,0.125709042375709,0.197072072072072,0.1514431097764431,0.0969302635969302,0.4641652919141064,0.4787081771505558,0.5023379761423179,0.4841222796273287,0.4736165688012838,30music,sasrec,128,256,256,42
11.761 8.989 7.184 6.023 5.184 4.534 3.998 3.545 3.159 2.825 2.555 2.309 2.126 1.967 1.832 1.731,12.557 12.073 11.738 11.584 10.886 10.534 9.846 9.589 8.855 8.89 8.562 8.402 8.416 7.163 7.047 7.046 7.009 7.272 7.278 5.714 5.878 6.211 5.947 6.16 5.958 6.582 4.93 5.115 5.387 5.457 5.397 5.321 4.177 4.091 4.584 4.37 4.573 5.202 4.72 3.272 3.526 4.225 4.349 4.292 4.635 2.947 3.106 3.498 3.538 3.656 4.28 3.799 2.605 2.794 3.202 3.129 3.558 3.928 2.21 2.283 2.674 2.705 2.939 3.203 3.495 1.891 2.172 2.281 2.755 2.951 3.157 1.669 1.762 1.84 2.185 2.437 2.688 3.089 1.497 1.744 2.034 2.101 2.516 2.819 1.486 1.496 1.645 1.893 2.165 2.391 2.7 1.297 1.52 1.81 2.021 1.933 2.392 1.081 1.301 1.538 1.474 2.053 2.135 2.535,76.15,0.21754,0.0225152969360351,43.58067035675049,0.0145328910429304,0.0750263227089483,0.2422825950918625,0.1132042975195224,0.0474084331414674,0.0463797130463797,0.1365949282615949,0.1992409075742409,0.1599099099099099,0.1093593593593593,0.0463797130463797,0.073113887697221,0.0757531521136388,0.0747444253030625,0.0694201145590034,0.0463797130463797,0.073113887697221,0.0757531521136388,0.0747444253030625,0.0694201145590034,0.0463797130463797,0.0882172297840462,0.1014219734335737,0.0941284814039343,0.0793509603166689,0.0463797130463797,0.0136594928261594,0.0019924090757424,0.0079954954954954,0.0218718718718718,0.0463797130463797,0.1365949282615949,0.1992409075742409,0.1599099099099099,0.1093593593593593,0.4824370106130981,0.4954863799635587,0.5178025714923877,0.4997526434417332,0.4910179525283193,30music,sasrec,128,512,256,42
11.02 8.124 6.277 5.133 4.338 3.721 3.231 2.82 2.474,11.914 11.256 10.821 10.541 10.503 9.526 8.517 8.575 8.476 8.011 7.805 7.928 7.5 6.352 6.013 6.821 6.177 5.907 6.341 5.14 5.075 5.094 4.887 5.389 5.035 4.616 4.01 3.993 4.559 4.547 4.537 4.571 3.253 3.322 3.81 4.086 3.989 3.993 4.209 2.995 2.899 3.114 3.042 3.223 3.5 2.399 2.649 2.717 2.781 3.065 3.03 3.202 2.019 2.356 2.149 2.247 2.706 2.531,23.122,0.054891,3.337860107421875e-06,70.42151546478271,0.0076631519965645,0.0378610689144021,0.1219548041670828,0.0569236474950081,0.0243133418530498,0.0178511845178511,0.0782449115782449,0.1599516182849516,0.1032282282282282,0.0559726393059726,0.0178511845178511,0.0342945127667349,0.0374362089128792,0.0360369651618863,0.0313417584250917,0.0178511845178511,0.0342945127667349,0.0374362089128792,0.0360369651618863,0.0313417584250917,0.0178511845178511,0.0446255820924693,0.0613620390728599,0.0509531768524736,0.0374436889143077,0.0178511845178511,0.0078244911578244,0.0015995161828495,0.0051614114114114,0.0111945278611945,0.0178511845178511,0.0782449115782449,0.1599516182849516,0.1032282282282282,0.0559726393059726,0.4153963393773951,0.4303695388839753,0.4552431122181951,0.4362873358621845,0.4252745185026718,30music,sasrec,128,32,512,42
11.196 8.174 6.394 5.303 4.539 3.936 3.452 3.042 2.693 2.403 2.144 1.933,12.163 11.587 11.072 10.763 10.629 9.59 8.525 8.55 8.566 8.048 7.884 7.955 7.6 6.43 6.159 6.963 6.339 6.086 6.478 5.237 5.211 5.262 5.067 5.557 5.233 4.833 4.168 4.167 4.754 4.773 4.745 4.821 3.396 3.543 3.989 4.329 4.227 4.23 4.48 3.197 3.112 3.317 3.281 3.492 3.757 2.609 2.84 2.957 2.986 3.314 3.281 3.473 2.223 2.55 2.328 2.44 2.932 2.787 1.948 2.043 2.347 2.338 2.554 2.865 3.062 1.683 1.916 2.084 2.179 2.483 2.874 1.354 1.531 1.809 1.924 2.207 2.173 2.311,26.886,0.066554,0.0225152969360351,11.686105728149414,0.0100365015885482,0.0502238434944156,0.1783342002317087,0.0774593792089064,0.0314747261806754,0.024733066399733,0.0988488488488488,0.1900233566900233,0.1284617951284618,0.0719469469469469,0.024733066399733,0.0448020275566571,0.048406692407658,0.0468628460254277,0.041212740518296,0.024733066399733,0.0448020275566571,0.048406692407658,0.0468628460254277,0.041212740518296,0.024733066399733,0.0575112781756779,0.076352661922504,0.0650067340600981,0.0488126603093451,0.024733066399733,0.0098848848848848,0.0019002335669002,0.006423089756423,0.0143893893893893,0.024733066399733,0.0988488488488488,0.1900233566900233,0.1284617951284618,0.0719469469469469,0.4447286143536509,0.4596429270192684,0.4853851912583451,0.4660898414268068,0.4542233393269876,30music,sasrec,128,64,512,42
11.425 8.411 6.642 5.564 4.81 4.208 3.723 3.308 2.949 2.647 2.376,12.41 11.873 11.389 11.007 10.819 9.802 8.768 8.792 8.839 8.275 8.107 8.194 7.855 6.682 6.442 7.2 6.594 6.347 6.713 5.453 5.416 5.513 5.359 5.806 5.496 5.107 4.401 4.396 5.023 5.076 4.998 5.102 3.622 3.824 4.243 4.609 4.53 4.488 4.78 3.417 3.376 3.565 3.521 3.764 4.063 2.828 3.092 3.208 3.254 3.637 3.555 3.792 2.435 2.805 2.528 2.659 3.214 3.031 2.16 2.271 2.607 2.557 2.839 3.149 3.295 1.874 2.132 2.287 2.397 2.746 3.136,36.86,0.097057,0.0225152969360351,19.60972118377685,0.0104911926569688,0.0552874485745549,0.187542842576996,0.0851627185473768,0.034450885901247,0.0290707374040707,0.1122789456122789,0.1960293626960293,0.1402235568902235,0.0844594594594594,0.0290707374040707,0.0524681758478054,0.0558636706810353,0.0544272794795957,0.048757090423757,0.0290707374040707,0.0524681758478054,0.0558636706810353,0.0544272794795957,0.048757090423757,0.0290707374040707,0.0666010273949677,0.0840544967744912,0.0736916898914995,0.0576062586748107,0.0290707374040707,0.0112278945612278,0.0019602936269602,0.0070111778445111,0.0168918918918918,0.0290707374040707,0.1122789456122789,0.1960293626960293,0.1402235568902235,0.0844594594594594,0.4468753660319297,0.4639914310949699,0.486936317056143,0.4699166595598595,0.4580196140930511,30music,sasrec,128,128,512,42
11.584 8.579 6.823 5.758 5.011 4.415 3.933 3.517 3.154 2.85 2.576 2.351 2.155 1.983,12.503 12.043 11.602 11.226 10.985 9.965 8.942 8.957 9.023 8.436 8.26 8.319 8.066 6.849 6.645 7.381 6.813 6.562 6.884 5.609 5.594 5.711 5.579 6.009 5.695 5.308 4.576 4.607 5.24 5.278 5.189 5.342 3.814 4.046 4.405 4.834 4.709 4.744 5.054 3.598 3.554 3.747 3.724 3.997 4.296 3.025 3.264 3.45 3.521 3.86 3.793 4.075 2.602 2.983 2.722 2.876 3.422 3.281 2.346 2.444 2.801 2.733 3.076 3.373 3.552 2.055 2.307 2.487 2.57 2.95 3.381 1.677 1.885 2.163 2.307 2.629 2.615 2.803 1.873 1.862 1.987 2.036 2.385 2.779 1.456 1.627 1.576 2.073 2.227 2.468 2.745,60.953,0.17086,0.0225152969360351,35.45659780502319,0.0128645422489525,0.0678213064101106,0.2307694957407158,0.1047190273285407,0.0422610087482102,0.0371204537871204,0.1280864197530864,0.2072072072072072,0.1569903236569903,0.098682015348682,0.0371204537871204,0.0630240359407026,0.0663250324033837,0.0650405951984039,0.0590847792236681,0.0371204537871204,0.0630240359407026,0.0663250324033837,0.0650405951984039,0.0590847792236681,0.0371204537871204,0.0784323348547207,0.0950643299390014,0.0857545059957433,0.0689089130079701,0.0371204537871204,0.0128086419753086,0.002072072072072,0.0078495161828495,0.0197364030697364,0.0371204537871204,0.1280864197530864,0.2072072072072072,0.1569903236569903,0.098682015348682,0.4690431742487728,0.4854395845277167,0.5081664496033279,0.4912349963533488,0.4796329744842861,30music,sasrec,128,256,512,42
10.859 7.829 6.115 5.078 4.334 3.762 3.296,11.889 11.039 11.033 10.241 9.866 9.567 8.92 8.04 8.05 7.66 7.625 7.622 7.476 6.038 6.199 6.389 5.992 6.276 5.817 4.919 5.179 4.986 5.087 5.448 5.392 5.223 4.174 4.315 4.388 4.29 3.885 4.162 3.383 3.477 3.71 3.932 3.939 4.158 4.271 2.963 3.294 3.41 3.264 3.239 3.73,33.807,0.087566,3.337860107421875e-06,68.22352361679077,0.0073026141291804,0.0356071331383673,0.1008059284366779,0.0516958484179391,0.0231892444894542,0.0263179846513179,0.08008008008008,0.1471888555221888,0.1026026026026026,0.0613947280613947,0.0263179846513179,0.041323284263099,0.043978273674633,0.0428970895099707,0.0388541319096874,0.0263179846513179,0.041323284263099,0.043978273674633,0.0428970895099707,0.0388541319096874,0.0263179846513179,0.0504596154290642,0.0643126969450274,0.0561677705949566,0.0444426775777894,0.0263179846513179,0.008008008008008,0.0014718885552218,0.0051301301301301,0.0122789456122789,0.0263179846513179,0.08008008008008,0.1471888555221888,0.1026026026026026,0.0613947280613947,0.4089309756743796,0.4208018582271872,0.4421516781328738,0.4253285700863902,0.4170126365726869,30music,sasrec,128,32,1024,42
11.076 7.975 6.314 5.314 4.587 4.027 3.565 3.168,12.171 11.409 11.268 10.509 10.001 9.71 9.032 8.195 8.234 7.778 7.777 7.768 7.675 6.239 6.382 6.587 6.244 6.508 6.038 5.108 5.381 5.216 5.356 5.687 5.635 5.481 4.423 4.55 4.601 4.55 4.127 4.476 3.614 3.709 3.971 4.196 4.197 4.461 4.594 3.164 3.555 3.68 3.511 3.526 4.015 2.834 3.07 3.124 3.351 3.605 3.545 3.492,39.246,0.10421,0.0225152969360351,15.7328200340271,0.0093533167761484,0.0467573982025924,0.1426995100588916,0.0700580190396143,0.0297765239327103,0.0307807807807807,0.1021438104771438,0.1771354688021354,0.1270437103770437,0.0778278278278278,0.0307807807807807,0.0508352764139801,0.0538110061537209,0.052568879624084,0.0475816093871649,0.0307807807807807,0.0508352764139801,0.0538110061537209,0.052568879624084,0.0475816093871649,0.0307807807807807,0.0629550231157729,0.078463366030183,0.0692588904114333,0.0550834230754944,0.0307807807807807,0.0102143810477143,0.0017713546880213,0.0063521855188521,0.0155655655655655,0.0307807807807807,0.1021438104771438,0.1771354688021354,0.1270437103770437,0.0778278278278278,0.4380215825888264,0.4517995559724069,0.4717583655049546,0.4566339482171213,0.4471068424642352,30music,sasrec,128,64,1024,42
11.232 8.139 6.503 5.52 4.808 4.257 3.801 3.407 3.08,12.375 11.653 11.438 10.704 10.074 9.846 9.162 8.344 8.471 7.957 7.95 7.952 7.899 6.409 6.54 6.766 6.412 6.71 6.197 5.297 5.553 5.403 5.578 5.948 5.885 5.708 4.633 4.742 4.806 4.776 4.34 4.713 3.801 3.927 4.186 4.413 4.434 4.742 4.853 3.344 3.766 3.898 3.733 3.787 4.265 3.006 3.278 3.367 3.584 3.851 3.844 3.806 2.862 2.869 3.076 3.18 3.366 3.978,52.546,0.14499,0.0225152969360351,26.62935161590576,0.0109504765644645,0.0580098539362353,0.1853761707433854,0.0881044319748863,0.0361858308618118,0.0353269936603269,0.118702035368702,0.1956122789456122,0.1449783116449783,0.0904237570904237,0.0353269936603269,0.0586017565184231,0.0617129664854513,0.0604332497524935,0.0548242687131576,0.0353269936603269,0.0586017565184231,0.0617129664854513,0.0604332497524935,0.0548242687131576,0.0353269936603269,0.0727939826689033,0.0888046333693353,0.0794476279995806,0.0636468769899003,0.0353269936603269,0.0118702035368702,0.0019561227894561,0.0072489155822489,0.0180847514180847,0.0353269936603269,0.118702035368702,0.1956122789456122,0.1449783116449783,0.0904237570904237,0.4555408412945823,0.4713642025322834,0.4910385599301425,0.4767301224154963,0.4662313617775392,30music,sasrec,128,128,1024,42
11.286 8.215 6.631 5.677 4.989 4.451 3.999 3.614 3.287,12.433 11.764 11.493 10.77 10.086 9.887 9.218 8.41 8.574 8.028 8.046 8.059 8.027 6.532 6.642 6.857 6.556 6.845 6.315 5.46 5.653 5.551 5.772 6.123 6.072 5.886 4.788 4.895 4.932 4.963 4.501 4.923 3.976 4.095 4.373 4.607 4.655 4.958 5.063 3.486 3.969 4.099 3.957 4.006 4.461 3.195 3.471 3.552 3.804 4.053 4.078 4.064 3.041 3.076 3.276 3.384 3.587 4.197,93.301,0.27005,0.0225152969360351,48.42666387557984,0.0123409585944075,0.0653021341774971,0.2029724854493117,0.0990778727347256,0.0408969355429482,0.0408742075408742,0.1285452118785452,0.2022856189522856,0.1544461127794461,0.1011845178511845,0.0408742075408742,0.0662702053905757,0.0693114636736035,0.0680788972174349,0.0625799410521632,0.0408742075408742,0.0662702053905757,0.0693114636736035,0.0680788972174349,0.0625799410521632,0.0408742075408742,0.0810473493817835,0.096492439009377,0.0876100417726556,0.0721609694358358,0.0408742075408742,0.0128545211878545,0.0020228561895228,0.0077223056389723,0.0202369035702369,0.0408742075408742,0.1285452118785452,0.2022856189522856,0.1544461127794461,0.1011845178511845,0.4679668560181928,0.4836965522963529,0.4991534168929817,0.4884760601117036,0.4787174376462264,30music,sasrec,128,256,1024,42
12.222 10.506 9.07 7.506 6.004 4.691 3.598 2.701 1.983 1.417 1.007 0.739 0.593 0.516 0.468 0.437,12.566 11.579 11.337 10.591 10.322 10.555 8.999 9.292 8.968 7.485 7.557 7.257 7.399 5.859 5.701 6.12 4.495 4.651 4.759 3.438 3.609 3.707 2.548 2.613 2.777 3.073 1.94 2.015 2.024 1.316 1.438 1.676 0.776 0.903 1.1 0.564 0.646 0.743 0.988 0.478 0.648 0.815 0.355 0.501 0.7 0.298 0.352 0.534 0.284 0.359 0.472 0.741,6.221,0.018263,0.0247149467468261,77.5809473991394,0.012655568071042,0.0623604207499876,0.1453840244982036,0.0840087677297941,0.0422816765240475,0.0417083750417083,0.090382048715382,0.1232899566232899,0.1001835168501835,0.0781197864531197,0.0417083750417083,0.0570005852413259,0.0582444878675779,0.0576809019460019,0.0553609164720275,0.0417083750417083,0.0570005852413259,0.0582444878675779,0.0576809019460019,0.0553609164720275,0.0417083750417083,0.065010619969523,0.071720119839703,0.0674889774027556,0.0610423205307786,0.0417083750417083,0.0090382048715382,0.0012328995662328,0.0050091758425091,0.0156239572906239,0.0417083750417083,0.090382048715382,0.1232899566232899,0.1001835168501835,0.0781197864531197,0.4750804685845395,0.4701988535562658,0.4714229235035126,0.4657355579999124,0.4760533253368481,30music,sasrec,256,32,32,42
12.371 10.702 9.068 7.353 5.784 4.468 3.4 2.537 1.854 1.329 0.948 0.708,12.619 11.858 11.639 10.853 10.603 10.691 9.018 9.245 8.953 7.386 7.359 7.155 7.304 5.629 5.499 5.886 4.262 4.392 4.518 3.201 3.402 3.522 2.351 2.434 2.625 2.93 1.796 1.852 1.945 1.223 1.365 1.598 0.695 0.841 1.027 0.482 0.593 0.717 0.979,6.9619,0.02312,0.0225152969360351,4.68451452255249,0.0129770668062889,0.0564597707484375,0.1274524325398055,0.0745693352209902,0.0399278464981324,0.0455872539205872,0.0898398398398398,0.1246246246246246,0.1011011011011011,0.0785785785785785,0.0455872539205872,0.0596513179846513,0.0610141737878907,0.060435615568162,0.0581428650873095,0.0455872539205872,0.0596513179846513,0.0610141737878907,0.060435615568162,0.0581428650873095,0.0455872539205872,0.0669026328258495,0.0740669802348176,0.0697528676477973,0.0632549270838831,0.0455872539205872,0.0089839839839839,0.0012462462462462,0.005055055055055,0.0157157157157157,0.0455872539205872,0.0898398398398398,0.1246246246246246,0.1011011011011011,0.0785785785785785,0.4797830374046503,0.4650911777069931,0.4688724523035955,0.4612424324695617,0.4711536061151146,30music,sasrec,256,64,32,42
12.466 10.789 9.062 7.285 5.702 4.39 3.33 2.481 1.818 1.314 0.95 0.721 0.6,12.724 11.997 11.764 10.922 10.726 10.763 8.978 9.293 8.925 7.297 7.286 7.108 7.255 5.599 5.429 5.869 4.193 4.385 4.44 3.097 3.295 3.443 2.26 2.39 2.547 2.911 1.765 1.823 1.928 1.185 1.331 1.594 0.721 0.842 1.048 0.486 0.588 0.783 1.066 0.453 0.64 0.894,7.9805,0.029074,0.0225152969360351,5.73043966293335,0.0133984597914162,0.0619528062820852,0.1438488680373995,0.0831189051590213,0.0427662210464554,0.0472138805472138,0.0986403069736403,0.1304637971304638,0.1095679012345679,0.0867951284617951,0.0472138805472138,0.0637139950797358,0.0649886351916014,0.0644699371219767,0.0621072461350239,0.0472138805472138,0.0637139950797358,0.0649886351916014,0.0644699371219767,0.0621072461350239,0.0472138805472138,0.0721264142695022,0.0787274086647364,0.0748866129826601,0.0682696427632516,0.0472138805472138,0.009864030697364,0.0013046379713046,0.0054783950617283,0.017359025692359,0.0472138805472138,0.0986403069736403,0.1304637971304638,0.1095679012345679,0.0867951284617951,0.4772936073425883,0.4656992389745492,0.4665451578379169,0.4604781743034547,0.4724930581358933,30music,sasrec,256,128,32,42
12.553 10.883 9.184 7.442 5.878 4.557 3.481 2.615 1.934 1.42 1.041 0.794,12.789 12.116 11.916 11.006 10.885 10.864 9.107 9.366 9.029 7.463 7.475 7.259 7.464 5.733 5.59 6.052 4.35 4.534 4.623 3.25 3.473 3.611 2.435 2.484 2.731 3.061 1.891 1.922 2.035 1.285 1.428 1.739 0.782 0.915 1.151 0.567 0.663 0.845 1.162,9.5968,0.039315,0.0225152969360351,8.695605278015137,0.013359420659279,0.0602017863847582,0.1432322793915866,0.0811026488051155,0.0415410812232108,0.047756089422756,0.0988488488488488,0.1315482148815482,0.1114864864864864,0.0860443777110443,0.047756089422756,0.0641997652414319,0.0655953420275675,0.0650933565095501,0.0624596819041263,0.047756089422756,0.0641997652414319,0.0655953420275675,0.0650933565095501,0.0624596819041263,0.047756089422756,0.0725357608898127,0.0794503854183253,0.0757519331826156,0.0683632935421028,0.047756089422756,0.0098848848848848,0.0013154821488154,0.0055743243243243,0.0172088755422088,0.047756089422756,0.0988488488488488,0.1315482148815482,0.1114864864864864,0.0860443777110443,0.4749881756636778,0.4666734676720397,0.4744184873789092,0.4641829639821275,0.4709536324639829,30music,sasrec,256,256,32,42
12.624 11.016 9.4 7.708 6.157 4.825 3.724 2.83 2.121 1.58 1.174 0.898 0.731 0.648 0.599 0.56,12.866 12.227 12.048 11.12 11.043 10.97 9.307 9.592 9.245 7.721 7.741 7.567 7.751 5.972 5.886 6.332 4.635 4.794 4.888 3.472 3.693 3.906 2.603 2.685 2.94 3.296 2.049 2.144 2.277 1.45 1.587 1.91 0.899 1.012 1.3 0.633 0.755 0.94 1.271 0.562 0.751 1.035 0.418 0.591 0.868 0.346 0.445 0.683 0.303 0.493 0.579 0.97,13.884,0.065314,0.0225152969360351,14.61838436126709,0.0145328910429304,0.0738700754718281,0.1846355754425487,0.1030081947731195,0.0490285571251583,0.0485068401735068,0.1068985652318985,0.1354688021354688,0.1170337003670337,0.0941775108441775,0.0485068401735068,0.0679942508646212,0.0691690050735684,0.0687165078320407,0.066262095428762,0.0485068401735068,0.0679942508646212,0.0691690050735684,0.0687165078320407,0.066262095428762,0.0485068401735068,0.0774087149682268,0.0833762446120898,0.0799949731387285,0.0732602893980241,0.0485068401735068,0.0106898565231898,0.0013546880213546,0.0058516850183516,0.0188355021688355,0.0485068401735068,0.1068985652318985,0.1354688021354688,0.1170337003670337,0.0941775108441775,0.4909816889306051,0.4940118202657829,0.4929463348306019,0.4889501888107598,0.4984478950147896,30music,sasrec,256,512,32,42
12.647 11.03 9.407 7.731 6.194 4.866 3.767 2.877 2.174 1.638 1.236 0.961 0.793 0.706 0.654 0.614,12.864 12.276 12.091 11.145 11.06 10.984 9.313 9.589 9.259 7.742 7.746 7.611 7.812 6.021 5.94 6.376 4.672 4.846 4.936 3.491 3.755 3.958 2.654 2.759 2.988 3.352 2.101 2.18 2.348 1.494 1.653 1.97 0.946 1.114 1.35 0.677 0.802 1.012 1.366 0.623 0.81 1.103 0.48 0.657 0.934 0.379 0.503 0.765 0.351 0.516 0.643 1.056,23.299,0.12295,0.0225152969360351,26.471144676208496,0.0149898785308885,0.0760401919347449,0.1881215403004405,0.1060027258499909,0.0500688351756359,0.0517183850517183,0.1079412746079412,0.1345929262595929,0.1176176176176176,0.095387053720387,0.0517183850517183,0.070487915163841,0.0715971555091332,0.0711681433685074,0.0688153431208986,0.0517183850517183,0.070487915163841,0.0715971555091332,0.0711681433685074,0.0688153431208986,0.0517183850517183,0.0795451428885819,0.0851403460000869,0.0820025146556331,0.0754880286153711,0.0517183850517183,0.0107941274607941,0.0013459292625959,0.0058808808808808,0.0190774107440774,0.0517183850517183,0.1079412746079412,0.1345929262595929,0.1176176176176176,0.095387053720387,0.4949061975005898,0.4986874426752832,0.4981416380676599,0.4938129446530826,0.5023391196530244,30music,sasrec,256,1024,32,42
12.685 11.14 9.595 7.946 6.41 5.068 3.952 3.043 2.318 1.76 1.343 1.041 0.854 0.756 0.696 0.646,12.926 12.328 12.164 11.224 11.167 11.078 9.495 9.779 9.462 7.987 7.972 7.855 8.001 6.221 6.151 6.575 4.891 5.035 5.125 3.681 3.917 4.092 2.832 2.918 3.131 3.562 2.264 2.343 2.48 1.631 1.785 2.108 1.057 1.184 1.474 0.772 0.886 1.09 1.44 0.672 0.892 1.172 0.516 0.685 0.989 0.42 0.513 0.81 0.373 0.557 0.666 1.145,35.012,0.1952,0.0225152969360351,37.77096223831177,0.0155410192198833,0.0787051868079883,0.1943356515688564,0.1094806532395016,0.0520322738801797,0.0550967634300967,0.1090256923590256,0.1340924257590924,0.1174924924924925,0.096388054721388,0.0550967634300967,0.0728936608566238,0.0738972203652564,0.0734877546334804,0.0711822934045156,0.0550967634300967,0.0728936608566238,0.0738972203652564,0.0734877546334804,0.0711822934045156,0.0550967634300967,0.0816113810730181,0.0868049734249769,0.0837605152839773,0.0775002826756286,0.0550967634300967,0.0109025692359025,0.0013409242575909,0.0058746246246246,0.0192776109442776,0.0550967634300967,0.1090256923590256,0.1340924257590924,0.1174924924924925,0.096388054721388,0.4995743584776222,0.5055003593261677,0.5030392472591145,0.4996960229561054,0.5089652970257248,30music,sasrec,256,1512,32,42
12.689 11.156 9.62 7.985 6.455 5.12 4.004 3.094 2.371 1.814 1.391 1.09 0.897 0.79 0.727 0.68 0.644,12.898 12.344 12.179 11.238 11.176 11.111 9.508 9.806 9.507 8.019 8.013 7.886 8.049 6.272 6.227 6.627 4.916 5.102 5.193 3.737 3.961 4.192 2.852 2.987 3.182 3.585 2.295 2.389 2.56 1.688 1.873 2.188 1.105 1.242 1.49 0.809 0.918 1.147 1.5 0.712 0.926 1.236 0.544 0.732 1.034 0.439 0.579 0.844 0.422 0.575 0.71 1.125 0.445 0.625 0.944,47.636,0.27208,0.0225152969360351,50.329655170440674,0.0153768252229536,0.0802506771567111,0.196084375046646,0.1116794749466369,0.0528394653476032,0.0545962629295962,0.1084417751084417,0.1330914247580914,0.1157407407407407,0.0974307640974307,0.0545962629295962,0.0726679391031242,0.0736061808854467,0.0731710652528577,0.0711697808920031,0.0545962629295962,0.0726679391031242,0.0736061808854467,0.0731710652528577,0.0711697808920031,0.0545962629295962,0.081341066794115,0.0863804257262672,0.0831822194752161,0.0777522165398349,0.0545962629295962,0.0108441775108441,0.0013309142475809,0.005787037037037,0.0194861528194861,0.0545962629295962,0.1084417751084417,0.1330914247580914,0.1157407407407407,0.0974307640974307,0.4954372503639704,0.5047623883397356,0.4995740056774037,0.4983025392463209,0.5084904929067806,30music,sasrec,256,2048,32,42
11.99 10.337 8.762 7.165 5.756 4.611 3.696 2.961 2.368 1.897 1.52 1.23 1.0 0.828 0.696 0.603 0.549 0.512,12.206 11.541 11.392 10.556 10.298 10.088 8.881 8.617 8.516 7.272 7.197 6.931 6.724 5.626 5.991 5.635 4.577 4.412 4.579 3.515 3.603 3.652 2.61 2.853 3.217 3.106 2.334 2.494 2.495 1.67 1.986 2.094 1.311 1.492 1.65 1.06 1.125 1.395 1.482 0.855 1.019 1.237 0.687 0.802 1.004 0.51 0.611 0.775 0.391 0.44 0.704 0.925 0.409 0.564 0.744 0.358 0.431 0.65,6.9997,0.023257,3.337860107421875e-06,4.7979230880737305,0.0125602666602366,0.0612925856650603,0.1639149819558834,0.0865233471233326,0.0405880671151574,0.038038038038038,0.1004337671004337,0.1495662328995662,0.1161161161161161,0.0819986653319986,0.038038038038038,0.0570432701219738,0.0589992225869566,0.0581565110145548,0.0545552496941385,0.038038038038038,0.0570432701219738,0.0589992225869566,0.0581565110145548,0.0545552496941385,0.038038038038038,0.0673992896273056,0.077567516001332,0.071394327156106,0.0614104568017832,0.038038038038038,0.0100433767100433,0.0014956623289956,0.0058058058058058,0.0163997330663997,0.038038038038038,0.1004337671004337,0.1495662328995662,0.1161161161161161,0.0819986653319986,0.4673212673515218,0.4642261318117226,0.4720670272473532,0.4629374590922279,0.4666809290641323,30music,sasrec,256,32,64,42
12.172 10.489 8.719 7.037 5.642 4.533 3.642 2.931 2.357 1.9 1.54 1.258,12.357 11.846 11.67 10.755 10.426 10.132 8.925 8.605 8.373 7.127 7.076 6.876 6.658 5.565 5.881 5.515 4.464 4.343 4.549 3.486 3.566 3.632 2.553 2.836 3.178 3.11 2.328 2.48 2.505 1.658 1.972 2.112 1.31 1.503 1.654 1.053 1.139 1.424 1.555,7.928,0.028708,0.0225152969360351,5.840632438659668,0.013390422323035,0.059824025370843,0.1436996007674634,0.0816744572699475,0.0410553884910342,0.0480063396730063,0.1017684351017684,0.1441858525191858,0.1159492826159492,0.0880463797130463,0.0480063396730063,0.0648354703910259,0.066549490779783,0.065837923024778,0.0630060616171727,0.0480063396730063,0.0648354703910259,0.066549490779783,0.065837923024778,0.0630060616171727,0.0480063396730063,0.0736890169694675,0.0825133967679454,0.077297153998246,0.069252703501729,0.0480063396730063,0.0101768435101768,0.0014418585251918,0.0057974641307974,0.0176092759426092,0.0480063396730063,0.1017684351017684,0.1441858525191858,0.1159492826159492,0.0880463797130463,0.4834925981099421,0.4735322720241026,0.480631254461748,0.4720908327318265,0.4765727835256811,30music,sasrec,256,64,64,42
12.302 10.599 8.774 7.095 5.715 4.604 3.708 2.989 2.412 1.954 1.593 1.311 1.085 0.916 0.779,12.494 12.024 11.8 10.88 10.541 10.26 8.996 8.713 8.494 7.163 7.114 6.96 6.776 5.584 5.963 5.628 4.554 4.439 4.619 3.546 3.654 3.705 2.585 2.894 3.228 3.201 2.366 2.545 2.571 1.702 2.03 2.184 1.368 1.536 1.753 1.106 1.177 1.503 1.613 0.927 1.127 1.347 0.729 0.904 1.132 0.538 0.667 0.878,9.5534,0.03858,0.0225152969360351,8.759617805480957,0.0136315463744702,0.0654123623152961,0.17386192318247,0.0925158539063818,0.0434781111030736,0.0462545879212545,0.1121121121121121,0.1569069069069069,0.1280447113780447,0.0939689689689689,0.0462545879212545,0.0666208702088331,0.0684731092001733,0.0677466499188133,0.0641871037704371,0.0462545879212545,0.0666208702088331,0.0684731092001733,0.0677466499188133,0.0641871037704371,0.0462545879212545,0.0774979129191636,0.0868772532746637,0.0815518447344609,0.0716181895086843,0.0462545879212545,0.0112112112112112,0.001569069069069,0.0064022355689022,0.0187937937937937,0.0462545879212545,0.1121121121121121,0.1569069069069069,0.1280447113780447,0.0939689689689689,0.485987402026366,0.4799227056608924,0.4844703637703604,0.4773868659805679,0.4833492781430344,30music,sasrec,256,128,64,42
12.439 10.824 9.005 7.333 5.95 4.827 3.912 3.173 2.576 2.097 1.714 1.416 1.175 0.998,12.627 12.207 11.971 11.103 10.767 10.464 9.216 8.965 8.722 7.384 7.357 7.19 7.012 5.835 6.228 5.846 4.744 4.633 4.834 3.723 3.837 3.903 2.744 3.079 3.417 3.395 2.522 2.713 2.772 1.8 2.179 2.331 1.47 1.68 1.867 1.181 1.269 1.59 1.74 1.025 1.208 1.474 0.771 0.958 1.242,13.002,0.059843,0.0225152969360351,14.604190349578856,0.0142906187817264,0.068519417949504,0.1797648696035576,0.0965001418039064,0.0454335123392362,0.0498415081748415,0.1141975308641975,0.1594511177844511,0.130005005005005,0.097681014347681,0.0498415081748415,0.0700460546525361,0.0718891023040772,0.0711688015079254,0.0678254643532421,0.0498415081748415,0.0700460546525361,0.0718891023040772,0.0711688015079254,0.0678254643532421,0.0498415081748415,0.0806340229863731,0.0900549084312509,0.0846626697992058,0.0752760827864812,0.0498415081748415,0.0114197530864197,0.0015945111778445,0.0065002502502502,0.0195362028695362,0.0498415081748415,0.1141975308641975,0.1594511177844511,0.130005005005005,0.097681014347681,0.4918220640050049,0.4862943116548053,0.492894821897747,0.4844024007284081,0.4890567103769408,30music,sasrec,256,256,64,42
12.51 10.938 9.177 7.531 6.151 5.015 4.084 3.33 2.717 2.224 1.83 1.519,12.676 12.314 12.081 11.203 10.897 10.582 9.376 9.135 8.896 7.574 7.546 7.392 7.273 6.047 6.436 6.06 4.959 4.834 5.045 3.916 4.028 4.067 2.886 3.234 3.584 3.574 2.673 2.836 2.914 1.931 2.276 2.46 1.557 1.797 2.006 1.29 1.361 1.732 1.858,21.825,0.11374,0.0225152969360351,26.28637647628784,0.0145661891262238,0.0668591066239073,0.1693379766936381,0.0931852602015567,0.0451246439114454,0.0542625959292625,0.1136136136136136,0.1538621955288621,0.1272939606272939,0.0989322655989322,0.0542625959292625,0.0732737698015475,0.0749038990569124,0.0742434979737539,0.0712935157379601,0.0542625959292625,0.0732737698015475,0.0749038990569124,0.0742434979737539,0.0712935157379601,0.0542625959292625,0.0829806616275291,0.0913523605797606,0.0864657551378881,0.0782113906012814,0.0542625959292625,0.0113613613613613,0.0015386219552886,0.0063646980313646,0.0197864531197864,0.0542625959292625,0.1136136136136136,0.1538621955288621,0.1272939606272939,0.0989322655989322,0.4907885895735944,0.4842196366072131,0.4928564894073669,0.4832959516945743,0.4863707560178125,30music,sasrec,256,512,64,42
12.536 10.951 9.213 7.592 6.215 5.083 4.154 3.4 2.789 2.298 1.904 1.593 1.342 1.154 1.0 0.878 0.798 0.738 0.687 0.648,12.704 12.366 12.094 11.225 10.906 10.585 9.398 9.201 8.953 7.615 7.593 7.49 7.341 6.107 6.49 6.143 5.001 4.891 5.093 3.986 4.108 4.157 2.954 3.312 3.646 3.641 2.716 2.945 3.014 1.946 2.355 2.554 1.619 1.845 2.051 1.345 1.431 1.801 1.925 1.153 1.376 1.637 0.939 1.122 1.376 0.743 0.872 1.102 0.576 0.668 1.018 1.272 0.639 0.8 1.043 0.533 0.641 0.906 0.486 0.571 0.806 0.423 0.513 0.709 0.934,44.907,0.25537,0.0225152969360351,49.6569619178772,0.0166582273248664,0.0939694874736055,0.2685754505862185,0.1388507109140783,0.0590512801964816,0.0577660994327661,0.1295879212545879,0.1645812479145812,0.1423923923923924,0.1127377377377377,0.0577660994327661,0.0806481746296561,0.0820975482213409,0.0815410349546701,0.0783429262595929,0.0577660994327661,0.0806481746296561,0.0820975482213409,0.0815410349546701,0.0783429262595929,0.0577660994327661,0.0924294707553972,0.0997650580810268,0.0956723413019167,0.0869244753542402,0.0577660994327661,0.0129587921254587,0.0016458124791458,0.0071196196196196,0.0225475475475475,0.0577660994327661,0.1295879212545879,0.1645812479145812,0.1423923923923924,0.1127377377377377,0.5182723033354129,0.5332908696145725,0.5402723995571349,0.5318134873966652,0.5326858848092266,30music,sasrec,256,1024,64,42
11.785 9.992 8.235 6.659 5.43 4.48 3.728 3.118 2.625 2.22 1.885 1.607 1.381,11.81 11.412 11.052 10.15 9.863 9.804 8.42 8.276 7.961 6.784 6.251 6.717 6.332 5.381 5.398 5.119 4.3 4.284 4.809 3.482 3.758 4.009 3.014 3.018 3.296 3.324 2.445 2.694 2.717 1.984 2.091 2.23 1.628 1.685 1.976 1.466 1.489 1.641 1.871 1.218 1.352 1.7,8.7258,0.032995,0.0227942466735839,61.45659637451172,0.0116899236555324,0.0563219855761888,0.1552161447479162,0.0808006696359371,0.037082582691197,0.0369119119119119,0.0978061394728061,0.1568234901568234,0.1159909909909909,0.0791207874541207,0.0369119119119119,0.0547678962030813,0.0570484119640697,0.0560409442482885,0.0522592036480925,0.0369119119119119,0.0547678962030813,0.0570484119640697,0.0560409442482885,0.0522592036480925,0.0369119119119119,0.0649889224639321,0.0770945007851867,0.069600153819388,0.0589313551519913,0.0369119119119119,0.0097806139472806,0.0015682349015682,0.0057995495495495,0.0158241574908241,0.0369119119119119,0.0978061394728061,0.1568234901568234,0.1159909909909909,0.0791207874541207,0.4611789356620165,0.4619289082380939,0.4760966871113846,0.4633617896186588,0.4614478332624308,30music,sasrec,256,32,128,42
11.988 10.122 8.221 6.65 5.449 4.514 3.769 3.163 2.669 2.266 1.935 1.657 1.429 1.242 1.093 0.973 0.873 0.789 0.722,12.02 11.71 11.274 10.335 9.977 9.867 8.42 8.215 7.942 6.739 6.254 6.681 6.319 5.348 5.448 5.184 4.337 4.313 4.825 3.54 3.802 4.031 3.022 3.051 3.343 3.365 2.466 2.734 2.776 2.011 2.128 2.289 1.666 1.759 2.01 1.488 1.538 1.718 1.949 1.256 1.408 1.763 1.039 1.251 1.353 0.873 1.047 1.142 0.698 0.868 1.005 1.256 0.681 0.959 1.112 0.59 0.744 0.987 0.49 0.684 0.822,10.215,0.042556,0.0225152969360351,8.76548957824707,0.0127841675651408,0.0649174839049695,0.2073976858980321,0.0969686113895519,0.041386072904431,0.0351601601601601,0.1126543209876543,0.1782198865532198,0.1354688021354688,0.0870453787120453,0.0351601601601601,0.0574897979990572,0.0601599995575571,0.059079706512627,0.0540380658436214,0.0351601601601601,0.0574897979990572,0.0601599995575571,0.059079706512627,0.0540380658436214,0.0351601601601601,0.0705579500934574,0.0842339689651865,0.0763349644770312,0.0622420891253,0.0351601601601601,0.0112654320987654,0.0017821988655321,0.0067734401067734,0.017409075742409,0.0351601601601601,0.1126543209876543,0.1782198865532198,0.1354688021354688,0.0870453787120453,0.4721491474260547,0.4794630448597418,0.4969474386999041,0.482034585073299,0.4774691890927376,30music,sasrec,256,64,128,42
12.13 10.16 8.223 6.701 5.523 4.593 3.842 3.23 2.734 2.328 1.996 1.714,12.199 11.896 11.453 10.402 10.01 9.85 8.395 8.168 7.974 6.759 6.287 6.747 6.389 5.434 5.551 5.253 4.41 4.404 4.932 3.607 3.899 4.089 3.1 3.105 3.414 3.415 2.518 2.792 2.841 2.067 2.2 2.373 1.695 1.812 2.08 1.522 1.605 1.784 2.03,13.566,0.06302,0.0225152969360351,14.31307601928711,0.0128679868782587,0.0609837172372695,0.1702576927183981,0.0881354336386423,0.0399106233516013,0.0438355021688355,0.113697030363697,0.1699616282949616,0.1322572572572572,0.0936353019686353,0.0438355021688355,0.0648307864743049,0.0670825302784032,0.0661166280816406,0.0621287954621287,0.0438355021688355,0.0648307864743049,0.0670825302784032,0.0661166280816406,0.0621287954621287,0.0438355021688355,0.0764821914924724,0.088168278875329,0.081172251273936,0.069969950547012,0.0438355021688355,0.0113697030363697,0.0016996162829496,0.0066128628628628,0.018727060393727,0.0438355021688355,0.113697030363697,0.1699616282949616,0.1322572572572572,0.0936353019686353,0.4747485807170078,0.4751629102023403,0.4877994384712387,0.4765312066223289,0.4744363654752007,30music,sasrec,256,128,128,42
12.266 10.354 8.408 6.888 5.712 4.777 4.019 3.395 2.885 2.468 2.122 1.829 1.586 1.386 1.225 1.095 0.986 0.897 0.824 0.763,12.332 12.074 11.624 10.607 10.224 10.019 8.551 8.329 8.137 6.927 6.472 6.93 6.587 5.593 5.74 5.473 4.605 4.569 5.094 3.784 4.081 4.283 3.229 3.269 3.592 3.624 2.664 2.942 2.989 2.193 2.315 2.508 1.797 1.957 2.206 1.637 1.715 1.89 2.149 1.422 1.559 1.949 1.165 1.405 1.493 0.994 1.176 1.32 0.785 0.978 1.163 1.41 0.775 1.081 1.24 0.707 0.832 1.126 0.572 0.792 0.937 0.565 0.613 0.798 0.975,22.745,0.11967,0.0225152969360351,25.41400957107544,0.0147418652208409,0.0810613132534409,0.2748240081476965,0.1242179256212676,0.0504684121751571,0.0448782115448782,0.1323823823823823,0.1913163163163163,0.1532782782782782,0.1071905238571905,0.0448782115448782,0.0708334160880457,0.0732436917960719,0.0722886064883829,0.067506395284173,0.0448782115448782,0.0708334160880457,0.0732436917960719,0.0722886064883829,0.067506395284173,0.0448782115448782,0.0854817033391527,0.0977903095634896,0.0907718447690023,0.0773693461194398,0.0448782115448782,0.0132382382382382,0.0019131631631631,0.0076639139139139,0.0214381047714381,0.0448782115448782,0.1323823823823823,0.1913163163163163,0.1532782782782782,0.1071905238571905,0.4887650404537258,0.5050512828297768,0.5298044976281688,0.5094088102116996,0.5011881425056096,30music,sasrec,256,256,128,42
12.372 10.535 8.618 7.101 5.923 4.983 4.218 3.583 3.061 2.633 2.276 1.971 1.716 1.506 1.335 1.198 1.081 0.985 0.908 0.841,12.415 12.19 11.798 10.805 10.405 10.179 8.761 8.543 8.357 7.146 6.709 7.144 6.793 5.811 5.955 5.686 4.812 4.775 5.294 3.947 4.282 4.477 3.402 3.465 3.79 3.812 2.836 3.136 3.177 2.361 2.487 2.673 1.94 2.075 2.384 1.765 1.848 2.046 2.3 1.54 1.688 2.108 1.273 1.521 1.62 1.083 1.282 1.429 0.873 1.071 1.248 1.549 0.863 1.182 1.334 0.804 0.951 1.209 0.645 0.868 1.028 0.636 0.677 0.877 1.078,44.82,0.25493,0.0225152969360351,47.6173415184021,0.0160887152795718,0.089839376935451,0.2942574584836053,0.1366243321724932,0.0559935975823295,0.0518852185518852,0.1402652652652652,0.1902318985652319,0.1571988655321988,0.1169502836169502,0.0518852185518852,0.0792502158242899,0.0812498282119373,0.0804358863099976,0.0761226504282059,0.0518852185518852,0.0792502158242899,0.0812498282119373,0.0804358863099976,0.0761226504282059,0.0518852185518852,0.0938563927802628,0.104217483899872,0.0981509093857908,0.0862997872888843,0.0518852185518852,0.0140265265265265,0.0019023189856523,0.0078599432766099,0.02339005672339,0.0518852185518852,0.1402652652652652,0.1902318985652319,0.1571988655321988,0.1169502836169502,0.5076864314167221,0.5241075843380791,0.5471650287775627,0.5276933824687812,0.520653581103941,30music,sasrec,256,512,128,42
11.659 9.656 7.746 6.292 5.226 4.411 3.761 3.233 2.797 2.431 2.126 1.864 1.646 1.459 1.301 1.168,11.835 11.375 10.88 10.233 9.772 9.138 7.96 7.763 7.46 6.395 6.523 6.368 6.46 5.297 5.382 5.031 4.456 4.345 4.657 3.503 3.803 3.865 2.998 3.299 3.202 3.219 2.669 2.737 3.184 2.093 2.443 2.529 1.856 2.072 2.271 1.667 1.688 2.001 2.143 1.559 1.702 1.885 1.289 1.465 1.615 1.079 1.317 1.376 0.86 1.128 1.296 1.418,12.13,0.054263,0.0230679512023925,57.11630058288574,0.0107277238693291,0.0543195077395079,0.1831279760161943,0.082490834415521,0.0344175878179536,0.0274441107774441,0.095387053720387,0.1742575909242575,0.1211211211211211,0.0721971971971972,0.0274441107774441,0.0467566442103479,0.049874441703437,0.0485435423141463,0.0436311311311311,0.0274441107774441,0.0467566442103479,0.049874441703437,0.0485435423141463,0.0436311311311311,0.0274441107774441,0.0582587742231292,0.0745548106514595,0.0647665359577745,0.0507288131693861,0.0274441107774441,0.0095387053720387,0.0017425759092425,0.006056056056056,0.0144394394394394,0.0274441107774441,0.095387053720387,0.1742575909242575,0.1211211211211211,0.0721971971971972,0.4516234664224236,0.4611777688762315,0.4836374493020926,0.4658912922979581,0.45761656246212,30music,sasrec,256,32,256,42
11.852 9.693 7.704 6.299 5.272 4.48 3.842 3.318 2.885,12.055 11.644 11.107 10.353 9.771 9.104 7.913 7.699 7.421 6.368 6.499 6.363 6.504 5.311 5.376 5.134 4.52 4.402 4.748 3.577 3.875 3.968 3.087 3.376 3.3 3.293 2.751 2.835 3.291,15.335,0.072155,0.0225152969360351,13.314929008483888,0.0107380577572477,0.0499321982131559,0.1297545931261274,0.0701797292751007,0.0332280424975399,0.0426676676676676,0.1042292292292292,0.1627877877877878,0.1221638304971638,0.0862946279612946,0.0426676676676676,0.0613413843737917,0.0635480611261037,0.0625732743585842,0.0588929206984762,0.0426676676676676,0.0613413843737917,0.0635480611261037,0.0625732743585842,0.0588929206984762,0.0426676676676676,0.0715773529617878,0.0834996889815401,0.0760956731027005,0.065722186219916,0.0426676676676676,0.0104229229229229,0.0016278778778778,0.0061081915248581,0.0172589255922589,0.0426676676676676,0.1042292292292292,0.1627877877877878,0.1221638304971638,0.0862946279612946,0.4491362812504936,0.4536114422170774,0.4680560058079548,0.4558782222860976,0.4519843855277067,30music,sasrec,256,64,256,42
12.002 9.783 7.803 6.429 5.411 4.616 3.972 3.442 3.002,12.226 11.791 11.246 10.431 9.834 9.171 7.997 7.803 7.558 6.494 6.632 6.512 6.638 5.43 5.494 5.283 4.626 4.559 4.898 3.699 4.021 4.104 3.192 3.492 3.443 3.429 2.874 2.937 3.395,21.606,0.11225,0.0225152969360351,22.840373516082764,0.011476356638547,0.0547121954804167,0.1443012626862826,0.0776729462258919,0.036083640192394,0.0464631297964631,0.1138638638638638,0.1730897564230897,0.1328411745078411,0.0937187187187187,0.0464631297964631,0.0666644653913172,0.0689966566158242,0.0679917073616549,0.0639438049160271,0.0464631297964631,0.0666644653913172,0.0689966566158242,0.0679917073616549,0.0639438049160271,0.0464631297964631,0.0779041880651215,0.0901257111799599,0.0827154168623279,0.0713578687493562,0.0464631297964631,0.0113863863863863,0.0017308975642308,0.006642058725392,0.0187437437437437,0.0464631297964631,0.1138638638638638,0.1730897564230897,0.1328411745078411,0.0937187187187187,0.4593552936576789,0.4661010770111641,0.4802845215004309,0.4686650365083499,0.4639957325735432,30music,sasrec,256,128,256,42
12.144 9.907 7.954 6.596 5.59 4.802 4.157 3.62 3.17 2.789 2.468 2.186 1.948 1.74,12.401 11.955 11.405 10.564 9.952 9.291 8.15 7.947 7.707 6.649 6.813 6.683 6.818 5.586 5.658 5.485 4.806 4.74 5.072 3.869 4.208 4.305 3.376 3.668 3.606 3.633 3.032 3.14 3.582 2.435 2.789 2.923 2.153 2.377 2.621 1.965 1.953 2.335 2.498 1.831 1.986 2.252 1.543 1.768 1.928,41.28,0.23296,0.0225152969360351,41.89632987976074,0.013601692920483,0.0706596809584336,0.223477215499454,0.1066698357256283,0.0444345698404332,0.0442942942942942,0.1305889222555889,0.1957791124457791,0.1541541541541541,0.1040206873540206,0.0442942942942942,0.0696099042163857,0.0723127518264572,0.0712533326706371,0.0660598098098098,0.0442942942942942,0.0696099042163857,0.0723127518264572,0.0712533326706371,0.0660598098098098,0.0442942942942942,0.0840947973455179,0.0977719719853358,0.0900634260572628,0.0754990723207541,0.0442942942942942,0.0130588922255588,0.0019577911244577,0.0077077077077077,0.0208041374708041,0.0442942942942942,0.1305889222555889,0.1957791124457791,0.1541541541541541,0.1040206873540206,0.4824115461128157,0.492841212496473,0.5098711790551304,0.4966750482751414,0.4893637099538162,30music,sasrec,256,256,256,42
11.555 9.395 7.447 6.089 5.126 4.392 3.812 3.338 2.939,11.676 11.209 10.778 10.007 9.329 9.25 7.503 7.798 6.997 6.368 6.062 6.166 5.794 4.914 5.147 5.224 4.238 4.782 4.546 3.829 3.74 3.802 3.338 3.414 3.614 3.601 3.035 2.865 3.009,18.81,0.09532,3.337860107421875e-06,72.02011060714722,0.0087137639349608,0.042750146109693,0.1188787501966309,0.0613568854121097,0.0278704957166034,0.0315732399065732,0.0858358358358358,0.1514431097764431,0.1061895228561895,0.0681514848181514,0.0315732399065732,0.0473866558357299,0.0499199453121016,0.0488039078621437,0.0450540818596374,0.0315732399065732,0.0473866558357299,0.0499199453121016,0.0488039078621437,0.0450540818596374,0.0315732399065732,0.0564923703474832,0.0699481349591047,0.0616443263326143,0.0508009197394471,0.0315732399065732,0.0085835835835835,0.0015144310977644,0.0053094761428094,0.0136302969636303,0.0315732399065732,0.0858358358358358,0.1514431097764431,0.1061895228561895,0.0681514848181514,0.4241261253048538,0.4313184150942064,0.4494575581103485,0.4346291608556911,0.4290302064314683,30music,sasrec,256,32,512,42
11.781 9.359 7.397 6.117 5.2 4.487 3.916 3.442 3.044 2.708 2.414,11.996 11.494 10.909 10.022 9.279 9.147 7.383 7.738 6.981 6.379 6.057 6.221 5.864 4.98 5.233 5.347 4.338 4.876 4.649 3.915 3.834 3.958 3.414 3.502 3.744 3.741 3.117 2.963 3.141 2.559 2.738 2.859 2.16 2.405 2.657,23.195,0.12186,0.0225152969360351,19.767024993896484,0.0107070560934918,0.05449059099505,0.1743200588801969,0.0824460542345402,0.0345163338580652,0.0324491157824491,0.1060643977310644,0.1846012679346012,0.1315899232565899,0.080663997330664,0.0324491157824491,0.0533868028080991,0.0564664227947995,0.05516357089392,0.0499749749749749,0.0324491157824491,0.0533868028080991,0.0564664227947995,0.05516357089392,0.0499749749749749,0.0324491157824491,0.0658384020588537,0.0820179423782238,0.0722993716117823,0.0576023428395358,0.0324491157824491,0.0106064397731064,0.001846012679346,0.0065794961628294,0.0161327994661328,0.0324491157824491,0.1060643977310644,0.1846012679346012,0.1315899232565899,0.080663997330664,0.4550029957166697,0.4661212881795333,0.4849447461538091,0.4704480898744265,0.4621420082077955,30music,sasrec,256,64,512,42
12.063 9.793 7.751 6.417 5.475 4.75 4.168 3.684 3.271 2.921,12.27 11.857 11.31 10.458 9.711 9.514 7.755 8.093 7.324 6.696 6.322 6.53 6.148 5.235 5.544 5.638 4.613 5.139 4.902 4.166 4.096 4.221 3.65 3.767 4.007 3.999 3.345 3.185 3.413 2.762 2.948 3.118,37.772,0.21116,0.0225152969360351,34.639599323272705,0.011625623908483,0.0601260045400214,0.1793113267449056,0.0894375035163924,0.0381102304342184,0.0427927927927927,0.1201618284951618,0.1882716049382716,0.1428511845178511,0.0944694694694694,0.0427927927927927,0.0652835044038747,0.0680060359674097,0.0668661245558963,0.0618569958847736,0.0427927927927927,0.0652835044038747,0.0680060359674097,0.0668661245558963,0.0618569958847736,0.0427927927927927,0.0782857354511185,0.0924082742344228,0.0840334444580119,0.0699798797829778,0.0427927927927927,0.0120161828495161,0.0018827160493827,0.0071425592258925,0.0188938938938938,0.0427927927927927,0.1201618284951618,0.1882716049382716,0.1428511845178511,0.0944694694694694,0.4655603894074406,0.4765058590246415,0.4916869290305308,0.4799888771022921,0.473275390434542,30music,sasrec,256,128,512,42
11.458 9.093 7.144 5.897 5.026 4.364 3.836 3.397 3.033 2.717 2.441,11.647 10.896 10.52 9.399 8.906 8.838 7.559 7.084 6.817 5.884 5.823 6.036 5.955 5.01 4.939 5.053 4.234 4.627 4.542 3.619 3.859 3.811 3.358 3.364 3.625 3.516 3.041 3.203 3.419 2.636 2.612 2.809 2.201 2.549 2.561,31.371,0.17147,0.0247159004211425,72.66387891769409,0.0086138696850805,0.0447870702394361,0.1506221574631912,0.0683471864841931,0.028154103529482,0.0253586920253586,0.0869202535869202,0.1688355021688355,0.1127794461127794,0.0645645645645645,0.0253586920253586,0.0421342804444656,0.0453027841298716,0.0439099093695398,0.0391586030474919,0.0253586920253586,0.0421342804444656,0.0453027841298716,0.0439099093695398,0.0391586030474919,0.0253586920253586,0.052669411768791,0.0694942164595911,0.059183419541383,0.0454481748442979,0.0253586920253586,0.008692025358692,0.0016883550216883,0.0056389723056389,0.0129129129129129,0.0253586920253586,0.0869202535869202,0.1688355021688355,0.1127794461127794,0.0645645645645645,0.4298064383675989,0.4425247623416894,0.4642399807351728,0.4475384786266859,0.4381685074106721,30music,sasrec,256,32,1024,42
11.719 9.212 7.251 6.047 5.197 4.549 4.024 3.586 3.222,11.955 11.274 10.803 9.529 8.971 8.934 7.66 7.188 6.957 6.02 5.946 6.179 6.13 5.164 5.109 5.257 4.404 4.783 4.735 3.778 4.047 4.031 3.512 3.562 3.813 3.735 3.241 3.397 3.624,38.056,0.21268,0.0225152969360351,27.31598854064941,0.009839009508325,0.049632515463515,0.1447421752374784,0.0730330305504173,0.0318031141745347,0.0369953286619953,0.1032699366032699,0.1731314647981314,0.1253753753753753,0.080663997330664,0.0369953286619953,0.0557397013415531,0.0584774843818917,0.0572863132743737,0.0527249471693916,0.0369953286619953,0.0557397013415531,0.0584774843818917,0.0572863132743737,0.0527249471693916,0.0369953286619953,0.0669700537924101,0.081360607170354,0.0725755833027487,0.0596617542081961,0.0369953286619953,0.0103269936603269,0.0017313146479813,0.0062687687687687,0.0161327994661328,0.0369953286619953,0.1032699366032699,0.1731314647981314,0.1253753753753753,0.080663997330664,0.4401076284472444,0.4492027379262551,0.4647406825866963,0.4523287376623485,0.4463313744574311,30music,sasrec,256,64,1024,42
11.84 9.241 7.347 6.19 5.364 4.729 4.21 3.772 3.406,12.131 11.473 10.893 9.526 8.967 8.994 7.732 7.276 7.085 6.138 6.087 6.339 6.287 5.339 5.291 5.444 4.555 4.96 4.932 3.914 4.214 4.229 3.663 3.764 4.0 3.978 3.449 3.604 3.839,59.023,0.34098,0.0225152969360351,47.610899448394775,0.0111904524061309,0.0577871012410999,0.1670737070296846,0.0851604221278393,0.0367633803754875,0.0432932932932932,0.1179095762429095,0.185352018685352,0.1403069736403069,0.0952202202202202,0.0432932932932932,0.0654542604774086,0.0681503590764511,0.0670255080301591,0.0624186686686686,0.0432932932932932,0.0654542604774086,0.0681503590764511,0.0670255080301591,0.0624186686686686,0.0432932932932932,0.0779314682733225,0.0919087984332594,0.0836154670516613,0.0705866286664003,0.0432932932932932,0.0117909576242909,0.0018535201868535,0.0070153486820153,0.019044044044044,0.0432932932932932,0.1179095762429095,0.185352018685352,0.1403069736403069,0.0952202202202202,0.4587979588246028,0.4695879017382934,0.4825904976006337,0.472594923631928,0.4664310076367777,30music,sasrec,256,128,1024,42
