,train_loss_epoch_val,train_loss_step_val,run_training_epoch,run_training_batch,allocated_memory,max_allocated_memory,Coverage_1_test,Coverage_10_test,Coverage_100_test,Coverage_20_test,Coverage_5_test,HitRate_1_test,HitRate_10_test,HitRate_100_test,HitRate_20_test,HitRate_5_test,MAP_1_test,MAP_10_test,MAP_100_test,MAP_20_test,MAP_5_test,MRR_1_test,MRR_10_test,MRR_100_test,MRR_20_test,MRR_5_test,NDCG_1_test,NDCG_10_test,NDCG_100_test,NDCG_20_test,NDCG_5_test,Precision_1_test,Precision_10_test,Precision_100_test,Precision_20_test,Precision_5_test,Recall_1_test,Recall_10_test,Recall_100_test,Recall_20_test,Recall_5_test,Surprisal_1_test,Surprisal_10_test,Surprisal_100_test,Surprisal_20_test,Surprisal_5_test,dataset,model,batch_size,loss_sample_count,max_seq_len,seed
0,,13.555 13.127 12.59 11.7 11.612 11.329 9.661 9.773 9.04 9.585 9.357 8.867 10.726 8.305 7.887 6.818 6.563 8.071 5.344 7.38 6.658 6.699 6.457 5.313 6.588 6.012 6.195 6.671 6.086 5.507 6.235 6.635 7.424 7.242 7.914 6.166 6.282 5.654 6.298 5.899 6.002 6.157 6.4 5.037 6.378 5.763 6.717 5.702 5.026 7.611 7.647 6.091 6.76 5.022 6.008 7.559 5.819 6.011 5.957 5.294 6.714 6.112 6.646 5.381 6.432 6.524 7.105 7.221 5.283 5.99 6.038 6.061 5.214 6.13 5.802 6.161 4.518 4.373 5.536 5.809 5.837 4.932 5.592 8.05 5.148 5.174 6.002 6.221 8.355 5.232 6.568 5.714 5.416 5.142 4.216 6.974 6.576 4.983 6.592 6.617 6.258 7.206 5.518 4.616 5.734 6.986 6.277 5.751 7.109 5.367 6.049 5.587 5.754 6.309 6.099 6.794 6.746 7.31 6.413 6.606 4.796 6.278 6.206 6.583 5.754 5.016 6.103 5.302 5.75 6.296 4.98 5.98 7.897 5.852 6.417 5.707 6.931 4.764 6.409 6.674 5.084 5.662 6.91 6.746 6.672 6.605 5.636 6.939 6.019 6.671 6.116 6.887 6.548 6.288 6.56 6.691 5.546 5.392 6.103 6.288 5.511 5.685 5.109 6.264 5.76 6.168 5.598 7.514 7.647 5.816 6.733 5.735 5.407 4.514 5.576 7.393 5.51 6.946 5.482 4.622 5.822 6.892 6.337 5.292 4.795 5.704 7.208 5.374 6.578 4.938 5.284 5.793 5.264 6.14 4.63 7.546 5.026 6.666 6.131 4.94 6.332 6.657 7.556 5.561 4.057 5.234 4.772 6.132 6.113 5.114 6.512 5.335 5.977 6.625 5.349 5.077 6.415 5.417 6.693 5.592 6.238 6.066 4.854 5.134 4.318 5.671 5.959 6.911 5.359 6.522 6.551 5.5 5.051 4.802 5.363 5.076 6.298 5.455 6.906 6.118 6.364 6.132 6.051 4.774 6.35 6.677 4.584 6.793 7.524 7.549 6.727 5.073 5.496 5.924 5.449 5.043 5.825 6.497 5.122 6.31 5.751 5.753 5.732 6.859 5.953 6.679 5.207 6.123 5.666 5.58 4.849 4.571 5.31 6.648 6.874 5.79 5.861 5.072 4.675 6.179 6.037 6.728 6.165 4.902 6.472 6.576 6.701 6.783 5.521 6.234 5.276 7.248 5.856 6.689 5.735 5.111 5.251 6.022 5.514 6.164 6.798 5.148 4.954 6.923 5.988 6.15 7.086 5.731 7.79 6.114 8.189 7.711 9.509 8.192 8.519 7.035 6.096 7.302 9.146 7.011 6.93 9.017 8.302 8.438 8.203 7.748 8.826 7.116 6.809 5.11 6.227,752.87,0.029021,3.337860107421875e-06,15.6610689163208,1.2392648680802549e-06,8.055221642521656e-06,6.753993531037389e-05,1.425154598292293e-05,4.337427038280892e-06,0.0,1.108229713855088e-05,0.0002715162798944,1.662344570782632e-05,0.0,0.0,1.847049523091813e-06,7.517091788987899e-06,2.124106951555585e-06,0.0,0.0,1.847049523091813e-06,7.517091788987899e-06,2.124106951555585e-06,0.0,0.0,3.947593890418492e-06,5.014839878879358e-05,5.209148563252196e-06,0.0,0.0,1.108229713855088e-06,2.715162798944966e-06,8.31172285391316e-07,0.0,0.0,1.108229713855088e-05,0.0002715162798944,1.662344570782632e-05,0.0,0.6924489879610369,0.6703773634153513,0.6601228921462619,0.6854588455241583,0.701660547193917,megamarket,sasrec,16,32,32,42
1,,13.341 12.786 12.189 11.119 11.162 10.984 9.341 9.077 8.578 9.018 8.917 8.268 10.021 7.77 7.107 6.292 6.347 7.799 5.177 7.11 6.467 6.483 6.323 5.022 6.662 6.138 6.203 6.794 6.144 5.497 6.097 6.784 7.684 7.484 7.933 6.201 6.45 5.829 6.327 6.346 6.131 6.231 6.729 5.116 6.453 6.033 6.926 5.781 5.264 7.945 7.678 6.131 6.72 5.165 6.04 7.482 6.092 6.042 5.992 5.611 7.299 6.344 6.727 5.48 6.548 6.946 7.044 7.438 5.381 6.169 6.35 6.372 5.245 6.292 5.628 6.395 4.888 4.894 5.814 6.024 5.983 5.297 5.914 8.386 5.262 5.267 6.358 6.488 8.464 5.734 6.887 5.941 5.795 5.331 4.429 7.229 6.663 5.048 6.89 6.971 6.517 7.584 5.911 4.918 6.064 7.204 6.572 5.858 7.035 5.49 6.522 5.952 6.088 6.84 6.252 7.05 7.203 7.341 6.423 6.774 5.148 6.617 6.444 7.082 6.111 5.114 6.134 5.734 5.851 6.466 5.473 6.368 7.902 6.02 6.648 5.8 7.439 5.271 6.557 7.011 5.663 5.901 7.111 6.89 6.798 6.872 5.85 6.985 6.13 6.735 6.372 6.991 6.666 6.351 6.754 6.624 6.082 5.961 6.239 6.359 6.082 5.685 5.552 6.537 5.837 6.545 5.906 7.578 7.644 5.97 6.889 6.021 5.755 4.715 5.535 7.162 5.758 7.271 5.508 4.76 5.827 6.875 6.488 5.604 5.071 6.016 7.399 5.576 6.428 5.287 5.612 6.006 5.512 6.284 5.076 7.497 5.184 6.688 6.127 5.315 6.551 7.085 7.786 5.449 4.416 5.631 5.103 6.268 6.16 5.608 6.506 5.573 6.013 6.91 5.417 5.262 6.237 5.695 6.812 5.625 5.903 6.301 5.089 5.629 4.534 5.89 6.401 7.358 5.581 6.42 6.775 5.734 5.631 5.416 5.678 5.324 6.316 5.848 7.353 6.516 6.638 6.367 6.417 4.814 6.472 7.144 5.009 7.116 7.483 7.584 7.099 5.22 6.23 6.042 5.492 5.565 6.018 6.753 5.288 6.571 6.504 6.043 6.078 7.389 6.62 7.034 5.926 7.46 6.729 6.148 5.465 4.684 6.096 6.998 7.474 6.614 6.355 6.056 6.685 8.403 8.292 8.515 8.051 6.639 8.402 8.743 9.188 8.677 7.111 7.979 6.879 9.411 7.084 8.954 7.577 6.631,745.21,0.029254,0.1774935722351074,15.8385591506958,1.2392648680802549e-06,8.055221642521656e-06,6.753993531037389e-05,1.425154598292293e-05,4.337427038280892e-06,0.0,1.108229713855088e-05,0.0002715162798944,1.662344570782632e-05,0.0,0.0,1.847049523091813e-06,7.517091788987899e-06,2.124106951555585e-06,0.0,0.0,1.847049523091813e-06,7.517091788987899e-06,2.124106951555585e-06,0.0,0.0,3.947593890418492e-06,5.014839878879358e-05,5.209148563252196e-06,0.0,0.0,1.108229713855088e-06,2.715162798944966e-06,8.31172285391316e-07,0.0,0.0,1.108229713855088e-05,0.0002715162798944,1.662344570782632e-05,0.0,0.6924489879610369,0.6703773634153513,0.6601228921462619,0.6854588455241583,0.701660547193917,megamarket,sasrec,16,64,32,42
2,,13.141 12.441 11.778 10.749 10.742 10.498 8.83 8.804 8.184 8.455 8.338 8.077 9.779 7.451 7.094 6.014 6.274 7.592 5.22 7.083 6.447 6.402 6.546 5.084 6.659 6.167 6.279 6.815 6.178 5.665 6.233 6.902 7.949 7.647 7.969 6.48 6.33 5.982 6.618 6.181 6.374 6.476 6.774 5.318 6.726 6.22 7.204 5.976 5.345 7.925 7.779 6.455 6.873 5.194 6.184 7.825 6.057 6.067 6.14 6.045 7.24 6.661 6.964 5.706 7.03 6.843 7.249 7.58 5.66 6.494 6.453 6.46 5.601 6.465 6.04 6.819 5.227 4.794 6.061 6.432 6.448 5.407 6.408 8.271 5.604 5.579 6.44 6.649 8.572 5.682 6.961 5.991 6.07 5.684 4.719 7.185 6.829 5.335 7.119 6.943 6.702 7.498 6.124 5.197 6.164 7.447 6.559 6.08 7.179 5.753 6.589 6.128 5.884 6.943 6.508 7.374 7.105 7.692 6.509 6.917 5.205 6.896 6.58 6.973 6.255 5.344 6.328 5.669 5.994 6.59 5.326 6.4 8.125 6.06 6.611 6.093 7.7 5.107 6.647 7.16 5.605 5.984 7.412 6.972 6.895 6.842 5.859 7.349 6.193 6.692 6.524 7.189 7.004 6.515 6.973 6.733 6.17 5.977 6.252 6.685 5.863 6.044 6.048 6.483 6.038 6.72 6.081 7.722 7.559 5.899 7.333 6.323 5.653 4.939 5.715 7.32 5.832 7.49 5.822 5.217 5.89 7.106 7.033 5.82 5.198 6.033 7.673 5.676 6.67 5.223 6.05 6.151 5.549 6.765 5.079 7.807 5.632 7.028 5.942 5.568 6.888 7.124 8.114 5.933 4.558 5.96 5.552 6.762 6.434 6.032 6.977 6.079 6.469 7.312 6.005 6.064 6.809 6.286 7.407 6.093 6.704 6.678 5.663 6.124 5.22 7.287 10.762 11.84 11.637 10.41 11.28 11.585,736.33,0.02992,0.1774935722351074,15.8385591506958,1.2392648680802549e-06,8.055221642521656e-06,6.753993531037389e-05,1.425154598292293e-05,4.337427038280892e-06,0.0,1.108229713855088e-05,0.0002715162798944,1.662344570782632e-05,0.0,0.0,1.847049523091813e-06,7.517091788987899e-06,2.124106951555585e-06,0.0,0.0,1.847049523091813e-06,7.517091788987899e-06,2.124106951555585e-06,0.0,0.0,3.947593890418492e-06,5.014839878879358e-05,5.209148563252196e-06,0.0,0.0,1.108229713855088e-06,2.715162798944966e-06,8.31172285391316e-07,0.0,0.0,1.108229713855088e-05,0.0002715162798944,1.662344570782632e-05,0.0,0.6924489879610369,0.6703773634153513,0.6601228921462619,0.6854588455241583,0.701660547193917,megamarket,sasrec,16,128,32,42
3,,12.819 12.191 11.433 10.353 10.365 10.18 8.5 8.598 8.117 8.385 8.222 7.845 9.702 7.514 7.048 6.198 6.224 7.658 5.295 7.233 6.505 6.659 6.579 5.253 6.714 6.338 6.505 6.967 6.161 5.664 6.313 7.042 7.877 7.721 7.927 6.466 6.469 5.999 6.695 6.582 6.436 6.439 6.87 5.403 6.893 6.415 7.656 6.249 5.718 8.186 7.982 6.527 6.911 5.447 6.336 7.905 6.266 6.373 6.59 6.089 7.232 6.754 6.922 5.76 7.159 6.915 7.419 7.614 5.759 6.509 6.779 6.544 5.928 6.452 6.273 6.975 5.233 4.985 6.175 6.486 6.691 5.818 6.358 8.389 5.68 5.642 6.686 6.695 8.719 6.022 7.052 6.059 6.228 5.826 4.74 7.255 6.813 5.309 6.918 7.276 6.93 7.681 6.487 5.301 6.179 7.499 6.908 6.098 7.308 5.741 6.839 6.335 6.096 7.173 6.5 7.438 7.362 7.561 6.468 7.166 5.316 7.219 6.759 7.225 6.514 5.495 6.508 5.961 6.135 6.68 5.696 6.66 8.07 6.258 6.879 6.307 7.612 5.485 6.872 7.17 5.574 6.174 7.488 7.287 7.118 7.428 6.092 7.625 6.609 7.157 6.709 7.511 7.205 6.559 7.329 7.2 6.607 6.358 6.284 6.891 6.557 6.393 6.271 7.031 6.4 7.042 6.713 8.281 8.632 6.402 7.98 6.729 6.094 5.281 6.273 8.82 6.563 7.85 7.191 8.498 10.146 11.587 10.654,750.53,0.031497,0.1774935722351074,15.8385591506958,1.2392648680802549e-06,8.055221642521656e-06,6.753993531037389e-05,1.425154598292293e-05,4.337427038280892e-06,0.0,1.108229713855088e-05,0.0002715162798944,1.662344570782632e-05,0.0,0.0,1.847049523091813e-06,7.517091788987899e-06,2.124106951555585e-06,0.0,0.0,1.847049523091813e-06,7.517091788987899e-06,2.124106951555585e-06,0.0,0.0,3.947593890418492e-06,5.014839878879358e-05,5.209148563252196e-06,0.0,0.0,1.108229713855088e-06,2.715162798944966e-06,8.31172285391316e-07,0.0,0.0,1.108229713855088e-05,0.0002715162798944,1.662344570782632e-05,0.0,0.6924489879610369,0.6703773634153513,0.6601228921462619,0.6854588455241583,0.701660547193917,megamarket,sasrec,16,256,32,42
4,,12.651 12.045 11.298 10.177 10.412 10.19 8.51 8.61 8.1 8.443 8.122 7.884 9.799 7.492 7.062 6.197 6.253 7.848 5.502 7.36 6.677 6.8 6.542 5.436 6.777 6.279 6.56 6.963 6.415 5.857 6.528 7.308 7.945 7.691 8.035 6.389 6.623 6.12 6.64 6.646 6.701 6.526 7.059 5.566 6.886 6.682 7.629 6.344 5.934 8.142 8.09 6.676 7.054 5.641 6.55 7.829 6.426 6.457 6.74 6.031 7.576 6.776 6.916 5.668 7.159 7.083 7.3 7.63 5.867 6.742 6.973 6.766 6.084 6.597 6.183 6.957 5.379 5.077 6.251 6.582 6.48 5.712 6.472 8.384 5.743 5.866 6.639 6.837 8.71 6.024 7.247 6.066 6.235 5.972 4.849 7.472 6.839 5.468 7.168 7.55 6.918 7.743 6.414 5.433 6.373 7.627 6.866 6.459 7.332 5.839 6.755 6.284 6.29 7.08 6.659 7.626 7.336 7.617 6.655 6.976 5.426 7.203 6.786 7.225 6.616 5.61 6.649 6.053 6.154 6.734 5.445 6.618 8.289 6.31 6.834 6.534 7.616 5.36 6.936 7.332 5.737 6.218 7.571 7.121 7.116 7.246 6.122 7.689 6.462 7.21 6.536 7.561 6.935 6.617 7.336 6.956 6.394 6.241 6.356 6.852 6.251 6.076 6.198 6.762 6.261 6.884 6.46 8.1 7.891 6.089 7.455 6.569 6.136 5.137 6.151 7.304 5.89 7.446 5.809 5.424 6.273 7.238 7.279 6.042 5.315 6.118 7.772 5.779 6.988 5.606 6.46 6.44 6.041 6.879 5.301 7.984 5.813 7.304 6.435 5.684 7.036 7.584 8.368 6.084 4.839 6.182 5.903 6.886 6.602 6.094 7.151 6.22 6.985 7.568 6.228 6.05 6.945 6.66 7.808 6.457 6.921 7.29 6.277 6.643 5.677 7.338 7.148 7.632 6.221 7.757 9.037 10.942 10.171 10.491 10.549 10.993 12.121,846.6,0.035213,0.1774935722351074,15.8385591506958,1.2392648680802549e-06,8.055221642521656e-06,6.753993531037389e-05,1.425154598292293e-05,4.337427038280892e-06,0.0,1.108229713855088e-05,0.0002715162798944,1.662344570782632e-05,0.0,0.0,1.847049523091813e-06,7.517091788987899e-06,2.124106951555585e-06,0.0,0.0,1.847049523091813e-06,7.517091788987899e-06,2.124106951555585e-06,0.0,0.0,3.947593890418492e-06,5.014839878879358e-05,5.209148563252196e-06,0.0,0.0,1.108229713855088e-06,2.715162798944966e-06,8.31172285391316e-07,0.0,0.0,1.108229713855088e-05,0.0002715162798944,1.662344570782632e-05,0.0,0.6924489879610369,0.6703773634153513,0.6601228921462619,0.6854588455241583,0.701660547193917,megamarket,sasrec,16,512,32,42
5,6.698,12.525 12.058 11.276 10.181 10.462 10.381 8.752 8.805 8.509 8.76 8.363 8.118 9.945 7.813 7.313 6.64 6.467 7.869 5.717 7.552 6.696 6.952 6.663 5.501 6.859 6.326 6.522 7.051 6.448 5.954 6.481 7.29 7.968 7.905 8.111 6.659 6.555 6.279 6.924 6.633 6.616 6.609 7.124 5.552 7.091 6.772 7.809 6.534 6.171 8.332 8.364 6.659 7.171 5.71 6.595 8.039 6.583 6.288 6.556 6.319 7.529 7.008 7.16 5.892 7.266 6.943 7.412 7.715 5.936 6.757 6.93 6.905 6.048 6.771 6.151 7.083 5.449 5.449 6.186 6.712 6.654 5.857 6.776 8.448 6.037 6.003 6.834 6.774 8.691 6.202 7.268 6.345 6.36 6.094 4.738 7.461 6.882 5.453 7.138 7.177 6.911 7.842 6.431 5.511 6.273 7.712 7.047 6.316 7.443 5.767 6.964 6.546 6.434 7.115 6.747 7.604 7.344 7.666 6.519 7.235 5.616 7.303 6.877 7.162 6.822 5.568 6.396 6.342 6.265 6.811 5.701 6.708 8.211 6.471 7.226 6.427 7.803 5.505 7.062 7.464 5.765 6.418 7.79 7.524 7.426 7.159 6.374 7.882 6.603 7.36 6.661 7.438 7.199 6.546 7.25 7.198 6.562 6.252 6.626 6.945 6.4 6.229 6.492 7.01 6.318 6.908 6.442 8.123 8.083 6.166 7.566 6.592 6.48 5.366 6.249 7.666 6.221 7.395 6.035 5.567 6.433 7.171 7.191 6.01 5.431 6.464 7.952 5.94 7.153 5.811 6.684 6.622 6.074 6.777 5.414 7.816 5.968 7.271 6.401 5.637 7.021 7.646 8.488 6.028 4.921 6.292 5.763 6.972 6.682 6.223 7.172 6.23 6.655 7.222 6.035 5.987 7.062 6.299 7.528 6.205 6.521 6.872 5.828 6.019 5.389 6.681 6.65 7.662 5.968 7.218 7.059 6.288 6.073 5.832 6.342 6.2 6.642 6.496 7.873 7.167 7.144 6.926 6.744 5.567 6.889 7.485 5.429 7.446 8.113 7.961 7.636 5.482 6.689 6.629 6.22 6.102 6.656 7.4 5.858 6.89 6.819 6.449 6.668 7.598 6.97 7.015 5.947 6.947 6.826 6.247 5.898 5.023 5.989 7.277 7.54 6.791 6.725 5.811 5.477 6.875 6.673 7.584 6.714 5.714 7.12 7.479 7.163 7.377 6.136 7.282 5.812 7.944 6.388 8.033 6.13 5.778 5.984 6.787 5.98 6.606 7.046 5.614 5.379 7.096 6.366 6.278 7.11 5.996 7.887 5.984 7.072 6.465 7.374 6.522 6.681 5.895 5.419 6.584 7.521 6.329 5.702 6.279 5.918 6.405 6.737 6.809 6.844 5.616 6.063 5.56 5.615 5.81 5.761 5.662 6.263 6.637 6.671 5.778 6.473 6.889 6.382 6.318 5.866 6.111 6.368 7.409 6.937 6.035 5.056 6.264 5.03 5.424 6.543 6.353 6.603 6.758 7.188 7.152 5.433 6.474 6.442 8.269 7.656 7.062 6.718 6.028 6.796 5.692 6.454 6.01 7.293 6.658 6.165 7.121 6.197 6.312 6.173 5.754 7.117 5.413 6.562 5.852 7.047 6.059 6.252 6.353 6.062 7.136 6.808 5.81 5.811 6.245 6.139 5.755 6.439 6.655 6.66 5.548 6.219 5.624 6.779 6.133 5.69 5.122 7.323 5.603 5.442 6.262 6.475 4.976 6.846 6.797 6.651 5.496 5.884 7.242 5.938 7.344 6.266 6.151 5.649 6.504 6.383 6.422 6.893 5.928 5.947 6.737 7.007 5.886 6.028 7.056 6.378 6.185 6.858 6.696 6.346 7.168 5.28 6.853 5.141 8.608 7.104 7.418 8.606 7.977 8.439 7.642 7.127 8.519 7.578 5.771 8.038 10.489 9.597 9.523 11.138 11.493 9.079 12.457 12.269,1065.0,0.041854,0.1774935722351074,15.8385591506958,0.0030789535647453,0.0072348282998525,0.0511909335382251,0.0104724077677121,0.00552898020894,0.0020557661192011,0.0075470443513531,0.0166511514506726,0.0099851497218343,0.0055245251235676,0.0020557661192011,0.0035533824578142,0.0038792051616101,0.0037222978415487,0.0032773123212979,0.0020557661192011,0.0035533824578142,0.0038792051616101,0.0037222978415487,0.0032773123212979,0.0020557661192011,0.0044934376378659,0.0063182560819281,0.0051095914516617,0.0038332789494257,0.0020557661192011,0.0007547044351353,0.0001665115145067,0.0004992574860917,0.0011049050247135,0.0020557661192011,0.0075470443513531,0.0166511514506726,0.0099851497218343,0.0055245251235676,0.3413223637079343,0.3615225775906329,0.4044352814693348,0.3719300984054843,0.3531680748500134,megamarket,sasrec,16,1024,32,42
6,6.735,12.551 11.921 11.379 10.316 10.59 10.54 8.954 8.939 8.655 8.922 8.553 8.345 10.235 7.996 7.49 6.797 6.757 8.017 5.733 7.577 6.749 7.071 6.791 5.541 6.921 6.483 6.675 7.063 6.594 5.877 6.627 7.339 8.067 7.922 8.215 6.682 6.652 6.391 7.024 6.618 6.73 6.736 7.265 5.675 7.316 7.043 7.814 6.513 5.993 8.314 8.478 6.591 7.143 5.898 6.568 8.074 6.592 6.383 6.773 6.152 7.614 6.944 7.037 5.937 7.365 7.052 7.594 7.585 6.031 6.799 6.936 6.822 6.221 6.815 6.255 7.168 5.373 5.226 6.297 6.768 6.851 5.955 6.537 8.408 5.954 6.152 6.714 7.022 8.818 6.305 7.226 6.354 6.4 6.227 4.874 7.4 6.988 5.544 7.223 7.464 7.08 7.739 6.548 5.614 6.227 7.594 7.001 6.47 7.591 5.931 7.022 6.47 6.396 7.267 6.71 7.956 7.265 7.694 6.746 7.285 5.54 7.35 6.833 7.257 6.743 5.748 6.726 6.534 6.231 6.933 5.746 6.775 8.354 6.404 7.167 6.513 7.676 5.52 6.951 7.35 5.865 6.348 7.634 7.379 7.295 7.143 6.373 7.84 6.777 7.154 6.654 7.541 7.019 6.584 7.243 7.023 6.641 6.443 6.542 6.86 6.161 6.245 6.584 6.908 6.29 6.867 6.613 8.019 8.152 6.086 7.551 6.552 6.464 5.345 6.137 7.602 6.107 7.49 6.224 5.589 6.345 7.218 7.358 6.209 5.464 6.432 7.836 5.999 7.047 5.679 6.524 6.435 6.169 6.878 5.517 7.775 5.902 7.211 6.353 5.815 6.966 7.491 8.297 5.922 4.838 6.262 5.953 6.934 6.682 6.228 7.246 6.349 6.865 7.456 6.316 6.006 6.988 6.208 7.59 6.173 6.449 6.801 5.932 6.064 5.226 6.796 6.563 7.563 5.866 7.062 6.91 6.318 6.202 5.973 6.097 6.066 6.604 6.405 7.853 7.101 7.025 6.766 6.784 5.55 6.966 7.655 5.627 7.433 8.448 7.889 7.822 5.592 6.823 6.542 5.983 6.109 6.601 7.222 5.829 6.967 6.773 6.405 6.831 7.76 6.927 6.901 6.099 6.853 6.927 6.271 5.854 5.288 6.072 7.541 7.566 6.83 6.689 5.609 5.547 6.913 6.599 7.663 6.836 5.783 7.111 7.433 7.239 7.194 6.223 7.158 5.902 7.816 6.449 7.785 6.178 5.828 6.057 6.658 6.122 6.762 7.028 5.759 5.391 6.997 6.505 6.363 7.17 6.06 8.026 5.889 7.001 6.591 7.279 6.754 6.695 5.934 5.496 6.44 7.668 6.372 5.926 6.44 5.835 6.432 6.649 6.944 6.707 5.544 5.912 5.689 5.665 5.922 5.84 5.76 6.08 6.769 6.318 5.723 6.373 6.73 6.412 6.231 5.846 6.255 6.205 7.527 7.217 6.109 5.028 6.276 5.053 5.536 6.694 6.473 6.639 6.621 7.108 7.105 5.478 6.514 6.621 8.102 7.639 6.975 6.75 5.992 6.995 5.921 6.578 5.938 7.226 6.968 6.251 6.82 6.095 6.421 6.261 5.696 7.062 5.421 6.465 5.737 6.949 6.009 6.252 6.499 6.129 7.12 7.049 6.013 6.033 6.256 6.092 6.062 6.717 6.811 6.969 5.694 6.505 5.832 7.051 6.394 5.852 5.443 7.581 5.755 5.69 6.516 6.942 5.278 7.312 7.504 7.232 6.228 6.379 7.885 7.158 8.233 7.383 7.502 6.73 7.476 7.455 7.422 7.948 6.662 8.367 12.063 13.452 11.812 12.444 12.982 12.341,1188.6,0.048426,0.1774935722351074,15.868159770965576,0.0025057935632582,0.005668397506599,0.0330951879345172,0.0078649944852713,0.004339905568017,0.0019892723363698,0.0068544007801937,0.0142573752687457,0.0088159673737172,0.0051144801294412,0.0019892723363698,0.0033350282211576,0.003602059861491,0.0034707501421148,0.0031028584938419,0.0019892723363698,0.0033350282211576,0.003602059861491,0.0034707501421148,0.0031028584938419,0.0019892723363698,0.0041636866481479,0.0056517085676532,0.0046592126430977,0.0036011018811077,0.0019892723363698,0.0006854400780193,0.0001425737526874,0.0004407983686858,0.0010228960258882,0.0019892723363698,0.0068544007801937,0.0142573752687457,0.0088159673737172,0.0051144801294412,0.3364257964088997,0.3623422103385874,0.4045323340504692,0.3731125294167802,0.3531043665729069,megamarket,sasrec,16,1512,32,42
7,6.814 6.402 6.603,12.598 11.94 11.347 10.352 10.629 10.719 9.02 9.13 8.791 9.147 8.693 8.51 10.385 8.174 7.645 7.163 6.894 8.321 5.876 7.939 7.06 7.087 6.895 5.584 6.962 6.554 6.907 7.165 6.629 6.12 6.768 7.502 8.181 8.029 8.237 6.705 6.786 6.523 6.988 6.747 6.75 6.719 7.289 5.636 7.195 6.831 7.869 6.632 6.194 8.382 8.248 6.739 7.348 5.887 6.463 8.013 6.639 6.542 6.765 6.356 7.587 6.994 7.282 5.961 7.621 7.003 7.671 7.679 6.054 6.809 6.905 6.879 6.318 6.728 6.333 7.396 5.563 5.268 6.542 6.713 6.844 5.983 6.753 8.435 6.025 6.263 6.936 6.893 8.768 6.24 7.377 6.32 6.482 6.183 4.903 7.475 6.958 5.692 7.461 7.42 7.069 7.715 6.548 5.687 6.293 7.599 6.907 6.565 7.417 5.969 6.878 6.792 6.557 7.267 6.707 7.665 7.293 7.753 6.532 7.346 5.464 7.416 6.973 7.209 6.804 5.861 6.705 6.514 6.458 6.938 5.912 6.875 8.435 6.4 7.248 6.617 7.652 5.683 7.087 7.543 5.707 6.396 7.647 7.362 7.433 7.192 6.264 8.062 6.575 7.38 6.661 7.557 7.139 6.441 7.275 6.946 6.47 6.542 6.451 7.167 6.313 6.248 6.727 7.11 6.653 6.873 6.757 8.207 8.094 6.173 7.641 6.618 6.534 5.438 6.173 7.559 6.249 7.562 6.218 5.672 6.431 7.002 7.405 6.165 5.604 6.295 7.97 5.966 7.343 5.719 6.63 6.499 6.344 6.884 5.532 7.712 5.945 7.177 6.685 5.668 6.99 7.741 8.301 5.977 4.862 6.381 6.014 7.03 6.739 6.275 7.265 6.455 6.933 7.665 6.28 6.066 6.984 6.091 7.537 6.437 6.784 6.959 5.875 6.377 5.454 6.891 6.943 7.936 6.09 7.227 6.833 6.375 6.412 6.023 6.304 6.143 6.901 6.54 7.846 7.241 7.285 7.046 6.98 5.816 7.039 7.766 5.66 7.55 8.422 7.958 7.857 5.881 6.833 6.837 6.393 6.282 6.763 7.721 5.965 6.829 6.812 6.497 6.835 7.687 7.105 7.051 6.32 7.082 6.827 6.129 6.05 5.36 6.27 7.463 7.625 6.898 6.874 5.873 5.734 6.971 6.776 7.516 6.773 5.8 7.359 7.48 7.26 7.6 6.354 7.301 6.035 7.825 6.412 7.929 6.111 5.88 6.115 6.838 6.426 6.938 7.138 5.846 5.502 7.119 6.678 6.435 7.343 6.167 8.069 6.037 7.104 6.67 7.486 6.927 6.703 6.194 5.752 6.639 7.815 6.62 5.956 6.643 6.082 6.64 6.799 7.105 6.749 5.803 6.029 5.712 5.742 6.005 6.058 5.845 6.245 6.926 6.584 6.009 6.487 7.141 6.492 6.503 5.982 6.289 6.42 7.569 7.163 6.288 5.266 6.408 5.143 5.683 6.679 6.614 6.628 6.878 7.218 7.224 5.561 6.654 6.49 8.271 7.701 7.149 6.977 6.218 6.95 6.073 6.606 5.973 7.246 6.842 6.417 7.125 6.261 6.511 6.283 5.89 7.167 5.368 6.646 5.966 7.013 5.972 6.36 6.65 6.228 7.057 6.951 6.021 5.786 6.093 6.039 5.945 6.866 6.548 6.873 5.637 6.405 5.747 6.917 6.402 5.743 5.369 7.381 5.683 5.527 6.487 6.573 5.085 6.881 6.676 6.644 5.594 5.959 7.143 5.887 7.37 6.388 6.328 5.706 6.561 6.709 6.362 6.821 6.009 5.743 6.717 6.867 5.798 6.203 6.758 6.221 5.798 6.445 6.37 5.863 6.989 4.925 6.186 4.836 8.239 6.403 6.565 7.23 6.307 6.186 5.663 5.237 7.02 6.944 5.614 5.688 6.175 5.635 5.689 6.094 6.182 5.698 6.328 5.553 6.66 8.284 5.077 6.722 5.806 5.929 6.212 7.056 5.544 6.764 6.736 5.967 5.517 6.371 6.223 6.092 5.934 7.157 6.745 6.562 7.063 6.752 6.096 6.98 7.149 6.124 4.774 6.859 5.679 5.234 5.124 6.403 7.226 6.21 7.696 7.3 7.091 5.159 5.324 6.59 6.285 6.469 5.18 5.274 6.266 6.35 6.06 7.445 6.616 5.483 6.706 5.85 6.723 5.216 7.574 5.17 6.676 5.867 7.388 6.717 6.22 6.551 6.429 6.359 6.889 7.366 6.249 6.023 6.104 6.564 7.126 5.285 6.829 6.742 4.233 7.152 5.924 5.696 7.639 6.964 6.054 6.326 7.459 5.647 5.215 5.782 6.305 7.658 6.211 6.497 5.264 5.593 6.419 6.297 4.964 6.878 6.444 7.149 4.395 7.008 7.525 6.079 6.889 7.072 5.917 7.245 6.157 4.966 6.022 6.14 6.835 5.342 6.015 7.376 6.208 6.681 5.856 5.339 5.63 5.838 6.185 5.81 6.523 7.025 6.327 6.901 7.163 5.553 5.834 6.15 7.06 6.72 6.08 7.578 6.39 5.663 6.979 6.276 6.963 5.823 5.635 7.565 6.386 6.067 6.08 5.779 7.086 5.641 6.703 6.292 7.137 6.552 6.857 6.18 6.122 5.872 7.039 7.017 5.996 6.719 6.335 6.321 6.398 5.501 5.85 6.756 6.067 7.757 6.927 6.631 5.771 6.757 5.712 6.147 7.282 5.958 6.512 5.585 5.657 7.264 6.039 7.099 6.33 7.024 6.94 6.717 5.895 5.573 8.101 5.839 6.493 7.03 8.93 6.668 5.994 6.418 5.692 7.56 6.765 6.368 5.5 6.153 6.177 7.003 7.501 5.79 6.466 7.736 6.54 4.863 6.55 6.85 6.267 7.367 6.54 6.846 6.123 6.545 7.282 6.412 6.625 6.882 5.388 5.064 5.569 5.759 8.449 6.442 6.538 7.453 5.012 6.678 6.694 6.453 5.808 7.298 6.786 5.564 7.705 6.34 6.15 5.892 7.042 6.752 6.976 6.462 6.263 5.096 7.779 5.609 6.883 5.597 7.757 5.87 5.605 5.865 6.324 6.431 5.659 5.698 6.639 6.753 6.528 6.721 6.348 6.688 6.128 6.214 6.255 6.071 6.985 7.312 6.733 7.089 6.471 5.42 6.394 6.325 5.908 7.323 6.187 5.704 6.153 6.111 6.264 8.092 7.179 6.29 5.938 7.415 6.163 7.676 6.738 5.697 6.553 7.602 6.414 5.875 6.49 5.212 7.051 7.627 6.457 7.31 7.674 6.56 6.345 6.995 5.099 7.179 6.418 7.554 6.05 7.707 6.399 6.292 7.304 7.204 6.822 7.185 6.094 5.286 6.087 6.665 6.402 5.877 5.427 6.867 5.251 6.388 5.509 8.0 7.058 6.975 7.666 6.064 6.206 7.168 6.917 7.146 6.111 5.174 5.645 7.022 6.253 7.1 7.333 6.944 6.285 6.222 6.875 6.697 7.619 6.784 6.955 5.293 6.181 6.924 6.631 4.871 5.979 5.617 6.742 7.192 6.466 7.199 6.322 6.265 6.245 7.198 5.768 6.599 6.809 6.858 8.062 6.538 5.154 8.129 6.677 6.52 6.322 7.124 5.693 6.073 6.724 6.35 7.503 6.909 6.594 6.178 7.419 7.502 6.488 6.653 5.76 5.465 7.39 6.28 6.933 6.211 5.606 6.024 6.941 6.22 5.691 7.057 6.935 7.076 7.441 7.632 6.701 6.887 7.042 5.964 7.142 6.97 6.21 6.924 7.267 7.236 6.005 6.72 6.031 5.492 7.111 8.234 6.537 5.835 7.037 7.732 6.685 6.983 7.345 6.541 7.649 6.278 7.195 6.42 7.138 6.324 6.158 6.224 8.148 5.939 7.071 6.342 6.691 6.71 7.476 7.301 6.955 5.601 7.405 7.294 5.43 6.527 5.809 6.032 6.609 7.643 5.461 8.263 7.191 6.858 8.508 7.322 7.097 5.735 7.672 5.321 4.875 7.521 6.737 7.189 7.107 7.498 5.807 5.887 7.605 7.088 8.291 6.685 5.873 6.33 6.846 7.131 6.121 7.312 5.72 6.584 6.146 5.871 6.781 5.451 6.665 6.913 8.168 6.221 5.775 7.269 6.113 6.407 7.636 6.032 6.624 7.586 6.716 6.595 6.147 7.325 7.392 5.936 5.913 5.327 9.235 6.535 7.86 5.854 5.892 7.426 5.639 6.813 5.66 6.145 6.713 4.914 8.273 5.664 6.884 6.291 6.416 6.233 6.737 4.596 7.428 6.874 7.478 7.538 6.888 7.363 7.93 7.136 7.252 8.507 6.332 7.837 6.355 6.19 5.955 6.226 7.15 6.775 8.146 7.129 7.658 6.423 6.589 6.115 6.042 6.379 7.018 8.586 6.711 6.194 6.281 6.922 5.715 6.6 5.283 8.188 5.772 6.684 6.908 6.487 5.806 6.751 6.459 5.959 6.579 6.596 6.249 6.952 7.767 7.635 4.83 7.07 6.799 6.733 6.222 7.429 5.624 7.489 6.405 6.142 8.218 6.224 6.845 7.677 6.393 6.3 6.626 6.075 7.209 6.983 7.104 6.128 7.46 7.531 6.382 6.984 7.685 6.301 6.245 6.747 6.546 6.764 6.011 5.911 6.257 6.162 6.75 6.877 6.229 6.001 6.352 6.509 7.802 7.254 5.912 7.128 5.688 6.142 7.164 8.074 6.233 7.301 7.136 7.103 7.029 5.791 6.526 7.315 6.995 5.798 7.35 6.663 6.592 7.159 6.237 8.053 6.973 7.267 7.069 6.314 6.229 7.893 5.447 6.016 7.279 7.023 5.887 5.565 6.365 6.81 7.402 6.692 6.823 6.722 5.318 6.124 7.234 4.817 7.23 5.457 5.475 6.82 6.572 6.065 6.461 6.974 6.852 8.898 6.892 6.493 5.713 7.068 5.276 7.179 6.837 6.084 7.942 7.905 6.336 7.352 5.581 6.488 6.523 6.65 6.975 6.744 5.712 6.574 7.184 5.031 6.791 6.277 7.578 6.782 7.175 6.573 7.525 5.931 6.367 7.535 7.048 5.748 6.248 6.657 7.664 5.131 6.125 6.002 6.463 5.721 6.178 5.405 5.937 6.247 5.984 6.26 6.506 6.181 6.246 5.805 6.134 7.038 6.152 6.669 7.259 6.512 5.232 6.419 6.306 7.373 6.83 6.337 6.767 6.804 7.061 6.191 7.53 6.569 5.669 5.809 5.646 7.307 7.744 6.589 6.88 6.549 6.057 7.539 6.887 5.821 5.638 7.743 6.422 6.267 6.273 5.755 6.235 6.356 5.609 5.555 5.256 6.683 7.398 6.36 6.337 5.81 5.591 5.301 6.661 7.182 5.648 6.807 7.15 6.236 6.133 5.245 5.487 6.459 6.998 6.596 6.52 5.366 6.355 5.973 5.618 6.293 5.637 7.399 6.485 5.251 5.47 7.513 5.981 6.796 7.26 6.57 7.885 5.093 7.319 6.856 6.904 6.155 6.635 6.526 5.69 6.62 6.955 6.54 6.285 6.424 6.639 6.411 5.731 6.68 7.385 5.688 6.466 7.715 7.431 6.671 7.77 6.393 7.116 7.16 6.841 6.389 6.34 6.818 7.019 6.409 7.373 7.121 7.022 7.276 8.354 5.994 8.072 9.129 7.686 8.928 6.206 6.968 6.883 7.408 6.721 8.16 7.033 8.909 7.335 8.631 6.88 7.029 7.377 8.36 7.401 7.487 7.448 6.469 6.738 8.353 7.68 9.215 7.761 8.585 9.271 7.998 7.53 8.917 8.993 8.722 7.928 7.399 12.868 13.052 14.099 13.757 13.264 14.0 15.588 15.642 13.73 15.16 15.494 15.05,1636.4,0.053491,0.1774935722351074,16.981725215911865,0.0032251868191788,0.0082256205618826,0.0645049756484453,0.0127718637304351,0.0060023793885467,0.0022829532105414,0.0073475630028592,0.0147283728971341,0.0094587406077531,0.0056353480949531,0.0022829532105414,0.0037016147786478,0.0039703545796229,0.0038458017735528,0.0034737460380787,0.0022829532105414,0.0037016147786478,0.0039703545796229,0.0038458017735528,0.0034737460380787,0.0022829532105414,0.0045625909553732,0.0060495982543669,0.0050934909636138,0.004009563721562,0.0022829532105414,0.0007347563002859,0.0001472837289713,0.0004729370303876,0.0011270696189906,0.0022829532105414,0.0073475630028592,0.0147283728971341,0.0094587406077531,0.0056353480949531,0.3449213082144841,0.3706459278425206,0.4126684719751802,0.3811460769359908,0.3615655426087639,megamarket,sasrec,16,2048,32,42
8,5.023,13.144 12.309 10.381 10.596 9.946 8.935 8.638 8.678 6.894 7.403 7.005 7.269 7.031 7.226 6.268 6.57 5.951 4.803 5.194 5.794 6.501 6.061 5.661 5.387 5.979 6.362 6.822 5.317 5.347 5.709 5.813 6.375 5.766 5.74 5.348 5.092 5.019 6.351 4.963 6.513 5.006 5.889 4.685 5.344 6.158 5.102 5.541 5.522 5.745 4.287 3.962 5.762 5.396 5.211 5.381 5.745 4.687 4.329 6.513 5.813 6.367 4.492 4.841 4.108 5.106 4.589 5.004 7.261 4.885 5.724 6.062 6.109 4.69 4.905 4.621 5.365 5.63 5.127 4.692 4.997 3.934 5.493 5.198 5.51 5.883 4.868 5.803 4.444 5.363 4.53 4.849 4.966 4.872 4.301 4.0 4.553 5.053 5.449 6.134 5.695 5.594 4.175 5.339 4.753 5.112 4.32 5.643 4.741 6.079 4.63 5.315 5.687 4.756 5.773 5.323 4.482 5.317 4.942 4.807 6.151 3.933 4.579 5.649 5.059 6.318 4.855 4.737 4.663 3.74 4.886 3.643 4.949 5.743 4.453 4.937 5.275 6.759 5.912 5.004 4.591 4.105 4.08 4.414 3.185 3.888 3.638 4.67 5.756 4.401 5.147 4.659 4.624 4.837 5.31 4.472 5.095 4.611 5.621 4.754 4.477 4.195 5.713 4.278 4.755 5.907 5.446 4.808 4.122 5.185 5.543 4.239 4.063 5.543 4.459 4.355 3.28 5.779 5.462 4.831 4.744 4.624 5.375 3.9 5.452 3.919 5.658 4.346 5.158 4.698 3.506 6.242 5.715 4.996 4.672 4.144 4.651 4.789 4.865 5.184 4.105 5.134 3.921 5.088 4.745 4.667 4.296 4.387 4.736 4.692 4.831 4.614 4.553 4.049 5.694 4.668 5.17 5.115 4.912 4.027 4.608 5.234 4.605 5.472 5.004 4.105 4.589 5.265 5.284 4.691 4.675 3.936 4.189 5.031 2.921 6.005 5.44 4.963 3.61 4.898 5.629 6.248 4.55 6.17 5.243 4.84 5.381 4.768 4.494 5.105 4.36 4.069 4.764 5.674 4.14 4.352 4.381 4.64 4.05 3.981 3.722 4.57 5.317 5.068 5.218 4.537 5.415 3.81 4.15 4.317 3.997 4.022 5.11 4.376 3.862 3.735 3.588 4.524 4.226 4.708 4.796 5.154 4.113 4.757 4.372 3.794 3.911 4.381 3.191 3.905 4.381 4.253 4.57 4.56 4.558 4.114 4.574 4.26 4.436 4.166 5.51 4.923 6.022 5.07 3.794 5.708 4.277 3.099 4.482 3.998 5.062 4.243 4.594 4.33 4.051 4.113 5.006 6.264 4.022 5.132 5.325 5.432 3.855 4.482 4.568 4.225 4.147 4.849 7.009 4.353 4.639 5.139 3.996 4.878 5.76 5.378 5.814 3.601 4.443 5.514 3.733 4.213 5.433 5.017 4.826 6.632 3.77 4.731 3.963 4.031 4.215 4.448 5.332 3.184 4.962 3.939 2.863 4.396 4.039 2.921 4.611 4.236 5.646 3.37 4.435 5.202 2.926 4.592 4.317 4.478 4.132 3.706 4.337 3.446 4.254 3.814 4.501 4.418 4.037 3.949 4.028 4.283 3.786 4.7 5.368 4.814 3.756 4.527 4.714 5.648 4.483 4.477 5.644 3.435 4.571 4.43 4.667 4.954 5.317 5.023 4.369 7.523 9.034 6.785 6.993 8.754 9.023 9.319 6.968 7.994,829.2,0.031219,3.337860107421875e-06,15.718944072723389,0.0001220675895059,0.0008123381210266,0.0055649188901143,0.0014437435713134,0.000448613882245,0.0001606933085089,0.0011581000509785,0.0070261763858412,0.0017731675421681,0.0007203493140058,0.0001606933085089,0.0004109421324661,0.0005645689257209,0.0004532556523135,0.0003543564510051,0.0001606933085089,0.0004109421324661,0.0005645689257209,0.0004532556523135,0.0003543564510051,0.0001606933085089,0.0005848798948881,0.0016672067769512,0.0007398727416376,0.0004452319868681,0.0001606933085089,0.0001158100050978,7.026176385841257e-05,8.865837710840703e-05,0.0001440698628011,0.0001606933085089,0.0011581000509785,0.0070261763858412,0.0017731675421681,0.0007203493140058,0.1735605654597431,0.2343781717695804,0.3088798550024637,0.248998629541831,0.2160221344205762,megamarket,sasrec,16,32,128,42
9,,12.956 12.071 9.863 10.24 9.611 8.579 8.354 8.365 6.617 7.164 6.804 7.062 6.814 7.031 6.223 6.485 5.993 4.844 5.31 5.895 6.68 6.148 5.786 5.574 6.247 6.375 6.917 5.378 5.508 5.772 6.086 6.547 5.736 5.913 5.67 5.197 5.144 6.673 5.171 6.805 5.284 6.025 4.879 5.615 6.281 5.348 5.646 5.886 6.068 4.551 4.132 6.033 5.641 5.409 5.68 5.762 4.828 4.565 6.758 6.083 6.541 4.602 5.178 4.337 5.319 4.742 5.277 7.42 5.246 5.975 6.238 6.213 4.963 5.19 4.817 5.66 5.889 5.366 5.072 5.106 4.005 5.74 5.365 5.755 6.226 5.011 5.953 4.77 5.598 4.92 5.213 5.208 5.172 4.522 4.136 4.876 5.206 5.614 6.39 5.906 5.817 4.286 5.313 5.03 5.38 4.519 5.797 4.917 6.485 4.803 5.701 5.896 4.948 6.238 5.532 4.721 5.678 5.155 5.088 6.423 4.258 4.946 5.983 5.195 6.622 5.082 4.831 4.924 4.078 5.14 3.937 5.135 6.102 4.675 5.037 5.508 6.928 6.006 5.201 4.919 4.384 4.3 4.586 3.386 4.113 3.718 4.78 5.887 4.588 5.279 4.801 4.844 5.114 5.586 4.774 5.123 4.901 5.653 5.101 4.709 4.402 5.898 4.695 4.958 6.232 5.557 5.067 4.314 5.482 5.637 4.369 4.451 5.903 4.686 4.562 3.573 6.165 5.69 5.04 4.99 4.709 5.739 4.177 5.736 4.073 5.784 4.75 5.497 5.008 3.801 6.35 6.019 5.312 4.832 4.657 4.78 4.959 4.93 5.459 4.359 5.326 4.045 5.309 5.099 4.89 4.693 4.7 4.867 4.886 5.158 4.615 4.824 4.223 6.061 4.893 5.38 5.534 5.032 4.261 4.779 5.314 4.978 5.466 4.99 4.147 4.848 5.657 5.651 4.989 4.888 3.998 4.277 5.165 3.052 6.161 5.617 4.948 3.713 5.215 5.699 6.516 4.882 6.439 5.421 5.064 5.579 4.876 4.577 5.188 4.579 4.136 4.958 5.731 4.267 4.739 4.438 4.863 4.159 4.122 3.979 4.756 5.417 5.189 5.496 4.777 5.707 3.977 4.282 4.496 4.26 4.434 5.224 4.566 4.071 3.827 3.814 4.616 4.503 4.995 5.092 5.439 4.157 5.004 4.599 3.967 4.245 4.663 3.213 4.346 4.513 4.629 4.825 4.653 4.807 4.209 4.944 4.485 4.531 4.382 5.304 5.16 6.252 5.378 4.23 5.77 4.361 3.392 4.877 4.44 5.311 4.578 4.718 4.659 4.35 4.356 4.899 6.298 4.209 5.374 5.565 5.501 4.358 4.745 4.842 4.537 4.342 5.04 7.043 4.503 4.81 5.289 4.102 5.033 5.871 5.475 6.255 3.81 4.675 5.724 4.136 4.375 5.582 5.279 5.162 6.882 4.241 5.07 4.255 4.483 4.683 4.907 5.47 3.543 5.224 4.373 3.321 4.987 4.42 3.492 5.001 4.609 6.178 3.93 4.913 6.216 3.452 6.485 7.373 8.405 9.185 7.618 8.063 7.265 8.178,854.02,0.033091,0.1774935722351074,15.896453857421877,1.2392648680802549e-06,8.055221642521656e-06,6.753993531037389e-05,1.425154598292293e-05,4.337427038280892e-06,0.0,1.108229713855088e-05,0.0002715162798944,1.662344570782632e-05,0.0,0.0,1.847049523091813e-06,7.517091788987899e-06,2.124106951555585e-06,0.0,0.0,1.847049523091813e-06,7.517091788987899e-06,2.124106951555585e-06,0.0,0.0,3.947593890418492e-06,5.014839878879358e-05,5.209148563252196e-06,0.0,0.0,1.108229713855088e-06,2.715162798944966e-06,8.31172285391316e-07,0.0,0.0,1.108229713855088e-05,0.0002715162798944,1.662344570782632e-05,0.0,0.6924489879610369,0.6703773634153513,0.6601228921462619,0.6854588455241583,0.701660547193917,megamarket,sasrec,16,64,128,42
10,,12.761 11.848 9.526 9.996 9.564 8.501 8.246 8.406 6.675 7.154 6.884 7.069 6.834 6.974 6.269 6.52 6.147 4.928 5.384 5.916 6.89 6.265 5.956 5.668 6.273 6.552 7.109 5.565 5.555 5.953 6.075 6.693 6.049 6.057 5.686 5.485 5.365 6.772 5.381 6.916 5.37 6.233 5.086 5.699 6.419 5.43 5.776 6.087 6.076 4.616 4.306 6.188 5.748 5.785 5.849 6.015 4.97 4.659 6.801 6.136 6.728 4.828 5.333 4.475 5.377 4.986 5.489 7.596 5.318 6.075 6.522 6.447 5.252 5.323 5.03 5.914 6.025 5.39 5.155 5.381 4.196 5.906 5.62 5.96 6.392 5.304 6.245 5.016 5.848 5.061 5.446 5.442 5.439 4.557 4.328 5.226 5.461 5.851 6.508 6.01 5.876 4.401 5.429 5.195 5.502 4.711 6.102 5.093 6.734 5.046 5.701 5.952 5.112 6.413 5.643 4.904 5.795 5.405 5.181 6.67 4.324 5.189 6.138 5.213 6.578 5.447 5.126 5.092 4.258 5.299 4.176 5.368 6.193 4.903 5.224 5.577 6.879 6.265 5.417 4.985 4.471 4.458 4.779 3.549 4.469 3.992 4.988 6.107 4.861 5.569 5.08 5.021 5.456 5.82 5.078 5.513 5.136 5.92 5.422 5.041 4.543 6.143 4.984 5.29 6.534 5.799 5.111 4.445 5.564 5.834 4.549 4.626 6.085 4.89 4.792 3.776 6.121 6.074 5.255 5.181 4.873 5.646 4.397 5.929 4.208 6.11 4.867 5.584 5.104 3.766 6.522 6.188 5.412 5.117 4.663 5.033 5.271 5.082 5.613 4.667 5.653 4.318 5.501 5.373 5.043 5.062 4.872 5.243 5.027 5.294 4.86 5.039 4.427 6.22 5.075 5.72 5.66 5.141 4.449 4.869 5.495 5.224 5.711 5.255 4.507 5.201 5.846 5.547 5.276 5.018 4.153 4.535 5.42 3.175 6.427 5.744 5.402 3.879 5.348 6.087 6.803 5.028 6.489 5.746 5.185 5.695 5.053 4.742 5.381 4.636 4.536 5.105 5.914 4.561 4.805 4.714 5.048 4.239 4.44 4.09 4.927 5.632 5.28 5.791 4.974 5.613 4.207 4.435 4.782 4.488 4.574 5.512 4.953 4.261 3.972 3.871 4.941 4.536 5.291 5.228 5.602 4.463 5.255 4.976 4.298 4.422 4.938 3.501 4.603 4.985 4.727 5.041 4.842 5.098 4.53 5.17 4.631 4.846 4.667 5.491 5.438 6.311 5.509 4.486 5.994 4.58 3.425 5.139 4.683 5.585 4.651 5.017 4.859 4.705 4.63 4.963 6.481 4.418 5.575 5.57 5.714 4.45 4.842 5.189 4.693 4.525 5.054 7.046 4.615 4.853 5.345 4.208 5.246 5.951 5.885 6.503 3.908 4.881 5.813 4.313 4.61 5.754 5.385 5.47 6.977 4.254 5.26 4.459 4.712 4.924 4.897 5.724 3.781 5.404 4.609 3.469 4.92 4.425 3.521 5.111 4.864 6.354 3.947 5.053 6.031 3.364 5.742 5.08 5.015 4.722 4.355 5.255 4.372 5.129 4.58 6.332 10.347 10.336 9.695 8.75 9.73 8.576,892.96,0.034861,0.1774935722351074,15.896453857421877,1.2392648680802549e-06,8.055221642521656e-06,6.753993531037389e-05,1.425154598292293e-05,4.337427038280892e-06,0.0,1.108229713855088e-05,0.0002715162798944,1.662344570782632e-05,0.0,0.0,1.847049523091813e-06,7.517091788987899e-06,2.124106951555585e-06,0.0,0.0,1.847049523091813e-06,7.517091788987899e-06,2.124106951555585e-06,0.0,0.0,3.947593890418492e-06,5.014839878879358e-05,5.209148563252196e-06,0.0,0.0,1.108229713855088e-06,2.715162798944966e-06,8.31172285391316e-07,0.0,0.0,1.108229713855088e-05,0.0002715162798944,1.662344570782632e-05,0.0,0.6924489879610369,0.6703773634153513,0.6601228921462619,0.6854588455241583,0.701660547193917,megamarket,sasrec,16,128,128,42
11,,12.645 11.707 9.529 10.019 9.613 8.541 8.394 8.428 6.672 7.266 7.026 7.168 6.934 7.105 6.326 6.719 6.344 4.98 5.479 6.129 7.153 6.33 5.985 5.86 6.364 6.682 7.258 5.7 5.756 6.11 6.167 6.732 5.975 6.146 6.025 5.521 5.584 6.859 5.377 6.912 5.435 6.523 5.214 5.928 6.524 5.526 5.852 6.148 6.336 4.748 4.394 6.292 5.947 6.061 5.892 5.976 5.234 4.802 6.926 6.341 6.816 4.849 5.49 4.772 5.463 5.17 5.736 7.763 5.606 6.325 6.671 6.593 5.591 5.463 5.217 5.938 6.134 5.554 5.371 5.42 4.453 6.057 5.818 6.184 6.652 5.599 6.497 5.106 6.095 5.189 5.7 5.583 5.488 4.796 4.452 5.407 5.785 5.987 6.657 6.203 6.272 4.663 5.705 5.3 5.625 4.818 6.299 5.289 6.985 5.166 5.951 6.223 5.222 6.733 5.846 5.074 6.132 5.693 5.567 6.8 4.576 5.336 6.393 5.467 6.852 5.715 5.264 5.193 4.531 5.609 4.44 5.762 6.529 5.058 5.44 5.824 7.032 6.462 5.574 5.268 4.692 4.868 4.93 3.924 4.739 4.387 5.215 6.256 4.956 5.956 5.321 5.229 5.609 6.026 5.356 5.74 5.487 6.141 5.498 5.21 4.849 6.25 5.33 5.506 6.88 6.014 5.348 4.715 5.69 5.93 4.806 4.913 6.267 5.164 5.042 4.103 6.455 6.251 5.499 5.36 5.176 5.922 4.706 6.136 4.499 6.295 5.119 6.093 5.348 4.021 6.847 6.486 5.685 5.322 4.892 5.228 5.374 5.407 5.939 4.965 5.834 4.491 5.736 5.754 5.299 5.276 5.358 5.441 5.225 5.634 5.18 5.188 4.84 6.507 5.28 6.024 5.708 5.495 4.716 5.179 5.763 5.482 6.086 5.372 4.776 5.43 6.078 5.872 5.407 5.364 4.499 4.677 5.855 3.456 6.622 5.978 5.57 4.252 5.632 6.3 7.034 5.367 6.732 5.985 5.455 5.968 5.41 4.968 5.705 4.967 4.942 5.467 6.387 4.989 5.146 5.005 5.477 4.594 4.554 4.496 5.184 5.938 5.48 6.171 5.229 6.001 4.455 4.702 5.123 4.744 4.8 5.75 5.148 4.565 4.266 4.312 5.186 4.748 5.621 5.505 5.914 4.707 5.436 5.331 4.618 4.769 5.137 3.658 5.067 5.129 5.008 5.433 5.187 5.675 5.063 5.424 5.131 5.087 5.018 5.97 5.897 6.842 5.973 5.125 6.532 5.034 3.98 5.323 5.203 6.221 5.306 5.43 5.33 5.137 5.11 5.598 6.862 4.835 6.388 6.262 6.414 5.396 5.408 5.791 5.877 5.616 5.827 7.919 5.345 6.03 6.11 5.0 6.123 7.486 11.407 11.343 9.255 10.882 12.337 9.226 9.945 11.414,976.12,0.039672,0.1774935722351074,15.896453857421877,1.2392648680802549e-06,8.055221642521656e-06,6.753993531037389e-05,1.425154598292293e-05,4.337427038280892e-06,0.0,1.108229713855088e-05,0.0002715162798944,1.662344570782632e-05,0.0,0.0,1.847049523091813e-06,7.517091788987899e-06,2.124106951555585e-06,0.0,0.0,1.847049523091813e-06,7.517091788987899e-06,2.124106951555585e-06,0.0,0.0,3.947593890418492e-06,5.014839878879358e-05,5.209148563252196e-06,0.0,0.0,1.108229713855088e-06,2.715162798944966e-06,8.31172285391316e-07,0.0,0.0,1.108229713855088e-05,0.0002715162798944,1.662344570782632e-05,0.0,0.6924489879610369,0.6703773634153513,0.6601228921462619,0.6854588455241583,0.701660547193917,megamarket,sasrec,16,256,128,42
12,5.692,12.535 11.772 9.607 10.226 9.698 8.709 8.55 8.72 6.948 7.354 7.244 7.42 7.243 7.444 6.606 6.914 6.439 5.183 5.772 6.175 7.324 6.388 6.065 5.927 6.502 6.795 7.322 5.841 5.808 6.275 6.248 6.94 6.076 6.251 6.007 5.546 5.575 6.965 5.546 7.09 5.588 6.51 5.313 5.996 6.631 5.669 5.949 6.315 6.49 4.847 4.632 6.317 6.211 6.131 5.997 6.054 5.248 4.895 7.007 6.583 6.832 4.99 5.654 4.784 5.571 5.347 5.935 7.887 5.738 6.376 6.819 6.769 5.881 5.564 5.397 6.238 6.375 5.706 5.472 5.563 4.518 6.304 6.069 6.3 6.744 5.732 6.547 5.419 6.201 5.334 5.703 5.764 5.698 4.994 4.575 5.415 5.965 6.23 6.755 6.28 6.429 4.799 5.874 5.384 5.941 4.98 6.338 5.418 7.146 5.328 5.907 6.312 5.321 6.866 5.844 5.301 6.237 5.661 5.576 6.971 4.646 5.676 6.48 5.603 6.801 6.079 5.438 5.484 4.594 5.854 4.641 5.928 6.724 5.237 5.51 5.891 7.033 6.489 5.758 5.387 4.879 5.052 5.09 4.06 4.935 4.424 5.257 6.298 5.158 5.997 5.381 5.334 5.757 6.123 5.65 5.885 5.625 6.227 5.573 5.206 4.881 6.371 5.691 5.659 6.925 6.244 5.421 4.842 5.724 5.996 4.902 4.994 6.418 5.39 5.18 4.19 6.507 6.305 5.668 5.479 5.213 5.94 4.898 6.339 4.56 6.346 5.166 5.954 5.551 4.227 6.909 6.546 5.771 5.334 5.144 5.26 5.463 5.52 5.797 5.008 5.971 4.623 5.736 5.947 5.31 5.31 5.356 5.617 5.438 5.735 5.286 5.479 4.848 6.543 5.497 6.185 5.874 5.542 4.966 5.338 5.823 5.532 6.162 5.547 4.964 5.518 6.235 5.845 5.449 5.337 4.669 4.835 5.713 3.579 6.566 6.067 5.497 4.357 5.662 6.366 7.23 5.465 6.822 6.137 5.619 6.058 5.566 5.263 5.755 5.139 5.177 5.604 6.322 5.168 5.162 5.104 5.498 4.569 4.675 4.592 5.253 5.884 5.632 6.198 5.362 6.061 4.645 4.727 5.192 4.981 4.98 5.909 5.196 4.77 4.498 4.362 5.236 4.917 5.743 5.554 6.046 4.798 5.557 5.434 4.617 4.891 5.419 4.015 5.074 5.455 5.199 5.377 5.205 5.585 4.939 5.582 5.16 5.12 4.985 5.934 5.818 6.806 5.947 5.201 6.369 4.998 3.83 5.423 5.205 6.073 5.107 5.424 5.339 5.076 4.846 5.398 6.662 4.76 6.03 5.986 5.995 5.263 5.348 5.472 5.043 4.935 5.586 7.447 5.002 5.566 5.806 4.801 5.544 6.416 6.133 6.941 4.411 5.44 6.011 4.846 4.841 6.176 5.895 5.792 7.244 4.762 5.707 4.88 5.187 5.323 5.412 5.861 4.106 5.635 4.91 3.995 5.201 4.815 3.91 5.093 5.13 6.378 4.085 5.251 6.127 3.649 5.578 5.043 5.112 4.788 4.616 5.361 4.259 5.068 4.623 5.249 4.881 5.518 4.505 4.8 5.189 4.486 5.705 5.966 5.856 4.746 5.289 5.767 6.389 4.553 5.011 6.057 4.203 5.365 4.875 5.379 5.469 5.539 5.349 4.21 5.584 5.265 4.487 4.755 5.606 5.398 5.842 4.074 5.594 5.461 4.679 4.243 4.496 5.171 5.261 4.177 3.595 4.892 5.307 5.263 4.434 5.54 5.742 5.903 4.471 5.125 6.01 4.786 4.986 4.669 6.1 4.532 5.167 6.303 4.695 5.766 5.239 6.199 7.142 5.587 6.271 6.521 5.456 5.854 6.732 7.176 7.528 10.075 9.46 8.575 10.05 9.547 9.698 10.263 9.445 9.704 10.644 11.209 10.213 11.45 12.37 10.405 10.643 9.739 10.543,1248.1,0.050771,0.1774935722351074,16.992953300476074,0.0058295019394495,0.0160069646685586,0.037878750325307,0.0206294226264979,0.0121726791667183,0.002415940776204,0.0109437684243189,0.0275450495378682,0.0151605824855376,0.0074860917170911,0.002415940776204,0.0046129380189989,0.0051946926718333,0.0049040400384471,0.0041572467140988,0.002415940776204,0.0046129380189989,0.0051946926718333,0.0049040400384471,0.0041572467140988,0.002415940776204,0.0060911521351337,0.0093997573555628,0.0071554582354948,0.0049787924693888,0.002415940776204,0.0010943768424318,0.0002754504953786,0.0007580291242768,0.0014972183434182,0.002415940776204,0.0109437684243189,0.0275450495378682,0.0151605824855376,0.0074860917170911,0.3738565068694898,0.4066652644968087,0.4447296612635756,0.4175595826961348,0.3961272136155687,megamarket,sasrec,16,512,128,42
13,5.909,12.466 11.902 9.792 10.299 9.959 9.037 8.835 8.997 7.185 7.661 7.611 7.753 7.712 7.802 6.971 7.34 6.855 5.542 6.065 6.527 7.569 6.724 6.473 6.094 6.702 6.994 7.599 6.021 5.969 6.386 6.397 7.033 6.241 6.346 6.197 5.799 5.757 7.064 5.665 7.172 5.744 6.575 5.436 6.25 6.804 5.83 6.13 6.473 6.67 4.983 4.792 6.562 6.249 6.45 6.224 6.299 5.521 5.058 7.196 6.717 7.063 5.134 5.799 5.054 5.631 5.382 6.122 8.133 5.789 6.514 6.83 6.924 6.061 5.699 5.531 6.328 6.528 5.819 5.686 5.605 4.639 6.44 6.124 6.376 7.003 5.913 6.775 5.629 6.412 5.643 5.97 5.937 5.878 5.257 4.679 5.637 6.083 6.394 6.97 6.449 6.515 4.975 5.96 5.626 6.091 5.31 6.688 5.656 7.318 5.59 6.099 6.542 5.519 7.024 6.187 5.413 6.572 5.836 5.853 7.039 4.813 5.871 6.678 5.7 7.194 6.031 5.634 5.634 4.871 6.032 4.96 6.19 6.881 5.381 5.703 6.122 7.257 6.755 5.876 5.737 5.113 5.435 5.163 4.391 5.152 4.684 5.49 6.613 5.365 6.217 5.658 5.466 6.022 6.363 5.798 6.04 5.839 6.246 5.922 5.693 5.139 6.65 6.134 5.979 7.093 6.336 5.637 5.09 6.0 6.256 4.992 5.26 6.625 5.566 5.39 4.479 6.725 6.504 6.01 5.532 5.503 6.111 5.081 6.473 4.858 6.452 5.469 6.563 5.795 4.331 7.05 6.78 5.999 5.484 5.379 5.451 5.629 5.668 6.304 5.327 6.122 4.833 6.053 6.069 5.483 5.686 5.524 5.737 5.533 6.08 5.514 5.659 5.138 6.864 5.701 6.434 6.242 5.696 5.168 5.478 6.003 5.914 6.245 5.709 5.065 5.782 6.364 5.921 5.601 5.574 5.031 4.929 6.0 3.646 6.707 6.186 5.838 4.66 6.0 6.521 7.554 5.696 6.937 6.459 5.775 6.131 5.774 5.346 5.88 5.351 5.373 5.777 6.639 5.307 5.508 5.282 5.718 4.759 4.78 4.689 5.47 6.123 5.777 6.573 5.404 6.149 4.97 5.11 5.509 5.278 5.062 5.962 5.326 5.034 4.852 4.643 5.44 5.215 6.085 5.726 6.387 5.112 5.781 5.625 4.854 5.12 5.744 4.247 5.383 5.624 5.449 5.763 5.532 5.751 5.195 5.792 5.298 5.326 5.221 6.257 6.122 7.029 5.909 5.449 6.654 5.216 4.283 5.656 5.365 6.303 5.482 5.733 5.506 5.294 5.126 5.501 6.863 4.916 6.387 6.232 6.191 5.534 5.617 5.838 5.376 5.206 5.842 7.764 5.18 5.866 5.918 5.054 5.914 6.527 6.377 7.022 4.632 5.593 6.252 4.983 5.305 6.549 6.285 6.102 7.513 5.106 5.856 5.111 5.364 5.627 5.47 6.125 4.397 5.951 5.202 4.358 5.337 5.052 4.211 5.33 5.316 6.534 4.235 5.455 6.423 3.877 6.103 5.216 5.225 5.098 4.849 5.542 4.516 5.33 4.793 5.582 5.247 5.745 4.782 5.021 5.547 4.768 6.074 6.134 6.051 4.95 5.537 5.917 6.686 4.936 5.288 6.307 4.524 5.626 5.198 5.565 5.703 5.75 5.585 4.547 5.827 5.429 4.74 5.053 5.663 5.501 6.109 4.31 5.872 5.696 4.81 4.508 4.654 5.382 5.54 4.394 3.744 5.111 5.61 5.349 4.739 5.738 5.814 5.977 4.757 5.471 6.088 4.867 5.041 4.728 6.351 4.468 4.857 5.784 4.628 5.397 4.952 5.847 6.433 4.989 5.379 5.509 4.983 5.3 5.528 5.627 4.841 5.099 5.394 4.4 5.599 5.284 5.347 6.087 5.48 6.16 5.306 5.874 5.324 6.596 8.02 5.743 5.871 5.652 7.078 5.708 6.203 4.839 5.59 5.064 4.691 5.745 6.355 4.993 4.745 4.67 5.589 4.884 4.786 5.558 5.493 5.51 4.989 6.238 6.53 5.177 5.573 4.908 5.379 5.408 5.449 4.9 5.392 6.974 5.901 5.302 5.147 4.708 6.989 5.285 4.894 4.927 5.826 5.629 5.497 4.386 6.158 4.917 6.971 6.371 6.638 6.127 6.175 12.929 13.215 13.674 14.416 13.227 14.142 13.626 14.946 13.361 14.56 12.625,1595.6,0.066738,0.1774935722351074,21.54875946044922,0.00630042258932,0.0153575898776845,0.0378087318602604,0.0193597957691497,0.0120698201826676,0.0027816565817762,0.0110379679499966,0.0248631336303388,0.0145898441829022,0.0077243611055699,0.0027816565817762,0.0049842961210904,0.0054764304326588,0.0052327154849013,0.0045470665159474,0.0027816565817762,0.0049842961210904,0.0054764304326588,0.0052327154849013,0.0045470665159474,0.0027816565817762,0.0064019403122681,0.0091677317484991,0.0073023083299098,0.0053354366337182,0.0027816565817762,0.0011037967949996,0.0002486313363033,0.0007294922091451,0.0015448722211139,0.0027816565817762,0.0110379679499966,0.0248631336303388,0.0145898441829022,0.0077243611055699,0.3723619491499787,0.3999679800931655,0.4355465395959289,0.4102620199855073,0.3903961336654765,megamarket,sasrec,16,1024,128,42
14,6.009,12.404 12.01 9.975 10.5 10.111 9.251 8.943 9.191 7.431 7.818 7.842 8.008 8.07 8.197 7.26 7.684 7.012 5.866 6.376 6.919 7.853 7.073 6.831 6.389 6.999 7.313 7.919 6.234 6.414 6.537 6.533 7.299 6.462 6.574 6.32 5.987 5.903 7.19 5.855 7.316 5.802 6.626 5.705 6.374 7.086 6.048 6.306 6.688 6.731 5.092 4.883 6.665 6.43 6.563 6.339 6.586 5.64 5.162 7.257 6.853 7.083 5.199 5.995 5.237 5.837 5.701 6.275 8.315 5.942 6.659 7.013 7.06 6.246 5.963 5.746 6.466 6.66 5.933 5.679 5.826 4.753 6.547 6.237 6.48 7.049 5.936 6.937 5.778 6.492 5.646 6.036 6.143 5.978 5.35 4.775 5.706 6.207 6.529 7.069 6.621 6.535 5.068 6.201 5.603 6.239 5.356 6.615 5.718 7.365 5.594 6.219 6.583 5.569 7.285 6.186 5.584 6.61 5.987 6.059 7.09 5.01 5.799 6.756 5.717 7.338 6.288 5.657 5.713 4.997 6.372 5.042 6.214 6.905 5.528 5.741 6.062 7.383 6.886 5.929 5.744 5.111 5.398 5.222 4.482 5.26 4.778 5.529 6.6 5.482 6.383 5.781 5.614 6.108 6.529 5.939 6.133 5.834 6.409 5.881 5.707 5.043 6.708 6.125 6.101 7.201 6.41 5.73 5.076 5.983 6.273 5.221 5.437 6.728 5.514 5.472 4.487 6.81 6.545 6.05 5.629 5.648 6.223 5.291 6.466 4.927 6.529 5.463 6.599 5.8 4.349 7.188 6.949 5.932 5.577 5.47 5.449 5.724 5.687 6.293 5.402 6.28 4.957 5.984 6.103 5.529 5.727 5.625 5.754 5.605 6.079 5.595 5.743 5.058 6.853 5.847 6.601 6.218 5.754 5.322 5.525 5.965 5.958 6.378 5.589 5.262 5.882 6.48 6.127 5.706 5.548 5.107 5.043 6.045 3.801 6.801 6.288 5.921 4.606 5.983 6.65 7.628 5.834 7.05 6.562 5.759 6.219 5.805 5.47 6.031 5.507 5.473 5.762 6.657 5.321 5.574 5.354 5.765 4.919 4.806 4.782 5.568 6.122 5.822 6.609 5.567 6.258 5.05 5.057 5.671 5.253 5.285 5.956 5.553 5.005 4.779 4.82 5.566 5.151 5.941 5.799 6.438 5.076 5.787 5.791 4.933 5.316 5.828 4.235 5.468 5.748 5.498 5.944 5.625 5.865 5.248 5.936 5.392 5.336 5.245 6.388 6.164 7.075 6.049 5.526 6.715 5.342 4.444 5.818 5.466 6.4 5.456 5.739 5.616 5.308 5.211 5.525 6.829 5.001 6.341 6.25 6.341 5.647 5.886 5.965 5.464 5.218 5.827 7.69 5.048 5.887 6.048 5.074 5.949 6.665 6.569 7.193 4.778 5.714 6.294 5.065 5.32 6.659 6.264 6.123 7.578 5.286 6.069 5.22 5.399 5.675 5.622 6.107 4.485 5.917 5.383 4.479 5.387 5.187 4.357 5.428 5.4 6.703 4.459 5.574 6.364 3.988 6.092 5.387 5.429 5.141 5.016 5.682 4.671 5.492 4.949 5.599 5.509 5.838 4.903 5.099 5.808 4.834 6.18 6.233 6.162 5.087 5.507 5.998 6.826 4.92 5.483 6.471 4.705 5.934 5.265 5.808 5.893 5.932 5.725 4.677 5.936 5.544 4.753 5.164 5.759 5.671 6.18 4.487 6.067 6.009 4.935 4.716 4.924 5.563 5.867 4.512 3.984 5.317 6.134 5.569 4.963 5.959 5.868 6.291 4.943 5.523 6.283 5.025 5.194 4.887 6.644 4.516 5.085 5.954 4.762 5.648 5.202 5.974 6.651 5.2 5.562 5.742 5.326 5.344 5.711 5.701 5.026 5.401 5.555 4.63 5.796 5.388 5.624 6.307 5.559 6.34 5.691 6.181 5.598 6.726 8.176 5.794 5.943 5.757 7.201 5.654 6.419 5.034 5.78 5.179 4.833 5.877 6.517 5.163 4.974 4.726 5.726 5.043 4.914 5.731 5.662 5.586 5.056 6.51 6.558 5.264 5.739 5.001 5.354 5.5 5.436 5.095 5.343 6.935 5.953 5.398 5.067 4.703 6.935 5.171 4.855 4.652 5.642 5.568 5.389 4.295 5.642 4.916 6.648 6.127 6.054 5.317 5.181 4.824 5.056 6.541 6.653 5.268 5.836 5.127 6.198 5.143 5.638 4.669 5.099 6.245 6.211 5.942 6.194 5.294 5.992 5.951 5.832 5.111 6.071 5.222 5.506 5.619 6.528 4.982 4.561 5.593 7.504 6.418 5.1 5.022 6.52 5.93 5.656 5.541 5.142 6.276 6.101 5.534 4.946 5.886 5.736 5.487 5.882 5.818 4.77 6.537 6.741 5.046 5.208 5.198 5.27 5.95 5.773 7.321 6.189 5.278 4.525 5.888 6.498 5.33 5.859 5.917 4.813 5.562 5.886 5.586 6.709 5.734 5.998 5.476 5.164 5.469 5.966 5.738 7.242 6.087 5.474 6.48 5.711 5.398 6.239 5.992 6.213 6.054 5.889 6.397 6.64 5.99 6.796 6.178 6.492 7.317 8.656 13.691 15.723 14.411 15.696 14.226 15.021 16.145,2011.7,0.085455,0.1774935722351074,27.2112684249878,0.0068444598664072,0.0160453818794691,0.0540412427348097,0.0204534470152305,0.0127018452653885,0.0029866790788394,0.0111709555156592,0.0234335172994658,0.0144734800629474,0.0081067003568499,0.0029866790788394,0.0051788432087155,0.0056253067466073,0.0054090260297323,0.0047746230171923,0.0029866790788394,0.0051788432087155,0.0056253067466073,0.0054090260297323,0.0047746230171923,0.0029866790788394,0.0065849496814618,0.0090570597604198,0.0074212046755749,0.0055987218157247,0.0029866790788394,0.0011170955515659,0.0002343351729946,0.0007236740031473,0.0016213400713699,0.0029866790788394,0.0111709555156592,0.0234335172994658,0.0144734800629474,0.0081067003568499,0.3868843668870805,0.4104327957107515,0.4430899192473395,0.4194880660288326,0.4021717155340634,megamarket,sasrec,16,1512,128,42
15,6.112,12.47 12.112 10.088 10.625 10.235 9.478 9.206 9.485 7.585 7.944 8.087 8.194 8.324 8.471 7.532 7.936 7.263 6.069 6.7 7.316 8.314 7.455 7.14 6.561 7.325 7.553 8.11 6.486 6.849 6.818 6.812 7.504 6.87 6.944 6.567 6.087 6.073 7.359 6.016 7.533 5.954 6.914 5.996 6.46 7.191 6.145 6.442 6.801 6.878 5.333 4.997 6.696 6.625 6.688 6.514 6.872 5.855 5.508 7.422 6.889 7.262 5.312 6.111 5.192 5.894 5.622 6.311 8.341 5.984 6.759 7.223 7.04 6.336 6.004 5.869 6.521 6.67 6.09 5.897 5.954 4.829 6.652 6.531 6.673 7.168 6.103 6.991 5.756 6.671 5.827 6.082 6.266 6.067 5.456 4.76 5.968 6.362 6.542 7.102 6.756 6.63 5.156 6.325 5.705 6.318 5.549 6.728 5.848 7.605 5.708 6.302 6.711 5.668 7.366 6.325 5.734 6.787 6.122 6.147 7.119 5.165 5.941 6.795 5.853 7.333 6.39 5.815 5.858 5.08 6.352 5.03 6.304 7.11 5.644 5.876 6.302 7.291 6.912 6.025 5.841 5.292 5.53 5.307 4.568 5.486 4.77 5.558 6.792 5.522 6.518 5.825 5.715 6.301 6.711 5.958 6.121 5.949 6.39 5.944 5.808 5.103 6.726 6.358 6.162 7.302 6.29 5.879 5.163 6.052 6.352 5.232 5.429 6.973 5.637 5.516 4.664 6.821 6.565 6.174 5.682 5.711 6.214 5.29 6.522 4.958 6.548 5.568 6.531 5.853 4.497 7.245 7.044 6.043 5.577 5.452 5.522 5.818 5.684 6.335 5.367 6.187 5.051 6.078 6.263 5.52 5.738 5.679 5.79 5.644 6.166 5.739 5.727 5.115 6.784 5.782 6.828 6.189 5.864 5.365 5.594 6.058 6.125 6.285 5.597 5.352 6.058 6.521 6.081 5.635 5.669 5.228 5.069 6.139 3.9 6.83 6.365 5.765 4.716 5.978 6.687 7.581 5.819 7.07 6.49 5.756 6.189 5.948 5.59 6.118 5.538 5.543 6.069 6.739 5.378 5.521 5.391 5.84 4.908 5.012 4.831 5.602 6.135 5.913 6.683 5.596 6.333 5.155 5.085 5.713 5.335 5.291 6.066 5.475 5.174 4.962 4.995 5.599 5.157 6.213 5.827 6.551 5.066 5.916 5.816 5.026 5.53 5.9 4.504 5.608 5.843 5.707 6.106 5.748 5.96 5.38 6.017 5.556 5.487 5.279 6.428 6.42 7.256 5.978 5.711 6.86 5.418 4.457 5.866 5.541 6.517 5.631 5.768 5.746 5.47 5.269 5.547 6.879 5.088 6.437 6.194 6.352 5.701 5.755 5.967 5.433 5.305 5.874 7.786 5.174 6.063 6.063 5.201 5.988 6.777 6.559 7.271 4.866 5.79 6.36 5.123 5.39 6.777 6.44 6.225 7.747 5.398 6.049 5.273 5.59 5.833 5.708 6.17 4.61 5.925 5.319 4.745 5.532 5.295 4.393 5.572 5.514 6.766 4.562 5.641 6.721 4.07 6.252 5.41 5.528 5.317 5.009 5.705 4.792 5.629 5.114 5.823 5.448 6.042 4.953 5.211 5.818 4.812 6.296 6.228 6.228 5.212 5.64 6.127 6.933 5.121 5.547 6.468 4.877 6.051 5.406 5.885 5.974 6.121 5.76 4.843 6.128 5.664 4.874 5.205 5.855 5.687 6.214 4.581 6.435 6.159 5.194 5.038 5.004 5.625 6.087 4.644 4.272 5.365 6.191 5.632 5.053 6.163 6.108 6.31 5.082 5.763 6.632 5.33 5.502 5.042 6.821 4.755 5.195 6.166 4.968 5.774 5.375 6.211 6.726 5.356 5.778 5.931 5.52 5.643 5.928 5.829 5.134 5.545 5.77 4.831 5.947 5.678 5.689 6.353 5.817 6.575 5.813 6.516 5.887 7.068 8.406 6.084 6.195 5.967 7.457 5.958 6.597 5.198 6.001 5.544 5.11 6.133 6.763 5.375 5.009 5.24 5.996 5.247 5.161 5.84 5.919 5.799 5.336 6.739 6.945 5.493 5.926 5.301 5.698 5.695 5.757 5.453 5.764 7.334 6.147 5.643 5.349 5.023 7.173 5.504 5.195 4.872 6.005 5.826 5.565 4.635 5.925 5.211 6.914 6.485 6.429 5.769 5.451 5.127 5.335 6.701 7.159 5.575 6.072 5.361 6.464 5.586 5.835 5.147 5.363 6.739 6.395 6.352 6.532 5.712 6.369 6.329 6.166 5.41 6.508 5.52 5.905 5.977 6.826 5.236 4.863 5.999 8.01 6.797 5.368 5.368 6.931 6.361 6.134 5.946 5.608 6.665 6.639 6.01 5.389 6.098 6.267 5.895 6.264 6.119 5.103 7.005 6.991 5.454 5.628 5.484 5.644 6.233 6.297 7.542 6.711 5.562 4.633 6.248 6.822 5.695 6.231 6.13 4.996 5.847 6.161 5.985 6.966 5.671 6.323 5.649 5.325 5.633 6.215 5.933 7.372 6.229 5.404 6.369 5.662 5.379 6.249 5.896 5.951 5.523 5.647 5.918 5.659 5.49 5.97 5.39 5.096 6.741 8.122 6.045 7.818 6.378 6.135 5.623 5.864 6.805 4.537 5.314 5.977 5.627 6.366 6.174 6.011 6.033 7.064 6.027 5.762 5.851 5.496 7.323 6.225 7.181 5.82 6.176 5.587 5.102 6.353 5.639 7.304 6.711 5.538 6.652 5.433 6.5 5.496 5.229 7.525 6.154 5.847 4.806 6.058 8.252 5.954 7.277 6.36 5.932 6.031 7.368 5.787 6.307 6.979 6.377 7.116 6.774 7.513 5.654 7.594 7.69 7.018 6.91 5.197 12.001 14.759 15.143 12.962 14.889,2559.0,0.11127,0.1774935722351074,33.428436279296875,0.0068054230230627,0.0160528174686775,0.0794263442925656,0.0213048219796017,0.0125469371568785,0.0028647738103154,0.0104284416073763,0.0222698760999179,0.013742048451803,0.0077409845512777,0.0028647738103154,0.0049802787883777,0.0054201091634275,0.0052100205551715,0.0046224261364895,0.0028647738103154,0.0049802787883777,0.0054201091634275,0.0052100205551715,0.0046224261364895,0.0028647738103154,0.0062651643763637,0.0086667600675393,0.0071026637119682,0.0053969507408456,0.0028647738103154,0.0010428441607376,0.0002226987609991,0.0006871024225901,0.0015481969102555,0.0028647738103154,0.0104284416073763,0.0222698760999179,0.013742048451803,0.0077409845512777,0.3850246224783448,0.4046005347020763,0.4364237187231371,0.4126027666238835,0.397612282468917,megamarket,sasrec,16,2048,128,42
16,4.235,12.888 11.405 10.484 7.921 8.646 9.706 7.541 7.553 7.435 7.264 6.126 6.219 5.984 6.018 6.835 6.949 6.082 5.407 5.588 5.02 4.82 7.236 3.826 5.651 5.6 5.056 5.224 5.026 4.263 5.196 6.323 4.862 5.405 5.588 5.703 5.112 6.165 5.732 3.991 5.51 3.701 4.633 4.358 6.586 4.912 4.858 6.15 5.575 5.576 5.352 4.352 4.487 5.54 4.521 5.015 4.362 4.762 4.564 4.53 4.831 5.597 5.618 4.86 4.738 4.768 4.046 5.526 5.23 4.549 4.05 4.249 4.579 4.729 5.337 3.562 3.99 3.68 5.302 6.552 3.984 4.658 5.053 4.346 5.479 5.823 4.34 5.68 3.743 5.207 4.781 4.432 4.043 4.216 3.902 4.363 4.166 4.323 4.719 3.484 4.742 4.489 4.084 4.854 5.805 3.646 4.344 5.443 4.346 4.072 3.188 3.417 3.373 3.642 3.651 4.502 4.628 5.064 4.385 4.072 5.115 3.168 5.19 4.132 4.776 4.482 4.31 3.761 4.279 4.905 3.345 4.617 4.71 3.415 4.55 4.432 4.63 4.001 4.811 3.755 3.363 3.618 3.35 4.014 4.789 3.931 4.929 4.529 4.373 6.571 4.363 5.171 5.504 3.916 3.757 3.84 4.178 3.798 4.478 4.005 5.318 3.989 5.112 4.943 4.499 2.699 3.878 3.572 3.999 4.033 4.968 4.715 4.545 4.057 3.503 3.814 3.98 4.11 4.536 4.607 4.092 3.736 3.482 5.02 2.772 4.002 3.95 3.915 3.69 4.677 3.148 3.918 3.184 5.112 3.752 3.789 3.133 3.844 3.6 3.75 4.91 3.417 3.689 4.494 3.464 3.894 3.189 3.161 4.418 5.014 2.951 4.437 3.484 3.156 2.904 3.962 3.466 3.504 4.026 5.765 3.873 4.081 3.298 4.426 3.679 3.639 4.707 3.462 3.575 4.33 2.994 3.289 4.27 3.276 3.924 2.578 4.536 3.875 3.313 3.019 4.203 4.251 3.061 5.453 4.118 3.285 3.892 3.192 4.797 4.525 4.164 2.741 2.591 4.498 4.572 4.38 4.469 4.437 2.853 3.955 2.983 3.516 4.175 4.112 4.857 3.769 3.325 3.451 2.754 3.071 3.76 4.084 3.452 3.205 3.388 4.513 3.443 3.608 3.596 3.85 2.211 3.606 3.542 3.195 4.217 3.837 3.285 3.968 4.245 3.356 3.415 4.405 3.231 4.418 4.112 3.529 3.793 3.337 3.287 3.188 2.972 3.063 4.228 4.815 3.277 4.001 3.662 3.007 2.907 3.462 4.212 2.528 3.764 4.806 4.187 3.206 3.188 3.022 2.638 3.473 4.207 4.173 4.059 3.004 2.703 3.156 5.346 4.06 3.018 2.958 3.179 5.066 3.7 3.0 3.716 3.356 2.57 4.149 3.229 5.657 3.585 3.581 3.386 4.287 2.953 2.357 4.797 3.374 4.57 3.819 4.12 4.14 3.925 3.91 2.74 3.383 5.042 3.374 3.346 4.696 3.352 2.67 3.031 3.362 3.95 3.532 4.047 3.795 3.579 3.426 3.571 2.283 3.865 3.675 2.821 3.785 3.061 3.628 3.057 4.265 4.188 3.716 3.629 3.372 5.092 3.403 3.429 3.631 3.763 3.687 2.435 3.359 2.829 2.924 4.249 3.16 3.513 4.646 4.15 3.148 3.576 4.177 4.355 4.376 3.056 3.11 3.742 3.654 3.696 3.548 2.575 2.651 2.664 2.853 3.403 3.092 2.774 3.373 2.989 3.375 3.505 2.543 3.307 2.613 2.742 2.788 3.265 3.101 3.142 4.081 3.226 2.391 2.919 4.362 2.449 3.454 2.186 2.259 2.887 3.218 2.86 3.918 2.823 2.624 3.085 2.426 3.63 2.793 3.291 3.13 2.731 2.996 2.514 3.404 2.813 2.216 2.498 2.269 3.196 3.574 3.253 4.038 3.517 3.319 2.87 2.006 3.707 3.342 2.668 2.869 2.401 3.324 2.221 3.228 2.409 2.487 2.289 2.24 3.474 3.109 3.213 2.983 2.914 2.504 4.052 3.083 2.936 2.37 2.173 3.233 3.683 2.954 2.695 3.615 2.556 3.753 4.088 2.018 3.407 2.911 4.148 3.081 3.242 2.689 3.406 4.232 4.484 3.325 4.677 3.508 6.287 6.141 4.951 7.867 7.837 6.957 9.453,1016.4,0.038552,3.337860107421875e-06,15.939717769622805,0.0060897475617463,0.0194985934343747,0.0591209894290706,0.0274806984496796,0.0137211406193845,0.0014739455194272,0.0070760467229647,0.0253562958530044,0.0107498282243943,0.0044162954097125,0.0014739455194272,0.0028336488269828,0.0034225511168838,0.003086545835907,0.0024870521828431,0.0014739455194272,0.0028336488269828,0.0034225511168838,0.003086545835907,0.0024870521828431,0.0014739455194272,0.0038151051377794,0.0073723650536926,0.0047413861027342,0.0029634428917606,0.0014739455194272,0.0007076046722964,0.00025356295853,0.0005374914112197,0.0008832590819425,0.0014739455194272,0.0070760467229647,0.0253562958530044,0.0107498282243943,0.0044162954097125,0.4085201353133672,0.4192383782609305,0.4426059345954661,0.4247222796497328,0.4148802194914587,megamarket,sasrec,16,32,512,42
17,4.502,12.652 11.197 10.224 7.729 8.593 9.628 7.613 7.601 7.557 7.215 6.254 6.365 6.049 6.107 6.968 7.155 6.163 5.529 5.796 5.263 4.934 7.295 3.986 5.898 5.753 5.099 5.395 5.131 4.465 5.42 6.489 5.104 5.55 5.184 5.911 5.366 6.341 5.886 4.172 5.768 4.053 4.852 4.524 6.829 5.19 5.128 6.247 5.703 5.728 5.637 4.571 4.714 5.695 4.736 5.23 4.792 4.841 4.848 4.802 5.127 5.729 5.708 5.002 4.888 5.032 4.348 5.925 5.559 4.825 4.265 4.621 4.851 4.945 5.558 3.882 4.309 3.865 5.411 6.701 4.224 4.804 5.221 4.706 5.645 6.034 4.577 5.899 3.952 5.365 5.106 4.713 4.215 4.417 4.043 4.711 4.377 4.543 5.108 3.84 5.048 4.878 4.408 5.188 6.16 3.949 4.576 5.847 4.624 4.289 3.684 3.664 3.817 3.987 4.051 4.758 4.797 5.413 4.594 4.384 5.297 3.443 5.465 4.449 5.025 4.698 4.615 4.197 4.574 5.222 3.67 4.876 4.946 3.684 4.961 4.562 4.833 4.296 5.07 4.172 3.653 3.844 3.803 4.242 5.136 4.148 5.18 4.824 4.61 6.931 4.708 5.433 5.839 4.254 4.085 4.026 4.497 4.05 4.821 4.252 5.526 4.338 5.422 5.039 4.598 3.194 4.212 3.853 4.365 4.35 5.111 4.95 4.95 4.42 3.641 4.118 4.269 4.501 4.919 4.776 4.401 4.163 3.727 5.291 3.141 4.194 4.323 4.227 3.964 4.977 3.474 4.189 3.549 5.355 4.01 4.208 3.519 4.069 3.945 3.937 5.097 3.597 3.96 4.792 3.81 4.097 3.491 3.468 4.695 5.369 3.224 4.664 3.685 3.411 3.128 4.154 3.749 3.899 4.205 6.093 4.149 4.401 3.472 4.793 3.943 4.025 5.278 3.742 3.814 4.661 3.342 3.66 4.632 3.668 4.268 2.829 4.949 4.258 3.591 3.36 4.448 4.56 3.3 5.661 4.504 3.619 4.243 3.369 5.088 4.871 4.446 3.037 2.914 5.141 4.958 4.563 4.665 4.653 3.19 4.195 3.285 3.82 4.403 4.57 5.07 4.01 3.835 3.789 2.899 3.426 4.083 4.249 3.865 3.509 3.741 4.773 3.78 3.854 3.943 4.265 2.63 3.901 3.891 3.533 4.486 3.998 3.525 4.312 4.442 3.679 3.555 4.621 3.852 4.649 4.455 3.934 4.118 3.636 3.59 3.509 3.157 3.358 4.506 5.221 3.636 4.381 3.791 3.225 3.296 3.855 4.686 2.753 4.041 5.073 4.373 3.645 3.526 3.113 2.815 3.822 4.533 4.274 4.246 3.235 2.823 3.543 5.7 4.374 3.282 3.224 3.603 5.451 4.217 3.389 3.948 3.774 2.805 4.43 3.409 5.913 3.864 3.789 3.634 4.624 3.328 2.578 5.022 3.642 5.008 4.074 4.333 4.15 4.391 4.163 3.084 3.503 5.467 3.731 3.663 4.785 3.754 3.124 3.187 3.754 4.155 3.832 4.344 4.197 3.943 3.674 3.868 2.467 4.137 4.056 3.289 4.139 3.453 3.779 3.378 4.561 4.582 4.003 4.021 3.741 5.446 3.813 3.737 3.91 3.973 3.829 2.68 3.816 3.298 3.141 4.618 3.497 3.85 4.977 4.575 3.386 3.84 4.549 4.715 4.957 3.482 3.559 4.105 4.006 4.182 3.971 2.934 3.227 3.208 3.196 3.926 3.342 3.087 3.809 3.357 3.636 3.866 2.866 3.921 2.944 3.065 3.139 3.572 3.515 3.747 4.487 3.976 2.817 3.353 4.787 3.206 4.341 2.824 2.791 3.645 4.237 3.766 4.881 3.981 3.932 5.31 4.489 6.493 5.539 7.376 7.905 9.212 9.626 7.313,1018.5,0.039791,0.1774935722351074,16.117208003997803,0.0064900301141362,0.0219188777217354,0.0688771021030324,0.0310305726642955,0.0152919088396763,0.0016013919365206,0.0085610745395305,0.0285369151317685,0.0128443823835804,0.005513442826429,0.0016013919365206,0.0033373546240093,0.0039948867816034,0.0036280551130016,0.0029312675931467,0.0016013919365206,0.0033373546240093,0.0039948867816034,0.0036280551130016,0.0029312675931467,0.0016013919365206,0.0045519335434677,0.0084664704447966,0.0056267283029459,0.0035670264771551,0.0016013919365206,0.000856107453953,0.0002853691513176,0.000642219119179,0.0011026885652858,0.0016013919365206,0.0085610745395305,0.0285369151317685,0.0128443823835804,0.005513442826429,0.3977663473761152,0.420625706574223,0.4575124418653826,0.4307711741043011,0.4116893432228836,megamarket,sasrec,16,64,512,42
18,,12.549 11.025 10.187 7.78 8.601 9.733 7.608 7.793 7.523 7.314 6.421 6.494 6.297 6.262 7.009 7.315 6.381 5.593 5.937 5.359 5.146 7.418 4.106 5.92 5.855 5.114 5.479 5.143 4.718 5.626 6.679 5.19 5.595 5.435 6.002 5.331 6.466 5.989 4.18 5.888 4.221 5.039 4.734 6.858 5.255 5.428 6.435 5.87 5.92 6.008 4.743 4.919 5.851 4.898 5.46 4.821 5.093 5.027 4.92 5.276 5.885 5.965 5.166 5.149 5.377 4.593 6.163 5.579 4.985 4.416 4.836 4.946 5.15 5.773 4.131 4.46 4.175 5.639 6.824 4.362 5.114 5.445 4.921 5.824 6.025 4.726 6.104 4.19 5.551 5.13 4.874 4.487 4.478 4.239 4.844 4.66 4.928 5.29 4.098 5.226 5.043 4.531 5.234 6.212 4.167 4.846 5.992 4.971 4.486 3.917 4.01 3.987 4.234 4.444 4.902 5.001 5.644 4.932 4.661 5.456 3.666 5.626 4.734 5.171 4.974 4.955 4.471 4.793 5.34 3.918 5.051 5.225 3.877 5.448 4.763 5.095 4.467 5.268 4.382 3.853 4.193 4.207 4.512 5.328 4.461 5.351 5.076 4.773 7.016 5.079 5.785 6.117 4.467 4.413 4.264 4.73 4.242 5.087 4.622 5.805 4.412 5.777 5.193 4.903 3.394 4.489 4.149 4.714 4.724 5.349 5.356 5.205 4.784 3.899 4.222 4.455 4.863 5.196 4.96 4.741 4.503 3.947 5.525 3.486 4.488 4.552 4.418 4.243 5.211 3.83 4.423 3.838 5.532 4.097 4.338 3.789 4.291 4.229 4.17 5.397 4.036 4.059 4.921 4.085 4.372 3.814 3.777 4.899 5.749 3.512 4.957 3.893 3.657 3.433 4.445 3.899 4.192 4.535 6.335 4.378 4.662 3.723 5.149 4.412 4.445 5.747 4.02 4.067 4.922 3.604 3.746 5.084 4.032 4.523 3.164 5.225 4.804 3.893 3.56 4.709 4.984 3.694 6.03 4.88 3.951 4.513 3.812 5.411 5.245 4.69 3.353 3.209 5.522 4.994 4.74 5.076 5.033 3.606 4.415 3.586 3.957 4.624 4.932 5.293 4.431 4.097 4.028 3.114 3.788 4.307 4.743 4.154 3.727 4.069 5.008 4.033 4.17 4.145 4.663 2.735 4.204 4.016 3.83 4.847 4.244 3.893 4.584 4.653 3.889 4.011 5.004 4.365 4.899 4.657 4.355 4.595 3.784 3.81 3.678 3.528 3.526 4.851 5.455 3.919 4.755 4.229 3.699 3.502 4.144 5.015 3.071 4.356 5.367 4.699 3.933 3.83 3.583 3.054 4.076 4.883 4.724 4.593 3.496 3.166 3.743 6.106 4.64 3.66 3.451 3.855 5.666 4.268 3.703 4.33 4.03 3.205 4.803 3.867 6.216 4.224 4.015 3.838 4.895 3.84 2.981 5.279 3.917 5.304 4.354 4.73 4.454 4.613 4.513 3.41 3.889 5.882 4.094 3.897 5.044 4.074 3.387 3.547 4.153 4.547 4.19 4.509 4.483 4.434 4.131 4.28 2.652 4.571 4.32 3.776 4.487 3.89 4.177 3.791 4.961 4.907 4.882 4.806 4.362 6.087 5.615 5.455 6.356 4.999 5.825 4.747 6.299 6.278 9.657 11.469 12.476 12.736 14.542,1117.1,0.045605,0.1774935722351074,16.116855144500732,1.2392648680802549e-06,8.055221642521656e-06,6.753993531037389e-05,1.425154598292293e-05,4.337427038280892e-06,0.0,1.108229713855088e-05,0.0002715162798944,1.662344570782632e-05,0.0,0.0,1.847049523091813e-06,7.517091788987899e-06,2.124106951555585e-06,0.0,0.0,1.847049523091813e-06,7.517091788987899e-06,2.124106951555585e-06,0.0,0.0,3.947593890418492e-06,5.014839878879358e-05,5.209148563252196e-06,0.0,0.0,1.108229713855088e-06,2.715162798944966e-06,8.31172285391316e-07,0.0,0.0,1.108229713855088e-05,0.0002715162798944,1.662344570782632e-05,0.0,0.6924489879610369,0.6703773634153513,0.6601228921462619,0.6854588455241583,0.701660547193917,megamarket,sasrec,16,128,512,42
19,,12.492 11.023 10.238 7.963 8.748 9.923 7.917 8.021 7.775 7.653 6.653 6.807 6.57 6.62 7.385 7.63 6.618 5.822 6.181 5.561 5.376 7.522 4.305 6.023 5.98 5.206 5.601 5.191 4.734 5.855 6.732 5.343 5.719 5.681 6.236 5.588 6.675 6.259 4.373 5.983 4.539 5.17 4.881 7.014 5.489 5.552 6.763 5.927 6.023 6.147 4.871 5.118 5.981 5.093 5.585 5.057 5.221 5.177 5.11 5.373 5.88 6.082 5.287 5.279 5.427 4.773 6.286 5.826 5.213 4.561 4.94 5.216 5.333 5.909 4.29 4.592 4.301 5.866 6.877 4.4 5.349 5.613 5.152 5.91 6.213 4.88 6.313 4.235 5.573 5.335 5.034 4.685 4.823 4.499 4.986 4.696 5.159 5.381 4.28 5.455 5.296 4.809 5.414 6.287 4.437 5.11 6.054 5.093 4.736 4.136 4.237 4.261 4.485 4.559 5.135 5.2 5.987 5.031 4.929 5.526 4.034 5.786 4.904 5.381 5.243 5.25 4.667 4.957 5.494 4.173 5.153 5.52 4.302 5.767 4.936 5.344 4.738 5.569 4.527 4.077 4.401 4.543 4.807 5.556 4.655 5.757 5.273 4.955 7.232 5.356 5.969 6.26 4.632 4.761 4.651 5.14 4.435 5.445 4.703 6.001 4.74 5.933 5.359 5.147 3.701 4.73 4.459 5.0 5.036 5.493 5.537 5.45 4.936 4.167 4.346 4.924 5.341 5.525 5.246 4.977 4.729 4.109 5.724 3.918 4.657 4.749 4.564 4.426 5.285 3.985 4.617 4.047 5.906 4.237 4.579 4.216 4.536 4.562 4.366 5.695 4.31 4.297 5.191 4.459 4.658 3.981 4.119 5.306 5.983 3.809 5.171 4.201 3.964 3.764 4.72 4.132 4.427 4.724 6.513 4.677 4.915 3.984 5.467 4.591 4.754 5.832 4.247 4.471 5.232 3.89 4.016 5.329 4.403 4.832 3.467 5.349 5.31 4.219 4.028 4.943 5.186 3.951 6.409 5.088 4.24 4.886 4.02 5.78 5.592 4.793 3.667 3.505 5.939 5.408 5.048 5.33 5.318 3.89 4.752 3.836 4.324 5.091 5.308 5.555 4.656 4.299 4.365 3.37 3.996 4.68 4.863 4.387 4.208 4.276 5.312 4.324 4.519 4.469 4.877 3.106 4.487 4.449 4.164 5.039 4.597 4.229 4.799 4.886 4.087 4.206 5.262 4.67 5.37 5.006 4.496 4.752 4.099 4.182 4.052 3.778 3.796 5.175 5.698 4.308 5.1 4.507 3.982 3.837 4.459 5.279 3.278 4.71 5.637 5.101 4.381 4.206 3.793 3.471 4.326 5.19 4.909 4.885 3.827 3.594 4.011 6.555 5.028 3.953 3.751 4.255 5.959 4.578 4.031 4.553 4.345 3.576 5.415 4.075 6.665 4.501 4.352 4.152 5.153 4.372 3.367 5.709 4.165 5.464 4.616 4.96 5.025 5.068 4.945 3.845 4.397 6.2 4.254 4.362 5.559 4.719 3.991 3.973 4.851 5.127 4.848 5.637 5.39 5.827 6.068 5.957 3.485 5.703 5.394 10.552 11.53 11.83 12.069 12.569 13.072,1396.6,0.059626,0.1774935722351074,19.17809009552002,1.2392648680802549e-06,8.055221642521656e-06,6.753993531037389e-05,1.425154598292293e-05,4.337427038280892e-06,0.0,1.108229713855088e-05,0.0002715162798944,1.662344570782632e-05,0.0,0.0,1.847049523091813e-06,7.517091788987899e-06,2.124106951555585e-06,0.0,0.0,1.847049523091813e-06,7.517091788987899e-06,2.124106951555585e-06,0.0,0.0,3.947593890418492e-06,5.014839878879358e-05,5.209148563252196e-06,0.0,0.0,1.108229713855088e-06,2.715162798944966e-06,8.31172285391316e-07,0.0,0.0,1.108229713855088e-05,0.0002715162798944,1.662344570782632e-05,0.0,0.6924489879610369,0.6703773634153513,0.6601228921462619,0.6854588455241583,0.701660547193917,megamarket,sasrec,16,256,512,42
20,5.279,12.414 11.122 10.52 8.122 9.048 10.157 8.119 8.408 8.065 7.902 6.948 7.101 6.913 6.907 7.763 7.95 6.951 6.173 6.576 5.804 5.631 7.779 4.495 6.23 6.149 5.506 5.813 5.369 4.985 6.047 6.984 5.648 5.904 5.883 6.318 5.7 6.657 6.339 4.417 6.122 4.722 5.32 4.954 7.282 5.557 5.771 6.722 6.064 6.178 6.291 5.055 5.308 6.016 5.226 5.796 5.276 5.376 5.323 5.255 5.589 6.151 6.331 5.66 5.576 5.547 4.942 6.573 5.802 5.281 4.707 5.203 5.304 5.466 6.039 4.469 4.814 4.606 6.047 6.965 4.599 5.521 5.711 5.347 6.16 6.322 5.071 6.617 4.446 5.799 5.575 5.249 4.91 4.923 4.59 5.183 4.926 5.48 5.635 4.568 5.677 5.495 5.051 5.544 6.508 4.646 5.323 6.357 5.346 4.989 4.369 4.502 4.403 4.884 4.938 5.342 5.437 6.181 5.311 5.147 5.691 4.241 6.055 5.145 5.607 5.345 5.58 4.934 5.105 5.747 4.39 5.528 5.587 4.528 6.023 5.172 5.521 5.024 5.743 4.888 4.304 4.555 4.786 5.188 5.722 4.9 6.002 5.596 5.208 7.497 5.89 6.186 6.489 4.846 4.981 4.79 5.36 4.757 5.666 4.943 6.157 4.966 6.297 5.64 5.466 4.01 5.109 4.729 5.317 5.411 5.771 5.787 5.74 5.302 4.392 4.695 5.239 5.66 5.888 5.517 5.272 5.185 4.428 5.92 4.137 5.068 5.148 4.914 4.729 5.763 4.343 4.807 4.332 6.362 4.467 4.861 4.407 4.828 4.945 4.733 5.942 4.57 4.524 5.492 4.932 4.877 4.276 4.429 5.509 6.403 4.007 5.509 4.493 4.279 4.061 5.003 4.452 4.846 4.97 6.913 4.818 5.171 4.276 5.689 4.944 5.05 6.095 4.536 4.746 5.481 4.285 4.306 5.576 4.715 5.102 3.748 5.51 5.742 4.466 4.184 5.211 5.635 4.252 6.676 5.334 4.545 5.109 4.31 6.23 5.932 5.126 3.901 3.907 6.287 5.676 5.408 5.714 5.639 4.115 5.194 4.157 4.647 5.519 5.715 5.897 4.864 4.691 4.53 3.666 4.259 4.919 5.113 4.755 4.37 4.722 5.498 4.849 4.747 4.721 5.216 3.295 4.779 4.71 4.492 5.461 4.968 4.691 5.155 5.17 4.398 4.688 5.683 5.119 5.552 5.198 4.991 5.002 4.4 4.6 4.229 4.007 3.957 5.385 6.013 4.613 5.42 4.789 4.226 4.12 4.724 5.52 3.743 5.007 6.015 5.372 4.661 4.541 4.217 3.734 4.751 5.486 5.099 5.167 3.928 3.88 4.441 6.861 5.347 4.413 4.066 4.539 6.161 4.817 4.439 4.801 4.59 4.0 5.569 4.301 7.063 4.801 4.456 4.449 5.432 4.876 3.725 6.124 4.449 5.647 4.817 5.213 5.161 5.146 5.092 3.786 4.403 6.312 4.461 4.478 5.574 4.864 4.181 4.27 4.859 5.034 4.751 4.986 5.196 5.189 4.91 4.728 3.439 5.134 4.987 4.369 5.139 4.343 4.635 4.472 5.624 5.154 5.142 5.065 5.047 6.162 4.733 4.86 5.164 4.969 4.792 3.811 4.83 4.488 4.147 5.695 4.372 4.768 5.742 5.845 4.343 4.885 5.472 5.546 6.382 4.686 4.541 5.14 5.019 5.676 5.135 4.35 4.551 4.427 4.088 5.306 5.148 4.225 4.892 5.226 5.188 5.601 4.32 5.654 4.097 4.313 5.162 5.232 5.996 5.786 5.978 6.023 5.732 7.391 11.305 9.981 11.166 10.321 10.052 10.569 11.082,1822.4,0.079417,0.1774935722351074,27.32990264892578,0.0074331106787453,0.022575688101818,0.0586804307684681,0.0296890684445986,0.0167121063784962,0.0024824345590353,0.0116197885497705,0.0311800429993128,0.0162798944965312,0.0077797725912627,0.0024824345590353,0.0048058315575271,0.0054823683619965,0.0051277725254558,0.0043038100937562,0.0024824345590353,0.0048058315575271,0.0054823683619965,0.0051277725254558,0.0043038100937562,0.0024824345590353,0.0063933739314414,0.0102794263989291,0.0075698143931431,0.0051621124363304,0.0024824345590353,0.001161978854977,0.0003118004299931,0.0008139947248265,0.0015559545182525,0.0024824345590353,0.0116197885497705,0.0311800429993128,0.0162798944965312,0.0077797725912627,0.3888949809692408,0.4268253222924981,0.4714108702471128,0.4405605131349153,0.413437980008049,megamarket,sasrec,16,512,512,42
21,5.496,12.404 11.255 10.634 8.39 9.256 10.451 8.38 8.603 8.473 8.314 7.45 7.431 7.294 7.351 8.344 8.329 7.544 6.695 7.03 6.196 6.096 8.242 4.963 6.816 6.594 6.047 6.314 5.753 5.195 6.322 7.281 5.901 6.187 6.318 6.621 5.88 7.03 6.643 4.725 6.403 5.068 5.601 5.259 7.46 5.941 6.164 6.965 6.401 6.564 6.572 5.314 5.627 6.226 5.405 6.014 5.505 5.56 5.582 5.588 5.859 6.387 6.548 5.72 5.935 5.867 5.325 6.737 6.134 5.524 5.027 5.473 5.599 5.718 6.23 4.888 5.219 4.841 6.302 7.236 4.93 5.748 6.015 5.599 6.482 6.707 5.336 6.865 4.715 6.063 5.89 5.468 5.202 5.058 4.784 5.5 5.079 5.724 5.842 4.901 5.949 5.748 5.231 5.873 6.719 4.971 5.468 6.605 5.754 5.343 4.698 4.767 4.682 5.186 5.193 5.574 5.731 6.533 5.486 5.412 5.989 4.603 6.216 5.358 5.891 5.585 5.912 5.252 5.322 6.0 4.742 5.685 5.87 4.77 6.412 5.307 5.828 5.467 5.984 5.006 4.633 4.813 5.096 5.405 6.05 5.144 6.204 5.816 5.42 7.565 6.149 6.394 6.658 5.096 5.282 4.941 5.444 4.931 5.836 5.212 6.292 5.091 6.427 5.802 5.508 4.025 5.238 4.985 5.642 5.608 5.856 6.178 6.088 5.519 4.514 4.748 5.538 5.993 6.171 5.654 5.419 5.47 4.713 6.1 4.463 5.262 5.28 5.068 4.912 5.846 4.67 5.043 4.571 6.389 4.588 5.096 4.649 5.008 5.339 4.758 6.011 4.664 4.679 5.715 5.127 4.899 4.461 4.743 5.601 6.471 4.202 5.574 4.663 4.591 4.201 5.09 4.669 4.93 5.064 6.953 4.967 5.407 4.46 5.84 4.959 5.21 6.249 4.788 4.991 5.731 4.43 4.496 5.828 4.797 5.291 3.963 5.75 6.063 4.855 4.364 5.327 5.787 4.273 6.707 5.544 4.72 5.29 4.548 6.305 6.233 5.198 4.006 4.168 6.793 5.779 5.6 5.884 5.858 4.286 5.372 4.31 4.796 5.534 5.84 5.773 5.013 4.778 4.768 3.865 4.448 4.969 5.283 4.923 4.492 4.939 5.634 4.91 4.878 5.038 5.319 3.416 4.846 4.816 4.632 5.644 5.149 4.955 5.227 5.261 4.629 4.767 5.636 5.409 5.704 5.283 5.047 5.191 4.585 4.73 4.36 4.318 4.105 5.486 6.164 4.894 5.416 4.891 4.329 4.338 4.853 5.794 3.845 5.228 6.066 5.492 4.836 4.609 4.223 3.958 5.082 5.7 5.295 5.267 4.052 3.993 4.692 6.957 5.6 4.398 4.394 4.673 6.342 4.968 4.614 4.984 4.757 4.446 5.713 4.45 7.146 5.059 4.663 4.66 5.611 5.063 3.837 6.23 4.688 5.797 5.06 5.393 5.402 5.333 5.342 3.969 4.536 6.423 4.765 4.452 5.733 5.253 4.338 4.438 4.973 5.281 4.918 5.075 5.347 5.501 5.175 4.748 3.684 5.225 5.013 4.525 5.394 4.617 4.815 4.685 5.862 5.377 5.301 5.163 5.359 6.273 4.983 5.157 5.381 5.102 5.047 4.055 4.86 4.795 4.314 5.847 4.685 4.878 5.655 5.934 4.428 5.291 5.637 5.651 6.589 4.851 4.765 5.255 5.081 5.736 5.394 4.492 4.598 4.49 4.273 5.419 5.295 4.282 4.962 5.231 5.058 5.297 4.488 5.771 4.174 4.344 4.958 4.713 5.144 5.054 5.629 5.422 4.315 5.084 6.484 4.61 5.346 4.195 3.947 4.747 5.33 4.992 5.982 5.09 4.456 5.435 4.787 6.118 4.7 5.293 5.459 4.338 5.132 4.553 5.208 4.785 4.0 4.392 4.159 5.128 5.649 5.197 6.219 5.694 5.088 4.843 3.876 6.16 4.836 4.719 4.794 4.545 6.017 4.035 5.96 4.793 4.419 4.213 4.254 5.759 5.445 5.173 5.307 4.817 4.632 5.785 4.921 4.691 4.301 4.053 5.282 5.794 4.806 4.695 5.866 4.481 5.251 5.976 3.535 5.008 4.357 6.383 4.755 5.051 4.058 4.999 5.521 5.102 4.492 5.184 4.421 5.075 6.097 4.48 5.674 5.829 5.284 6.043 6.043 5.004 5.519 4.772 5.107 4.836 4.253 4.499 5.249 4.783 4.36 4.614 5.257 4.299 4.767 4.582 5.203 4.897 5.145 4.329 4.839 5.183 5.032 5.287 5.875 4.761 5.374 4.588 5.301 5.177 4.462 4.913 6.612 4.127 3.947 5.043 5.741 5.246 5.952 5.362 4.902 5.36 4.88 3.911 5.694 4.835 4.926 5.124 4.011 4.768 5.229 4.9 5.279 5.242 5.531 4.699 4.966 4.895 4.853 5.902 6.113 5.954 6.094 4.83 4.105 6.221 4.867 4.787 5.221 4.98 4.293 5.706 5.485 5.008 5.776 5.556 5.36 6.125 7.777 5.285 5.085 4.915 4.928 3.992 4.983 5.5 5.134 3.684 4.527 4.856 4.559 5.909 5.813 4.652 5.036 5.322 5.518 7.237 4.51 5.009 4.996 5.415 4.022 5.601 5.225 4.55 4.151 5.093 4.702 4.547 4.582 5.89 5.5 4.964 4.415 5.36 5.855 5.357 4.881 4.937 5.075 4.752 4.871 5.246 4.034 5.376 4.863 5.85 5.622 5.609 5.321 6.335 5.747 4.775 6.011 5.088 4.882 4.831 5.003 5.233 5.864 6.279 5.194 6.326 4.707 4.816 5.238 4.983 7.335 5.099 4.744 5.647 5.56 4.606 4.834 4.801 5.383 4.713 5.248 5.64 4.637 4.998 5.31 5.018 6.696 5.116 5.931 5.243 6.132 5.037 4.555 5.617 5.403 4.805 5.888 5.498 6.119 5.339 6.41 6.873 5.515 4.964 5.842 6.349 6.324 8.747 9.637 11.405 13.056 12.699 13.593 13.162 13.323 13.349 13.492 13.046 13.293 13.799 13.633 12.589 14.359 12.806 12.602 11.826 13.25 11.639 13.492 12.892 11.763 12.901 11.903 12.757,2731.4,0.11875,0.1774935722351074,44.76921844482422,0.0094320449109588,0.0245547940961421,0.0540226537617885,0.0309797628047042,0.0190958323522486,0.0030531728616707,0.0124675842808697,0.0299388257197951,0.0170778198905069,0.0088658377108407,0.0030531728616707,0.0055630976744415,0.0061926438365068,0.0058841085968394,0.0050837267548817,0.0030531728616707,0.0055630976744415,0.0061926438365068,0.0058841085968394,0.0050837267548817,0.0030531728616707,0.0071822294926157,0.010691743963944,0.0083492536042388,0.0060189252638578,0.0030531728616707,0.0012467584280869,0.0002993882571979,0.0008538909945253,0.0017731675421681,0.0030531728616707,0.0124675842808697,0.0299388257197951,0.0170778198905069,0.0088658377108407,0.4001960397316421,0.438084457837649,0.4738959709173838,0.4495287125063341,0.4263046845744246,megamarket,sasrec,16,1024,512,42
22,5.673 5.227,12.507 11.391 10.815 8.445 9.41 10.614 8.534 8.867 8.642 8.522 7.588 7.704 7.562 7.564 8.638 8.561 7.796 7.027 7.341 6.443 6.424 8.557 5.263 7.122 6.971 6.446 6.643 6.132 5.437 6.671 7.655 6.425 6.581 6.674 6.896 6.262 7.287 7.086 5.108 6.866 5.404 5.905 5.624 7.704 6.158 6.538 7.32 6.86 6.92 6.848 5.496 5.915 6.397 5.726 6.366 5.701 5.942 5.774 5.797 6.061 6.645 6.734 6.141 6.239 6.158 5.591 7.042 6.213 5.726 5.322 5.712 5.746 5.899 6.452 5.101 5.495 5.071 6.537 7.399 5.134 5.995 6.154 5.899 6.631 6.825 5.528 7.063 4.849 6.118 6.088 5.674 5.414 5.246 4.958 5.686 5.324 5.78 6.051 5.136 6.146 5.952 5.606 5.961 6.873 5.161 5.667 6.732 5.951 5.424 4.615 4.935 4.874 5.377 5.393 5.695 5.888 6.692 5.734 5.575 6.121 4.897 6.387 5.503 6.012 5.777 6.116 5.285 5.516 6.134 4.89 5.78 6.056 4.906 6.52 5.462 6.014 5.651 6.15 5.226 4.797 5.049 5.287 5.654 6.125 5.392 6.412 5.872 5.491 7.649 6.425 6.571 6.765 5.165 5.46 5.23 5.625 5.084 6.151 5.376 6.384 5.183 6.789 5.965 5.714 4.235 5.398 5.132 5.801 5.737 6.029 6.323 6.295 5.731 4.716 4.882 5.817 6.137 6.311 5.818 5.505 5.422 4.894 6.228 4.579 5.465 5.373 5.278 4.93 6.032 4.707 5.037 4.777 6.726 4.707 5.265 4.742 5.142 5.412 4.923 6.261 4.783 4.705 5.944 5.231 5.04 4.571 4.78 5.794 6.531 4.44 5.728 4.783 4.767 4.504 5.228 4.746 5.055 5.138 7.106 5.124 5.51 4.54 5.983 5.101 5.361 6.335 4.972 5.186 5.907 4.522 4.575 6.025 4.979 5.451 4.071 5.768 6.311 5.056 4.479 5.39 5.956 4.404 6.86 5.634 4.891 5.416 4.71 6.433 6.267 5.386 4.182 4.443 7.0 5.846 5.657 6.016 6.083 4.404 5.584 4.466 4.959 5.683 5.878 5.843 5.046 4.903 4.921 3.954 4.599 5.126 5.43 5.103 4.735 5.092 5.639 5.01 4.991 5.162 5.437 3.684 5.027 4.932 4.816 5.77 5.111 5.085 5.344 5.374 4.794 4.81 5.779 5.499 5.801 5.377 5.118 5.336 4.746 4.841 4.576 4.376 4.219 5.777 6.316 4.964 5.803 4.914 4.422 4.464 5.055 5.908 4.104 5.368 6.2 5.642 5.071 4.769 4.348 4.082 5.076 5.767 5.466 5.451 4.288 4.19 4.951 7.086 5.797 4.531 4.594 4.91 6.475 5.072 4.807 5.217 4.931 4.553 5.918 4.607 7.458 5.204 4.815 4.734 5.721 5.322 4.063 6.446 4.804 5.86 5.14 5.52 5.484 5.393 5.456 4.112 4.795 6.685 4.905 4.648 5.914 5.536 4.613 4.689 5.21 5.424 5.051 5.263 5.557 5.691 5.46 4.913 3.819 5.461 5.208 4.809 5.468 4.624 4.921 4.967 5.984 5.479 5.519 5.341 5.542 6.55 5.13 5.31 5.611 5.357 5.112 4.255 5.087 5.118 4.369 5.968 4.919 5.068 5.867 6.091 4.662 5.559 5.667 5.854 6.552 5.049 4.972 5.376 5.212 5.914 5.597 4.646 4.803 4.751 4.4 5.653 5.458 4.373 5.171 5.493 5.32 5.636 4.637 6.068 4.305 4.484 5.214 4.899 5.313 5.079 5.984 5.466 4.582 5.347 6.629 4.727 5.418 4.38 4.084 4.828 5.387 5.145 6.04 5.341 4.583 5.655 5.005 6.509 4.847 5.454 5.638 4.536 5.318 4.703 5.491 4.903 4.187 4.544 4.274 5.297 5.886 5.451 6.393 5.787 5.229 5.016 3.992 6.334 4.931 4.971 4.818 4.735 6.161 4.184 6.211 5.003 4.697 4.337 4.348 5.892 5.598 5.385 5.434 5.087 4.793 6.064 5.126 4.677 4.466 4.182 5.536 5.93 4.891 4.922 6.069 4.574 5.376 6.162 3.743 5.235 4.386 6.511 4.787 5.104 4.205 5.23 5.67 5.424 4.665 5.338 4.696 5.272 6.363 4.701 5.92 5.995 5.346 6.2 6.253 5.211 5.717 4.872 5.249 4.954 4.502 4.769 5.261 4.863 4.534 4.742 5.444 4.355 4.893 4.745 5.282 5.02 5.481 4.526 5.078 5.394 5.252 5.489 6.052 4.903 5.518 4.727 5.481 5.42 4.652 5.235 6.861 4.289 4.153 5.198 5.836 5.368 6.114 5.502 5.068 5.593 5.088 4.208 5.8 5.023 5.175 5.324 4.256 4.899 5.342 4.975 5.439 5.381 5.548 4.929 5.164 5.123 5.089 6.206 6.369 6.276 6.276 5.147 4.249 6.26 4.953 4.999 5.465 5.073 4.46 5.846 5.549 5.254 5.902 5.55 5.486 6.256 7.879 5.412 5.272 5.098 5.111 4.119 5.214 5.637 5.227 3.856 4.618 4.991 4.884 6.056 5.981 4.745 5.135 5.481 5.696 7.42 4.628 5.059 5.219 5.487 4.131 5.619 5.308 4.704 4.397 5.222 4.798 4.75 4.713 6.079 5.639 5.162 4.532 5.495 6.028 5.445 5.167 5.065 5.167 4.9 4.996 5.525 4.194 5.43 4.967 5.96 5.724 5.856 5.488 6.391 5.868 5.071 6.247 5.2 5.037 5.112 5.102 5.402 6.069 6.464 5.373 6.387 4.826 4.889 5.371 5.075 7.487 5.215 4.895 5.816 5.671 4.646 5.002 4.838 5.44 4.852 5.429 5.756 4.724 5.051 5.41 5.214 6.679 5.161 5.983 5.343 6.225 4.824 4.604 5.461 5.211 4.63 5.775 4.837 5.961 5.139 6.278 5.539 4.94 3.778 5.258 5.59 5.83 5.934 4.458 4.507 5.517 4.121 5.139 5.07 5.615 5.006 5.095 5.047 5.63 5.083 5.806 5.214 5.007 4.633 4.304 4.286 5.094 4.242 4.863 5.278 4.434 5.67 5.487 4.802 4.102 6.069 4.965 5.195 5.274 5.082 4.086 5.134 5.196 4.276 4.254 5.443 6.084 4.661 5.517 4.788 4.752 5.469 5.059 4.05 3.865 6.03 4.584 4.336 5.061 5.155 6.04 6.21 4.814 4.691 5.737 5.693 5.578 5.166 5.118 4.767 6.196 5.263 4.084 4.333 4.668 5.338 6.045 6.608 4.646 6.514 5.12 5.866 4.23 5.598 6.707 4.688 4.592 4.951 5.851 6.849 5.935 3.833 5.693 6.204 5.652 5.261 5.371 4.592 3.96 5.363 4.959 4.683 6.297 4.73 4.28 4.94 4.19 4.75 4.505 4.812 5.17 5.426 4.948 5.554 5.564 5.644 4.51 4.884 6.331 5.841 3.473 6.835 5.767 4.459 4.534 3.798 5.102 5.442 5.474 6.301 6.625 5.175 4.531 5.097 4.364 3.917 4.88 5.503 5.069 5.62 6.074 4.07 4.594 5.533 5.154 4.58 4.346 5.061 6.012 5.331 4.523 4.746 5.449 5.827 6.367 5.263 4.662 4.966 4.496 5.754 4.868 6.464 4.754 6.775 4.469 5.231 4.65 4.614 6.452 4.775 4.723 6.371 3.17 4.844 6.216 4.629 6.046 4.639 4.858 5.77 5.198 5.018 5.126 3.702 5.051 6.106 4.544 5.489 5.0 5.072 5.412 4.276 4.636 5.715 4.504 5.348 5.796 4.724 4.443 6.42 4.675 4.975 5.007 4.503 5.726 3.938 4.683 5.36 5.194 5.092 5.925 4.518 6.335 4.478 5.999 5.522 5.479 5.116 5.96 5.105 5.372 3.996 7.262 4.97 4.861 5.886 4.453 6.072 4.101 6.066 4.424 4.434 4.02 5.273 4.213 5.201 5.792 4.719 4.478 5.594 4.813 6.434 4.635 5.848 4.56 5.137 5.045 4.032 4.564 3.709 5.739 5.188 6.048 4.82 4.373 6.109 6.009 4.323 5.59 4.782 5.315 6.462 4.74 3.704 3.626 4.53 5.212 5.006 5.807 5.54 5.392 4.688 4.548 5.243 4.43 4.417 4.471 4.649 4.945 4.352 4.901 4.694 4.815 5.296 4.993 5.625 3.93 5.192 5.201 5.687 5.407 4.955 4.555 4.275 4.885 7.067 5.208 4.789 5.754 5.401 4.873 5.566 5.379 4.514 6.848 5.518 5.148 4.826 4.764 5.461 5.413 6.2 3.812 5.735 6.058 4.261 5.386 4.976 5.705 4.454 5.14 5.692 5.053 5.5 5.333 4.726 4.61 6.493 6.026 5.209 5.0 4.531 5.049 4.75 6.026 4.658 4.724 4.16 5.143 5.437 5.212 4.794 5.96 5.22 4.825 5.129 4.946 5.465 5.804 5.504 5.065 6.096 4.914 5.539 4.94 5.369 5.193 5.524 6.203 5.028 5.015 5.115 5.436 5.415 6.775 4.471 3.981 4.478 4.332 4.244 5.226 5.071 4.622 4.932 5.149 4.843 5.384 5.734 5.289 5.514 4.933 5.397 4.674 5.548 6.14 4.907 5.197 4.348 4.915 4.542 4.969 5.236 4.479 5.253 4.027 4.57 5.337 4.847 4.97 4.993 5.677 5.11 5.795 5.644 4.81 7.027 4.853 4.654 4.222 5.137 4.749 6.201 7.427 5.889 6.433 6.172 5.229 4.656 12.834 11.907 12.724 14.019 13.202 13.644 13.603 14.537 14.557 13.017 13.331 14.097 13.511 14.024 11.967 13.734 13.54 14.604 14.399 14.481 13.97,4012.9,0.17781,0.1774935722351074,61.57826328277588,0.0102778431834235,0.0265834706851895,0.0844249191379673,0.0345538026842477,0.0204652200314773,0.0031252077930713,0.0123068909723607,0.0278331892634705,0.0166899394906576,0.0086054037280847,0.0031252077930713,0.0055138188329391,0.0060818519085104,0.0058140281102806,0.0050220353008104,0.0031252077930713,0.0055138188329391,0.0060818519085104,0.0058140281102806,0.0050220353008104,0.0031252077930713,0.0071021822112181,0.0102370543194351,0.0082053896449954,0.0059072569247578,0.0031252077930713,0.001230689097236,0.0002783318926347,0.0008344969745328,0.0017210807456169,0.0031252077930713,0.0123068909723607,0.0278331892634705,0.0166899394906576,0.0086054037280847,0.4045414506230161,0.4385021502875693,0.473568138778428,0.4493056458206725,0.4276798190804567,megamarket,sasrec,16,1512,512,42
23,6.861 2.911 1.652 1.008 0.606 0.362 0.235 0.177 0.149 0.133 0.122 0.115 0.11 0.106,9.217 7.485 6.273 5.512 4.98 4.477 3.482 3.228 3.021 2.802 2.661 2.523 1.806 1.735 1.699 1.621 1.693 1.579 1.579 1.011 0.989 0.999 1.026 1.039 1.003 0.591 0.604 0.616 0.605 0.629 0.623 0.379 0.368 0.342 0.352 0.355 0.378 0.375 0.213 0.228 0.246 0.24 0.237 0.243 0.17 0.165 0.175 0.179 0.173 0.188 0.179 0.141 0.143 0.149 0.151 0.149 0.154 0.124 0.128 0.128 0.131 0.141 0.137 0.122 0.117 0.118 0.117 0.124 0.128 0.125 0.113 0.111 0.125 0.116 0.118 0.119 0.11 0.106 0.116 0.111 0.112 0.111 0.102 0.099 0.107 0.099 0.113 0.112 0.105,222.15,0.64302,3.337860107421875e-06,65.44507598876953,0.0238471738564683,0.1016823020584189,0.3043200773301278,0.1463305367256143,0.0682017027499287,0.0046434825010528,0.0199038056608373,0.0495378682093224,0.0273455681893742,0.0135481082518784,0.0046434825010528,0.0086061447467624,0.0096432847673236,0.009118342423376,0.0077594550465087,0.0046434825010528,0.0086061447467624,0.0096432847673236,0.009118342423376,0.0077594550465087,0.0046434825010528,0.011245518661794,0.0171504123959102,0.0131218960519164,0.0091915442816292,0.0046434825010528,0.0019903805660837,0.0004953786820932,0.0013672784094687,0.0027096216503756,0.0046434825010528,0.0199038056608373,0.0495378682093224,0.0273455681893742,0.0135481082518784,0.4565534578624935,0.4705797593728006,0.4942199965088678,0.4765345608452671,0.4656416989654862,megamarket,sasrec,1024,32,512,42
24,7.169 3.137 1.769 1.05 0.6 0.342 0.222 0.173 0.148 0.133 0.124 0.118 0.113 0.11 0.107 0.105,9.287 7.703 6.752 5.927 5.319 4.691 3.639 3.481 3.189 2.952 2.855 2.746 1.878 1.78 1.734 1.784 1.66 1.742 1.68 1.042 1.038 1.063 1.069 1.088 1.026 0.577 0.588 0.604 0.594 0.604 0.613 0.322 0.333 0.338 0.349 0.347 0.347 0.369 0.206 0.213 0.221 0.229 0.227 0.236 0.162 0.161 0.172 0.18 0.174 0.183 0.18 0.146 0.148 0.147 0.147 0.15 0.15 0.133 0.132 0.13 0.136 0.139 0.137 0.12 0.128 0.121 0.126 0.124 0.123 0.129 0.115 0.117 0.122 0.117 0.114 0.115 0.103 0.108 0.11 0.101 0.114 0.114 0.11 0.112 0.11 0.111 0.114 0.114 0.105 0.104 0.104 0.101 0.107 0.11 0.121 0.099 0.102 0.103 0.103 0.108 0.109 0.114,123.81,0.33863,3.337860107421875e-06,64.07450819015503,0.025772991461465,0.1074188591327624,0.299846331156358,0.1522294374976763,0.0729288785892208,0.0047543054724383,0.0196489128266507,0.0479586408670789,0.0273455681893742,0.0138861183146042,0.0047543054724383,0.0086737291683597,0.0096926738692261,0.0092014225839454,0.0079075884182606,0.0047543054724383,0.0086737291683597,0.0096926738692261,0.0092014225839454,0.0079075884182606,0.0047543054724383,0.0112441510132947,0.0169317206017635,0.0131820418705188,0.0093836104331013,0.0047543054724383,0.001964891282665,0.0004795864086707,0.0013672784094687,0.0027772236629208,0.0047543054724383,0.0196489128266507,0.0479586408670789,0.0273455681893742,0.0138861183146042,0.4618064175474606,0.4761462837224148,0.5019498066214588,0.4824245042751862,0.4711691937001476,megamarket,sasrec,1024,32,256,42
25,7.514 3.418 1.913 1.095 0.585 0.318 0.21 0.169 0.148 0.135 0.127 0.121 0.117 0.113,9.606 8.226 7.039 6.395 5.688 5.157 3.979 3.674 3.64 3.33 3.111 3.034 2.012 1.954 1.983 1.954 1.902 1.789 1.903 1.124 1.087 1.075 1.093 1.091 1.128 0.564 0.548 0.596 0.584 0.611 0.598 0.301 0.302 0.304 0.331 0.332 0.322 0.322 0.207 0.205 0.203 0.203 0.216 0.223 0.168 0.158 0.167 0.156 0.165 0.174 0.185 0.142 0.148 0.145 0.143 0.142 0.15 0.13 0.141 0.139 0.141 0.142 0.145 0.125 0.119 0.121 0.12 0.136 0.132 0.125 0.121 0.109 0.121 0.124 0.124 0.13 0.105 0.125 0.114 0.123 0.122 0.123 0.111 0.108 0.118 0.114 0.114 0.113 0.114,79.047,0.19932,3.337860107421875e-06,73.16297149658203,0.0233613820281808,0.0975623660044861,0.2597393825982427,0.1364498779324105,0.0668837445627253,0.0045104949353902,0.0188676108783828,0.0457809694793536,0.0261043509098565,0.013298756566261,0.0045104949353902,0.0083272798484082,0.0092931387952546,0.0088247616207614,0.0075901729577173,0.0045104949353902,0.0083272798484082,0.0092931387952546,0.0088247616207614,0.0075901729577173,0.0045104949353902,0.0107973009267622,0.0161992063752627,0.0126208666307771,0.0090025886447501,0.0045104949353902,0.0018867610878382,0.0004578096947935,0.0013052175454928,0.0026597513132522,0.0045104949353902,0.0188676108783828,0.0457809694793536,0.0261043509098565,0.013298756566261,0.4434839369189875,0.454172803309318,0.4759593260893693,0.4587878765466623,0.4509504036659676,megamarket,sasrec,1024,32,128,42
26,7.653 3.53 2.024 1.193 0.665 0.373 0.244 0.193 0.168 0.154 0.144 0.139,9.957 8.418 7.158 6.483 5.766 5.254 4.059 3.779 3.741 3.439 3.236 3.179 2.113 2.058 2.084 2.087 2.021 1.906 2.034 1.197 1.191 1.177 1.195 1.199 1.232 0.642 0.617 0.666 0.663 0.679 0.684 0.356 0.356 0.346 0.38 0.391 0.39 0.383 0.23 0.239 0.243 0.243 0.245 0.265 0.187 0.183 0.191 0.176 0.196 0.198 0.208 0.16 0.165 0.166 0.166 0.17 0.177 0.156 0.146 0.158 0.154 0.156 0.166 0.139 0.141 0.139 0.143 0.153 0.155 0.149 0.135 0.128 0.137 0.144 0.136 0.147,110.36,0.29745,0.1694259643554687,45.55036211013794,0.0246818187451203,0.1097561126739618,0.2969507887920885,0.155127458391682,0.0738391186348258,0.0049482456723629,0.0208291774719063,0.0492441873351508,0.0283429749318438,0.0142961633087306,0.0049482456723629,0.0090811970886277,0.0100992842914043,0.0096004967118747,0.0082112433598569,0.0049482456723629,0.0090811970886277,0.0100992842914043,0.0096004967118747,0.0082112433598569,0.0049482456723629,0.0118268368610489,0.0175271781738056,0.0137238383121785,0.0097163238963676,0.0049482456723629,0.0020829177471906,0.0004924418733515,0.0014171487465921,0.0028592326617461,0.0049482456723629,0.0208291774719063,0.0492441873351508,0.0283429749318438,0.0142961633087306,0.4509322978256183,0.466767409592381,0.4927389296707216,0.4727648810977624,0.4618751726694536,megamarket,sasrec,1024,64,128,42
27,7.924 3.771 2.095 1.148 0.562 0.294 0.203 0.167,9.859 8.566 7.64 6.972 6.238 5.694 4.266 3.949 3.852 3.733 3.34 3.461 2.29 2.21 2.171 2.083 2.017 2.051 1.999 1.123 1.12 1.172 1.154 1.11 1.194 0.542 0.552 0.544 0.572 0.589 0.575 0.301 0.274 0.278 0.295 0.298 0.309 0.289 0.204 0.199 0.204 0.198 0.219 0.21 0.164 0.167 0.17 0.169 0.171 0.174 0.167,53.0,0.1183,3.337860107421875e-06,67.0492615699768,0.0228099091618851,0.0939368966329173,0.2227702526861066,0.1262841882195481,0.0659896149604055,0.0046711882438991,0.0185018950728106,0.0437252033601524,0.024846510184631,0.0129274996121196,0.0046711882438991,0.00831845359033,0.0092076171382782,0.0087589495256007,0.0075759506763895,0.0046711882438991,0.00831845359033,0.0092076171382782,0.0087589495256007,0.0075759506763895,0.0046711882438991,0.0107012137595505,0.0157367425572339,0.0123056836538629,0.0089001177408369,0.0046711882438991,0.001850189507281,0.0004372520336015,0.0012423255092315,0.0025854999224239,0.0046711882438991,0.0185018950728106,0.0437252033601524,0.024846510184631,0.0129274996121196,0.4287825818876726,0.4326289584923241,0.4470176995043429,0.4347868247879006,0.4318729307315418,megamarket,sasrec,1024,32,64,42
28,8.068 3.868 2.187 1.227 0.624 0.333 0.226 0.185 0.166,10.183 8.811 7.77 7.058 6.331 5.786 4.341 4.02 3.928 3.83 3.44 3.598 2.369 2.287 2.246 2.186 2.111 2.15 2.115 1.195 1.194 1.252 1.248 1.201 1.268 0.587 0.613 0.602 0.628 0.654 0.629 0.317 0.303 0.309 0.339 0.34 0.345 0.337 0.228 0.225 0.237 0.228 0.235 0.239 0.176 0.18 0.192 0.193 0.187 0.191 0.186 0.162 0.165 0.168 0.175 0.163 0.176,67.486,0.16361,0.1694259643554687,30.36129713058472,0.022268350414534,0.1005186323472915,0.2568171960393094,0.1394501381780327,0.0682196720905159,0.0050202806037635,0.0197929826894518,0.0463849546734047,0.0268856528581244,0.0138085422346343,0.0050202806037635,0.0088593400544826,0.0098181722934582,0.0093503103345875,0.0080646799801996,0.0050202806037635,0.0088593400544826,0.0098181722934582,0.0093503103345875,0.0080646799801996,0.0050202806037635,0.0114149852993754,0.0167595652081771,0.0132067868597072,0.009483704197141,0.0050202806037635,0.0019792982689451,0.000463849546734,0.0013442826429062,0.0027617084469268,0.0050202806037635,0.0197929826894518,0.0463849546734047,0.0268856528581244,0.0138085422346343,0.4298154978511714,0.4387161018365088,0.4568281855973618,0.4418149947281688,0.4368137356709954,megamarket,sasrec,1024,64,64,42
29,8.189 3.981 2.291 1.317 0.699 0.384 0.259 0.211 0.187 0.175 0.166,10.452 8.935 7.87 7.155 6.427 5.891 4.438 4.131 4.045 3.941 3.575 3.725 2.45 2.362 2.348 2.28 2.225 2.269 2.235 1.262 1.283 1.351 1.349 1.309 1.394 0.654 0.673 0.672 0.69 0.736 0.725 0.377 0.347 0.362 0.38 0.385 0.413 0.393 0.258 0.251 0.267 0.259 0.277 0.278 0.197 0.208 0.214 0.204 0.215 0.219 0.224 0.174 0.188 0.182 0.198 0.191 0.197 0.173 0.174 0.168 0.173 0.172 0.174 0.162 0.154 0.161 0.168 0.174 0.182 0.176,102.14,0.27256,0.1694259643554687,48.82318449020386,0.0280495210241284,0.1323435737920265,0.3207514902160038,0.1831918505942275,0.0887796958844013,0.005291796883658,0.0213445042888489,0.0475485958729525,0.0281989050690427,0.0150553006627213,0.005291796883658,0.0095123512201609,0.0104487140766573,0.0099858241941418,0.0086779927743422,0.005291796883658,0.0095123512201609,0.0104487140766573,0.0099858241941418,0.0086779927743422,0.005291796883658,0.0122828023461743,0.01753678475351,0.0140131809443413,0.0102540302601272,0.005291796883658,0.0021344504288848,0.0004754859587295,0.0014099452534521,0.0030110601325442,0.005291796883658,0.0213445042888489,0.0475485958729525,0.0281989050690427,0.0150553006627213,0.4655568111110239,0.4852069465556759,0.5077667986499822,0.4900586574037445,0.4804876710846834,megamarket,sasrec,1024,128,64,42
30,8.346 4.149 2.29 1.189 0.533 0.276 0.199 0.169,10.052 8.907 7.86 7.421 6.863 6.218 4.713 4.287 4.143 4.083 3.834 3.852 2.336 2.365 2.292 2.281 2.157 2.287 2.19 1.193 1.174 1.182 1.227 1.179 1.155 0.515 0.511 0.539 0.542 0.52 0.577 0.268 0.267 0.258 0.277 0.288 0.31 0.298 0.193 0.18 0.199 0.207 0.215 0.224 0.157 0.157 0.167 0.163 0.16 0.172 0.178,41.806,0.083297,3.337860107421875e-06,74.80643892288208,0.0254105064875515,0.0987842811644132,0.203412935446693,0.1267328021017932,0.0722330313657938,0.0051255624265797,0.0177870869073741,0.0393033668018706,0.0233337766252188,0.0129662876521045,0.0051255624265797,0.0085313942127892,0.0092983447199201,0.0089150565855116,0.0078863473487451,0.0051255624265797,0.0085313942127892,0.0092983447199201,0.0089150565855116,0.0078863473487451,0.0051255624265797,0.0107038564445003,0.0150144733840192,0.0121046408521712,0.0091432931463156,0.0051255624265797,0.0017787086907374,0.0003930336680187,0.0011666888312609,0.0025932575304209,0.0051255624265797,0.0177870869073741,0.0393033668018706,0.0233337766252188,0.0129662876521045,0.4362873082350135,0.4319863761782439,0.439368327305088,0.4309085373184436,0.435137953030612,megamarket,sasrec,1024,32,32,42
31,8.491 4.232 2.362 1.251 0.576 0.302 0.216 0.185,10.309 9.17 8.028 7.535 6.96 6.31 4.773 4.359 4.233 4.153 3.935 3.957 2.389 2.425 2.366 2.354 2.249 2.379 2.284 1.242 1.222 1.228 1.28 1.261 1.222 0.552 0.562 0.578 0.579 0.562 0.636 0.297 0.297 0.293 0.297 0.306 0.327 0.338 0.208 0.191 0.224 0.213 0.21 0.25 0.177 0.176 0.173 0.179 0.177 0.196 0.193,49.673,0.10823,0.1694259643554687,21.179311275482178,0.0257358135154226,0.1069479384828919,0.2296630438823689,0.1397463224815039,0.0764415748577943,0.0050812332380255,0.0187955759469822,0.0416084846066892,0.0251568145045104,0.0134428264290622,0.0050812332380255,0.0087432485942194,0.009571702625202,0.0091834937438007,0.0080333724907832,0.0050812332380255,0.0087432485942194,0.009571702625202,0.0091834937438007,0.0080333724907832,0.0050812332380255,0.0110986285176403,0.0156891145543331,0.0127053609585209,0.0093721739286446,0.0050812332380255,0.0018795575946982,0.0004160848460668,0.0012578407252255,0.0026885652858124,0.0050812332380255,0.0187955759469822,0.0416084846066892,0.0251568145045104,0.0134428264290622,0.4440918632751656,0.4450818925119673,0.4539109033122137,0.4445463440859248,0.4470174138995932,megamarket,sasrec,1024,64,32,42
32,8.619 4.343 2.454 1.327 0.636 0.339 0.242 0.205,10.553 9.332 8.141 7.63 7.083 6.428 4.867 4.435 4.316 4.26 4.072 4.042 2.472 2.481 2.447 2.452 2.341 2.481 2.39 1.294 1.294 1.305 1.374 1.337 1.32 0.602 0.604 0.64 0.637 0.643 0.701 0.322 0.317 0.312 0.343 0.352 0.369 0.377 0.233 0.206 0.257 0.238 0.257 0.28 0.195 0.187 0.197 0.187 0.209 0.222 0.217,67.127,0.16283,0.1694259643554687,31.5956826210022,0.0262482495383738,0.1166879407135687,0.2599884748367269,0.155173311191801,0.0813038305677072,0.005131103575149,0.0203249329521023,0.043736285657291,0.0266418423210763,0.0143404924972848,0.005131103575149,0.0091486319871684,0.0099924098262558,0.0095826359222083,0.0083542973454204,0.005131103575149,0.0091486319871684,0.0099924098262558,0.0095826359222083,0.0083542973454204,0.005131103575149,0.0117659163620136,0.0164710218004693,0.0133574814291541,0.0098350939448114,0.005131103575149,0.0020324932952102,0.0004373628565729,0.0013320921160538,0.0028680984994569,0.005131103575149,0.0203249329521023,0.043736285657291,0.0266418423210763,0.0143404924972848,0.4513635569542908,0.458077147378401,0.4705868349373924,0.4587101475498989,0.4583669909445657,megamarket,sasrec,1024,128,32,42
33,8.735 4.458 2.552 1.409 0.701 0.385 0.273 0.229,10.757 9.463 8.233 7.753 7.193 6.551 4.974 4.552 4.421 4.37 4.178 4.196 2.55 2.574 2.542 2.533 2.442 2.591 2.508 1.366 1.353 1.387 1.448 1.455 1.411 0.649 0.657 0.698 0.71 0.704 0.793 0.346 0.363 0.364 0.39 0.398 0.428 0.432 0.245 0.222 0.295 0.256 0.288 0.314 0.211 0.21 0.219 0.219 0.224 0.244 0.249,108.92,0.29416,0.1694259643554687,52.43115377426148,0.0272464773896124,0.1260288996567236,0.280883719777428,0.1689056051949983,0.0867194180412179,0.0055688543121218,0.0212669282088791,0.0457366402907994,0.0279052241948711,0.0153434403883236,0.0055688543121218,0.0097768707005524,0.0106657930835852,0.0102368738420576,0.0089853418149847,0.0055688543121218,0.0097768707005524,0.0106657930835852,0.0102368738420576,0.0089853418149847,0.0055688543121218,0.0124734215556685,0.0174021556256021,0.0141509674291759,0.0105569806421165,0.0055688543121218,0.0021266928208879,0.0004573664029079,0.0013952612097435,0.0030686880776647,0.0055688543121218,0.0212669282088791,0.0457366402907994,0.0279052241948711,0.0153434403883236,0.4573403578100099,0.471575951077809,0.489431727929121,0.4740510022980331,0.4696300824702117,megamarket,sasrec,1024,256,32,42
0,,13.635 12.91 11.798 10.703 11.029 9.775 9.747 10.014 8.437 9.199 7.97 8.369 7.393 7.234 8.0 5.334 7.174 5.893 7.11 6.746 6.741 6.569 5.582 6.574 6.778 5.326 6.466 5.802 6.228 6.771 5.324 5.796 6.707 5.366 5.258 6.029 5.877 5.111 5.68 6.499 6.492 5.787 5.297 6.575 6.346 5.984 5.656 5.203 5.797 6.073 4.491 6.142 5.195 6.049 6.172 5.822 5.953 4.514 6.759 4.99 5.569 5.226 4.736 5.735 5.386 5.684 5.458 5.629 5.771 5.804 5.287 5.26 4.783 5.95 5.687 5.815 6.03 4.714 5.815 6.253 5.712 5.283 5.403 5.939 4.839 4.636 6.092 5.092 5.974 6.901 5.504 6.391 5.349 5.577 4.601 5.117 4.446 4.459 5.608 4.793 6.805 5.442 4.282 6.103 5.636 5.02 4.787 4.899 5.735 5.745 4.562 5.482 5.529 4.056 6.155 5.206 4.06 5.048 6.1 4.95 6.084 4.806 5.685 5.24 5.658 6.064 6.07 5.012 5.833 4.951 4.821 5.5 5.799 5.124 6.146 4.411 4.922 5.357 4.552 4.683 6.265 6.316 6.049 5.084 4.942 6.193 5.341 3.843 6.315 4.41 5.501 4.117 4.886 4.775 4.977 5.046 6.4 5.779 5.239 5.524 4.92 5.286 5.149 5.365 3.824 5.62 5.016 4.393 6.059 5.25 5.544 5.546 5.24 5.382 5.225 4.809 5.623 6.6 4.728 4.908 5.686 6.179 4.541 4.041 4.989 6.155 3.581 6.512 6.456 5.813 3.532 5.243 4.241 5.049 4.333 4.282 5.752 5.93 4.67 4.801 5.583 6.241 5.761 6.136 6.019 5.641 4.601 5.182 5.95 5.989 3.738 5.984 5.421 4.599 5.609 5.317 5.637 4.016 5.572 4.248 6.222 7.951 6.763 5.387 6.098 5.88 5.347 5.782 5.443 4.854 4.953 5.825 4.557 4.977 5.0 4.355 5.154 5.697 5.215 5.753 4.889 4.868 5.746 4.785 5.55 5.656 5.902 4.79 5.244 5.113 4.736 3.793 4.693 5.587 3.345 5.473 4.822 6.145 5.046 4.822 4.566 6.015 5.268 4.854 5.298 4.347 5.229 4.963 5.239 5.229 4.97 4.744 4.12 5.084 5.233 4.358 5.176 5.438 4.701 5.738 5.461 5.487 4.658 4.503 4.518 5.073 5.266 4.658 6.056 5.496 4.756 6.084 5.949 5.515 6.41 4.713 4.594 6.409 5.256 5.697 4.294 4.774 4.917 5.538 4.603 6.727 4.59 5.983 5.569 4.708 5.296 4.99 4.405 5.859 4.857 5.047 6.799 5.748 4.761 4.819 5.47 5.362 5.122 5.416 5.286 5.45 6.342 5.363 8.916 7.42 6.411 7.51 9.09 9.112 9.648 7.849 8.481 6.457 6.261 5.846 6.429 7.512 8.402 7.988,763.53,0.029312,3.337860107421875e-06,15.68187427520752,1.2392648680802549e-06,8.055221642521656e-06,6.753993531037389e-05,1.425154598292293e-05,4.337427038280892e-06,0.0,1.108229713855088e-05,0.0002715162798944,1.662344570782632e-05,0.0,0.0,1.847049523091813e-06,7.517091788987899e-06,2.124106951555585e-06,0.0,0.0,1.847049523091813e-06,7.517091788987899e-06,2.124106951555585e-06,0.0,0.0,3.947593890418492e-06,5.014839878879358e-05,5.209148563252196e-06,0.0,0.0,1.108229713855088e-06,2.715162798944966e-06,8.31172285391316e-07,0.0,0.0,1.108229713855088e-05,0.0002715162798944,1.662344570782632e-05,0.0,0.6924489879610369,0.6703773634153513,0.6601228921462619,0.6854588455241583,0.701660547193917,megamarket,sasrec,16,32,64,42
1,,13.342 12.538 11.423 10.232 10.846 9.163 9.398 9.683 8.017 8.901 7.384 7.883 7.036 7.0 7.868 4.986 6.904 5.874 7.016 6.82 6.665 6.632 5.763 6.654 6.86 5.274 6.579 5.937 6.379 6.798 5.434 5.955 6.748 5.452 5.383 6.217 5.89 5.138 5.896 6.621 6.625 5.891 5.608 6.759 6.498 6.312 5.979 5.377 6.081 6.111 4.901 6.512 5.289 6.245 6.347 5.973 6.227 4.899 6.919 5.151 5.861 5.755 4.973 5.921 5.692 5.98 5.763 5.944 5.859 6.047 5.547 5.574 5.248 6.314 6.066 6.099 6.323 4.907 5.975 6.47 5.785 5.577 5.651 6.108 5.049 4.962 6.124 5.476 6.204 6.874 5.713 6.406 5.439 5.731 5.183 5.199 4.522 4.543 5.678 4.973 7.111 5.361 4.556 6.221 5.832 5.132 5.085 5.325 6.172 5.947 4.885 5.769 5.835 4.418 6.314 5.467 4.088 5.181 6.407 5.164 6.418 5.114 6.011 5.714 5.824 6.387 6.103 5.359 6.22 5.263 5.219 5.559 5.942 5.381 6.2 4.425 5.183 5.629 4.762 4.774 6.223 6.693 6.438 5.177 5.295 6.348 5.449 3.93 6.721 4.842 5.893 4.339 5.197 4.952 5.02 5.107 6.394 6.233 5.484 5.829 5.248 5.539 5.157 5.623 3.913 5.889 5.35 4.773 6.326 5.551 5.81 5.79 5.352 5.669 5.117 4.933 5.636 6.826 4.944 5.148 5.811 6.212 4.905 4.237 5.082 6.405 3.72 6.777 6.393 6.045 4.011 5.226 4.347 5.199 4.776 4.3 6.216 6.345 4.816 4.978 5.841 6.285 5.845 6.178 6.451 5.79 4.778 5.476 6.028 6.312 3.895 6.151 5.712 4.779 5.945 5.823 5.766 4.227 5.88 4.476 6.36 8.058 6.921 5.445 6.594 6.001 5.574 5.84 5.48 5.151 5.164 5.776 4.789 5.28 5.24 4.466 5.355 6.032 5.549 5.992 5.106 5.192 5.936 4.957 5.679 5.946 6.183 5.092 5.422 5.437 4.776 4.046 4.828 5.922 3.73 5.915 4.998 6.29 5.63 5.076 4.787 6.247 5.49 5.151 5.683 4.794 5.527 5.27 5.467 5.435 5.491 5.205 4.532 5.563 5.851 4.598 5.602 5.794 5.08 6.297 6.071 5.825 5.091 5.137 4.896 5.931 6.04 5.289 6.536 6.007 5.875 8.403 8.455 9.18 9.441 7.488 7.389 9.237 8.029 8.64 7.115 7.004 7.785 8.033 6.869 9.442 7.341 8.942 7.847 6.819 7.294 6.925 6.47 7.692 6.396 6.951 8.601 7.682 6.197 5.643 7.108 7.234 6.738,769.06,0.029932,0.1774935722351074,15.858256816864014,1.2392648680802549e-06,8.055221642521656e-06,6.753993531037389e-05,1.425154598292293e-05,4.337427038280892e-06,0.0,1.108229713855088e-05,0.0002715162798944,1.662344570782632e-05,0.0,0.0,1.847049523091813e-06,7.517091788987899e-06,2.124106951555585e-06,0.0,0.0,1.847049523091813e-06,7.517091788987899e-06,2.124106951555585e-06,0.0,0.0,3.947593890418492e-06,5.014839878879358e-05,5.209148563252196e-06,0.0,0.0,1.108229713855088e-06,2.715162798944966e-06,8.31172285391316e-07,0.0,0.0,1.108229713855088e-05,0.0002715162798944,1.662344570782632e-05,0.0,0.6924489879610369,0.6703773634153513,0.6601228921462619,0.6854588455241583,0.701660547193917,megamarket,sasrec,16,64,64,42
2,,13.095 12.237 11.011 9.796 10.471 8.988 9.11 9.375 8.041 8.619 7.227 7.912 6.873 6.838 7.856 5.009 7.046 5.931 7.278 6.914 6.769 6.729 5.739 6.58 6.863 5.358 6.632 6.048 6.492 6.95 5.436 6.095 7.0 5.617 5.57 6.373 6.118 5.137 6.087 6.781 6.798 6.093 5.757 6.752 6.767 6.254 6.192 5.616 6.167 6.274 4.96 6.714 5.6 6.461 6.434 6.384 6.619 4.916 7.161 5.327 5.941 6.194 5.126 6.074 5.92 6.234 5.969 6.282 6.205 6.104 5.594 5.661 5.271 6.467 6.206 6.16 6.441 4.907 6.441 6.705 5.957 5.697 5.814 6.452 5.218 5.175 6.426 5.752 6.304 7.063 5.968 6.802 5.56 6.163 5.227 5.481 5.059 4.922 5.83 5.115 7.275 5.788 4.912 6.493 6.176 5.376 5.342 5.404 6.263 6.37 5.066 6.086 5.96 4.507 6.516 5.418 4.315 5.435 6.595 5.531 6.435 5.247 6.361 5.93 6.113 6.617 6.311 5.331 6.392 5.545 5.384 5.844 6.265 5.409 6.598 4.575 5.605 5.818 5.043 5.03 6.566 6.843 6.479 5.447 5.324 6.698 5.45 4.078 6.741 5.099 6.172 4.642 5.347 5.171 5.343 5.337 6.665 6.383 5.453 6.085 5.532 5.525 5.33 5.638 4.182 6.237 5.502 5.051 6.558 6.003 5.764 5.939 5.825 5.92 5.257 5.012 5.824 6.851 5.12 5.375 6.206 6.466 5.256 4.541 5.449 6.743 4.05 6.859 6.602 6.105 4.227 5.476 4.601 5.441 5.071 4.512 6.462 6.438 4.953 5.289 5.832 6.593 5.95 6.408 6.344 6.064 5.069 5.646 6.339 6.755 4.112 6.152 5.96 5.023 6.135 5.828 5.953 4.41 6.004 4.757 6.701 8.318 7.119 5.538 6.847 6.29 6.068 6.148 5.728 5.518 5.353 5.998 4.898 5.76 5.515 4.733 5.458 6.229 5.814 6.33 5.397 5.422 6.35 5.333 5.947 6.145 6.436 5.231 5.576 5.597 5.288 3.951 5.166 6.095 3.87 6.019 5.213 6.64 5.622 5.331 5.136 6.498 5.752 5.322 5.947 5.072 5.695 5.184 5.762 5.763 5.505 5.32 4.667 5.793 5.803 5.111 5.622 6.008 5.217 6.435 5.871 5.873 5.109 5.23 4.834 5.631 6.029 5.213 6.527 6.338 5.589 7.07 7.46 6.318 7.058 5.303 5.344 7.367 6.282 6.746 5.332 5.625 9.28 9.974 8.736 11.47,790.56,0.031206,0.1774935722351074,15.858378887176514,1.2392648680802549e-06,8.055221642521656e-06,6.753993531037389e-05,1.425154598292293e-05,4.337427038280892e-06,0.0,1.108229713855088e-05,0.0002715162798944,1.662344570782632e-05,0.0,0.0,1.847049523091813e-06,7.517091788987899e-06,2.124106951555585e-06,0.0,0.0,1.847049523091813e-06,7.517091788987899e-06,2.124106951555585e-06,0.0,0.0,3.947593890418492e-06,5.014839878879358e-05,5.209148563252196e-06,0.0,0.0,1.108229713855088e-06,2.715162798944966e-06,8.31172285391316e-07,0.0,0.0,1.108229713855088e-05,0.0002715162798944,1.662344570782632e-05,0.0,0.6924489879610369,0.6703773634153513,0.6601228921462619,0.6854588455241583,0.701660547193917,megamarket,sasrec,16,128,64,42
3,,12.916 12.085 10.829 9.598 10.33 8.877 9.049 9.302 7.963 8.61 7.343 7.855 6.859 6.844 8.035 5.108 7.034 6.099 7.167 6.865 6.763 6.832 5.773 6.717 7.111 5.556 6.747 6.182 6.682 7.017 5.567 6.295 7.144 5.856 5.673 6.391 6.204 5.442 6.085 6.819 6.973 6.078 5.852 6.846 6.847 6.467 6.226 5.796 6.403 6.325 5.269 6.888 5.636 6.565 6.611 6.352 6.554 5.047 7.539 5.485 6.014 6.157 5.713 6.288 6.049 6.31 6.001 6.493 6.388 6.364 5.688 5.784 5.519 6.903 6.431 6.213 6.664 5.162 6.559 6.875 6.063 5.704 5.992 6.421 5.164 5.455 6.446 5.787 6.395 7.12 6.237 6.906 5.729 6.288 5.442 5.621 5.01 5.031 5.726 5.154 7.162 5.879 5.038 6.418 6.26 5.454 5.347 5.494 6.251 6.455 5.11 6.219 6.171 4.686 6.596 5.809 4.259 5.684 6.656 5.48 6.754 5.291 6.381 5.963 6.236 6.753 6.414 5.654 6.463 5.765 5.465 5.983 6.349 5.795 6.595 4.788 5.701 5.97 5.137 5.234 6.772 7.016 6.731 5.491 5.417 6.548 5.371 4.421 6.995 5.106 6.434 4.733 5.609 5.161 5.379 5.61 6.635 6.456 5.643 6.303 5.582 5.692 5.54 6.059 4.131 6.14 5.761 5.32 6.512 5.872 6.091 6.103 6.035 5.996 5.432 5.233 6.002 7.043 5.286 5.489 6.3 6.62 5.399 4.651 5.602 7.009 4.249 7.092 6.797 6.311 4.451 5.622 4.72 5.601 5.079 4.551 6.325 6.485 5.138 5.49 6.063 6.728 6.022 6.392 6.509 6.29 5.046 5.664 6.405 6.766 4.206 6.376 5.937 5.002 6.319 6.13 6.298 4.698 6.08 4.77 6.764 8.549 7.106 5.609 7.016 6.349 6.153 6.158 5.913 5.658 5.482 6.033 5.11 5.712 5.586 4.804 5.419 6.287 6.033 6.544 5.366 5.501 6.57 5.243 6.028 6.208 6.526 5.344 5.702 5.822 5.373 4.303 5.262 6.287 3.855 6.3 5.256 6.683 5.781 5.522 5.272 6.493 5.943 5.434 5.898 5.389 5.68 5.276 5.75 5.742 5.629 5.444 4.729 5.917 5.813 5.201 5.494 6.083 5.243 6.446 5.73 5.861 5.233 5.397 4.714 5.513 5.989 5.233 6.478 6.156 5.553 6.685 6.708 6.067 6.857 5.142 5.312 6.977 5.918 6.287 4.87 5.308 5.102 6.097 5.206 7.165 5.429 6.554 6.053 5.269 5.862 5.646 4.929 6.247 5.191 5.758 7.308 6.146 5.09 4.734 5.637 5.886 6.159 6.392 6.364 5.945 6.59 5.098 6.708 5.324 4.778 5.867 11.075 12.125 12.174 11.394 11.566 10.033 9.589 10.385,862.34,0.034108,0.1774935722351074,15.858076572418211,1.2392648680802549e-06,8.055221642521656e-06,6.753993531037389e-05,1.425154598292293e-05,4.337427038280892e-06,0.0,1.108229713855088e-05,0.0002715162798944,1.662344570782632e-05,0.0,0.0,1.847049523091813e-06,7.517091788987899e-06,2.124106951555585e-06,0.0,0.0,1.847049523091813e-06,7.517091788987899e-06,2.124106951555585e-06,0.0,0.0,3.947593890418492e-06,5.014839878879358e-05,5.209148563252196e-06,0.0,0.0,1.108229713855088e-06,2.715162798944966e-06,8.31172285391316e-07,0.0,0.0,1.108229713855088e-05,0.0002715162798944,1.662344570782632e-05,0.0,0.6924489879610369,0.6703773634153513,0.6601228921462619,0.6854588455241583,0.701660547193917,megamarket,sasrec,16,256,64,42
4,,12.813 11.944 10.806 9.582 10.438 8.999 9.215 9.565 8.033 8.783 7.461 8.021 7.123 7.076 8.117 5.26 7.238 6.191 7.237 7.005 6.832 6.987 6.019 6.749 7.137 5.66 6.734 6.257 6.879 7.1 5.883 6.361 7.266 5.746 5.75 6.428 6.433 5.337 6.296 6.951 6.984 6.19 5.981 6.998 6.934 6.559 6.257 5.963 6.578 6.359 5.507 6.936 5.787 6.514 6.582 6.526 6.719 5.214 7.337 5.572 6.054 6.296 5.766 6.279 6.225 6.373 6.033 6.594 6.494 6.55 5.84 5.95 5.645 6.915 6.394 6.2 6.626 5.194 6.664 6.882 6.236 5.899 6.092 6.476 5.336 5.487 6.587 6.043 6.559 7.248 6.183 6.902 5.872 6.312 5.519 5.818 5.234 5.23 5.804 5.242 7.407 5.957 5.164 6.59 6.26 5.779 5.538 5.885 6.531 6.669 5.24 6.483 6.21 4.733 6.647 5.862 4.612 5.668 6.861 5.709 6.8 5.482 6.468 6.097 6.408 6.72 6.541 5.703 6.526 5.832 5.693 6.152 6.466 5.716 6.77 4.735 5.923 6.155 5.244 5.368 6.97 7.139 6.91 5.471 5.521 6.557 5.58 4.512 7.115 5.391 6.535 4.777 5.707 5.289 5.546 5.673 6.715 6.608 5.775 6.543 5.957 5.914 5.696 6.146 4.212 6.475 5.726 5.371 6.758 6.068 6.3 6.273 5.964 6.12 5.615 5.473 6.138 7.078 5.514 5.786 6.686 6.848 5.517 4.829 5.632 7.149 4.347 7.211 6.884 6.383 4.801 5.64 4.822 5.638 5.248 4.787 6.608 6.826 5.295 5.594 6.336 6.882 6.264 6.589 6.681 6.407 5.303 5.864 6.431 7.008 4.401 6.337 6.281 5.22 6.349 6.155 6.391 4.791 6.202 4.871 7.026 8.669 7.25 5.949 7.161 6.8 6.303 6.566 6.137 6.003 5.55 6.049 5.413 5.978 5.852 5.122 5.536 6.278 6.181 6.695 5.477 5.817 6.611 5.449 6.166 6.426 6.542 5.385 6.035 6.083 5.646 4.492 5.405 6.426 4.096 6.586 5.431 6.962 5.937 5.555 5.605 6.728 6.074 5.598 6.134 5.358 5.96 5.62 5.88 6.037 5.837 5.644 5.042 5.822 6.002 5.359 5.546 6.255 5.323 6.447 5.836 6.08 5.303 5.492 4.875 5.621 6.104 5.337 6.589 6.38 5.588 6.75 6.788 6.061 7.21 5.302 5.548 7.147 6.088 6.463 5.008 5.432 5.324 6.317 5.06 7.054 5.513 6.461 6.161 5.334 5.89 5.431 5.01 6.348 5.229 5.704 6.913 5.936 5.043 4.582 5.505 5.706 5.636 5.864 5.86 5.757 6.235 4.839 6.608 5.265 4.637 5.565 6.514 7.13 7.641 6.419 6.549 4.726 5.256 4.598 5.163 5.911 5.987 5.465 6.17 5.833 5.452 4.985 6.211 4.839 5.109 5.732 6.26 5.737 6.119 6.067 5.357 5.387 6.187 5.93 4.753 5.669 5.075 5.587 6.581 6.324 4.964 5.964 6.191 5.356 6.245 6.313 7.223 6.288 6.088 5.112 4.65 5.853 6.272 5.687 5.964 5.767 5.888 4.1 6.551 6.214 6.957 5.313 6.769 6.04 6.291 6.232 5.601 6.05 5.976 5.84 5.205 6.029 6.714 10.912 11.592 12.545 10.574 11.466 10.489,1013.8,0.040376,0.1774935722351074,15.859426498413086,1.2392648680802549e-06,8.055221642521656e-06,6.753993531037389e-05,1.425154598292293e-05,4.337427038280892e-06,0.0,1.108229713855088e-05,0.0002715162798944,1.662344570782632e-05,0.0,0.0,1.847049523091813e-06,7.517091788987899e-06,2.124106951555585e-06,0.0,0.0,1.847049523091813e-06,7.517091788987899e-06,2.124106951555585e-06,0.0,0.0,3.947593890418492e-06,5.014839878879358e-05,5.209148563252196e-06,0.0,0.0,1.108229713855088e-06,2.715162798944966e-06,8.31172285391316e-07,0.0,0.0,1.108229713855088e-05,0.0002715162798944,1.662344570782632e-05,0.0,0.6924489879610369,0.6703773634153513,0.6601228921462619,0.6854588455241583,0.701660547193917,megamarket,sasrec,16,512,64,42
5,6.249,12.781 11.946 10.834 9.672 10.609 9.344 9.304 9.786 8.422 8.972 7.879 8.208 7.429 7.391 8.448 5.572 7.527 6.507 7.47 7.145 7.012 7.193 6.121 6.962 7.224 5.8 6.879 6.41 6.834 7.072 5.97 6.346 7.131 5.948 5.873 6.638 6.611 5.586 6.365 7.188 7.144 6.315 6.045 6.917 7.055 6.652 6.505 6.09 6.625 6.45 5.518 7.012 5.784 6.573 6.666 6.688 6.963 5.401 7.545 5.627 6.129 6.507 5.92 6.435 6.255 6.546 6.218 6.68 6.633 6.522 5.896 6.022 5.785 7.034 6.531 6.613 6.666 5.281 6.724 6.975 6.294 5.984 6.266 6.55 5.29 5.666 6.596 5.978 6.68 7.319 6.307 7.092 5.832 6.636 5.576 5.709 5.397 5.258 5.922 5.323 7.607 6.059 5.441 6.696 6.428 5.874 5.579 5.849 6.689 6.74 5.249 6.39 6.282 5.078 6.802 5.94 4.738 5.918 6.982 5.818 6.802 5.467 6.616 6.346 6.518 6.999 6.758 5.812 6.698 5.859 5.776 6.268 6.57 5.81 6.995 4.85 6.081 6.253 5.372 5.456 7.091 7.357 7.012 5.802 5.533 6.784 5.674 4.603 7.227 5.552 6.742 5.152 6.031 5.367 5.8 5.777 6.669 6.552 5.933 6.677 5.963 6.014 5.629 6.212 4.294 6.38 5.834 5.6 6.818 6.223 6.248 6.392 6.207 6.274 5.625 5.532 6.182 7.05 5.672 5.809 6.84 6.812 5.597 5.09 5.654 7.221 4.368 7.348 6.943 6.618 4.977 5.779 4.8 5.662 5.392 4.916 6.741 6.783 5.373 5.712 6.352 6.994 6.389 6.554 6.866 6.503 5.37 5.976 6.508 7.161 4.586 6.382 6.177 5.255 6.448 6.188 6.602 4.955 6.304 5.12 7.098 8.777 7.334 6.156 7.287 6.747 6.532 6.669 6.227 5.838 5.671 6.435 5.487 6.038 5.995 5.181 5.669 6.645 6.253 6.621 5.723 5.981 6.606 5.722 6.385 6.542 6.654 5.634 6.211 6.234 5.931 4.916 5.722 6.532 4.348 6.769 5.566 7.083 6.033 5.683 5.692 6.655 6.361 5.703 6.274 5.51 6.024 5.656 5.969 6.101 5.849 5.778 5.197 6.003 6.198 5.611 5.875 6.324 5.734 6.743 5.886 6.185 5.225 5.611 5.089 5.665 6.246 5.467 6.681 6.522 5.817 6.903 6.868 6.146 7.18 5.573 5.72 7.152 6.311 6.559 5.171 5.625 5.405 6.429 5.303 7.226 5.63 6.78 6.478 5.472 6.164 5.861 5.119 6.54 5.276 5.909 7.112 6.111 5.377 4.694 5.621 5.849 5.595 5.937 6.086 5.846 6.413 5.085 6.767 5.364 4.656 5.794 6.86 7.693 7.845 6.493 6.821 4.908 5.474 4.774 5.301 5.899 6.265 5.455 6.395 5.983 5.655 5.289 6.338 5.189 5.37 5.849 6.349 5.906 6.13 6.121 5.261 5.602 6.279 5.958 5.023 5.801 5.171 5.825 6.584 6.298 5.055 6.132 6.378 5.435 6.577 6.429 7.396 6.476 6.272 5.282 4.728 5.848 6.257 5.916 5.904 5.725 5.994 4.132 6.311 6.057 6.726 5.265 6.646 5.747 5.659 5.64 5.255 5.766 5.747 5.888 4.899 5.848 5.743 6.213 6.072 6.035 5.492 5.902 5.815 6.181 5.751 5.216 4.819 4.989 4.929 6.285 6.383 5.89 5.795 6.911 5.726 5.74 6.009 4.772 6.222 5.953 4.894 5.535 5.121 5.725 5.466 5.861 7.099 6.286 5.316 5.686 4.396 5.355 4.905 5.052 5.691 6.253 6.41 6.476 5.976 6.104 5.152 5.454 6.669 5.911 5.945 4.856 5.409 5.327 5.38 6.378 5.486 5.577 5.928 6.388 4.601 4.678 5.823 5.488 5.56 5.594 6.358 5.653 6.023 5.595 6.602 7.015 6.416 5.643 5.989 5.95 4.339 4.808 7.21 4.012 4.851 5.0 6.581 5.742 4.549 6.537 5.041 5.345 5.752 6.015 4.533 5.803 5.564 6.444 5.303 7.343 4.816 5.93 4.936 4.669 5.138 5.335 6.989 6.924 5.689 5.8 5.502 6.232 5.982 5.194 5.685 4.945 7.69 5.392 5.82 6.097 5.782 6.042 5.812 5.583 5.904 6.64 5.715 5.782 6.143 6.213 5.672 5.902 6.177 5.621 5.157 5.728 5.667 5.103 6.019 5.736 5.396 5.979 5.717 5.901 4.866 5.33 6.3 5.229 5.755 6.247 7.024 5.039 6.022 7.236 6.633 5.485 4.425 5.501 6.333 5.764 5.547 6.609 6.491 7.405 6.049 6.298 7.251 6.778 6.418 11.169 13.248 13.933 13.024 14.204 14.909 14.366 14.286 13.64 14.271 15.656 12.955,1351.9,0.053896,0.1774935722351074,17.004547595977783,0.004155255102673,0.0099550146852886,0.02847458887388,0.0127006060005204,0.007783203003978,0.0024436465190504,0.0093645410820754,0.0212004344260478,0.012473125429439,0.0066272136888534,0.0024436465190504,0.0042603582537254,0.0046839514127598,0.0044742120252424,0.0038961662640098,0.0024436465190504,0.0042603582537254,0.0046839514127598,0.0044742120252424,0.0038961662640098,0.0024436465190504,0.0054551730718775,0.0078294454370857,0.0062387726552187,0.0045710554213168,0.0024436465190504,0.0009364541082075,0.0002120043442604,0.0006236562714719,0.0013254427377706,0.0024436465190504,0.0093645410820754,0.0212004344260478,0.012473125429439,0.0066272136888534,0.3394063408643856,0.3653802442394996,0.4055180042559448,0.3761832199009852,0.3558056956498227,megamarket,sasrec,16,1024,64,42
6,6.336,12.82 12.009 10.971 9.874 10.703 9.551 9.512 10.005 8.599 9.205 8.278 8.516 7.693 7.646 8.672 5.803 7.826 6.782 7.58 7.414 7.205 7.406 6.251 7.099 7.317 5.79 7.102 6.448 6.949 7.162 6.019 6.605 7.269 6.078 5.984 6.777 6.645 5.544 6.497 7.222 7.248 6.235 6.051 6.999 7.02 6.668 6.635 6.166 6.752 6.554 5.602 7.132 5.866 6.674 6.579 6.631 7.082 5.439 7.741 5.747 6.455 6.665 6.007 6.439 6.383 6.597 6.325 6.799 6.731 6.664 5.945 6.051 5.849 7.204 6.716 6.585 7.016 5.318 6.866 7.228 6.294 6.064 6.388 6.634 5.42 5.748 6.798 6.106 6.868 7.326 6.425 7.302 5.952 6.68 5.675 6.072 5.597 5.458 6.03 5.414 7.673 6.218 5.375 6.78 6.638 5.917 5.854 6.038 6.851 6.836 5.344 6.63 6.396 5.104 6.815 6.152 4.845 5.948 7.225 5.897 7.033 5.697 6.623 6.381 6.684 6.95 6.683 5.848 6.842 6.004 5.809 6.204 6.723 5.878 6.834 4.967 6.184 6.314 5.573 5.797 7.068 7.367 7.032 5.785 5.536 6.831 5.818 4.721 7.27 5.568 6.994 5.122 5.908 5.561 5.766 5.81 6.737 6.812 5.922 6.74 5.983 5.922 5.659 6.273 4.411 6.391 5.917 5.666 6.983 6.068 6.509 6.339 6.349 6.267 5.96 5.533 6.313 7.111 5.615 5.951 6.717 7.021 5.643 5.121 6.015 7.284 4.564 7.429 6.855 6.739 5.112 5.845 4.852 5.921 5.439 4.945 6.853 6.856 5.451 5.891 6.535 6.884 6.286 6.616 6.866 6.546 5.236 6.12 6.616 7.231 4.494 6.504 6.218 5.372 6.549 6.208 6.573 5.191 6.512 5.099 7.177 8.954 7.521 6.192 7.35 7.012 6.523 6.653 6.187 5.835 5.72 6.349 5.54 6.053 5.9 5.35 5.731 6.629 6.447 6.69 5.725 6.101 6.85 5.652 6.356 6.577 6.891 5.664 6.279 6.223 5.889 4.915 5.817 6.788 4.65 6.913 5.701 7.063 6.044 5.814 5.983 6.721 6.539 5.694 6.42 5.72 6.142 5.68 6.016 6.262 6.079 5.91 5.123 6.247 6.174 5.768 5.805 6.367 5.713 6.823 6.083 6.315 5.335 5.685 5.204 5.745 6.436 5.445 6.874 6.581 5.908 6.99 7.131 6.179 7.325 5.656 5.857 7.323 6.246 6.618 5.259 5.741 5.425 6.642 5.38 7.279 5.742 6.794 6.585 5.495 6.205 5.753 5.217 6.555 5.32 5.899 7.173 6.274 5.424 4.825 5.721 6.051 5.87 6.131 6.12 5.756 6.568 5.103 6.524 5.536 4.682 5.821 6.663 7.56 7.786 6.639 6.798 4.947 5.643 4.91 5.457 6.008 6.261 5.655 6.477 5.828 5.504 5.354 6.381 5.215 5.33 6.135 6.274 6.141 6.273 6.387 5.414 5.698 6.342 6.355 5.153 5.918 5.234 5.997 6.674 6.374 5.266 6.382 6.358 5.582 6.534 6.363 7.522 6.642 6.187 5.53 4.863 5.924 6.417 5.846 5.965 5.818 5.915 4.201 6.399 6.08 6.682 5.245 6.609 5.694 5.719 5.651 5.385 5.936 5.965 5.883 5.006 5.896 5.909 6.271 6.119 6.166 5.441 6.295 5.889 6.196 5.869 5.341 4.963 5.357 5.116 6.621 6.448 5.923 5.932 7.01 5.766 5.948 6.133 5.007 6.28 6.057 5.146 5.691 5.253 5.808 5.639 5.98 7.243 6.484 5.547 5.851 4.693 5.638 5.013 5.217 5.902 6.378 6.554 6.601 6.288 6.357 5.293 5.611 6.766 6.113 5.934 4.879 5.442 5.463 5.596 6.596 5.625 5.708 6.098 6.622 4.762 4.994 6.244 5.782 5.641 5.674 6.526 5.758 6.14 5.749 6.628 7.099 6.605 5.727 6.082 5.908 4.553 4.986 7.36 4.175 4.978 5.4 6.643 5.821 4.724 6.677 5.239 5.442 5.734 6.507 4.712 6.009 5.671 6.632 5.478 7.477 4.84 6.172 5.06 4.802 5.192 5.398 7.095 7.045 5.847 6.05 5.75 6.214 5.998 5.159 5.947 5.066 7.598 5.443 5.86 6.15 5.861 6.203 5.877 5.698 6.049 6.597 5.714 6.076 6.257 6.462 5.882 6.008 6.113 5.702 5.392 5.894 5.713 5.126 5.861 5.647 5.42 5.914 5.738 5.714 4.745 5.212 6.354 5.39 5.672 6.118 6.838 4.966 5.864 7.115 6.551 5.42 4.511 5.225 6.091 5.479 5.258 6.26 6.192 7.089 5.432 5.783 6.171 6.024 5.757 6.256 5.991 6.273 5.276 6.037 6.799 5.45 6.35 5.434 5.128 6.538 5.202 6.099 5.157 7.492 5.886 5.013 4.692 4.919 6.268 4.807 5.45 6.846 6.162 4.875 6.357 6.383 5.932 6.382 6.246 7.12 5.754 5.948 5.974 6.093 8.068 5.878 5.834 6.743 4.773 5.995 6.019 7.202 6.216 6.27 6.105 6.526 7.732 6.655 5.905 6.428 6.818 7.604 6.594 6.033 5.759 6.117 8.933 12.693 9.425 11.496 11.996 12.128 11.566,1492.7,0.059864,0.1774935722351074,19.03428363800049,0.0042760834273109,0.0097703642199447,0.0274261707954841,0.012339360291475,0.0077230986578761,0.0025378460447281,0.0092648004078285,0.0197431123523283,0.0119799632067735,0.0067989892945009,0.0025378460447281,0.0043561915386837,0.0047317217450511,0.0045442105914656,0.0040272144276732,0.0025378460447281,0.0043561915386837,0.0047317217450511,0.0045442105914656,0.0040272144276732,0.0025378460447281,0.0055101307854201,0.0076129902254134,0.0061960244041018,0.0047128802874019,0.0025378460447281,0.0009264800407828,0.0001974311235232,0.0005989981603386,0.0013597978589001,0.0025378460447281,0.0092648004078285,0.0197431123523283,0.0119799632067735,0.0067989892945009,0.3491572348486341,0.3726508434169575,0.4081219988212814,0.382048521877029,0.3641269286166707,megamarket,sasrec,16,1512,64,42
7,6.437 6.158,12.836 12.118 11.25 10.0 10.811 9.722 9.699 10.104 8.718 9.364 8.577 8.774 7.857 7.987 8.78 6.084 8.014 6.987 7.816 7.669 7.551 7.571 6.354 7.398 7.681 6.071 7.353 6.73 7.187 7.344 6.068 6.54 7.39 6.214 6.148 6.74 6.707 5.677 6.653 7.369 7.214 6.41 6.219 7.112 7.157 6.822 6.622 6.112 6.801 6.615 5.642 7.186 5.903 6.768 6.872 6.746 7.028 5.487 7.858 5.74 6.315 6.61 6.052 6.558 6.549 6.648 6.491 6.874 6.964 6.773 6.08 6.177 5.913 7.399 6.757 6.617 7.033 5.433 6.83 7.206 6.418 6.162 6.421 6.714 5.456 5.739 6.782 6.253 6.842 7.442 6.467 7.283 6.039 6.793 5.725 6.042 5.543 5.533 6.167 5.685 7.827 6.256 5.456 6.719 6.699 6.146 5.865 5.978 6.964 6.817 5.567 6.668 6.349 5.247 6.873 6.037 4.992 6.204 7.26 6.062 7.009 5.746 6.792 6.567 6.556 7.095 6.76 5.893 6.897 6.103 5.896 6.406 6.865 5.94 7.083 5.024 6.323 6.337 5.541 5.563 7.154 7.588 7.012 5.846 5.656 6.863 5.966 5.0 7.239 5.649 7.118 5.206 5.968 5.507 5.869 5.985 6.788 6.782 6.071 6.795 6.161 6.054 5.899 6.261 4.477 6.63 5.91 5.691 7.065 6.354 6.676 6.493 6.325 6.312 5.824 5.682 6.495 7.111 5.7 6.167 6.801 7.061 5.59 5.182 5.844 7.408 4.754 7.497 7.028 6.727 5.217 5.817 5.042 5.883 5.534 5.07 6.835 6.938 5.63 5.809 6.507 6.915 6.471 6.672 6.993 6.784 5.337 6.195 6.763 7.328 4.558 6.546 6.362 5.493 6.763 6.313 6.726 5.246 6.481 5.196 7.251 8.892 7.478 6.164 7.509 7.13 6.463 6.774 6.345 5.972 5.719 6.461 5.663 6.293 6.051 5.337 5.666 6.785 6.434 6.86 5.715 6.19 6.896 5.595 6.383 6.726 6.818 5.776 6.416 6.329 6.157 5.025 5.814 6.883 4.494 6.923 5.652 7.178 6.213 5.885 6.073 6.794 6.693 5.887 6.431 5.725 6.167 5.935 6.24 6.384 6.036 6.003 5.224 6.203 6.322 5.855 5.85 6.56 5.573 6.881 6.125 6.566 5.507 5.786 5.296 6.094 6.358 5.451 6.907 6.688 6.008 6.98 7.048 6.404 7.207 5.63 5.846 7.322 6.358 6.615 5.322 5.778 5.53 6.599 5.574 7.291 5.869 6.778 6.583 5.532 6.309 6.029 5.344 6.682 5.423 5.862 7.219 6.18 5.448 4.87 5.779 6.102 5.881 6.035 6.17 5.854 6.65 5.201 6.747 5.709 4.779 5.938 6.855 7.678 7.88 6.828 6.934 5.065 5.702 4.98 5.445 6.152 6.543 5.729 6.688 5.954 5.782 5.382 6.439 5.318 5.534 6.201 6.369 6.228 6.296 6.42 5.456 5.797 6.458 6.314 5.209 5.951 5.396 6.075 6.806 6.582 5.253 6.372 6.34 5.731 6.76 6.68 7.506 6.791 6.286 5.464 4.945 6.029 6.474 6.091 6.124 5.919 6.085 4.301 6.604 6.147 6.819 5.492 6.883 5.846 5.726 5.842 5.516 6.079 6.011 6.184 5.249 6.081 6.089 6.487 6.475 6.473 5.729 6.225 5.922 6.49 5.959 5.391 5.187 5.363 5.44 6.767 6.748 6.344 6.024 7.143 5.926 6.382 6.141 5.116 6.348 6.302 5.207 5.985 5.448 6.172 5.858 6.141 7.387 6.761 5.887 6.172 4.82 5.88 5.169 5.487 6.121 6.661 6.694 6.796 6.441 6.505 5.452 5.847 7.0 6.293 6.115 5.075 5.764 5.606 5.752 6.741 5.855 6.118 6.544 6.918 4.951 5.031 6.414 5.851 5.844 5.839 6.838 6.182 6.474 5.987 6.958 7.341 6.952 5.903 6.378 6.178 4.931 5.001 7.591 4.506 5.173 5.517 6.777 6.16 4.868 6.934 5.404 5.781 5.889 6.651 4.902 6.348 5.761 6.69 5.688 7.612 5.0 6.35 5.127 5.129 5.421 5.485 7.37 7.529 6.102 6.171 6.055 6.49 6.206 5.456 6.289 5.421 7.955 5.699 6.161 6.49 6.206 6.266 6.038 5.93 6.211 6.993 6.072 6.251 6.39 6.656 6.128 6.396 6.476 5.935 5.369 6.032 5.949 5.509 6.086 6.046 5.631 6.104 5.967 5.946 5.069 5.372 6.505 5.544 5.823 6.376 7.083 5.235 6.081 7.378 6.694 5.571 4.673 5.633 6.138 5.741 5.586 6.535 6.386 7.27 5.76 5.924 6.461 6.178 6.044 6.509 6.338 6.631 5.386 6.43 7.185 5.58 6.763 5.761 5.264 6.855 5.494 6.348 5.375 7.661 5.994 5.33 4.648 5.071 6.214 5.021 5.496 6.861 6.032 5.051 6.424 6.314 5.89 6.39 6.32 7.378 5.821 5.847 5.995 6.119 7.832 5.781 5.576 6.604 4.446 5.891 5.813 6.81 5.782 5.708 5.585 5.754 7.127 5.901 5.042 5.454 5.945 6.847 5.991 5.216 5.289 5.491 6.634 7.667 5.219 5.629 6.347 7.234 6.282 5.772 5.067 5.929 5.797 5.831 6.74 6.634 5.684 5.752 6.385 4.952 5.775 5.904 6.054 5.531 6.944 7.832 5.522 7.004 5.934 6.842 6.844 6.141 5.832 5.196 6.289 5.296 7.723 7.076 5.46 5.097 5.996 7.664 6.268 6.274 5.597 6.991 6.114 5.106 5.734 6.145 5.665 5.846 5.915 7.298 5.895 5.738 5.811 6.012 6.298 5.255 6.368 6.69 5.542 5.582 6.884 6.25 6.048 5.698 7.04 6.208 5.577 6.096 6.299 6.115 7.141 5.411 5.828 5.506 6.13 6.13 5.008 6.342 6.42 6.737 5.745 7.101 6.144 5.87 7.049 6.328 4.376 6.244 6.374 7.852 6.1 6.138 5.495 5.826 5.945 6.267 6.097 6.417 7.109 5.463 6.047 5.758 8.232 6.025 7.15 5.778 5.785 5.086 6.297 6.818 5.66 6.311 5.586 6.533 6.261 6.623 6.531 6.038 6.032 6.502 6.623 6.259 4.722 5.843 7.335 6.614 6.432 6.699 6.015 5.518 5.201 5.391 6.249 5.246 6.105 6.964 5.921 6.705 6.465 6.641 5.284 6.41 4.997 5.565 6.282 6.527 6.42 5.763 6.699 5.577 6.136 5.514 4.908 5.626 6.269 7.697 6.655 6.979 7.055 6.079 7.576 5.763 6.073 5.955 6.701 5.812 6.1 5.641 7.04 4.641 6.892 6.934 6.643 6.307 7.484 6.04 5.992 7.364 5.582 5.976 6.785 5.958 7.479 6.443 8.157 7.058 6.39 6.307 6.859 6.289 6.673 6.967 7.495 7.896 7.031 10.294 10.838 12.479 12.911 12.876 14.066 13.006 12.713 13.193 13.908 13.943 13.934 13.945 13.856 12.649 11.976 12.584 13.44 13.71 12.083 13.163 12.905 13.723 12.559 13.353 12.638 11.483,1900.3,0.075863,0.1774935722351074,21.64988899230957,0.0042438625407408,0.0094140755703716,0.0312257568810181,0.0118424150793749,0.0075731476088384,0.0025544694904359,0.0088104262251479,0.0181971319015005,0.0114258483498459,0.0065773433517299,0.0025544694904359,0.0042838333736166,0.0046285120296125,0.0044650317389846,0.0039825158292144,0.0025544694904359,0.0042838333736166,0.0046285120296125,0.0044650317389846,0.0039825158292144,0.0025544694904359,0.0053510622603999,0.0072474813722098,0.0060119109462714,0.0046256560419859,0.0025544694904359,0.0008810426225147,0.000181971319015,0.0005712924174922,0.0013154686703459,0.0025544694904359,0.0088104262251479,0.0181971319015005,0.0114258483498459,0.0065773433517299,0.3554337154543566,0.3696031468564913,0.4020844903250461,0.3767668867323784,0.3638980837163061,megamarket,sasrec,16,2048,64,42
8,4.507,12.948 11.779 10.423 9.588 9.316 8.304 8.531 8.843 8.144 8.325 6.653 6.945 6.822 7.432 6.701 5.576 6.444 5.586 5.413 5.368 5.732 5.33 5.539 6.029 5.884 5.961 4.474 5.176 5.526 5.556 6.665 5.587 6.308 8.038 5.138 5.544 5.787 5.853 4.572 5.15 6.328 5.418 7.312 4.261 4.267 4.578 5.779 6.189 5.777 4.399 5.15 5.586 6.113 4.877 6.048 5.529 4.435 5.03 4.125 4.557 5.496 4.805 4.326 6.223 4.93 4.561 4.471 3.961 4.892 4.263 5.863 5.664 4.017 5.434 3.922 3.999 4.93 5.584 3.849 4.778 5.093 4.618 4.041 5.407 4.806 4.717 4.08 3.886 3.454 3.23 4.896 4.908 5.596 5.316 4.453 3.914 4.473 4.047 4.6 4.628 5.695 4.237 3.223 3.603 4.651 4.792 4.448 4.233 5.224 3.899 5.181 4.66 4.484 4.064 3.859 4.508 5.441 5.716 5.063 5.208 5.141 3.444 3.821 4.873 4.533 5.491 4.712 3.742 3.311 5.004 3.806 4.608 5.37 4.766 3.276 3.976 4.826 4.682 4.251 4.821 5.679 4.338 3.934 4.481 5.197 4.656 4.649 3.846 5.361 3.369 3.829 4.377 3.967 4.989 4.329 4.683 4.152 4.043 4.54 4.895 5.301 4.956 4.307 4.537 4.987 3.856 5.123 4.74 3.669 4.365 3.821 4.083 4.027 4.178 4.679 3.289 4.85 3.901 5.048 4.931 3.279 4.625 3.212 3.871 4.617 4.951 4.754 4.837 4.85 3.823 3.63 4.124 3.403 4.293 4.604 4.007 4.889 4.526 4.819 4.042 4.036 3.583 4.979 4.889 4.308 4.21 4.434 4.972 3.685 3.825 4.854 3.295 5.469 3.946 3.398 4.315 4.279 3.27 3.208 4.471 4.39 4.584 5.149 4.872 3.741 3.662 3.691 4.989 6.242 4.338 4.295 4.079 4.974 3.343 4.419 3.709 3.83 3.656 4.263 4.762 3.117 3.746 4.328 3.741 3.816 3.592 3.45 4.961 3.672 4.385 3.007 3.678 4.912 4.656 4.621 3.471 3.764 4.531 3.683 2.984 4.15 4.622 4.607 4.088 6.382 4.332 3.878 4.042 3.628 3.311 4.534 4.049 4.797 3.97 4.353 5.279 4.121 3.394 4.094 5.015 3.693 3.88 3.557 3.662 3.613 2.995 4.281 3.74 4.37 3.514 3.554 4.494 3.906 4.421 3.676 3.002 3.694 3.875 5.071 4.968 3.768 4.061 3.212 3.778 3.879 2.926 4.071 4.733 4.163 3.779 3.307 4.201 3.728 2.793 4.647 3.657 3.65 2.776 4.464 4.628 4.5 4.43 3.423 4.738 3.915 4.53 4.444 2.997 4.585 4.276 3.776 3.848 4.217 3.993 3.391 4.589 4.052 3.87 4.167 4.255 5.169 4.235 5.467 3.782 3.086 4.076 3.891 2.874 3.635 3.847 4.142 4.031 2.752 4.519 4.221 3.938 3.736 4.048 3.878 3.761 4.3 3.415 4.956 3.481 5.172 3.651 3.697 3.06 3.232 4.299 3.223 4.527 3.262 3.103 4.837 4.315 3.822 4.375 4.458 3.774 4.118 3.22 2.445 3.38 4.068 2.531 3.713 4.791 3.204 4.147 2.391 2.888 3.672 3.451 3.6 3.203 3.788 5.329 3.84 4.179 3.592 2.896 3.415 3.717 3.726 3.689 3.325 3.577 3.736 2.95 2.166 3.285 2.986 3.64 3.5 4.155 3.689 3.264 2.942 2.592 4.633 4.484 3.582 3.932 2.976 2.873 3.435 2.078 3.271 4.004 3.209 4.19 3.129 2.372 4.518 3.272 3.238 2.778 1.884 3.672 3.445 4.089 3.224 4.347 3.798 3.375 3.529 3.456 3.175 3.277 2.948 3.52 3.578 3.688 3.198 3.462 3.68 3.74 3.097 3.886 4.397 7.173 7.999 7.5 6.639 8.191,899.01,0.03363,3.337860107421875e-06,15.793385028839111,0.0045233167684929,0.0141133679501319,0.0447362224728291,0.0200054527654195,0.0099667877015354,0.001207970388102,0.0064776026774829,0.0224194871112884,0.0098299975618946,0.0041059910898331,0.001207970388102,0.0024886903398606,0.0029973215405616,0.0027166429979275,0.0021795184372483,0.001207970388102,0.0024886903398606,0.0029973215405616,0.0027166429979275,0.0021795184372483,0.001207970388102,0.0034131421563341,0.0065056299294534,0.0042549247761989,0.0026536222043933,0.001207970388102,0.0006477602677482,0.0002241948711128,0.0004914998780947,0.0008211982179666,0.001207970388102,0.0064776026774829,0.0224194871112884,0.0098299975618946,0.0041059910898331,0.3840223171207504,0.3891094788187761,0.413269818782691,0.3935035937796586,0.3867002271261783,megamarket,sasrec,16,32,256,42
9,4.739,12.732 11.488 10.122 9.383 9.273 8.259 8.368 8.832 8.127 8.174 6.63 6.848 6.939 7.598 6.944 5.671 6.572 5.67 5.496 5.513 5.873 5.329 5.731 6.16 6.108 6.211 4.605 5.394 5.735 5.721 6.68 5.694 6.49 8.158 5.229 5.852 5.909 5.934 4.675 5.345 6.493 5.586 7.555 4.416 4.421 4.921 6.008 6.235 5.851 4.725 5.401 5.8 6.23 5.295 6.265 5.736 4.723 5.2 4.323 4.905 5.726 4.95 4.492 6.641 5.14 4.765 4.722 4.207 4.965 4.516 6.045 5.851 4.218 5.722 4.104 4.285 4.99 5.91 4.166 4.927 5.14 4.71 4.177 5.605 4.817 4.938 4.528 4.042 3.566 3.397 5.166 5.026 6.034 5.584 4.658 4.215 4.717 4.25 4.768 5.074 5.907 4.427 3.787 3.775 4.792 5.054 4.528 4.562 5.327 4.114 5.46 4.895 4.732 4.586 4.012 4.771 5.5 5.978 5.343 5.521 5.414 3.709 4.19 5.065 5.164 5.704 4.995 3.873 3.503 5.131 3.954 5.094 5.536 4.963 3.521 4.267 5.0 4.995 4.452 4.993 5.993 4.555 4.151 4.699 5.495 4.831 4.921 4.011 5.663 3.516 4.105 4.607 4.185 5.333 4.633 5.001 4.615 4.267 4.619 5.118 5.619 5.344 4.465 4.902 5.269 4.201 5.396 4.933 4.03 4.653 4.128 4.338 4.392 4.661 4.785 3.48 5.227 4.14 5.391 4.905 3.348 4.894 3.474 4.123 4.867 5.028 4.858 5.053 5.13 4.029 3.95 4.246 3.513 4.417 4.969 4.268 5.386 4.75 5.246 4.241 4.226 3.877 5.149 5.114 4.671 4.441 4.787 5.345 4.011 4.002 5.006 3.559 5.783 4.205 3.795 4.519 4.337 3.517 3.313 4.795 4.646 4.752 5.379 5.101 4.103 4.016 4.129 5.23 6.5 4.613 4.579 4.393 5.249 3.648 4.62 3.821 4.148 4.055 4.566 4.934 3.328 4.024 4.498 3.976 4.078 3.584 3.681 5.103 3.825 4.596 3.294 3.937 5.088 4.707 4.904 3.486 4.036 4.678 4.038 3.303 4.395 5.013 4.703 4.278 6.683 4.549 3.993 4.285 4.082 3.572 4.802 4.21 5.012 4.05 4.606 5.5 4.466 3.663 4.249 5.176 3.849 4.21 3.729 3.956 3.839 3.227 4.534 4.084 4.437 3.693 3.878 4.742 4.18 4.645 3.841 3.45 3.956 4.161 5.223 5.187 3.866 4.411 3.432 3.958 4.132 3.068 4.283 4.903 4.336 4.181 3.641 4.646 3.953 3.086 4.969 3.767 3.837 3.068 4.718 5.059 4.923 4.527 3.564 4.919 4.236 4.716 4.613 3.326 4.816 4.531 4.315 4.074 4.461 4.224 3.523 4.754 4.271 4.121 4.563 4.683 5.38 4.525 5.997 3.973 3.39 4.36 4.101 3.042 3.91 4.062 4.369 4.274 3.041 4.721 4.512 4.094 3.917 4.229 4.027 3.952 4.517 3.7 5.234 3.843 5.534 3.952 3.955 3.385 3.559 4.579 3.438 4.633 3.503 3.31 5.174 4.38 4.33 4.72 4.686 3.793 4.336 3.613 2.612 3.761 4.385 2.723 4.052 5.057 3.327 4.261 2.673 3.385 3.927 3.605 3.769 3.584 4.151 5.797 4.012 4.42 3.751 3.162 3.66 3.965 4.035 4.081 3.537 3.903 4.286 3.14 2.419 3.769 3.541 3.989 3.977 4.955 4.791 3.926 4.487 4.468 6.515 5.704 4.585 8.102 7.365 9.221 6.518,894.88,0.034123,0.1774935722351074,15.970875263214111,0.0037518743881129,0.013573668100083,0.0460721500006196,0.0199094097381433,0.0091383391372237,0.0009974067424695,0.0060066050490945,0.024464170933351,0.0095141520934459,0.0038012279185229,0.0009974067424695,0.0022125652316323,0.0027908506002873,0.0024515740624388,0.0019229632584908,0.0009974067424695,0.0022125652316323,0.0027908506002873,0.0024515740624388,0.0019229632584908,0.0009974067424695,0.0030928941481734,0.006658833473815,0.0039741558569879,0.0023844730606992,0.0009974067424695,0.0006006605049094,0.0002446417093335,0.0004757076046722,0.0007602455837045,0.0009974067424695,0.0060066050490945,0.024464170933351,0.0095141520934459,0.0038012279185229,0.3009595924880828,0.3323709550357305,0.4001485001273481,0.3492058615116699,0.320125242696004,megamarket,sasrec,16,64,256,42
10,4.971,12.586 11.343 9.952 9.38 9.357 8.231 8.364 8.831 8.119 8.253 6.73 6.942 7.008 7.58 7.049 5.799 6.709 5.801 5.642 5.506 5.972 5.48 5.862 6.214 6.223 6.304 4.663 5.611 5.862 5.853 6.862 5.917 6.643 8.182 5.403 5.939 5.974 6.142 4.796 5.591 6.532 5.771 7.644 4.521 4.528 4.969 6.124 6.407 6.002 4.925 5.473 5.916 6.375 5.308 6.31 5.968 4.856 5.462 4.541 4.989 5.952 5.054 4.723 6.703 5.4 5.084 4.881 4.345 5.12 4.761 6.264 5.983 4.395 5.827 4.402 4.467 5.14 6.085 4.464 5.14 5.383 4.987 4.277 5.907 5.099 5.16 4.715 4.262 3.83 3.528 5.435 5.358 6.289 5.752 4.907 4.349 5.04 4.517 4.924 5.213 6.271 4.737 3.798 4.036 5.093 5.432 4.754 4.732 5.469 4.318 5.583 5.166 5.029 4.715 4.33 5.002 5.693 6.205 5.507 5.853 5.587 3.914 4.329 5.229 5.296 5.861 5.215 4.181 3.789 5.319 4.223 5.227 5.707 5.371 3.714 4.361 5.253 5.129 4.604 5.203 6.022 4.692 4.305 4.868 5.656 5.073 5.071 4.288 5.746 3.822 4.245 4.964 4.33 5.654 4.988 5.143 4.91 4.529 4.897 5.428 5.869 5.546 4.683 5.106 5.58 4.456 5.639 5.117 4.165 4.908 4.345 4.736 4.542 4.895 5.056 3.444 5.406 4.356 5.907 5.059 3.721 5.03 3.788 4.398 5.029 5.371 5.042 5.332 5.399 4.321 4.215 4.476 3.822 4.708 5.389 4.401 5.641 4.981 5.532 4.402 4.475 4.246 5.33 5.353 5.034 4.706 5.11 5.528 4.201 4.189 5.158 3.937 6.059 4.387 4.145 4.876 4.656 3.628 3.51 5.029 5.045 5.094 5.646 5.278 4.342 4.271 4.234 5.425 6.716 4.681 4.758 4.573 5.342 3.882 4.935 4.14 4.599 4.332 4.91 5.163 3.523 4.31 4.753 4.239 4.274 3.664 3.858 5.265 4.25 5.02 3.484 4.128 5.416 5.185 5.089 3.683 4.344 4.939 4.276 3.81 4.728 5.156 4.932 4.573 6.802 4.756 4.342 4.487 4.379 3.735 5.083 4.471 5.245 4.316 4.795 5.719 4.837 4.013 4.335 5.582 3.998 4.457 3.934 4.109 4.156 3.555 4.759 4.252 4.941 3.906 4.106 5.058 4.446 4.811 4.148 3.621 4.258 4.423 5.483 5.453 4.111 4.459 3.679 4.307 4.368 3.292 4.584 5.331 4.611 4.479 3.97 4.854 4.017 3.292 5.21 4.233 3.983 3.241 5.29 5.37 5.202 4.939 3.783 5.2 4.596 4.982 5.008 3.564 5.078 4.7 4.427 4.319 4.689 4.419 4.039 5.149 4.51 4.542 4.824 4.971 5.594 4.722 6.3 4.255 3.669 4.561 4.37 3.344 4.052 4.239 4.739 4.44 3.134 5.0 4.681 4.499 4.344 4.549 4.438 4.181 4.75 4.188 5.573 4.011 5.802 4.106 4.251 3.547 3.805 4.575 3.632 4.836 3.801 3.482 5.431 4.725 4.506 4.935 4.948 4.269 4.679 3.928 2.894 4.046 4.552 3.002 4.317 5.235 3.543 4.731 2.881 3.852 4.359 3.934 4.18 4.215 4.793 6.472 4.206 4.972 4.533 3.739 4.273 4.322 5.054 5.188 4.451 6.162 5.986 5.361 4.285 7.285 7.419 8.438,973.4,0.038233,0.1774935722351074,15.970875263214111,0.0048938569640489,0.0169909409738143,0.0520658545350897,0.0239952660082039,0.0118622433172641,0.0009253718110689,0.0049371633752244,0.0200146286322228,0.0079570893454795,0.0029201852960081,0.0009253718110689,0.0018753005853211,0.0023656204755065,0.0020815778222494,0.0016108118890883,0.0009253718110689,0.0018753005853211,0.0023656204755065,0.0020815778222494,0.0016108118890883,0.0009253718110689,0.0025814666718805,0.0055261214704066,0.0033409013752196,0.001933891883695,0.0009253718110689,0.0004937163375224,0.0002001462863222,0.0003978544672739,0.0005840370592016,0.0009253718110689,0.0049371633752244,0.0200146286322228,0.0079570893454795,0.0029201852960081,0.3172532673027556,0.3610064599506098,0.423793402129217,0.3791237111931144,0.3450073359446787,megamarket,sasrec,16,128,256,42
11,,12.468 11.181 9.981 9.577 9.463 8.333 8.448 8.97 8.334 8.43 6.962 7.191 7.198 7.711 7.235 5.975 6.889 6.016 5.807 5.644 6.157 5.644 5.92 6.432 6.239 6.383 4.894 5.651 6.005 5.99 7.091 5.938 6.767 8.418 5.605 6.13 6.094 6.183 4.984 5.652 6.775 5.974 7.705 4.703 4.728 5.103 6.274 6.607 6.14 5.082 5.724 6.152 6.567 5.523 6.457 6.212 5.046 5.525 4.833 5.094 6.0 5.302 4.887 6.95 5.556 5.152 5.093 4.462 5.146 4.938 6.399 6.179 4.557 5.974 4.572 4.692 5.224 6.314 4.702 5.438 5.601 5.284 4.418 6.014 5.186 5.448 5.204 4.396 4.026 3.816 5.682 5.374 6.552 6.078 5.143 4.609 5.203 4.605 5.169 5.32 6.325 4.953 4.065 4.232 5.334 5.61 5.023 4.828 5.565 4.57 5.883 5.312 5.212 4.904 4.657 5.21 5.894 6.492 5.667 6.192 5.712 4.216 4.63 5.538 5.504 6.08 5.488 4.356 4.153 5.717 4.385 5.713 5.914 5.47 3.987 4.503 5.382 5.383 4.91 5.41 6.336 4.91 4.538 5.115 5.883 5.451 5.385 4.553 6.051 4.084 4.461 5.277 4.692 5.947 5.199 5.462 5.086 4.764 5.188 5.717 6.093 5.73 4.896 5.311 5.814 4.687 5.968 5.538 4.495 5.041 4.684 5.069 4.9 5.134 5.381 3.811 5.88 4.577 6.137 5.333 3.93 5.302 3.975 4.438 5.298 5.485 5.18 5.615 5.584 4.51 4.549 4.725 4.07 4.883 5.349 4.68 6.161 5.121 5.842 4.731 4.669 4.478 5.621 5.645 5.324 4.807 5.472 5.835 4.52 4.623 5.481 4.081 6.286 4.616 4.388 5.114 4.984 4.129 3.856 5.312 5.173 5.182 5.822 5.532 4.715 4.437 4.595 5.7 7.128 4.984 5.027 4.829 5.671 4.203 5.086 4.397 4.714 4.558 5.052 5.479 3.796 4.677 5.087 4.527 4.688 4.075 4.339 5.502 4.534 5.415 3.922 4.595 5.69 5.476 5.513 3.967 4.858 5.339 4.528 4.11 5.053 5.439 5.162 4.823 7.103 5.125 4.709 4.745 4.715 4.016 5.555 4.701 5.526 4.549 5.122 6.172 4.957 4.346 4.584 5.729 4.353 4.958 4.25 4.588 4.501 4.038 5.257 4.474 5.339 4.306 4.585 5.345 4.711 5.192 4.333 3.898 4.636 4.927 5.813 5.717 4.487 4.891 3.984 4.673 4.789 3.638 4.861 5.895 4.95 4.927 4.386 5.526 4.679 3.848 5.749 4.86 4.363 4.015 5.914 5.926 5.838 5.391 4.424 5.699 5.475 5.582 5.787 4.267 5.645 5.49 5.722 5.35 5.409 5.281 4.946 5.794 5.575 5.747 5.832 8.904 10.559 9.509 11.11 9.637 8.53,1122.4,0.046794,0.1774935722351074,16.504939079284668,1.2392648680802549e-06,8.055221642521656e-06,6.753993531037389e-05,1.425154598292293e-05,4.337427038280892e-06,0.0,1.108229713855088e-05,0.0002715162798944,1.662344570782632e-05,0.0,0.0,1.847049523091813e-06,7.517091788987899e-06,2.124106951555585e-06,0.0,0.0,1.847049523091813e-06,7.517091788987899e-06,2.124106951555585e-06,0.0,0.0,3.947593890418492e-06,5.014839878879358e-05,5.209148563252196e-06,0.0,0.0,1.108229713855088e-06,2.715162798944966e-06,8.31172285391316e-07,0.0,0.0,1.108229713855088e-05,0.0002715162798944,1.662344570782632e-05,0.0,0.6924489879610369,0.6703773634153513,0.6601228921462619,0.6854588455241583,0.701660547193917,megamarket,sasrec,16,256,256,42
12,5.437,12.372 11.152 9.983 9.745 9.587 8.534 8.56 9.242 8.591 8.736 7.239 7.61 7.503 8.019 7.51 6.373 7.321 6.313 6.04 6.014 6.498 5.807 6.088 6.55 6.416 6.562 4.965 5.78 6.116 6.135 7.152 6.09 6.851 8.468 5.691 6.254 6.199 6.275 5.104 5.791 6.967 6.064 7.712 4.857 4.78 5.232 6.337 6.785 6.27 5.201 5.862 6.303 6.718 5.575 6.611 6.309 5.107 5.669 4.972 5.347 6.132 5.362 5.182 6.967 5.74 5.321 5.185 4.652 5.42 4.887 6.439 6.301 4.7 6.111 4.658 4.955 5.391 6.501 4.918 5.527 5.622 5.231 4.518 5.994 5.373 5.495 5.417 4.502 4.257 3.881 5.901 5.574 6.723 6.267 5.194 4.724 5.429 4.837 5.281 5.55 6.565 5.114 4.306 4.478 5.545 5.648 5.272 4.958 5.844 4.868 6.041 5.526 5.41 4.99 4.872 5.405 6.102 6.643 5.808 6.254 5.812 4.461 4.826 5.668 5.757 6.253 5.622 4.668 4.427 5.797 4.483 5.828 6.073 5.748 4.275 4.658 5.528 5.68 5.049 5.647 6.522 5.117 4.733 5.393 5.95 5.632 5.555 4.746 6.255 4.348 4.648 5.6 4.698 6.26 5.396 5.684 5.268 4.918 5.307 5.824 6.179 6.013 5.085 5.494 6.002 4.925 6.085 5.732 4.711 5.248 4.918 5.114 4.955 5.342 5.591 4.037 6.134 4.813 6.376 5.46 4.092 5.47 4.258 4.707 5.389 5.626 5.372 5.899 5.961 4.688 4.797 4.911 4.251 5.098 5.688 4.83 6.315 5.235 5.903 4.934 4.871 4.688 5.827 5.851 5.606 4.921 5.748 6.019 4.72 4.803 5.641 4.402 6.522 4.896 4.66 5.45 5.111 4.227 4.071 5.399 5.397 5.38 6.006 5.589 4.916 4.687 4.718 5.988 7.298 5.079 5.144 5.003 5.915 4.463 5.304 4.676 4.821 4.847 5.337 5.704 4.106 4.706 5.338 4.921 4.688 4.114 4.477 5.633 4.594 5.65 4.145 4.708 5.994 5.763 5.725 4.125 4.861 5.546 4.734 4.619 5.347 5.725 5.457 5.009 7.205 5.31 4.953 4.998 5.033 4.222 5.698 4.924 5.676 4.776 5.322 6.211 5.434 4.479 4.86 5.858 4.596 5.116 4.423 4.782 4.638 4.201 5.429 4.82 5.534 4.536 4.653 5.601 4.917 5.283 4.484 4.104 4.803 5.036 5.984 6.026 4.7 4.947 4.267 4.778 4.875 3.951 5.021 5.904 5.322 4.856 4.497 5.6 4.644 3.829 5.612 4.84 4.409 4.086 6.211 5.885 5.954 5.434 4.409 5.556 5.366 5.372 5.704 4.214 5.527 5.111 5.057 5.11 5.26 4.964 4.548 5.468 4.96 4.906 5.3 5.513 5.951 5.193 7.282 4.575 4.22 5.086 4.949 3.866 4.548 4.641 5.43 5.039 3.785 5.451 5.048 5.078 4.942 5.076 5.088 4.797 5.316 4.993 6.173 4.466 6.457 4.733 4.772 3.983 4.392 4.982 3.996 5.364 4.396 3.932 6.33 5.217 5.304 5.479 5.43 4.925 5.204 4.698 3.433 4.627 5.289 3.652 5.04 5.735 4.181 5.445 3.689 4.461 4.954 4.536 5.027 4.642 5.256 7.125 4.605 5.332 5.09 4.229 4.554 4.652 5.059 4.826 4.704 4.859 5.126 4.606 3.545 5.019 4.669 5.22 5.192 6.328 6.024 5.362 5.389 4.76 7.205 6.714 6.092 6.139 4.954 5.066 5.666 6.386 10.613 11.49 10.87 11.334 9.413 9.021,1406.3,0.059095,0.1774935722351074,20.044389247894287,0.0056745938309394,0.017882592046398,0.0424448217317487,0.0235906460287757,0.0131523180449357,0.0024658111133275,0.0111321674756743,0.029030077354434,0.0156703681539109,0.0073974333399827,0.0024658111133275,0.0046304102279399,0.0052609690959913,0.0049424699654291,0.0041452408921988,0.0024658111133275,0.0046304102279399,0.0052609690959913,0.0049424699654291,0.0041452408921988,0.0024658111133275,0.006141598114371,0.0097164460109111,0.0072853980842742,0.0049471694655764,0.0024658111133275,0.0011132167475674,0.0002903007735443,0.0007835184076955,0.0014794866679965,0.0024658111133275,0.0111321674756743,0.029030077354434,0.0156703681539109,0.0073974333399827,0.3473185135864871,0.406805914475927,0.4601628495213397,0.4241750508137961,0.3876698845990897,megamarket,sasrec,16,512,256,42
13,5.62,12.26 11.195 10.243 10.125 9.767 8.764 8.836 9.536 8.968 9.074 7.574 8.089 7.941 8.536 7.875 6.758 7.717 6.708 6.507 6.434 6.77 6.193 6.502 6.97 6.868 6.87 5.222 6.163 6.36 6.234 7.588 6.372 7.129 8.633 5.918 6.386 6.385 6.424 5.184 6.083 7.169 6.189 8.113 4.959 5.132 5.477 6.564 6.9 6.62 5.482 6.062 6.452 6.961 5.754 6.744 6.56 5.367 5.909 5.248 5.499 6.2 5.525 5.391 7.296 5.907 5.628 5.369 4.816 5.702 5.211 6.598 6.585 4.838 6.25 4.988 5.196 5.65 6.583 5.116 5.829 5.964 5.66 4.687 6.271 5.536 5.765 5.609 4.759 4.563 4.111 6.157 5.849 6.982 6.489 5.458 4.924 5.618 5.077 5.483 5.711 6.834 5.345 4.676 4.717 5.838 5.889 5.512 5.092 5.97 5.032 6.203 5.723 5.645 5.236 5.156 5.544 6.435 6.946 6.037 6.599 6.012 4.647 5.006 5.864 5.89 6.425 5.842 4.827 4.685 6.045 4.742 5.982 6.35 5.977 4.406 4.791 5.614 5.97 5.269 5.822 6.66 5.41 4.887 5.543 6.168 5.731 5.662 4.991 6.379 4.584 4.941 5.861 4.937 6.513 5.655 5.86 5.35 5.079 5.583 6.001 6.315 6.24 5.313 5.647 6.287 5.229 6.198 5.839 4.952 5.399 5.142 5.194 5.238 5.432 5.776 4.172 6.228 5.01 6.776 5.615 4.362 5.691 4.401 4.776 5.552 5.771 5.56 6.068 6.061 4.835 4.924 5.05 4.412 5.212 5.781 5.065 6.548 5.314 6.087 5.104 4.993 4.884 6.117 6.109 5.727 5.105 5.958 6.162 4.906 5.075 5.755 4.703 6.667 5.121 4.78 5.607 5.271 4.561 4.263 5.43 5.582 5.529 6.015 5.676 5.188 4.811 4.938 5.958 7.389 5.273 5.247 5.177 6.056 4.639 5.394 4.734 5.032 4.991 5.594 5.968 4.199 4.852 5.526 5.241 4.9 4.209 4.597 5.685 4.868 5.791 4.163 5.036 6.041 5.799 5.876 4.268 5.126 5.767 4.741 4.599 5.498 5.737 5.515 5.244 7.192 5.362 5.191 5.105 5.202 4.462 5.852 4.98 5.815 4.88 5.616 6.38 5.639 4.585 4.708 5.984 4.878 5.33 4.529 4.93 4.781 4.526 5.602 4.938 5.721 4.637 4.947 5.622 5.174 5.354 4.699 4.238 4.915 5.261 6.129 6.1 4.793 4.972 4.435 4.978 5.014 4.09 5.161 6.071 5.312 4.963 4.772 5.697 4.84 4.192 5.89 5.041 4.401 4.328 6.327 5.914 6.205 5.502 4.688 5.664 5.448 5.45 5.834 4.401 5.612 5.213 5.267 5.374 5.425 5.184 4.796 5.665 5.132 5.1 5.464 5.519 6.073 5.347 7.553 4.722 4.487 5.108 5.107 4.003 4.622 4.818 5.669 5.273 3.945 5.436 5.249 5.285 5.128 5.22 5.201 4.949 5.445 5.266 6.464 4.559 6.488 4.845 4.959 4.186 4.512 5.037 4.23 5.607 4.675 4.064 6.51 5.513 5.373 5.62 5.542 4.872 5.178 4.948 3.649 4.746 5.445 3.747 5.031 5.762 4.253 5.622 3.808 4.763 5.203 4.581 4.929 4.691 5.359 7.312 4.648 5.41 5.113 4.452 4.508 4.531 5.057 4.75 4.586 4.738 5.201 4.648 3.508 4.891 4.761 5.192 5.047 5.987 5.831 5.106 5.107 4.321 6.762 6.196 5.379 5.487 4.466 4.826 5.108 3.819 4.665 6.183 4.917 6.426 4.702 4.128 6.345 5.108 4.852 4.535 3.433 5.396 5.207 5.643 4.806 5.573 5.608 4.487 5.011 4.858 5.106 5.046 4.506 4.897 5.354 4.924 3.977 5.149 5.015 5.106 4.644 4.924 4.165 5.31 5.448 5.467 4.303 5.296 5.815 5.317 4.723 3.846 5.712 6.108 5.388 5.307 5.294 5.839 4.144 4.844 4.362 5.574 4.667 5.014 4.207 3.75 6.84 6.614 5.016 5.542 4.682 5.561 5.089 5.869 6.089 3.6 4.994 6.007 5.769 4.78 4.369 5.811 4.692 5.589 4.418 5.846 5.574 4.873 6.114 5.194 5.617 5.151 5.645 5.762 4.559 4.818 5.05 4.772 4.462 5.561 4.6 4.579 5.534 4.705 4.803 5.478 5.638 5.351 5.274 4.855 4.472 4.471 3.957 4.585 4.526 4.465 5.023 5.979 4.596 5.323 5.156 5.77 4.501 5.909 3.998 4.522 5.135 5.591 5.585 5.38 3.605 5.997 5.374 4.535 5.136 5.175 4.538 6.124 6.421 6.1 5.079 5.274 4.698 4.617 5.803 5.906 5.626 4.579 3.85 5.864 5.683 6.026 5.435 5.764 5.431 4.939 5.104 4.531 3.995 4.568 5.229 4.441 4.001 7.095 4.823 6.092 5.087 4.369 5.243 4.851 4.699 5.429 4.738 5.53 5.428 5.483 4.912 6.449 4.541 5.137 5.597 4.891 4.727 5.771 5.879 5.752 4.951 4.776 5.764 3.817 4.825 5.324 6.079 4.243 4.647 5.737 5.428 5.265 5.371 5.58 4.579 5.672 5.394 4.699 5.483 5.625 4.73 5.049 5.281 6.379 5.591 4.749 5.074 5.388 5.491 5.155 7.472 6.265 5.374 6.252 5.547 6.592 6.31 6.661 5.659 5.967 11.543 12.257 12.785 12.442 13.8,2117.1,0.090023,0.1774935722351074,30.34679365158081,0.0073234357379202,0.0194905382127322,0.0482768022009344,0.0248720459023707,0.0150279454227752,0.0027705742846377,0.0116752000354633,0.0275450495378682,0.0157202384910344,0.0079737127911873,0.0027705742846377,0.0050760263174652,0.0056389301831048,0.0053523042585021,0.0045837304489807,0.0027705742846377,0.0050760263174652,0.0056389301831048,0.0053523042585021,0.0045837304489807,0.0027705742846377,0.0066169283136069,0.0097949566368001,0.0076342076817462,0.0054216480364409,0.0027705742846377,0.0011675200035463,0.0002754504953786,0.0007860119245517,0.0015947425582374,0.0027705742846377,0.0116752000354633,0.0275450495378682,0.0157202384910344,0.0079737127911873,0.3742383760231741,0.4132165660042313,0.453837030311023,0.4256297106661461,0.4008988769390696,megamarket,sasrec,16,1024,256,42
14,5.789,12.185 11.318 10.316 10.304 9.914 8.895 9.06 9.769 9.158 9.325 7.771 8.447 8.132 8.597 8.064 7.029 8.061 7.143 6.871 6.826 7.091 6.511 6.732 7.27 7.316 7.224 5.507 6.412 6.559 6.54 7.872 6.659 7.403 8.851 6.257 6.62 6.798 6.746 5.444 6.316 7.477 6.459 8.174 5.204 5.198 5.728 6.819 7.26 6.738 5.667 6.238 6.74 7.176 5.915 6.925 6.704 5.549 6.055 5.419 5.669 6.36 5.742 5.54 7.34 6.095 5.754 5.538 5.051 5.854 5.269 6.771 6.679 5.057 6.455 5.091 5.296 5.783 6.638 5.337 5.965 6.071 5.768 4.821 6.466 5.696 5.939 5.763 4.9 4.633 4.2 6.33 6.19 7.228 6.872 5.593 5.16 5.636 5.196 5.632 6.026 6.796 5.542 4.896 5.007 5.927 6.078 5.65 5.282 6.157 5.275 6.403 5.953 5.793 5.351 5.255 5.741 6.533 7.212 6.107 6.651 6.194 4.87 5.154 6.019 6.139 6.43 6.009 5.07 4.813 6.175 4.873 6.182 6.594 6.298 4.596 4.905 5.85 6.084 5.386 6.039 6.813 5.578 5.007 5.797 6.375 5.916 5.812 5.044 6.59 4.863 5.053 6.105 5.171 6.54 5.698 5.915 5.454 5.255 5.707 6.171 6.535 6.383 5.426 5.867 6.325 5.38 6.323 6.006 5.1 5.504 5.32 5.351 5.326 5.463 5.938 4.289 6.311 5.236 6.877 5.65 4.44 5.768 4.621 4.874 5.637 5.805 5.645 6.224 6.132 5.048 5.145 5.156 4.469 5.297 5.979 5.188 6.869 5.519 6.237 5.248 5.297 4.866 6.245 6.307 5.909 5.286 5.987 6.192 5.02 5.279 5.982 4.826 6.781 5.232 4.94 5.695 5.362 4.68 4.318 5.565 5.784 5.643 6.135 5.844 5.201 4.989 5.017 6.059 7.544 5.181 5.316 5.258 6.126 4.895 5.613 4.938 5.182 5.101 5.628 6.078 4.466 4.993 5.611 5.393 4.931 4.302 4.694 5.8 4.915 6.04 4.398 5.139 6.126 5.778 6.068 4.485 5.215 5.968 4.898 4.752 5.706 5.842 5.616 5.315 7.327 5.538 5.346 5.148 5.343 4.475 5.972 5.159 5.885 5.115 5.654 6.408 5.719 4.729 4.841 6.196 5.03 5.431 4.665 5.072 4.919 4.745 5.673 5.091 5.723 4.876 5.168 5.656 5.307 5.466 4.86 4.491 5.083 5.44 6.254 6.25 4.931 5.24 4.644 5.053 5.296 4.172 5.205 6.137 5.559 5.208 4.955 5.807 5.071 4.241 6.073 5.205 4.539 4.604 6.414 6.08 6.356 5.713 4.753 5.886 5.656 5.708 6.029 4.743 5.799 5.452 5.436 5.415 5.612 5.387 4.991 5.769 5.269 5.219 5.499 5.646 6.251 5.467 7.69 4.812 4.625 5.312 5.356 4.118 4.805 4.988 5.864 5.389 4.151 5.662 5.384 5.384 5.211 5.331 5.3 5.095 5.719 5.558 6.559 4.642 6.797 4.997 5.103 4.369 4.621 5.097 4.43 5.805 4.876 4.151 6.864 5.58 5.581 5.831 5.759 5.029 5.335 5.045 3.843 4.887 5.793 3.932 5.248 5.921 4.552 5.692 4.003 4.918 5.336 4.84 5.203 5.032 5.518 7.469 4.897 5.647 5.329 4.71 4.651 4.766 5.22 5.077 4.81 5.073 5.516 4.947 3.74 4.982 4.954 5.365 5.366 6.347 6.211 5.465 5.528 4.655 7.057 6.564 5.566 5.865 4.74 5.131 5.404 4.15 4.962 6.425 5.247 6.668 5.056 4.434 6.614 5.531 5.113 4.944 3.539 5.538 5.471 5.749 5.053 5.997 6.026 4.935 5.315 5.118 5.385 5.437 4.888 5.148 5.815 5.241 4.257 5.549 5.208 5.472 4.985 5.299 4.5 5.703 5.58 5.795 4.572 5.578 6.141 5.559 5.078 4.116 6.059 6.54 5.912 5.635 5.623 5.971 4.581 5.154 4.785 6.098 5.031 5.372 4.694 4.13 7.413 7.126 5.382 5.862 5.027 5.844 5.504 6.429 6.591 3.815 5.436 6.38 6.061 5.093 4.73 6.123 5.161 6.019 4.788 6.373 5.845 5.197 6.664 5.397 5.933 5.514 6.15 6.218 4.907 5.339 5.598 5.071 4.77 5.983 4.898 5.175 5.803 5.073 5.034 5.733 6.152 5.677 5.614 5.281 4.653 4.704 4.311 4.804 4.982 4.854 5.413 6.338 4.947 5.736 5.6 6.182 4.975 6.519 4.504 4.777 5.567 5.861 5.921 5.627 3.802 6.559 5.77 4.887 5.521 5.496 4.961 6.537 6.888 6.386 5.453 5.593 4.987 4.948 6.146 6.141 6.036 4.865 4.211 6.174 6.017 6.372 5.825 6.167 5.746 5.502 5.6 4.751 4.312 4.917 5.529 4.817 4.419 7.532 5.108 6.435 5.426 4.738 5.558 5.104 5.068 5.758 5.051 5.813 5.785 5.853 5.293 6.848 4.83 5.378 5.952 5.107 5.109 6.164 6.186 6.046 5.184 4.974 5.998 3.96 5.14 5.542 6.383 4.551 4.95 6.056 5.59 5.341 5.647 5.731 4.736 5.76 5.437 4.754 5.545 5.542 4.785 4.979 5.296 6.095 5.537 4.7 5.044 5.151 5.308 5.062 6.876 5.844 4.9 5.801 5.047 5.769 5.545 5.877 5.007 4.859 5.352 5.188 5.524 5.044 6.146 5.826 5.328 3.986 5.946 5.358 5.81 6.114 5.249 5.728 6.316 6.67 5.339 5.477 7.332 5.633 5.275 6.102 4.791 6.47 7.363 5.4 5.826 5.514 4.859 5.815 6.42 5.044 6.374 6.513 6.153 5.688 5.119 5.127 4.848 5.221 5.31 4.624 4.958 5.075 4.724 6.246 4.51 4.46 6.314 5.006 4.447 4.735 6.226 4.956 5.338 5.774 5.811 5.537 6.403 5.102 5.466 6.02 6.263 6.254 6.648 4.666 5.587 6.211 5.365 4.761 5.693 5.669 5.201 5.744 5.553 5.849 6.037 5.161 6.829 5.142 4.714 5.836 4.839 3.852 5.16 4.054 5.187 4.939 4.271 6.046 6.468 5.837 4.604 4.927 5.442 6.157 5.496 5.333 4.84 5.577 5.421 5.809 4.995 5.786 4.728 5.148 5.911 7.069 5.03 5.883 4.869 5.642 5.563 5.676 5.375 5.578 6.15 5.307 5.17 5.694 6.554 5.44 5.069 4.896 5.772 5.087 5.116 6.671 4.591 4.772 5.819 5.291 5.451 6.644 6.401 6.337 5.39 6.842 8.095 6.839 6.07 8.354 12.448 13.933 13.923 14.484 14.24 13.927 14.229 14.462 14.745,2872.5,0.12451,0.1774935722351074,40.1692681312561,0.0078210005824544,0.0198325753163223,0.0561108150645037,0.0252382486708884,0.0154511543752246,0.0030033025245472,0.0115588359155085,0.0259990690870403,0.0154265576168628,0.0082563113682204,0.0030033025245472,0.0052437691983206,0.0057626321355397,0.0055094007932095,0.0048113793027018,0.0030033025245472,0.0052437691983206,0.0057626321355397,0.0055094007932095,0.0048113793027018,0.0030033025245472,0.006721904461082,0.0096210598992988,0.0076962192673775,0.0056623643356338,0.0030033025245472,0.0011558835915508,0.0002599906908704,0.0007713278808431,0.001651262273644,0.0030033025245472,0.0115588359155085,0.0259990690870403,0.0154265576168628,0.0082563113682204,0.3809225582647971,0.4152612012520183,0.4502532732860508,0.4259056365977929,0.4045732057639206,megamarket,sasrec,16,1512,256,42
15,5.933 5.315 5.357 9.663 11.168,12.201 11.429 10.48 10.516 10.071 9.121 9.237 9.965 9.413 9.47 7.939 8.687 8.373 8.771 8.219 7.29 8.455 7.284 7.139 7.011 7.314 6.857 6.972 7.508 7.587 7.53 5.691 6.819 6.765 6.771 8.268 6.972 7.625 9.179 6.532 6.838 6.961 7.037 5.729 6.759 7.974 6.769 8.402 5.429 5.606 5.992 7.098 7.555 7.041 5.844 6.506 6.902 7.411 6.178 7.077 7.024 5.935 6.314 5.676 5.814 6.557 5.964 5.813 7.539 6.237 5.82 5.717 5.352 6.11 5.423 6.994 6.911 5.23 6.592 5.333 5.516 6.048 6.931 5.52 6.075 6.279 5.899 5.027 6.678 5.853 6.219 5.933 5.111 4.804 4.359 6.578 6.079 7.261 6.761 5.737 5.429 5.839 5.468 5.855 6.127 7.002 5.65 5.035 5.084 6.069 6.188 5.848 5.493 6.259 5.391 6.433 6.163 5.995 5.477 5.491 5.99 6.81 7.287 6.222 6.819 6.242 4.993 5.275 6.043 6.206 6.562 6.151 5.166 4.914 6.377 4.921 6.157 6.483 6.412 4.692 5.039 5.803 6.21 5.454 6.192 6.844 5.793 5.144 5.838 6.406 6.018 5.828 5.175 6.665 4.871 5.102 6.279 5.239 6.814 5.887 6.075 5.676 5.402 5.701 6.346 6.595 6.657 5.492 6.062 6.457 5.518 6.414 6.054 5.257 5.672 5.467 5.344 5.496 5.764 5.998 4.339 6.412 5.505 7.07 5.789 4.657 5.938 4.78 5.034 5.725 5.89 5.864 6.338 6.157 5.046 5.205 5.246 4.571 5.408 5.893 5.269 6.892 5.573 6.219 5.37 5.318 4.999 6.247 6.462 5.964 5.361 6.073 6.397 5.217 5.36 6.069 4.889 6.913 5.426 5.269 5.92 5.406 4.799 4.505 5.603 5.729 5.737 6.15 5.876 5.431 5.106 5.22 6.286 7.69 5.266 5.461 5.249 6.263 5.005 5.544 5.053 5.272 5.239 5.775 6.147 4.536 5.148 5.843 5.587 5.148 4.46 4.895 5.876 5.096 6.022 4.549 5.184 6.274 5.888 6.176 4.492 5.394 6.075 4.982 4.809 5.794 5.947 5.761 5.405 7.373 5.422 5.384 5.355 5.523 4.624 6.104 5.233 5.976 5.147 5.826 6.524 5.756 4.843 5.025 6.123 5.182 5.542 4.785 5.181 5.031 4.823 5.811 5.298 5.832 4.913 5.261 5.803 5.369 5.468 4.93 4.593 5.17 5.48 6.349 6.424 5.125 5.3 4.767 5.232 5.612 4.322 5.296 6.229 5.701 5.3 5.217 5.987 5.059 4.507 6.103 5.428 4.649 4.768 6.699 6.272 6.529 5.844 4.852 5.967 5.79 5.899 6.21 4.771 5.865 5.49 5.555 5.658 5.683 5.544 5.213 5.951 5.424 5.384 5.681 5.885 6.443 5.633 7.963 4.92 4.792 5.558 5.505 4.248 4.838 4.997 6.124 5.547 4.331 5.647 5.423 5.537 5.462 5.549 5.555 5.24 5.831 5.621 6.749 4.817 6.817 5.048 5.348 4.472 4.757 5.236 4.591 5.897 4.989 4.283 6.988 5.805 5.749 5.828 5.869 5.121 5.443 5.23 3.969 5.021 5.872 4.197 5.415 6.084 4.53 5.894 4.17 4.998 5.497 4.935 5.331 5.057 5.71 7.598 5.013 5.768 5.44 4.822 4.877 4.837 5.286 5.201 4.892 5.206 5.485 5.162 3.817 5.217 5.181 5.555 5.536 6.428 6.137 5.66 5.782 4.661 7.172 6.547 5.631 5.927 4.937 5.223 5.501 4.202 5.016 6.59 5.26 6.837 5.094 4.492 6.72 5.604 5.198 5.058 3.66 5.791 5.581 5.842 5.14 6.085 6.019 4.959 5.235 5.108 5.503 5.517 4.916 5.225 5.869 5.244 4.255 5.685 5.309 5.558 5.019 5.296 4.482 5.777 5.704 5.818 4.594 5.53 6.095 5.643 5.313 4.016 6.002 6.381 5.764 5.617 5.61 5.976 4.506 5.113 4.777 5.984 5.036 5.357 4.552 4.185 7.349 7.073 5.382 5.766 4.944 5.861 5.454 6.343 6.475 3.883 5.238 6.243 5.946 4.959 4.744 6.224 5.065 5.886 4.744 6.346 5.813 5.062 6.487 5.301 5.72 5.443 5.94 6.086 4.688 5.101 5.338 5.175 4.626 5.752 4.758 4.969 5.749 4.857 5.055 5.574 5.826 5.587 5.429 5.172 4.664 4.566 4.286 4.733 4.919 4.671 5.188 6.113 4.725 5.605 5.436 5.853 4.783 6.167 4.417 4.705 5.361 5.605 5.708 5.569 3.787 6.194 5.722 4.78 5.44 5.472 4.859 6.381 6.595 6.303 5.256 5.372 4.86 4.733 5.936 6.023 5.912 4.735 4.179 5.986 5.804 6.147 5.595 5.902 5.613 5.258 5.294 4.716 4.193 4.707 5.405 4.505 4.31 7.072 5.12 6.117 5.284 4.553 5.431 5.055 4.904 5.618 4.812 5.602 5.565 5.67 5.163 6.445 4.855 5.183 5.659 4.966 4.794 5.967 5.987 5.963 5.067 4.735 5.805 4.007 4.978 5.204 6.04 4.431 4.623 5.834 5.265 5.294 5.345 5.495 4.657 5.513 5.334 4.489 5.29 5.351 4.541 4.904 5.15 5.725 5.318 4.429 4.85 5.006 5.215 5.018 6.607 5.655 4.706 5.501 4.896 5.501 5.254 5.651 4.79 4.673 5.152 5.041 5.184 4.68 6.145 5.688 5.166 3.735 5.731 5.15 5.678 5.905 5.13 5.464 6.01 6.476 5.14 5.402 7.118 5.379 5.132 5.878 4.724 6.31 7.161 5.415 5.649 5.355 4.693 5.681 6.064 4.952 6.139 6.174 5.843 5.552 4.939 4.997 4.746 4.988 5.185 4.512 4.933 4.922 4.756 5.903 4.459 4.343 6.078 4.888 4.218 4.601 5.984 4.75 5.003 5.652 5.667 5.325 6.181 4.929 5.409 5.8 5.953 6.086 6.334 4.45 5.397 5.984 5.274 4.654 5.518 5.507 5.047 5.575 5.336 5.769 5.795 4.962 6.58 4.968 4.728 5.468 4.741 3.781 5.001 3.994 5.15 4.739 4.08 5.921 6.21 5.707 4.469 4.853 5.313 5.919 5.34 5.402 4.839 5.526 5.397 5.637 4.889 5.694 4.569 4.881 5.579 6.827 4.841 5.631 4.654 5.285 5.33 5.421 5.083 5.298 5.864 5.087 4.842 5.451 6.136 4.949 4.746 4.524 5.317 4.756 4.796 6.073 4.193 4.398 5.228 4.804 5.007 5.681 5.498 5.462 4.385 5.794 6.426 5.304 4.949 4.7 4.592 5.072 6.123 5.803 5.633 5.007 4.481 5.287 4.632 4.968 4.027 5.481 4.663 4.601 5.19 5.313 3.777 5.348 5.181 6.29 5.673 5.861 4.539 4.646 5.254 5.039 5.915 5.556 5.096 3.921 4.717 6.139 4.566 5.288 4.836 4.953 4.687 4.974 5.337 5.679 5.058 4.881 5.1 4.198 5.633 4.442 4.629 5.09 5.688 3.843 4.716 5.27 4.345 5.883 4.648 4.704 5.059 5.702 4.943 5.057 4.611 4.625 5.659 4.533 4.7 5.317 5.199 5.269 5.387 5.472 5.297 4.493 4.894 5.78 5.956 5.61 4.226 5.504 5.41 4.636 5.463 5.455 5.221 4.53 5.068 5.718 4.321 5.561 5.222 4.309 5.281 5.507 5.265 5.663 4.672 4.316 5.334 5.285 5.975 4.978 5.951 5.054 5.661 5.622 4.619 5.382 4.798 5.035 5.818 4.961 5.236 5.828 4.401 5.38 5.89 4.745 5.169 5.662 4.824 4.379 6.165 5.846 6.033 5.657 4.731 4.301 5.426 4.943 5.231 6.091 6.45 5.135 5.162 4.027 5.159 5.775 5.612 6.225 6.022 4.881 5.559 4.636 5.435 5.703 5.206 5.837 5.24 4.971 4.563 6.028 5.691 5.747 6.213 6.092 5.412 4.566 6.615 4.311 5.634 5.932 5.117 5.257 4.701 4.755 4.559 6.361 5.301 5.413 4.733 5.431 4.724 5.26 4.75 6.257 5.525 4.59 4.691 4.429 5.175 5.131 6.486 5.369 5.747 5.613 5.755 4.512 4.75 5.12 6.369 4.44 6.263 5.802 5.371 4.26 5.307 5.995 6.54 4.501 5.635 4.821 5.211 5.257 6.559 6.127 4.858 3.995 5.63 4.825 5.588 5.078 5.204 4.931 3.824 4.527 7.189 5.268 5.825 6.172 4.883 5.043 6.918 5.152 4.945 5.637 5.553 4.386 6.74 5.387 5.52 5.863 5.388 4.646 6.313 6.293 4.602 5.907 5.539 5.447 6.308 5.045 5.469 5.992 5.315 4.658 6.359 4.209 5.24 4.72 5.199 4.932 4.696 5.334 4.395 5.082 6.841 4.855 5.542 4.439 5.835 4.626 5.172 4.478 4.881 5.257 5.522 6.771 4.977 5.184 5.963 5.568 5.401 4.695 5.794 7.096 4.878 5.897 4.76 4.99 5.034 5.444 5.267 5.819 5.678 6.086 6.206 5.336 5.094 5.268 5.737 5.137 5.377 5.35 5.332 5.957 5.061 5.212 4.91 5.989 5.877 5.823 5.649 6.04 6.083 7.318 4.72 5.131 6.509 6.169 7.554 5.738 5.533 5.714 5.851 6.063 6.004 5.331 5.659 6.023 5.279 4.405 5.35 4.892 6.612 5.121 4.867 4.389 5.23 6.485 4.967 5.875 6.005 5.693 5.574 5.854 5.492 5.567 6.025 5.555 5.129 6.015 5.254 6.244 5.915 6.218 4.735 6.94 5.163 6.579 6.018 4.355 6.617 4.843 6.012 5.743 5.498 4.963 4.168 5.817 4.129 6.662 5.983 5.854 5.447 4.048 4.382 5.327 6.107 4.639 6.23 4.084 6.072 5.142 6.001 6.879 5.154 6.153 5.415 6.246 5.226 5.647 5.849 6.149 5.4 3.843 5.41 5.651 4.951 5.896 4.955 5.458 4.71 4.885 5.651 5.925 5.618 5.622 4.857 5.032 4.663 5.264 6.168 4.653 5.374 6.06 5.777 5.431 5.11 4.947 4.737 5.095 5.737 4.793 7.109 5.643 5.411 4.966 4.872 4.339 6.261 6.332 6.362 5.548 5.015 5.465 6.065 5.738 6.398 7.128 5.342 4.847 5.766 5.224 5.427 5.29 5.573 5.818 5.863 3.809 4.249 6.572 5.678 4.967 4.542 5.686 5.95 4.699 5.903 5.993 5.665 4.683 5.059 5.457 5.199 4.269 5.622 5.765 7.615 5.412 4.578 5.077 6.399 5.531 5.957 5.833 4.718 5.501 5.825 6.796 5.967 6.291 6.508 5.099 5.512 5.433 5.24 5.777 5.016 5.681 4.917 5.042 6.406 5.566 4.368 5.604 5.033 5.134 5.483 5.949 5.687 6.032 4.82 5.699 5.615 6.013 5.756 5.209 5.592 4.768 6.149 5.866 6.285 5.25 5.334 4.634 5.07 5.559 6.177 5.412 5.596 5.372 4.714 5.776 6.07 5.122 5.036 4.454 4.638 4.788 5.629 5.363 4.822 5.846 6.663 5.495 6.526 5.975 5.775 4.577 5.087 5.358 6.879 5.241 5.426 6.369 5.251 7.33 5.096 6.44 6.098 6.511 7.6 6.775 7.407 8.078 5.714 7.491 8.034 8.043 8.301 10.606 11.711 13.375 13.476 12.594 13.102 13.574 12.641 13.126 13.458 13.41 15.038 14.598 14.126 13.818 14.726 13.974 13.375 13.322 14.102 13.657 13.481 12.795 13.107 12.614 11.986 12.827 12.682 13.33 11.705 10.658 10.611 10.455 12.93 11.57 11.492 12.306 11.639 12.024 12.762 11.362 10.779 11.486 11.162 11.603 11.317 11.186 11.437 11.889 13.543 11.353 12.193 11.253 11.533 11.532 10.652 11.658 11.161 12.42 11.489 11.639 11.047 11.705 12.234 11.47 11.574 10.026 10.931 11.986 11.06 11.118 10.465 11.719 10.581 10.574 10.988 11.143 11.109 9.717 11.331 11.081 9.775 11.147 11.677 10.847 8.238 11.204 10.676 10.047 11.58 10.74 10.944 11.298 11.296 10.253 9.634 10.083 9.996 11.964 10.382 11.288 10.901 10.992 11.38 10.462 11.158 10.418 11.163 10.038 10.382 9.529 10.708 11.672 10.663 11.13 9.596 12.42 11.023 10.646 11.054 12.262 10.845 11.907 11.287 10.068 10.731 11.133 10.337 10.912 9.36 8.636 10.341 11.535 11.139 11.709 11.083 10.79 10.859 9.407 10.637 10.563 12.012 10.508 11.023 12.188 10.47 10.15 9.594 9.91 11.291 10.749 10.352 10.917 10.195 11.068 10.983 11.083 9.985 11.192 11.575 11.066 9.813 9.886 11.082 11.105 10.602 9.665 9.557 10.184 11.5 11.63 11.157 11.732 9.381 12.433 11.835 10.905 11.691 11.274 11.014 10.939 10.804 11.788 10.066 11.215 10.832 10.951 10.689 9.54 11.532 10.745 10.577 10.131 10.536 11.34 11.316 11.125 10.639 10.951 10.565 10.126 11.446 11.912 10.582 11.319 10.761 11.902 10.9 11.866 10.778 11.23 11.508 11.285 11.688 12.004 11.936 11.812 10.266 11.337 8.337 10.437 12.5 11.803 10.858 9.427 11.587 10.779 9.909 11.365 10.273 11.149 11.317 11.578 11.711 11.292 9.966 12.621 11.238 11.616 10.472 10.447 11.758 11.713 10.259 10.668 10.43 11.312 11.234 10.196 11.58 10.61 10.676 10.131 11.105 11.978 11.552 11.273 12.564 11.223 11.206 11.589 10.422 10.521 9.892 10.619 11.148 10.551 10.885 9.555 11.486 11.071 10.137 11.086 11.661 11.178 11.681 11.207 10.743 11.292 10.869 10.77 11.948 11.93 11.165 10.736 11.714 12.079 11.778 10.376 10.268 9.693 9.947 12.204 11.216 10.659 10.659 9.549 10.635 9.975 11.29 10.563 11.348 10.852 11.821 10.29 10.438 11.0 11.372 10.245 10.79 11.412 11.548 10.447 10.743 10.183 10.691 11.36 11.364 10.594 9.965 11.019 11.439 10.685 11.039 10.503 11.096 10.45 11.881 11.746 10.342 11.446 11.107 11.802 9.983 12.008 11.398 11.831 10.986 10.522 11.434 11.841 11.777 11.421 10.714 11.909 10.168 11.805 11.406 10.965 11.067 10.154 11.347 10.151 11.311 10.106 10.769 12.084 10.454 11.348 11.063 10.888 11.734 11.634 9.011 11.034 10.443 11.831 11.233 12.074 11.879 9.346 11.468 11.944 11.267 11.385 9.596 10.952 10.685 10.686 11.265 10.926 11.504 11.507 10.311 10.393 10.934 10.771 10.295 11.588 11.254 10.29 10.232 10.536 10.436 12.008 10.569 10.437 10.127 11.471 11.477 10.217 10.89 11.837 12.068 9.682 11.738 9.751 12.318 11.236 11.325 11.777 10.481 10.716 11.237 12.476 10.569 10.213 11.38 11.37 12.063 10.603 10.417 11.851 10.871 11.921 11.787 10.685 10.004 11.683 11.873 10.937 10.091 10.472 11.411 12.093 10.544 10.185 10.54 11.085 11.241 11.644 11.332 12.096 11.192 11.257 11.556 10.865 11.626 10.58 10.612 10.887 10.797 10.789 10.345 9.997 10.9 9.969 10.91 11.522 11.812 11.441 11.261 10.534 10.771 11.019 11.466 9.474 10.333 11.254 10.76 11.213 11.414 11.952 11.33 11.218 11.482 11.733 11.245 11.02 10.362 10.962 11.235 11.111 10.839 11.713 10.695 10.913 11.276 11.785 12.551 10.442 11.286 10.349 11.361 10.992 11.183 11.275 11.489 10.695 10.381 11.281 11.012 10.514 11.309 12.093 11.419 11.383 11.697 11.461 11.348 10.61 12.123 11.032 11.019 11.593 9.989 11.705 11.012 10.073 11.405 10.815 10.657 12.353 11.605 11.484 11.622 12.18 11.0 11.189 11.123 11.085 11.922 11.407 9.43 10.274 10.411 10.35 11.873 11.58 11.518 10.795 11.638 11.587 11.304 11.83 12.075 10.647 11.631 11.517 10.34 10.54 11.861 11.497 10.124 11.358 10.742 10.375 11.272 10.211 11.979 10.748 11.262 11.483 11.398 11.015 10.452 11.0 12.126 11.909 12.571 10.442 11.056 11.04 10.523 11.135 9.98 11.309 11.47 11.047 8.982 11.562 10.698 11.561 11.963 9.291 10.886 11.234 11.13 11.157 11.902 10.556 10.94 11.076 10.584 11.35 10.404 12.22 11.559 11.572 11.986 12.516 10.51 12.409 11.649 11.349 11.716 9.714 10.965 11.032 10.949 11.038 10.993 11.406 12.173 11.252 10.795 12.029 11.214 12.074 12.279 10.871 9.517 10.947 11.575 11.218 9.597 11.379 11.447 11.58 11.952 11.719 9.614 10.993 11.111 11.105 10.909 11.584 10.893 12.359 9.726 12.442 10.117 11.662 11.989 10.242 12.27 12.342 12.056 11.991 12.417 11.86 10.195 11.806 11.465 9.078 11.266 11.334 10.879 11.715 11.002 11.202 11.203 11.538 11.255 10.906 10.748 11.287 11.27 12.087 10.805 11.464 12.259 10.449 11.141 11.62 11.335 12.557 11.544 12.081 10.633 11.364 10.113 11.327 12.342 11.423 11.12 11.009 10.668 10.869 10.169 11.394 11.202 11.81 11.252 11.522 11.979 11.198 11.902 11.243 11.277 9.564 11.397,3996.4,0.15699,0.1774935722351074,50.95859479904175,0.0087547866605529,0.0219021476460163,0.0770996245027449,0.028737932658347,0.0169977569305887,0.00305871401024,0.0116973646297404,0.0243367245162577,0.0153157346454773,0.008450251568145,0.00305871401024,0.0053456911500996,0.0058154074026169,0.0055973227188304,0.0049125052640911,0.00305871401024,0.0053456911500996,0.0058154074026169,0.0055973227188304,0.0049125052640911,0.00305871401024,0.0068353614956857,0.0093982452557987,0.0077509585292141,0.0057855394330177,0.00305871401024,0.001169736462974,0.0002433672451625,0.0007657867322738,0.001690050313629,0.00305871401024,0.0116973646297404,0.0243367245162577,0.0153157346454773,0.008450251568145,0.3989060572199837,0.4218440979041332,0.4530699310562784,0.4302438353187645,0.4141465177374307,megamarket,sasrec,16,2048,256,42
16,4.103,12.807 10.786 10.551 8.916 8.442 6.506 7.598 7.314 6.513 8.423 7.775 6.804 5.835 5.837 4.882 6.684 5.08 5.653 5.979 4.912 4.999 5.88 4.748 5.357 5.086 4.987 5.601 5.29 4.687 4.668 4.725 6.488 4.711 4.75 5.695 5.456 5.252 5.489 4.413 5.076 5.053 5.13 5.169 5.926 5.864 4.897 4.576 4.57 4.763 5.217 5.195 3.992 5.231 4.394 4.912 4.637 4.369 4.49 6.378 4.383 4.847 5.478 4.155 5.197 5.036 4.301 5.096 3.665 5.965 5.364 3.858 5.534 4.494 2.704 3.697 6.077 5.379 4.208 4.501 5.372 3.36 3.097 4.11 4.533 3.635 3.361 5.043 2.906 3.861 3.365 3.56 3.254 4.392 4.042 4.773 4.052 4.539 5.289 4.725 4.072 4.812 4.469 6.27 3.989 4.321 6.893 4.092 3.694 5.293 3.465 4.378 4.752 3.476 3.571 3.606 4.904 4.833 3.773 3.352 5.559 4.545 4.012 4.988 4.091 3.577 4.158 4.058 3.01 4.71 3.705 4.993 5.121 3.605 4.186 3.696 4.228 2.836 3.105 3.331 3.805 4.663 4.03 3.398 3.819 4.226 4.676 3.959 3.878 3.779 2.512 4.739 4.815 3.3 4.549 5.047 3.397 3.976 3.793 3.817 3.225 4.161 4.742 4.192 3.429 2.538 3.953 4.096 4.159 4.319 4.159 3.5 4.626 2.68 6.2 3.114 3.481 3.3 3.978 2.906 3.611 3.451 3.49 3.729 4.4 4.011 3.766 3.92 4.671 4.027 3.341 4.519 4.123 3.554 3.497 3.296 4.519 3.715 3.665 4.36 4.781 4.849 4.161 3.162 2.347 4.759 4.764 2.375 3.644 5.599 3.622 4.473 5.243 3.014 4.362 4.688 5.248 3.951 3.669 3.649 3.863 3.139 3.822 3.229 3.981 3.252 4.61 3.821 3.895 3.094 4.309 3.701 2.937 2.972 3.684 3.793 3.599 3.649 3.153 4.137 3.143 3.54 2.657 3.537 4.475 3.799 3.661 2.826 3.847 2.879 3.717 4.673 3.117 2.77 3.706 3.237 3.837 3.413 3.924 4.135 3.845 3.13 2.68 4.914 3.711 3.574 4.092 3.898 4.367 2.602 4.918 3.92 4.25 4.06 3.933 2.991 3.512 3.193 2.812 3.204 3.748 2.38 2.656 3.644 2.867 2.902 3.946 3.876 3.856 2.786 2.836 4.22 3.878 2.213 3.035 4.225 3.394 3.838 4.633 3.955 3.987 4.649 3.898 3.667 3.436 2.808 3.518 4.075 3.932 3.928 3.828 2.814 4.548 3.601 4.798 3.803 3.27 2.937 3.34 4.256 3.169 4.933 3.429 3.677 3.385 2.939 3.945 3.944 2.669 4.371 4.884 3.077 2.803 3.899 4.416 3.019 2.991 2.996 3.277 5.055 3.355 4.937 2.938 2.914 3.8 2.712 4.326 2.657 2.389 4.139 3.847 3.407 2.457 4.517 2.733 3.043 2.889 3.485 4.394 3.946 3.527 2.962 3.126 3.293 3.724 3.131 2.764 3.772 2.268 5.063 3.896 3.285 2.811 4.428 3.308 2.463 3.3 3.301 3.311 3.72 3.845 3.643 3.163 2.936 3.085 3.65 4.624 3.707 3.781 3.91 3.902 2.97 2.148 3.902 2.837 2.504 4.262 4.059 2.951 3.331 3.149 2.274 2.299 2.896 3.23 2.801 3.877 3.375 2.688 3.734 3.622 2.591 2.498 3.229 2.87 3.449 3.117 4.452 3.845 3.238 3.299 2.589 2.187 2.101 3.263 2.355 3.518 2.582 4.587 3.751 3.245 3.406 4.155 3.331 3.604 2.415 2.681 2.618 2.647 1.819 3.595 3.295 2.534 2.99 2.264 3.039 2.616 3.357 2.204 3.661 3.656 2.401 3.611 4.335 3.12 2.614 3.43 2.188 4.636 2.924 4.34 2.323 2.809 3.504 3.347 2.317 3.153 4.185 2.878 2.95 3.434 2.727 3.05 3.031 3.834 3.457 2.35 2.629 2.791 3.717 2.775 2.454 2.677 2.159 2.18 2.56 3.168 3.847 2.809 2.124 2.459 3.62 3.067 2.561 3.582 2.729 4.238 2.717 2.589 1.969 3.126 2.839 2.288 2.715 2.826 4.609 2.772 2.911 3.127 2.37 3.207 2.632 3.247 3.067 3.599 2.847 2.489 2.361 3.443 2.679 3.567 3.472 3.199 3.962 3.38 3.106 4.706 3.904 3.065 2.452 2.893 2.749 4.159 3.537 2.981 3.299 2.501 3.21 3.975 2.86 3.668 2.615 4.672 4.803 4.936 5.14 5.684 5.803,1260.3,0.049755,3.337860107421875e-06,16.217373847961426,0.0054162071059447,0.0181044204577844,0.0572868774243119,0.0259551633970728,0.0124843542810404,0.0014517809251501,0.0075082563113682,0.0265531839439679,0.0113205665270297,0.0047210585810226,0.0014517809251501,0.002902387654532,0.0035117333681096,0.0031638800640518,0.0025403395615843,0.0014517809251501,0.002902387654532,0.0035117333681096,0.0031638800640518,0.0025403395615843,0.0014517809251501,0.0039677866892952,0.0076674459549491,0.0049278343734741,0.0030764902417511,0.0014517809251501,0.0007508256311368,0.0002655318394396,0.0005660283263514,0.0009442117162045,0.0014517809251501,0.0075082563113682,0.0265531839439679,0.0113205665270297,0.0047210585810226,0.3968208082851769,0.4128302614250027,0.4419653415936461,0.4203454295882393,0.4066302284881699,megamarket,sasrec,16,32,1024,42
17,4.378,12.645 10.479 10.425 8.846 8.441 6.685 7.712 7.403 6.562 8.545 7.752 6.961 6.071 5.83 5.22 6.848 5.23 5.669 6.058 5.106 5.178 6.254 4.996 5.635 5.193 4.901 5.858 5.45 4.872 4.826 4.841 6.765 4.767 4.972 5.916 5.58 5.462 5.567 4.544 5.167 5.309 5.142 5.395 6.147 6.096 4.892 4.732 4.804 4.999 5.508 5.392 4.13 5.568 4.574 5.189 4.967 4.61 4.686 6.613 4.699 5.052 5.577 4.398 5.393 5.415 4.508 5.462 3.826 6.217 5.581 4.066 5.622 4.632 2.811 3.878 6.403 5.58 4.483 4.642 5.745 3.682 3.403 4.393 4.591 3.828 3.65 5.215 3.17 3.979 3.586 3.916 3.619 4.611 4.337 5.111 4.411 4.836 5.618 4.831 4.383 5.125 4.636 6.43 4.289 4.655 7.067 4.435 4.12 5.752 3.796 4.738 5.037 3.962 3.918 3.887 5.387 5.088 3.971 3.489 5.682 4.943 4.292 5.097 4.213 3.816 4.264 4.309 3.33 5.036 4.05 5.076 5.625 3.812 4.459 4.064 4.45 3.07 3.624 3.598 4.205 5.186 4.315 3.698 4.232 4.616 4.98 4.194 4.196 4.093 2.736 5.094 4.971 3.564 4.853 5.432 3.703 4.269 4.122 4.025 3.463 4.461 5.289 4.227 3.713 2.803 4.265 4.495 4.398 4.489 4.617 3.732 4.828 3.092 6.242 3.321 3.726 3.697 4.222 3.434 4.056 3.632 3.758 4.074 4.802 4.325 4.02 4.314 4.868 4.361 3.637 4.684 4.442 3.726 3.74 3.712 5.026 3.941 4.021 4.87 5.093 5.047 4.449 3.475 2.674 4.999 5.049 2.762 3.935 5.884 3.904 4.771 5.424 3.33 4.504 4.906 5.437 4.356 3.862 4.031 4.176 3.484 4.197 3.525 4.221 3.578 4.854 4.094 4.215 3.353 4.573 4.143 3.007 3.312 4.0 3.905 3.931 3.77 3.529 4.516 3.457 3.84 2.951 3.891 4.663 3.985 3.877 3.099 4.162 3.182 3.968 4.992 3.319 3.043 4.002 3.491 4.018 3.623 4.169 4.48 4.117 3.273 3.019 5.125 4.006 3.9 4.338 4.272 4.746 2.924 5.294 4.433 4.592 4.134 4.205 3.252 3.928 3.539 3.079 3.567 4.01 2.569 3.053 3.987 3.301 3.127 4.084 4.179 4.227 3.03 3.043 4.413 4.123 2.45 3.521 4.467 3.693 4.442 4.912 4.333 4.39 4.918 4.182 4.122 3.887 3.129 3.777 4.407 4.399 4.127 4.309 3.215 4.906 3.902 5.2 4.069 3.453 3.335 3.518 4.633 3.494 5.351 3.944 4.04 3.839 3.057 4.246 4.323 2.859 4.681 5.07 3.262 3.145 4.134 4.704 3.175 3.221 3.018 3.565 5.132 3.767 5.336 3.166 3.183 3.972 3.0 4.789 2.941 2.694 4.519 4.144 3.748 2.684 4.727 2.984 3.337 3.215 3.828 4.825 4.301 3.985 3.241 3.347 3.59 4.066 3.707 3.234 4.159 2.582 5.327 4.179 3.633 3.133 4.613 3.341 2.793 3.563 3.441 3.672 4.032 4.146 3.989 3.344 3.363 3.44 3.959 4.96 3.944 4.046 4.279 4.057 3.295 2.36 4.134 3.255 2.841 4.59 4.31 3.319 3.566 3.605 2.507 2.484 3.146 3.587 3.114 4.037 3.695 3.083 4.17 4.162 2.896 2.694 3.618 3.24 3.958 3.563 4.712 4.328 3.766 3.674 2.922 2.484 2.456 3.631 2.596 3.928 2.998 4.876 4.296 3.705 3.674 4.612 3.634 4.139 2.946 3.047 3.207 3.032 2.185 3.973 3.664 2.992 3.353 2.816 3.478 2.945 3.772 2.603 4.172 4.102 2.78 4.074 4.771 3.623 2.811 3.831 2.501 5.324 3.297 5.041 2.918 3.294 3.939 3.812 2.601 3.485 4.544 3.334 3.234 3.945 3.139 3.427 3.599 4.384 3.901 2.629 3.168 3.143 3.999 3.031 2.911 3.027 2.63 2.645 3.168 3.713 4.311 3.112 2.523 3.128 4.161 3.422 3.11 4.198 3.284 4.818 3.164 2.895 2.492 3.509 3.636 2.917 3.548 3.495 5.163 3.675 3.583 4.056 3.041 5.272 4.117 4.751 3.568 4.452 4.303 9.107 9.341 9.921 11.088 10.331,1276.5,0.051058,0.1774935722351074,16.394864082336426,0.0061535697024525,0.0219641108894203,0.0683268685016048,0.0315405301575105,0.0151084976392004,0.0018562847707072,0.0088048850765786,0.0299111199769488,0.0135425671033091,0.0056076423521067,0.0018562847707072,0.0035398770076108,0.0042441064148852,0.0038689699209023,0.0031257619079282,0.0018562847707072,0.0035398770076108,0.0042441064148852,0.0038689699209023,0.0031257619079282,0.0018562847707072,0.0047580572992879,0.0089033984976437,0.0059563452120288,0.003736724694602,0.0018562847707072,0.0008804885076578,0.0002991111997694,0.0006771283551654,0.0011215284704213,0.0018562847707072,0.0088048850765786,0.0299111199769488,0.0135425671033091,0.0056076423521067,0.3869321380450268,0.4164205177423938,0.4571493724484914,0.4277938832021372,0.4059535500073018,megamarket,sasrec,16,64,1024,42
18,4.639,12.545 10.321 10.435 8.999 9.695 6.72 7.717 7.45 6.753 8.674 8.053 7.234 6.515 5.997 5.035 7.033 5.492 5.794 6.139 5.259 5.405 6.512 5.167 5.865 5.364 5.159 6.096 5.595 5.075 4.975 5.008 6.675 4.944 5.146 6.146 5.676 5.606 5.753 4.725 5.281 5.353 5.462 5.432 6.182 6.235 5.018 4.985 4.995 5.254 5.746 5.604 4.298 5.689 4.805 5.418 5.063 4.688 4.845 6.751 5.006 5.142 5.768 4.555 5.51 5.584 4.687 5.782 4.065 6.407 5.751 4.311 5.794 4.804 2.953 4.099 6.466 5.803 4.716 4.897 6.027 3.974 3.658 4.645 5.019 4.168 3.98 5.372 3.363 4.228 3.718 4.066 3.982 4.884 4.494 5.269 4.571 4.836 5.803 5.152 4.63 5.285 4.958 6.811 4.464 5.043 7.261 4.664 4.437 6.016 4.036 5.118 5.317 4.367 4.251 4.081 5.467 5.526 4.231 3.631 5.94 5.14 4.591 5.391 4.422 4.103 4.701 4.676 3.55 5.226 4.159 5.464 5.803 4.095 4.662 4.316 4.644 3.258 3.762 3.984 4.473 5.417 4.578 3.88 4.432 4.881 5.189 4.414 4.551 4.278 2.983 5.218 5.198 3.827 5.06 6.348 3.84 4.595 4.214 4.25 3.765 4.571 5.634 4.458 3.869 2.971 4.616 4.667 4.615 4.626 4.867 3.978 5.182 3.207 6.701 3.607 3.942 4.022 4.49 3.605 4.203 3.944 3.969 4.374 4.99 4.668 4.401 4.444 5.092 4.578 3.874 5.177 4.847 4.075 3.997 3.993 5.333 4.233 4.21 5.178 5.263 5.319 4.529 3.742 3.03 5.251 5.496 3.098 4.177 5.924 4.006 5.03 5.564 3.583 4.934 5.07 5.748 4.783 4.174 4.487 4.52 3.725 4.541 3.809 4.449 3.885 5.007 4.37 4.403 3.485 4.804 4.636 3.182 3.574 4.365 4.316 4.109 4.081 3.792 4.701 3.638 4.117 3.275 4.21 4.938 4.275 4.198 3.373 4.478 3.408 4.196 5.314 3.504 3.34 4.388 3.763 4.375 3.886 4.388 4.773 4.381 3.454 3.301 5.433 4.327 4.218 4.454 4.782 5.132 3.168 5.316 4.644 4.969 4.355 4.791 3.36 4.249 3.86 3.488 3.834 4.123 2.906 3.389 4.312 3.71 3.505 4.427 4.356 4.62 3.288 3.305 4.665 4.529 2.627 3.897 4.844 4.178 4.684 5.268 4.512 4.596 5.205 4.527 4.524 4.316 3.415 4.151 4.597 4.776 4.301 4.438 3.666 5.236 4.119 5.49 4.395 3.832 3.76 3.927 4.924 3.908 5.737 4.13 4.291 4.03 3.233 4.686 4.689 3.121 5.013 5.391 3.476 3.331 4.627 5.168 3.383 3.644 3.32 3.879 5.469 4.041 5.849 3.481 3.364 4.341 3.494 4.988 3.221 2.973 4.824 4.431 3.956 3.008 5.063 3.209 3.578 3.499 4.048 5.143 4.643 4.302 3.607 3.731 3.83 4.417 3.977 3.541 4.46 2.811 5.476 4.452 3.955 3.352 4.865 3.8 2.956 3.929 3.81 4.084 4.482 4.399 4.369 3.732 3.556 3.907 4.385 5.299 4.255 4.369 4.593 4.403 3.648 2.65 4.46 3.53 3.153 5.05 4.694 3.603 3.811 3.903 2.753 2.896 3.429 3.995 3.53 4.401 4.153 3.734 4.748 4.543 3.051 3.169 3.917 3.733 4.282 3.979 5.14 4.76 4.143 4.157 3.289 2.915 2.854 4.02 2.969 4.312 3.444 5.163 4.614 4.262 4.186 5.275 4.012 4.477 3.341 3.593 3.72 3.349 2.613 4.329 3.984 3.394 3.767 3.115 3.845 3.565 4.316 3.02 4.732 4.716 3.263 4.518 5.405 4.197 3.304 4.418 2.978 5.779 3.998 5.513 3.228 4.006 4.779 4.639 3.397 4.828 4.908 4.337 5.03 5.768 6.04 8.025 5.341 6.186 9.818 6.845 8.335 7.116,1396.5,0.057692,0.1774935722351074,18.0307297706604,0.0067998463311563,0.0244116590038789,0.0721921356251471,0.0345754898194391,0.0168385113950404,0.0022829532105414,0.0105004765387769,0.032853469867234,0.0154431810625706,0.0067879069973624,0.0022829532105414,0.0043386775512415,0.0050844758300977,0.0046807482057958,0.0038493435585994,0.0022829532105414,0.0043386775512415,0.0050844758300977,0.0046807482057958,0.0038493435585994,0.0022829532105414,0.0057697374725455,0.0101607643456121,0.007018198138169,0.0045752316662814,0.0022829532105414,0.0010500476538776,0.0003285346986723,0.0007721590531285,0.0013575813994724,0.0022829532105414,0.0105004765387769,0.032853469867234,0.0154431810625706,0.0067879069973624,0.3836129064729202,0.4180618901771004,0.4624499891393683,0.4308563000159169,0.4059541881360226,megamarket,sasrec,16,128,1024,42
19,4.909,12.461 10.344 10.512 9.04 8.723 6.884 7.941 7.661 6.999 8.818 8.354 7.34 6.622 6.27 5.342 7.196 5.72 5.993 6.336 5.452 5.435 6.689 5.325 5.961 5.489 5.281 6.186 5.7 5.215 5.125 5.14 6.954 5.004 5.32 6.273 5.778 5.739 5.839 4.855 5.448 5.615 5.5 5.458 6.447 6.36 5.17 5.019 5.131 5.364 5.85 5.681 4.427 5.778 5.098 5.522 5.359 4.948 5.12 6.97 5.142 5.245 5.896 4.719 5.685 5.794 5.025 5.993 4.294 6.568 5.839 4.382 5.942 5.003 3.14 4.242 6.744 5.916 4.901 4.941 6.334 4.277 3.904 4.753 4.962 4.425 4.127 5.611 3.527 4.27 3.877 4.291 4.212 4.994 4.855 5.453 4.741 5.109 6.173 5.327 4.735 5.498 5.135 7.047 4.76 5.133 7.432 4.933 4.691 6.39 4.246 5.308 5.55 4.708 4.415 4.345 5.799 5.659 4.394 3.881 6.359 5.396 4.873 5.61 4.537 4.265 4.885 4.802 3.741 5.487 4.408 5.728 5.905 4.355 4.893 4.54 4.92 3.465 4.077 4.225 4.697 5.995 4.82 4.077 4.76 5.166 5.481 4.688 4.745 4.604 3.245 5.492 5.462 4.158 5.313 6.16 4.126 4.801 4.621 4.55 3.957 4.881 5.847 4.717 4.162 3.238 4.959 5.052 4.853 4.916 5.187 4.279 5.473 3.557 7.07 3.838 4.282 4.339 4.759 4.042 4.498 4.302 4.206 4.725 5.223 5.113 4.512 4.927 5.412 4.869 4.213 5.577 5.062 4.416 4.132 4.388 5.652 4.529 4.523 5.633 5.664 5.596 4.812 4.158 3.32 5.353 5.714 3.327 4.419 6.292 4.383 5.342 5.852 3.861 5.178 5.292 6.082 5.213 4.265 4.91 4.864 4.09 5.032 4.047 4.872 4.039 5.224 4.639 4.75 3.896 5.311 5.143 3.488 3.809 4.556 4.535 4.492 4.29 4.071 5.028 4.0 4.365 3.632 4.555 5.184 4.7 4.385 3.757 4.81 3.808 4.43 5.608 3.788 3.462 4.669 4.124 4.692 4.154 4.618 5.123 4.559 3.75 3.597 5.561 4.602 4.63 4.844 5.112 5.417 3.403 5.731 5.043 5.305 4.723 5.199 3.701 4.659 4.121 3.694 4.23 4.58 3.215 3.75 4.698 4.082 3.768 4.804 4.693 4.794 3.587 3.6 5.107 4.891 2.858 4.408 5.066 4.473 4.978 5.437 4.803 4.984 5.477 4.982 4.956 4.589 3.824 4.598 4.929 5.097 4.685 4.699 3.995 5.455 4.557 5.737 4.859 4.217 4.19 4.159 5.218 4.321 6.014 4.505 4.718 4.343 3.592 4.94 5.012 3.49 5.329 5.623 3.859 3.756 4.947 5.3 3.727 3.943 3.732 4.241 5.969 4.611 6.073 3.714 3.762 4.701 3.759 5.472 3.636 3.289 5.17 4.726 4.296 3.411 5.52 3.564 3.867 3.929 4.425 5.662 5.06 4.681 3.928 4.065 4.246 4.72 4.447 3.936 4.829 3.077 5.759 4.813 4.369 3.964 5.258 4.184 3.346 4.191 4.084 4.45 4.69 4.788 4.764 3.936 3.89 4.344 4.609 5.634 4.721 4.705 5.087 4.67 4.088 2.844 4.825 3.897 3.429 5.168 5.057 3.86 4.172 4.361 3.148 3.271 3.856 4.41 3.901 4.589 4.678 4.05 5.236 4.958 3.563 3.39 4.42 4.165 4.651 4.255 6.047 5.275 4.604 4.757 3.731 3.436 3.375 4.397 3.344 5.219 4.149 5.617 5.389 4.826 4.943 5.85 4.937 5.33 3.954 4.232 4.426 3.782 3.231 4.66 4.675 4.054 4.766 3.826 4.843 4.49 5.215 3.629 5.581 6.198 4.684 5.821 6.776 5.322 4.081 5.251 3.736 9.335 12.013 13.627 10.733 11.502 12.064 11.632,1691.5,0.072489,0.1774935722351074,23.57905530929565,0.0075409267222683,0.0260084517864003,0.0871190809611738,0.036397209175517,0.0182810157014858,0.0023439058448035,0.0113371899727375,0.0332468914156526,0.0161912361194228,0.0073808098942748,0.0023439058448035,0.0045707901079767,0.005308748308461,0.0049043678174289,0.0040493790219503,0.0023439058448035,0.0045707901079767,0.005308748308461,0.0049043678174289,0.0040493790219503,0.0023439058448035,0.0061431925455557,0.0104628602217396,0.0073663449147411,0.0048703447628835,0.0023439058448035,0.0011337189972737,0.0003324689141565,0.0008095618059711,0.0014761619788549,0.0023439058448035,0.0113371899727375,0.0332468914156526,0.0161912361194228,0.0073808098942748,0.3940612821114623,0.4249186808140039,0.466785670723621,0.4372318540662538,0.4134955601594812,megamarket,sasrec,16,256,1024,42
20,5.177,12.394 10.482 10.812 9.239 9.16 7.182 8.18 7.837 7.278 9.045 8.565 7.671 6.891 6.762 5.704 7.526 6.07 6.345 6.703 5.653 5.786 6.987 5.597 6.202 5.807 5.798 6.364 6.036 5.429 5.315 5.248 7.14 5.219 5.483 6.357 5.984 6.091 6.08 5.163 5.657 5.747 5.564 5.782 6.469 6.584 5.292 5.243 5.268 5.646 5.976 5.918 4.671 6.017 5.228 5.651 5.551 5.036 5.306 7.174 5.398 5.468 6.094 4.94 5.879 6.103 5.264 6.157 4.545 6.616 6.1 4.821 6.194 5.189 3.23 4.495 7.835 6.056 5.051 5.062 6.604 4.544 4.15 5.144 5.096 4.725 4.303 5.716 3.74 4.408 4.13 4.561 4.489 5.267 5.075 5.749 4.989 5.224 6.486 5.73 4.991 5.736 5.368 7.229 4.952 5.509 7.59 5.187 5.032 6.72 4.451 5.524 5.707 4.951 4.654 4.573 6.1 6.017 4.583 4.154 6.48 5.612 5.072 5.817 4.899 4.599 5.165 5.008 4.075 5.727 4.656 6.01 6.191 4.606 5.251 4.907 5.195 3.651 4.489 4.584 5.028 6.402 5.165 4.486 5.226 5.475 5.703 4.952 5.028 4.951 3.55 5.768 5.682 4.602 5.497 6.125 4.396 5.1 4.841 4.689 4.405 5.004 6.278 4.905 4.448 3.439 5.328 5.327 5.197 5.254 5.375 4.496 5.761 3.921 7.408 4.221 4.603 4.488 5.137 4.375 4.861 4.539 4.42 5.1 5.572 5.491 4.78 5.191 5.555 5.255 4.455 5.955 5.304 4.641 4.393 4.678 5.996 4.931 4.888 6.063 6.02 5.88 5.052 4.413 3.567 5.54 6.016 3.712 4.79 6.746 4.727 5.527 6.087 4.156 5.352 5.639 6.358 5.359 4.539 5.202 5.24 4.392 5.268 4.289 5.208 4.478 5.482 4.848 5.018 3.909 5.565 5.558 3.707 4.178 4.879 4.725 4.796 4.568 4.385 5.214 4.306 4.677 4.005 4.883 5.378 4.885 4.722 3.999 5.063 4.039 4.691 5.758 4.072 3.902 5.016 4.361 4.967 4.372 4.836 5.343 4.914 3.991 3.935 5.855 4.829 4.998 5.059 5.361 5.74 3.643 5.942 5.378 5.591 4.817 5.505 3.999 4.979 4.323 3.947 4.495 4.716 3.559 4.185 4.993 4.445 4.061 5.023 5.007 5.14 3.913 3.845 5.385 5.561 3.188 4.507 5.373 4.737 5.393 5.624 5.226 5.309 5.778 5.295 5.211 4.908 4.296 4.845 5.178 5.413 4.918 4.943 4.197 5.66 4.675 6.016 5.179 4.468 4.57 4.424 5.431 4.685 6.482 4.683 4.804 4.554 3.839 5.294 5.35 3.709 5.56 5.937 4.076 3.876 5.331 5.514 3.928 4.275 4.111 4.564 6.199 4.744 6.399 4.023 4.005 5.054 4.21 5.728 3.751 3.571 5.372 4.94 4.565 3.595 5.762 3.896 4.131 4.161 4.796 6.005 5.253 5.215 4.369 4.43 4.551 4.999 4.501 4.468 5.212 3.51 6.065 5.207 4.644 4.096 5.461 4.568 3.672 4.395 4.404 4.521 4.998 5.071 5.092 4.325 4.265 4.41 4.702 5.953 5.075 4.883 5.42 5.154 4.242 3.223 5.288 4.202 3.743 5.481 5.197 4.229 4.385 4.789 3.426 3.411 4.138 4.828 4.29 5.083 4.978 4.381 5.455 5.296 3.755 3.834 4.688 4.386 4.941 4.72 6.263 5.567 4.946 5.298 4.064 3.667 3.723 4.538 3.438 5.315 4.218 6.055 5.38 4.953 5.331 5.847 4.929 5.203 3.975 4.295 4.604 3.877 3.505 4.95 4.715 4.211 4.737 3.968 4.756 4.329 5.034 3.871 5.448 5.473 4.038 5.087 6.167 5.223 3.933 5.193 3.537 6.508 4.81 6.542 3.778 4.493 5.299 4.87 3.811 4.854 5.917 4.936 4.558 5.24 4.2 4.851 4.527 5.441 5.066 3.685 4.616 4.296 4.941 4.204 3.988 4.328 3.29 3.76 4.451 4.594 5.28 4.268 3.609 4.29 5.731 4.562 4.191 5.298 4.336 6.032 4.15 3.958 3.565 4.351 4.468 3.724 4.419 4.532 6.665 4.219 4.484 4.898 3.822 5.081 4.305 4.868 4.688 4.924 4.547 3.774 3.486 4.626 4.377 5.334 5.257 4.878 5.93 4.591 4.628 5.977 5.39 5.231 3.91 4.6 4.031 5.704 4.472 4.653 4.472 3.737 4.197 5.11 4.182 5.032 3.652 5.603 4.007 4.432 4.087 4.934 4.72 3.68 3.829 5.579 5.217 4.833 6.875 5.025 4.251 4.195 3.953 4.23 4.204 3.346 4.239 4.436 4.088 4.223 4.021 4.289 4.299 4.568 5.691 5.073 5.129 4.985 6.115 7.388 4.937 6.73 4.852 6.915 6.417 7.401 5.924 8.939 10.951 12.694 12.005 11.381 12.403 12.351,2444.7,0.10721,0.1774935722351074,36.99821424484253,0.0099512968906844,0.0289808285724907,0.0995104903771083,0.038650812338121,0.0214981472990222,0.0029423498902852,0.0127280182636256,0.0326373650730323,0.0177482988673892,0.0086829798080546,0.0029423498902852,0.0054919181028796,0.0061885401933016,0.0058375244627083,0.0049556338704553,0.0029423498902852,0.0054919181028796,0.0061885401933016,0.0058375244627083,0.0049556338704553,0.0029423498902852,0.0071823285423735,0.0111495199321945,0.0084480631940663,0.0058778670784227,0.0029423498902852,0.0012728018263625,0.0003263736507303,0.0008874149433694,0.0017365959616109,0.0029423498902852,0.0127280182636256,0.0326373650730323,0.0177482988673892,0.0086829798080546,0.4138423377833666,0.4465663112259277,0.4850453512490779,0.4584134060765862,0.435174620048893,megamarket,sasrec,16,512,1024,42
21,5.466 4.968,12.373 10.564 10.822 9.444 9.268 7.47 8.721 8.14 7.703 9.326 9.229 8.222 7.217 7.302 6.044 7.917 6.327 6.87 7.196 6.304 6.186 7.339 5.949 6.54 6.289 6.269 6.781 6.332 5.775 5.681 5.753 7.483 5.732 5.869 6.685 6.367 6.321 6.242 5.376 6.069 6.223 5.867 6.147 7.015 6.743 5.629 5.565 5.68 6.022 6.291 6.125 4.947 6.433 5.429 5.94 5.903 5.381 5.581 7.298 5.645 5.691 6.388 5.251 6.227 6.437 5.451 6.445 4.712 6.78 6.368 5.134 6.322 5.655 3.347 4.811 7.888 6.367 5.307 5.375 6.957 4.844 4.475 5.329 5.336 4.997 4.591 6.072 4.036 4.715 4.33 4.887 4.86 5.721 5.35 6.069 5.205 5.523 6.912 5.98 5.274 5.893 5.638 7.47 5.21 5.924 7.773 5.518 5.289 7.052 4.752 5.742 6.035 5.343 5.063 4.838 6.378 6.298 4.819 4.448 6.758 5.82 5.309 5.993 5.172 4.684 5.362 5.204 4.348 5.968 4.824 6.177 6.272 4.898 5.598 5.115 5.418 3.921 4.912 4.927 5.32 6.649 5.349 4.661 5.449 5.719 5.834 5.126 5.276 5.278 3.951 5.95 5.884 4.983 5.737 6.175 4.711 5.482 5.182 5.009 4.671 5.291 6.504 5.134 4.766 3.58 5.51 5.605 5.4 5.704 5.69 4.732 5.978 4.256 7.568 4.443 4.848 4.828 5.306 4.586 5.049 4.885 4.706 5.44 5.787 5.818 5.185 5.47 5.696 5.51 4.698 5.931 5.647 4.822 4.701 4.751 6.265 5.289 5.157 6.344 6.154 6.025 5.158 4.595 3.802 5.726 6.358 4.015 4.991 6.848 4.966 5.819 6.266 4.442 5.536 5.729 6.587 5.595 4.749 5.568 5.467 4.656 5.598 4.488 5.441 4.772 5.735 5.159 5.336 4.146 5.72 5.967 3.915 4.365 5.121 4.984 5.085 4.72 4.705 5.392 4.538 4.804 4.22 5.15 5.55 5.075 5.072 4.341 5.274 4.236 4.887 5.959 4.301 4.155 5.323 4.572 5.212 4.644 5.106 5.56 5.007 4.352 4.141 6.124 5.134 5.222 5.314 5.55 5.974 3.917 6.349 5.701 5.864 5.163 5.87 4.178 5.322 4.601 4.279 4.917 4.873 3.893 4.572 5.326 4.922 4.391 5.196 5.216 5.452 4.182 4.084 5.615 5.311 3.354 4.922 5.597 5.055 5.665 5.808 5.285 5.608 6.062 5.705 5.518 5.266 4.658 5.111 5.543 5.586 5.171 5.127 4.55 5.942 4.893 6.355 5.381 4.841 4.771 4.82 5.62 5.07 6.616 4.943 5.182 4.851 4.001 5.591 5.662 4.044 5.732 6.194 4.197 4.155 5.629 5.845 4.235 4.528 4.408 4.921 6.583 5.048 6.584 4.156 4.399 5.45 4.545 5.997 3.99 3.938 5.645 5.293 4.665 3.874 6.037 4.175 4.446 4.421 5.052 6.441 5.589 5.483 4.474 4.798 4.797 5.302 4.88 4.94 5.428 3.905 6.257 5.486 4.912 4.448 5.887 4.917 4.097 4.957 4.665 4.849 5.31 5.496 5.467 4.761 4.725 4.967 5.055 6.361 5.356 5.226 5.931 5.153 4.55 3.503 5.642 4.526 4.142 5.837 5.483 4.545 4.706 5.08 3.755 3.785 4.365 5.184 4.6 5.153 5.481 4.738 5.895 5.678 4.058 4.039 5.155 4.829 5.29 5.079 6.631 6.017 5.456 5.705 4.477 4.145 4.216 4.985 3.834 5.869 4.612 6.509 5.646 5.331 5.935 6.294 5.172 5.702 4.431 4.668 5.067 4.465 3.959 5.438 4.963 4.627 5.121 4.325 5.217 4.894 5.489 4.373 5.903 5.952 4.549 5.502 6.797 5.654 4.328 5.557 3.908 6.897 5.494 7.112 4.099 4.963 5.826 5.259 4.145 5.228 6.191 5.387 4.989 5.629 4.587 5.426 4.915 5.799 5.527 4.115 5.01 4.56 5.326 4.566 4.302 4.699 3.557 4.044 4.934 5.057 5.815 4.705 3.964 4.693 6.225 4.96 4.589 5.876 4.663 6.499 4.517 4.385 3.957 4.647 4.891 4.155 4.887 4.847 7.076 4.614 4.839 5.249 4.209 5.469 4.591 5.339 5.019 5.43 4.959 4.178 3.733 4.977 4.885 5.889 5.708 5.362 6.241 4.994 4.979 6.385 5.859 5.642 4.495 5.191 4.432 6.216 4.855 5.001 4.942 4.011 4.446 5.603 4.506 5.201 4.038 5.949 4.433 5.058 4.536 5.375 5.121 4.107 4.329 6.009 5.618 5.311 7.388 5.406 4.598 4.463 4.211 4.67 4.616 3.647 4.748 4.78 4.186 4.251 4.213 4.596 4.49 4.759 5.551 5.157 5.125 4.842 6.111 7.137 4.677 6.32 3.922 5.857 4.61 5.09 4.807 5.493 5.135 5.191 4.968 5.289 5.245 5.016 5.731 3.817 4.385 4.966 4.596 4.995 3.134 5.356 4.445 4.457 6.323 5.139 4.074 4.665 3.88 4.835 3.957 5.551 5.264 5.907 5.56 5.244 4.812 4.489 5.04 4.827 5.039 5.422 4.86 5.875 4.126 5.715 5.159 4.604 5.077 4.635 5.262 4.917 4.591 5.484 5.423 4.737 4.622 4.613 5.07 5.614 5.044 4.585 3.655 5.308 5.059 4.938 4.69 5.103 4.631 6.045 5.225 5.353 4.528 6.584 5.345 5.939 5.123 6.016 4.481 5.134 4.865 5.861 5.279 6.241 5.722 4.471 4.944 4.527 4.929 5.21 5.375 4.38 4.945 5.421 5.831 5.027 4.615 4.734 5.698 5.946 5.31 4.022 5.182 4.731 3.629 5.242 5.445 4.138 5.033 5.885 4.584 5.384 4.698 3.561 5.571 4.33 4.298 4.764 6.118 5.261 4.702 5.459 3.921 4.969 5.667 5.737 2.637 5.712 4.493 4.974 3.939 4.855 4.81 4.47 4.561 5.443 5.634 3.991 3.842 4.952 4.885 4.166 4.696 5.76 4.991 4.806 4.01 4.864 4.972 5.336 5.338 4.47 3.847 3.184 5.323 5.052 4.207 4.529 4.142 3.384 5.259 4.452 5.169 5.533 4.64 4.267 5.345 4.723 6.535 5.45 3.84 4.719 4.33 4.433 4.106 5.524 4.869 4.975 5.227 4.358 3.746 6.288 5.962 4.3 5.638 5.724 5.681 5.381 5.389 4.742 4.89 4.444 4.756 3.756 5.265 4.618 5.101 4.77 4.749 5.542 4.876 5.117 5.799 4.112 5.048 4.471 6.014 5.954 4.573 4.963 4.235 4.817 6.239 4.555 5.078 5.543 4.95 3.971 4.976 3.36 5.3 3.77 4.856 5.565 4.393 4.702 5.42 5.972 4.715 4.13 3.813 4.49 5.035 4.206 5.103 4.0 4.88 5.207 4.889 4.663 5.384 4.174 4.819 5.185 6.155 2.895 4.555 5.168 3.798 4.884 5.119 5.129 4.828 4.305 5.17 4.714 4.268 4.197 4.943 5.234 4.543 4.552 4.193 4.637 4.651 5.543 5.498 5.112 5.874 6.55 5.188 9.353 12.79 13.92 14.849 14.311 14.329 14.359 15.751 14.72 15.919,3880.1,0.17538,0.1774935722351074,63.83959865570069,0.0107989540604513,0.0289523254805249,0.0704218457610945,0.0371822834694459,0.0221462828250281,0.0032027838730412,0.0129939933949509,0.0311135492164815,0.0181361792672385,0.0090486956136267,0.0032027838730412,0.0057469010906739,0.0064106028027482,0.0060991080089212,0.0052246566334936,0.0032027838730412,0.0057469010906739,0.0064106028027482,0.0060991080089212,0.0052246566334936,0.0032027838730412,0.0074406186140184,0.0110999825722408,0.0087348161514675,0.0061691141808144,0.0032027838730412,0.001299399339495,0.0003111354921648,0.0009068089633619,0.0018097391227253,0.0032027838730412,0.0129939933949509,0.0311135492164815,0.0181361792672385,0.0090486956136267,0.4104282003268758,0.4478479554552763,0.4848489273651152,0.4596661028750201,0.4360268312713072,megamarket,sasrec,16,1024,1024,42
22,5.575 2.132 1.189 0.65 0.351 0.227 0.184 0.163 0.151 0.143 0.137 0.133 0.129 0.126 0.123 0.121 0.119 0.118,9.433 7.964 6.974 6.059 5.317 5.067 4.724 4.349 4.133 3.472 3.393 3.391 2.393 2.449 2.312 2.245 2.249 2.123 2.106 2.143 1.838 1.956 1.952 1.973 1.893 1.232 1.25 1.137 1.207 1.176 1.233 1.188 1.202 1.153 1.231 1.159 1.188 1.226 0.618 0.597 0.623 0.635 0.646 0.652 0.657 0.721 0.651 0.711 0.654 0.709 0.304 0.291 0.329 0.333 0.329 0.344 0.353 0.36 0.338 0.363 0.379 0.385 0.417 0.206 0.206 0.209 0.216 0.209 0.219 0.231 0.219 0.24 0.246 0.24 0.239 0.246 0.162 0.172 0.174 0.184 0.169 0.19 0.183 0.19 0.204 0.188 0.194 0.203 0.194 0.155 0.154 0.145 0.154 0.154 0.158 0.17 0.176 0.168 0.164 0.172 0.172 0.14 0.127 0.142 0.142 0.145 0.153 0.149 0.149 0.154 0.167 0.163 0.149 0.158 0.128 0.131 0.138 0.131 0.136 0.152 0.141 0.141 0.15 0.149 0.146 0.152 0.158 0.137 0.138 0.125 0.135 0.145 0.135 0.144 0.151 0.142 0.136 0.144 0.136 0.146 0.125 0.126 0.131 0.121 0.128 0.138 0.136 0.13 0.149 0.153 0.13 0.153 0.119 0.117 0.122 0.118 0.129 0.124 0.127 0.131 0.129 0.119 0.134 0.142 0.128 0.125 0.121 0.13 0.122 0.13 0.114 0.136 0.118 0.131 0.137 0.132 0.127 0.144 0.107 0.119 0.119 0.124 0.123 0.114 0.128 0.119 0.125 0.132 0.132 0.13 0.128 0.109 0.12 0.117 0.125 0.129 0.119 0.122 0.119 0.132 0.124 0.132 0.131 0.115 0.113 0.124 0.112 0.109 0.109 0.115 0.131 0.113 0.114 0.113 0.141 0.127 0.107 0.109 0.117 0.108 0.114 0.124 0.122 0.121 0.124 0.116 0.121 0.118 0.115,447.38,0.65305,3.337860107421875e-06,51.69046354293823,0.0246372052098695,0.0959593768976243,0.2844850234840692,0.1370552588204677,0.0655478170349348,0.0046157767582064,0.0182192964957776,0.04504399671964,0.0252565551787574,0.0128388412350111,0.0046157767582064,0.0081668899837494,0.0091109820301867,0.0086436907453965,0.0074583859742447,0.0046157767582064,0.0081668899837494,0.0091109820301867,0.0086436907453965,0.0074583859742447,0.0046157767582064,0.0105174884388631,0.0158720673082969,0.012281963757245,0.008787257955458,0.0046157767582064,0.0018219296495777,0.0004504399671964,0.0012628277589378,0.0025677682470022,0.0046157767582064,0.0182192964957776,0.04504399671964,0.0252565551787574,0.0128388412350111,0.4660264278121637,0.4792865571704504,0.5026824968353287,0.4854342770181095,0.4742256317028938,megamarket,sasrec,512,32,1024,42
23,5.779 2.246 1.238 0.649 0.336 0.22 0.181 0.163 0.152 0.144 0.139 0.135 0.131 0.128 0.126,9.546 8.197 7.179 6.183 5.735 5.149 4.894 4.405 4.071 4.064 3.634 3.467 2.756 2.648 2.409 2.302 2.251 2.249 2.195 2.183 2.15 2.098 1.933 1.981 2.046 1.229 1.243 1.234 1.233 1.208 1.252 1.224 1.215 1.168 1.296 1.233 1.256 1.23 0.607 0.602 0.595 0.623 0.621 0.626 0.667 0.649 0.698 0.648 0.657 0.716 0.318 0.298 0.303 0.325 0.325 0.338 0.343 0.327 0.351 0.362 0.374 0.367 0.362 0.205 0.201 0.201 0.213 0.212 0.213 0.219 0.214 0.23 0.233 0.226 0.236 0.249 0.165 0.169 0.162 0.18 0.183 0.178 0.183 0.2 0.195 0.176 0.188 0.186 0.196 0.138 0.161 0.145 0.142 0.16 0.149 0.163 0.175 0.162 0.18 0.171 0.175 0.131 0.138 0.136 0.153 0.165 0.152 0.152 0.153 0.158 0.159 0.148 0.168 0.176 0.14 0.14 0.132 0.136 0.143 0.141 0.142 0.146 0.145 0.159 0.152 0.16 0.165 0.122 0.14 0.13 0.134 0.139 0.148 0.141 0.135 0.152 0.145 0.156 0.157 0.142 0.121 0.131 0.13 0.13 0.126 0.126 0.139 0.136 0.132 0.134 0.148 0.149 0.124 0.119 0.12 0.126 0.136 0.13 0.141 0.135 0.143 0.137 0.138 0.133 0.133 0.113 0.122 0.116 0.129 0.123 0.134 0.127 0.13 0.133 0.131 0.139 0.13 0.145 0.121 0.126 0.125 0.111 0.13 0.131 0.131 0.124 0.134 0.117 0.139 0.133 0.13,233.61,0.32139,3.337860107421875e-06,78.0701060295105,0.0231302591302839,0.0902314946773573,0.2644560246861562,0.1285712515335902,0.0615790712949078,0.0044162954097125,0.0182691668329011,0.0456590642108296,0.0254172484872664,0.0126116541436709,0.0044162954097125,0.0080140796187408,0.0089839571002192,0.0085055624703745,0.0072697098654609,0.0044162954097125,0.0080140796187408,0.0089839571002192,0.0085055624703745,0.0072697098654609,0.0044162954097125,0.0104085013465414,0.0158841344672332,0.0122100096507136,0.0085896134448609,0.0044162954097125,0.0018269166832901,0.0004565906421082,0.0012708624243633,0.0025223308287341,0.0044162954097125,0.0182691668329011,0.0456590642108296,0.0254172484872664,0.0126116541436709,0.4578778844468784,0.47375885048359,0.5013470712420425,0.4811289722735037,0.4676130311211597,megamarket,sasrec,512,32,512,42
24,5.916 2.399 1.393 0.79 0.433 0.277 0.221 0.196 0.182 0.173,9.886 8.39 7.325 6.301 5.842 5.26 5.006 4.469 4.193 4.172 3.77 3.618 2.878 2.785 2.548 2.435 2.389 2.403 2.356 2.335 2.309 2.271 2.087 2.155 2.236 1.352 1.357 1.363 1.376 1.353 1.412 1.397 1.393 1.32 1.462 1.393 1.433 1.398 0.711 0.713 0.718 0.752 0.76 0.783 0.803 0.78 0.859 0.815 0.82 0.902 0.403 0.375 0.373 0.407 0.408 0.427 0.433 0.423 0.467 0.464 0.479 0.497 0.489 0.245 0.259 0.245 0.254 0.265 0.267 0.257 0.273 0.29 0.297 0.294 0.298 0.329 0.195 0.2 0.2 0.211 0.224 0.211 0.232 0.242 0.234 0.211 0.235 0.237 0.244 0.177 0.185 0.174 0.172 0.176 0.189 0.199 0.208 0.197 0.207 0.212 0.211 0.159 0.172 0.167 0.171 0.184 0.198 0.176 0.18 0.187 0.182 0.195 0.199 0.209 0.161 0.163 0.164 0.169 0.158 0.162 0.171 0.179 0.173 0.18 0.186 0.181 0.19,294.71,0.4171,0.1694259643554687,55.24773979187012,0.0199441091544495,0.0870304735231061,0.2771033422973492,0.1277843183423593,0.0573736259650775,0.0044052131125739,0.0193829376953254,0.0502249706319125,0.0271959571780038,0.0131934747434448,0.0044052131125739,0.008287761784088,0.0093642911193286,0.0088241743518294,0.0074706688535733,0.0044052131125739,0.008287761784088,0.0093642911193286,0.0088241743518294,0.0074706688535733,0.0044052131125739,0.0108794774666983,0.0170172550748806,0.0128474355363833,0.0088867309030462,0.0044052131125739,0.0019382937695325,0.0005022497063191,0.0013597978589001,0.0026386949486889,0.0044052131125739,0.0193829376953254,0.0502249706319125,0.0271959571780038,0.0131934747434448,0.4377904548008433,0.4571715760326672,0.4884790185808264,0.4654961384300976,0.450022577373287,megamarket,sasrec,512,64,512,42
25,6.07 2.423 1.317 0.652 0.321 0.215 0.181 0.164,9.772 8.251 7.291 6.435 6.125 5.593 5.101 4.811 4.495 4.306 4.093 3.741 2.799 2.697 2.609 2.554 2.637 2.392 2.464 2.406 2.246 2.413 2.187 2.22 2.149 1.298 1.327 1.259 1.262 1.326 1.229 1.283 1.282 1.389 1.336 1.298 1.306 1.292 0.59 0.65 0.633 0.63 0.637 0.657 0.641 0.705 0.665 0.693 0.678 0.721 0.312 0.3 0.299 0.302 0.298 0.301 0.328 0.342 0.34 0.34 0.323 0.346 0.346 0.194 0.19 0.196 0.204 0.213 0.207 0.218 0.217 0.221 0.235 0.238 0.224 0.245 0.166 0.174 0.177 0.165 0.182 0.173 0.185 0.198 0.192 0.196 0.201 0.191 0.193 0.145 0.158 0.148 0.161 0.162 0.162 0.171 0.164 0.18 0.157 0.166 0.165,141.16,0.17775,3.337860107421875e-06,76.00455904006958,0.0166061492322754,0.0713165949958484,0.2269831336051454,0.1036936289393131,0.0476416789560432,0.0041336968326794,0.0178923687301903,0.0469501518274707,0.0254061661901278,0.0121240330695746,0.0041336968326794,0.0076611062560095,0.0086804404977026,0.008175421178923,0.0068994687885571,0.0041336968326794,0.0076611062560095,0.0086804404977026,0.008175421178923,0.0068994687885571,0.0041336968326794,0.0100472800084101,0.0158398313466361,0.0119381308788693,0.0081901821036265,0.0041336968326794,0.001789236873019,0.0004695015182747,0.0012703083095063,0.0024248066139149,0.0041336968326794,0.0178923687301903,0.0469501518274707,0.0254061661901278,0.0121240330695746,0.4180054439665961,0.4373225081103739,0.4680149401951891,0.4453280668016748,0.4304487315632613,megamarket,sasrec,512,32,256,42
26,6.222 2.585 1.479 0.795 0.41 0.264 0.216 0.195 0.182,10.13 8.491 7.444 6.56 6.242 5.724 5.219 4.94 4.628 4.466 4.268 3.917 2.937 2.819 2.756 2.688 2.78 2.559 2.617 2.561 2.406 2.586 2.363 2.414 2.333 1.434 1.453 1.399 1.411 1.494 1.361 1.45 1.454 1.562 1.529 1.48 1.469 1.488 0.704 0.767 0.745 0.757 0.781 0.801 0.771 0.855 0.834 0.846 0.856 0.869 0.4 0.372 0.369 0.364 0.378 0.39 0.402 0.431 0.421 0.452 0.44 0.457 0.456 0.233 0.233 0.231 0.243 0.265 0.251 0.259 0.261 0.258 0.285 0.283 0.29 0.306 0.197 0.194 0.206 0.211 0.22 0.208 0.217 0.222 0.238 0.239 0.237 0.225 0.24 0.177 0.189 0.18 0.198 0.192 0.198 0.209 0.182 0.212 0.195 0.206 0.203 0.169 0.165 0.173 0.157 0.163 0.173 0.195 0.18 0.183 0.185 0.183 0.203 0.191,176.62,0.2337,0.1694259643554687,39.20027685165405,0.0193752865800007,0.0846176248249538,0.2628505570495582,0.1233068543739853,0.0561523304375844,0.0043110135868962,0.0191280448611388,0.0488618480838708,0.0264201963783052,0.0131269809606135,0.0043110135868962,0.0081564761426288,0.0091928719417116,0.0086562260531271,0.0073685270149463,0.0043110135868962,0.0081564761426288,0.0091928719417116,0.0086562260531271,0.0073685270149463,0.0043110135868962,0.0107191665466686,0.0166395408267117,0.0125548083250085,0.0087914188776712,0.0043110135868962,0.0019128044861138,0.0004886184808387,0.0013210098189152,0.0026253961921227,0.0043110135868962,0.0191280448611388,0.0488618480838708,0.0264201963783052,0.0131269809606135,0.4310272416230554,0.4514888538312285,0.4831367954574164,0.4597005183054631,0.4443283389934275,megamarket,sasrec,512,64,256,42
27,6.356 2.756 1.647 0.956 0.525 0.332 0.264 0.234,10.359 8.626 7.559 6.657 6.355 5.814 5.355 5.061 4.757 4.616 4.426 4.084 3.081 2.975 2.91 2.829 2.953 2.731 2.788 2.725 2.581 2.781 2.561 2.596 2.546 1.565 1.614 1.537 1.553 1.637 1.523 1.625 1.605 1.731 1.708 1.664 1.677 1.688 0.819 0.885 0.891 0.905 0.931 0.953 0.932 1.049 0.999 1.056 1.03 1.094 0.497 0.451 0.459 0.464 0.481 0.496 0.524 0.563 0.535 0.567 0.567 0.608 0.614 0.274 0.281 0.29 0.305 0.333 0.329 0.334 0.316 0.345 0.362 0.397 0.375 0.404 0.232 0.237 0.243 0.255 0.25 0.253 0.259 0.278 0.288 0.288 0.302 0.275 0.311 0.204 0.215 0.211 0.23 0.238 0.24 0.243 0.241 0.265 0.24 0.274 0.247,259.45,0.36342,0.1694259643554687,64.35673570632935,0.0197408697160844,0.0926121224889395,0.2938036756595987,0.1363135587969216,0.0605151624056609,0.0049316222266551,0.0209344592947226,0.0532061085621827,0.0292683467429128,0.0141687168916372,0.0049316222266551,0.0090175420450039,0.0101531299008128,0.0095905071510177,0.0081164897193223,0.0049316222266551,0.0090175420450039,0.0101531299008128,0.0095905071510177,0.0081164897193223,0.0049316222266551,0.0117969596358741,0.0182358460449438,0.0138971733557291,0.0096109119282999,0.0049316222266551,0.0020934459294722,0.0005320610856218,0.0014634173371456,0.0028337433783274,0.0049316222266551,0.0209344592947226,0.0532061085621827,0.0292683467429128,0.0141687168916372,0.4293784168609986,0.4546849812394246,0.4901379973669132,0.4642717469232946,0.4460338302672547,megamarket,sasrec,512,128,256,42
28,6.452 2.681 1.43 0.656 0.306 0.211 0.181 0.166,9.845 8.67 7.712 6.963 6.36 5.877 5.372 5.267 4.849 4.634 4.414 4.124 3.032 2.882 2.886 2.685 2.788 2.744 2.733 2.589 2.459 2.512 2.433 2.564 2.469 1.398 1.449 1.397 1.377 1.399 1.409 1.435 1.432 1.356 1.422 1.471 1.405 1.403 0.57 0.631 0.626 0.645 0.649 0.624 0.66 0.704 0.703 0.642 0.69 0.678 0.3 0.282 0.283 0.275 0.298 0.311 0.29 0.292 0.327 0.331 0.324 0.348 0.321 0.208 0.215 0.212 0.206 0.194 0.208 0.202 0.203 0.216 0.214 0.208 0.217 0.235 0.163 0.162 0.176 0.181 0.173 0.176 0.184 0.201 0.177 0.178 0.193 0.2 0.176 0.139 0.162 0.156 0.166 0.17 0.179 0.156 0.152 0.169 0.155 0.199 0.177,94.51,0.10509,3.337860107421875e-06,67.6834225654602,0.018176297820133,0.0761106911380169,0.2239438365161786,0.1082584610808868,0.0516500811718488,0.0040394973070017,0.0172163486047387,0.0445231287541281,0.024303477624842,0.0118525167896801,0.0040394973070017,0.0074657301949675,0.008424772465261,0.0079519134594134,0.0067579847950883,0.0040394973070017,0.0074657301949675,0.008424772465261,0.0079519134594134,0.0067579847950883,0.0040394973070017,0.0097427065378854,0.0151866149107365,0.0115276296350805,0.008016277060057,0.0040394973070017,0.0017216348604738,0.0004452312875412,0.0012151738812421,0.002370503357936,0.0040394973070017,0.0172163486047387,0.0445231287541281,0.024303477624842,0.0118525167896801,0.4167769051147633,0.4315378311592586,0.4577146224817102,0.4379427783364998,0.4262235021916941,megamarket,sasrec,512,32,128,42
29,6.597 2.836 1.592 0.793 0.381 0.251 0.212,10.139 8.926 7.86 7.077 6.481 5.978 5.49 5.379 4.97 4.781 4.575 4.297 3.173 3.011 3.037 2.805 2.937 2.883 2.888 2.724 2.61 2.668 2.623 2.739 2.65 1.516 1.577 1.525 1.53 1.549 1.541 1.583 1.591 1.547 1.616 1.67 1.594 1.604 0.686 0.743 0.741 0.774 0.775 0.766 0.781 0.852 0.86 0.813 0.891 0.821 0.344 0.34 0.334 0.328 0.365 0.379 0.372 0.373 0.4 0.422 0.393 0.432 0.404 0.218 0.235 0.235 0.246 0.232 0.251 0.255 0.241 0.262 0.254 0.265 0.28 0.295 0.192 0.19 0.209 0.192 0.201 0.214 0.216 0.226 0.196 0.218 0.213 0.251 0.221,118.86,0.14344,0.1694259643554687,27.88537740707397,0.0160800812957753,0.0682078990742691,0.2043907154276083,0.098487477228508,0.0455956526588427,0.0043331781811733,0.0187069175698738,0.0477480772214464,0.0260600217213023,0.012855464680719,0.0043331781811733,0.0080174087056193,0.0090365203282308,0.008522450116826,0.0072505005504207,0.0043331781811733,0.0080174087056193,0.0090365203282308,0.008522450116826,0.0072505005504207,0.0043331781811733,0.0105111340006657,0.0163017693189506,0.0123635627006587,0.0086331929307815,0.0043331781811733,0.0018706917569873,0.0004774807722144,0.0013030010860651,0.0025710929361438,0.0043331781811733,0.0187069175698738,0.0477480772214464,0.0260600217213023,0.012855464680719,0.4173968999692355,0.4373719323074574,0.4673500589162375,0.4453514445086943,0.4302030696065054,megamarket,sasrec,512,64,128,42
30,6.739 3.01 1.766 0.962 0.487 0.309 0.253,10.393 9.078 7.996 7.189 6.605 6.105 5.627 5.515 5.113 4.947 4.737 4.471 3.308 3.179 3.188 2.966 3.093 3.05 3.064 2.91 2.781 2.86 2.804 2.939 2.863 1.653 1.719 1.663 1.668 1.719 1.701 1.769 1.775 1.719 1.826 1.876 1.775 1.817 0.808 0.874 0.875 0.928 0.911 0.924 0.988 1.057 1.068 1.0 1.055 1.035 0.432 0.431 0.421 0.416 0.462 0.47 0.466 0.477 0.521 0.547 0.531 0.565 0.545 0.261 0.291 0.275 0.3 0.271 0.311 0.297 0.298 0.319 0.339 0.338 0.358 0.369 0.223 0.205 0.232 0.239 0.238 0.248 0.269 0.289 0.244 0.265 0.267 0.284 0.278,171.59,0.22611,0.1694259643554687,43.90692138671875,0.0172629596123579,0.075432813255177,0.2181056597226525,0.1088353388769781,0.0503308837197774,0.0045769887182215,0.0203304741006715,0.0508234146773943,0.0282321519604583,0.013902741760312,0.0045769887182215,0.008663983783257,0.009742115535412,0.0092032310851461,0.0078156977044868,0.0045769887182215,0.008663983783257,0.009742115535412,0.0092032310851461,0.0078156977044868,0.0045769887182215,0.0113885652621768,0.0174855520296198,0.0133750697776537,0.0093196042020048,0.0045769887182215,0.0020330474100671,0.0005082341467739,0.0014116075980229,0.0027805483520624,0.0045769887182215,0.0203304741006715,0.0508234146773943,0.0282321519604583,0.013902741760312,0.421612773560413,0.4444383155563725,0.4790540127204126,0.4537980402784188,0.4363428560699517,megamarket,sasrec,512,128,128,42
31,6.903 2.998 1.561 0.65 0.293 0.211 0.184 0.17,10.401 8.935 8.168 7.42 6.942 6.491 5.923 5.957 5.386 5.219 4.834 4.654 3.509 3.193 3.264 3.178 3.071 3.076 3.037 2.962 2.726 2.909 2.913 2.922 2.848 1.566 1.496 1.52 1.552 1.487 1.585 1.56 1.456 1.535 1.614 1.595 1.579 1.612 0.642 0.605 0.649 0.623 0.615 0.676 0.627 0.662 0.691 0.654 0.66 0.733 0.256 0.275 0.26 0.268 0.263 0.3 0.314 0.31 0.301 0.321 0.301 0.303 0.325 0.193 0.193 0.188 0.209 0.208 0.203 0.226 0.22 0.216 0.209 0.223 0.227 0.212 0.166 0.169 0.159 0.182 0.184 0.199 0.18 0.195 0.19 0.184 0.198 0.182 0.178 0.168 0.162 0.168 0.168 0.156 0.164 0.187 0.182 0.167 0.179 0.178 0.186,72.816,0.071364,3.337860107421875e-06,65.9733419418335,0.0209175517083266,0.0834713048219796,0.2172672970393962,0.1143271411398758,0.0585273815572602,0.0045437418268058,0.017543276370326,0.0422124698007402,0.0238269388478843,0.0124675842808697,0.0045437418268058,0.0080116542668075,0.0088850041163953,0.0084482927395862,0.0073427606740991,0.0045437418268058,0.0080116542668075,0.0088850041163953,0.0084482927395862,0.0073427606740991,0.0045437418268058,0.0102453793845397,0.0151750426127596,0.0118347872636667,0.0086125201552456,0.0045437418268058,0.0017543276370326,0.0004221246980074,0.0011913469423942,0.0024935168561739,0.0045437418268058,0.017543276370326,0.0422124698007402,0.0238269388478843,0.0124675842808697,0.4276169349254716,0.4353805374262292,0.4554497716293054,0.4393731105640203,0.4329717303350136,megamarket,sasrec,512,32,64,42
32,7.031 3.136 1.718 0.777 0.35 0.243 0.212 0.195,10.606 9.181 8.348 7.567 7.087 6.594 6.024 6.035 5.488 5.337 4.957 4.797 3.617 3.308 3.378 3.316 3.189 3.195 3.204 3.108 2.858 3.039 3.06 3.089 3.039 1.678 1.614 1.659 1.675 1.611 1.737 1.734 1.6 1.716 1.822 1.77 1.783 1.816 0.709 0.724 0.738 0.728 0.752 0.778 0.769 0.791 0.845 0.817 0.83 0.874 0.306 0.33 0.307 0.306 0.303 0.338 0.358 0.342 0.363 0.38 0.359 0.393 0.404 0.215 0.214 0.219 0.235 0.224 0.219 0.231 0.233 0.243 0.232 0.26 0.28 0.283 0.186 0.199 0.168 0.202 0.223 0.22 0.203 0.23 0.219 0.228 0.219 0.214 0.216 0.171 0.183 0.201 0.195 0.174 0.191 0.221 0.195 0.2 0.224 0.195 0.207,87.722,0.094654,0.1694259643554687,20.53149509429932,0.0213450980878143,0.0905202433916201,0.2460108063896496,0.1260338567161959,0.0622625258696541,0.004466165746836,0.0179810271072988,0.0439634727486313,0.0248132632932154,0.0127612651550413,0.004466165746836,0.0080631627609485,0.0089908210443941,0.0085285734146947,0.0073760075655148,0.004466165746836,0.0080631627609485,0.0089908210443941,0.0085285734146947,0.0073760075655148,0.004466165746836,0.010386182983911,0.0155953562471956,0.0121026752526341,0.0087079780417511,0.004466165746836,0.0017981027107298,0.0004396347274863,0.0012406631646607,0.0025522530310082,0.004466165746836,0.0179810271072988,0.0439634727486313,0.0248132632932154,0.0127612651550413,0.4312983167502247,0.4426651036064974,0.4668633959740382,0.4477400957559768,0.4390677472366053,megamarket,sasrec,512,64,64,42
33,7.171 3.303 1.894 0.943 0.438 0.29 0.246,10.832 9.358 8.475 7.678 7.201 6.706 6.15 6.183 5.613 5.514 5.14 4.953 3.739 3.441 3.534 3.463 3.345 3.356 3.361 3.283 3.025 3.233 3.247 3.295 3.223 1.812 1.737 1.778 1.821 1.759 1.913 1.9 1.811 1.912 2.038 1.957 2.043 2.076 0.841 0.824 0.878 0.863 0.91 0.95 0.955 0.957 1.018 1.011 1.033 1.124 0.366 0.369 0.38 0.369 0.388 0.427 0.461 0.432 0.483 0.501 0.469 0.497 0.509 0.25 0.249 0.256 0.269 0.271 0.267 0.299 0.294 0.321 0.316 0.317 0.332 0.317 0.207 0.233 0.208 0.234 0.251 0.244 0.238 0.257 0.266 0.255 0.264 0.262 0.247,117.64,0.14213,0.1694259643554687,29.62997436523437,0.0176781133431648,0.0719052458081865,0.1865992093490141,0.1000297423568339,0.0493859442578662,0.0046268590553449,0.0191058802668617,0.0464957776447902,0.0261985504355342,0.0130438637320743,0.0046268590553449,0.0083567117030113,0.0093306340485836,0.0088471583271983,0.0075537860821124,0.0046268590553449,0.0083567117030113,0.0093306340485836,0.0088471583271983,0.0075537860821124,0.0046268590553449,0.0108647806301288,0.0163465340987753,0.0126557107083102,0.0089106414133944,0.0046268590553449,0.0019105880266861,0.0004649577764479,0.0013099275217767,0.0026087727464148,0.0046268590553449,0.0191058802668617,0.0464957776447902,0.0261985504355342,0.0130438637320743,0.4198148776701754,0.4354360125277984,0.4632243435652149,0.4421866960292858,0.4297724002189789,megamarket,sasrec,512,128,64,42
34,7.332 3.511 2.101 1.162 0.582 0.367 0.301,11.041 9.51 8.608 7.826 7.359 6.867 6.283 6.358 5.787 5.715 5.325 5.153 3.933 3.619 3.713 3.665 3.545 3.54 3.599 3.495 3.276 3.448 3.503 3.513 3.441 1.983 1.868 1.935 2.004 1.952 2.116 2.115 2.036 2.121 2.293 2.245 2.3 2.327 1.002 0.973 1.06 1.056 1.087 1.163 1.169 1.205 1.253 1.288 1.295 1.408 0.469 0.465 0.481 0.496 0.486 0.556 0.614 0.565 0.622 0.667 0.634 0.677 0.733 0.297 0.319 0.319 0.327 0.33 0.354 0.364 0.366 0.374 0.391 0.427 0.429 0.436 0.253 0.279 0.277 0.263 0.301 0.299 0.286 0.325 0.334 0.306 0.338 0.342 0.323,187.66,0.25195,0.1694259643554687,48.5120005607605,0.0195555996183064,0.0809648916262872,0.2010211542512981,0.1118764948632471,0.0554478083600808,0.0048318815524081,0.0206740253119666,0.0485404614668528,0.0279994237205487,0.014323869051577,0.0048318815524081,0.0089682807944494,0.0099639979780493,0.0094715009630958,0.0081261867293185,0.0048318815524081,0.0089682807944494,0.0099639979780493,0.0094715009630958,0.0081261867293185,0.0048318815524081,0.0117052406197636,0.0172934192116096,0.0135509661145794,0.0096570570958279,0.0048318815524081,0.0020674025311966,0.0004854046146685,0.0013999711860274,0.0028647738103154,0.0048318815524081,0.0206740253119666,0.0485404614668528,0.0279994237205487,0.014323869051577,0.4282852045723531,0.4480555109332355,0.4787334873356106,0.4559283612793431,0.4410791978527948,megamarket,sasrec,512,256,64,42
35,7.369 3.342 1.691 0.636 0.284 0.213 0.188 0.173,10.785 9.185 8.669 7.911 7.434 6.81 6.457 6.373 6.212 5.515 5.564 5.327 3.644 3.635 3.598 3.316 3.343 3.424 3.373 3.313 3.364 3.228 3.14 3.307 3.214 1.753 1.655 1.699 1.707 1.742 1.707 1.803 1.655 1.665 1.767 1.76 1.703 1.752 0.649 0.585 0.576 0.617 0.624 0.617 0.654 0.625 0.665 0.64 0.62 0.674 0.235 0.243 0.274 0.291 0.275 0.264 0.263 0.29 0.302 0.303 0.301 0.306 0.315 0.206 0.194 0.2 0.191 0.215 0.19 0.213 0.218 0.21 0.229 0.223 0.249 0.199 0.157 0.157 0.183 0.167 0.169 0.227 0.189 0.185 0.18 0.22 0.2 0.218 0.222 0.156 0.178 0.178 0.19 0.175 0.181 0.159 0.162 0.175 0.185 0.175 0.182,61.891,0.054328,3.337860107421875e-06,73.80610370635986,0.0233527071741043,0.0895994695946364,0.2021705724164425,0.1172474688015069,0.0651258473473535,0.0042556021012035,0.0166566925992419,0.0368098499456967,0.0219706540771771,0.0119688809096349,0.0042556021012035,0.0076039950449818,0.0083244970354098,0.007968898751164,0.0069801848527162,0.0042556021012035,0.0076039950449818,0.0083244970354098,0.007968898751164,0.0069801848527162,0.0042556021012035,0.0097292351110964,0.0137715642559246,0.0110680451065418,0.0082150219378522,0.0042556021012035,0.0016656692599241,0.0003680984994569,0.0010985327038588,0.0023937761819269,0.0042556021012035,0.0166566925992419,0.0368098499456967,0.0219706540771771,0.0119688809096349,0.4310486211460133,0.4292344591603977,0.4434004246885182,0.4302236076539455,0.430648244609521,megamarket,sasrec,512,32,32,42
36,7.492 3.478 1.854 0.751 0.328 0.239 0.212,10.858 9.431 8.796 8.063 7.573 6.908 6.545 6.5 6.322 5.658 5.716 5.423 3.727 3.733 3.705 3.431 3.461 3.552 3.521 3.428 3.5 3.406 3.324 3.477 3.378 1.862 1.793 1.836 1.828 1.895 1.882 1.935 1.822 1.82 1.97 1.987 1.932 1.966 0.756 0.687 0.691 0.696 0.726 0.735 0.756 0.72 0.81 0.773 0.779 0.836 0.27 0.301 0.296 0.334 0.313 0.349 0.316 0.322 0.344 0.348 0.358 0.368 0.383 0.212 0.193 0.228 0.216 0.25 0.225 0.259 0.264 0.237 0.255 0.25 0.265 0.248 0.188 0.18 0.202 0.2 0.206 0.23 0.218 0.222 0.213 0.231 0.232 0.255 0.238,71.506,0.069513,0.1694259643554687,17.037161350250244,0.0206579257184638,0.0733087132712874,0.1619756360526935,0.0955045666910388,0.0536620276851771,0.0045991533124986,0.017643017044573,0.0393532371389941,0.0234612230423122,0.0122847263780836,0.0045991533124986,0.008039672248978,0.0088174635369841,0.0084389159230015,0.0073297389749613,0.0045991533124986,0.008039672248978,0.0088174635369841,0.0084389159230015,0.0073297389749613,0.0045991533124986,0.0102850321600302,0.014640385196608,0.0117503401907386,0.0085574014249616,0.0045991533124986,0.0017643017044572,0.0003935323713899,0.0011730611521156,0.0024569452756167,0.0045991533124986,0.017643017044573,0.0393532371389941,0.0234612230423122,0.0122847263780836,0.4265891100694975,0.4267594442506268,0.442081184847777,0.428627401003833,0.4265168001321954,megamarket,sasrec,512,64,32,42
37,7.627 3.633 2.033 0.913 0.398 0.278 0.244,11.021 9.634 8.931 8.207 7.725 7.054 6.693 6.627 6.479 5.791 5.862 5.588 3.871 3.881 3.847 3.562 3.589 3.702 3.664 3.641 3.685 3.55 3.515 3.651 3.549 1.998 1.898 1.984 1.949 2.048 2.029 2.162 2.012 2.048 2.179 2.229 2.163 2.2 0.885 0.802 0.825 0.847 0.872 0.906 0.946 0.913 0.968 0.986 0.99 1.053 0.322 0.35 0.361 0.377 0.349 0.366 0.373 0.378 0.422 0.402 0.46 0.441 0.479 0.247 0.245 0.242 0.263 0.292 0.251 0.283 0.305 0.288 0.282 0.284 0.314 0.301 0.214 0.216 0.215 0.242 0.246 0.26 0.238 0.274 0.225 0.257 0.267 0.274 0.281,88.549,0.096137,0.1694259643554687,20.753634452819824,0.0208686007460374,0.0780829811755666,0.1747140396316905,0.1026637998339385,0.0564739196708512,0.0046988939867455,0.018468648181395,0.0415974023095507,0.0248963805217545,0.013016157989228,0.0046988939867455,0.0083534793663459,0.0091860023682098,0.0087950008639632,0.007630623342273,0.0046988939867455,0.0083534793663459,0.0091860023682098,0.0087950008639632,0.007630623342273,0.0046988939867455,0.0107215124414241,0.0153644397941003,0.0123409494300859,0.0089633675731789,0.0046988939867455,0.0018468648181395,0.0004159740230955,0.0012448190260877,0.0026032315978456,0.0046988939867455,0.018468648181395,0.0415974023095507,0.0248963805217545,0.013016157989228,0.4313246719959776,0.437162374294072,0.4566987070090593,0.4404560637689448,0.4354211160423791,megamarket,sasrec,512,128,32,42
38,7.787 3.825 2.238 1.128 0.511 0.337 0.291,11.222 9.805 9.069 8.371 7.869 7.195 6.851 6.794 6.651 5.982 6.059 5.828 4.03 4.032 4.02 3.75 3.778 3.917 3.893 3.833 3.9 3.785 3.709 3.856 3.787 2.129 2.069 2.136 2.131 2.256 2.256 2.369 2.225 2.257 2.434 2.491 2.423 2.493 1.024 0.965 0.946 1.062 1.049 1.122 1.164 1.157 1.209 1.265 1.202 1.383 0.398 0.434 0.421 0.473 0.476 0.492 0.502 0.514 0.571 0.538 0.589 0.586 0.656 0.279 0.297 0.286 0.296 0.339 0.31 0.365 0.337 0.347 0.356 0.364 0.394 0.361 0.255 0.243 0.245 0.275 0.26 0.317 0.31 0.315 0.276 0.329 0.336 0.336 0.357,122.17,0.14907,0.1694259643554687,31.33276081085205,0.0202248026470697,0.0778636312939164,0.1725254978746607,0.1028534073587547,0.0555550047711697,0.0047321408781612,0.0193663142496176,0.0434038167431345,0.0259547398984861,0.0135813551432941,0.0047321408781612,0.0086108107456767,0.0094843182878154,0.0090656962059581,0.007844511677047,0.0047321408781612,0.0086108107456767,0.0094843182878154,0.0090656962059581,0.007844511677047,0.0047321408781612,0.0111298787414903,0.015972364230575,0.0127929636625203,0.0092648669115096,0.0047321408781612,0.0019366314249617,0.0004340381674313,0.0012977369949243,0.0027162710286588,0.0047321408781612,0.0193663142496176,0.0434038167431345,0.0259547398984861,0.0135813551432941,0.4262791375893935,0.4375537240239042,0.4611871743633771,0.442414610314092,0.4340399659879343,megamarket,sasrec,512,256,32,42
39,7.941 4.045 2.472 1.401 0.716 0.445,11.402 9.937 9.226 8.494 8.02 7.326 7.0 6.974 6.842 6.161 6.259 6.05 4.219 4.217 4.179 3.907 3.964 4.097 4.068 4.064 4.143 4.005 3.973 4.135 4.079 2.293 2.23 2.319 2.323 2.483 2.503 2.604 2.476 2.531 2.691 2.784 2.745 2.818 1.208 1.145 1.186 1.234 1.297 1.358 1.468 1.457 1.497 1.651 1.588 1.751 0.515 0.536 0.563 0.612 0.604 0.658 0.662 0.717 0.767 0.793 0.848 0.858 0.957 0.362 0.356 0.377 0.37 0.426 0.411 0.45 0.499 0.463 0.48 0.492 0.556 0.527,202.96,0.27613,0.1694259643554687,52.497063636779785,0.0206170299778171,0.0672090515905964,0.1644361964482668,0.0876147869084059,0.0501332209733186,0.0053361260722122,0.0203027683578252,0.0435312631602278,0.0266307600239377,0.014323869051577,0.0053361260722122,0.009232951996766,0.0100847191044497,0.0096729942240727,0.0084433251324334,0.0053361260722122,0.009232951996766,0.0100847191044497,0.0096729942240727,0.0084433251324334,0.0053361260722122,0.0118207346795585,0.0165142352250557,0.0134218136121532,0.0098956898684904,0.0053361260722122,0.0020302768357825,0.0004353126316022,0.0013315380011968,0.0028647738103154,0.0053361260722122,0.0203027683578252,0.0435312631602278,0.0266307600239377,0.014323869051577,0.4308900766877125,0.445463925743727,0.4734819923810008,0.4525572697434648,0.4398857557147103,megamarket,sasrec,512,512,32,42
0,5.796,13.432 12.379 11.793 10.886 10.253 9.652 9.348 8.14 8.806 8.407 7.306 7.632 7.528 7.568 6.818 7.414 7.188 6.542 6.171 6.352 6.895 6.068 6.317 6.021 6.754 6.203 5.846 6.43 5.371 5.394 6.246 5.473 5.982 6.41 6.33 5.635 5.528 5.435 4.88 5.768 4.598 6.416 5.065 6.564 4.861 5.681 5.905 6.51 5.521 6.181 6.285 4.818 6.278 5.959 5.092 5.448 5.074 6.16 6.231 5.536 5.781 5.432 4.72 5.633 5.9 5.591 5.065 5.941 4.791 6.707 4.907 5.983 5.819 6.211 5.382 6.069 6.282 6.084 4.844 5.605 5.165 6.563 5.13 6.351 5.777 5.274 4.743 6.23 6.837 4.555 5.993 4.843 5.095 5.382 5.005 4.963 5.322 6.076 5.838 5.09 5.802 5.187 5.352 5.271 5.316 5.472 5.98 5.793 5.165 5.289 6.405 4.915 5.716 6.215 5.611 4.916 5.17 4.675 6.373 6.087 5.153 4.74 5.777 5.858 5.527 5.389 5.075 5.522 5.592 5.278 5.147 5.376 6.037 5.889 4.966 4.443 5.308 5.604 4.824 6.319 5.81 5.093 6.06 6.719 5.732 5.031 5.69 4.957 5.722 5.647 4.292 5.761 5.552 5.279 4.631 4.941 5.546 4.972 5.577 5.065 5.197 5.082 5.021 5.035 4.264 5.238 4.904 5.729 4.72 5.338 5.265 5.174 5.93 4.569 5.019 4.649 5.346 5.002 5.892 5.198 5.532 5.269 5.168 5.428 5.478 5.705 4.816 5.166 4.762 4.607 4.257 4.953 5.219 5.586 4.996 5.457 4.823 4.684 4.646 5.23 4.699 4.087 4.764 3.923 3.237 4.398 4.008 4.245 4.45 4.366 3.784 4.257 4.09 3.762 3.901 3.594 3.922 3.678 4.044 4.56 5.129 4.724 3.957 4.467 4.19 2.935 4.103 3.757 3.993 3.592 3.994 4.179 3.984 3.89 4.445 4.215 3.956 3.727 3.915 4.94 4.875 4.286 3.604 4.14 4.52 3.498 5.483 4.838 4.552 4.061 4.234 3.672 4.488 3.465 4.351 5.523 4.65 4.853 4.904 4.942 4.153 4.956 4.083 4.768 4.796 4.765 5.145 3.585 5.103 5.68 5.105 5.206 4.07 5.156 5.14 5.784 8.237 5.642 7.131 4.861,422.28,0.029292,3.337860107421875e-06,15.681679248809814,0.0011364058840295,0.003490389500948,0.0143197055506673,0.0051342743484564,0.002409130903548,0.0008588780282376,0.0035241704900591,0.0136533900746946,0.0053139614779351,0.0023328235476649,0.0008588780282376,0.0015156250714632,0.0018185222708035,0.0016368336789788,0.0013570272846155,0.0008588780282376,0.0015156250714632,0.0018185222708035,0.0016368336789788,0.0013570272846155,0.0008588780282376,0.0019824613856311,0.0039136852951969,0.0024312086599794,0.0015975343068625,0.0008588780282376,0.0003524170490059,0.0001365339007469,0.0002656980738967,0.0004665647095329,0.0008588780282376,0.0035241704900591,0.0136533900746946,0.0053139614779351,0.0023328235476649,0.2761946922965539,0.2969137031969278,0.3451518236203526,0.3089211815481219,0.2876265871350376,megamarket,sasrec,32,32,32,42
1,5.984,13.174 12.082 11.527 10.487 9.958 9.216 9.173 8.017 8.503 8.185 7.125 7.343 7.308 7.409 6.691 7.063 7.075 6.603 6.208 6.477 6.955 6.118 6.396 6.124 6.762 6.329 5.75 6.696 5.479 5.526 6.56 5.577 6.045 6.37 6.592 5.836 5.769 5.946 4.993 6.014 4.891 6.661 5.256 6.483 5.323 5.868 6.231 6.637 5.681 6.304 6.451 4.991 6.477 6.184 5.221 5.55 5.341 6.218 6.392 5.707 6.028 5.751 4.746 6.043 6.065 5.908 5.399 6.098 4.957 7.04 5.177 6.009 5.977 6.503 5.492 6.231 6.621 6.157 5.119 5.743 5.481 7.064 5.372 6.714 5.979 5.719 4.976 6.418 6.956 4.877 6.439 5.03 5.324 5.697 5.267 5.119 5.593 6.274 6.189 5.137 5.929 5.268 5.687 5.615 5.554 6.009 6.404 6.023 5.534 5.431 6.61 5.21 6.025 6.486 5.87 5.078 5.568 4.855 6.827 6.493 5.347 5.144 6.147 6.099 5.977 5.528 5.325 5.479 5.879 5.554 5.294 5.711 6.15 6.184 5.157 4.642 5.367 5.61 4.978 6.425 6.088 5.235 6.338 6.89 5.877 5.378 6.097 5.04 6.205 5.749 4.719 5.963 5.831 5.514 4.891 5.119 5.714 5.29 5.973 5.289 5.444 5.351 5.501 5.243 4.528 5.386 5.157 6.09 4.953 5.718 5.506 5.507 6.068 4.955 5.109 4.954 5.484 5.403 6.056 5.234 5.84 5.468 5.381 5.447 5.743 5.824 5.229 5.345 5.228 4.735 4.558 5.079 5.468 5.561 5.224 5.648 5.196 4.964 4.956 5.422 4.984 4.475 5.178 4.623 3.997 4.761 4.475 4.984 5.058 4.886 4.284 4.655 4.849 4.584 4.501 4.539 4.522 4.338 4.6 5.462 5.916 5.568 4.948 5.409 5.252 4.167 4.979 4.572 4.948 4.667 5.112 5.288 4.821 7.374 9.834 9.652 9.727 8.823,414.19,0.029895,0.1721148490905761,15.852806091308594,0.0010310683702427,0.003567223922769,0.0132266739370205,0.0052755505434176,0.0024345358333436,0.0008477957310991,0.0046046944610678,0.0164904581421637,0.0071924108429195,0.0030033025245472,0.0008477957310991,0.001814576633381,0.0021977592394965,0.0019905492648168,0.001602869576139,0.0008477957310991,0.001814576633381,0.0021977592394965,0.0019905492648168,0.001602869576139,0.0008477957310991,0.0024652919562722,0.0047775525006497,0.0031150329398114,0.001949402124013,0.0008477957310991,0.0004604694461067,0.0001649045814216,0.0003596205421459,0.0006006605049094,0.0008477957310991,0.0046046944610678,0.0164904581421637,0.0071924108429195,0.0030033025245472,0.259349776558159,0.2905238446248855,0.3462898112408288,0.3061607297561551,0.2769994721316777,megamarket,sasrec,32,64,32,42
2,6.112,12.908 11.845 11.263 10.143 9.665 9.256 8.805 7.829 8.232 8.045 7.043 7.255 7.268 7.457 6.682 7.239 7.108 6.588 6.096 6.538 7.028 6.399 6.589 6.217 6.813 6.407 6.037 6.873 5.619 5.774 6.788 5.758 6.126 6.524 6.603 6.073 5.9 5.965 5.044 6.253 5.195 6.727 5.38 6.725 5.376 6.051 6.364 6.706 5.841 6.448 6.623 5.074 6.629 6.353 5.204 5.83 5.497 6.486 6.695 5.85 6.262 6.062 5.006 6.254 6.203 6.147 5.463 6.469 5.29 7.236 5.222 6.352 6.127 6.739 5.656 6.631 6.7 6.363 5.169 5.993 5.687 7.133 5.602 6.739 6.001 5.964 5.163 6.579 6.987 5.046 6.492 5.248 5.361 5.662 5.447 5.432 5.762 6.379 6.191 5.312 6.135 5.496 5.842 5.529 5.821 5.972 6.499 6.095 5.715 5.589 6.915 5.659 6.009 6.574 6.065 5.285 5.674 5.049 6.751 6.68 5.534 5.15 6.257 6.398 6.17 5.758 5.543 5.631 6.194 5.6 5.331 5.82 6.299 6.315 5.419 4.917 5.643 5.788 5.257 6.599 6.171 5.425 6.413 6.89 5.982 5.665 6.114 5.234 6.381 6.129 4.668 6.061 5.954 5.581 5.136 5.166 5.862 5.483 6.135 5.619 5.729 5.532 5.635 5.535 4.639 5.424 5.319 6.273 5.137 5.924 5.609 5.647 6.318 4.951 5.39 4.929 5.65 5.61 6.228 5.519 6.173 5.817 5.702 5.731 5.936 6.112 5.358 5.571 5.176 4.81 4.712 5.142 5.538 5.948 5.473 5.876 5.256 5.123 5.24 5.73 5.349 4.868 5.459 5.204 4.247 5.174 5.064 5.676 5.825 5.411 4.795 5.103 5.215 4.988 5.488 5.311 5.168 4.866 5.221 5.816 6.54 6.415 5.374 5.636 7.355 7.165 8.82 8.314,422.13,0.031088,0.1721148490905761,15.852798461914062,0.0013935533441562,0.0052253603162603,0.0232343573792026,0.0077162827011017,0.0035319048740287,0.0013575813994724,0.0060121461976638,0.0194438903295875,0.0090376133164882,0.0039120508899084,0.0013575813994724,0.0025105602857614,0.0029595046397396,0.0027180535859106,0.0022315128813233,0.0013575813994724,0.0025105602857614,0.0029595046397396,0.0027180535859106,0.0022315128813233,0.0013575813994724,0.0033242446445874,0.0059662403965953,0.0040861307309196,0.0026463749428167,0.0013575813994724,0.0006012146197663,0.0001944389032958,0.0004518806658244,0.0007824101779816,0.0013575813994724,0.0060121461976638,0.0194438903295875,0.0090376133164882,0.0039120508899084,0.2514878879662666,0.2917027768157956,0.3577324371474868,0.3090983352263334,0.2768771028010636,megamarket,sasrec,32,128,32,42
3,6.233,12.758 11.646 11.115 10.061 9.669 9.08 8.863 7.753 8.345 8.132 7.157 7.339 7.393 7.493 6.731 7.37 7.153 6.568 6.22 6.583 7.239 6.412 6.623 6.346 7.108 6.433 5.963 6.915 5.618 5.94 6.8 6.059 6.38 6.855 6.851 6.046 6.021 6.148 5.205 6.334 5.312 6.88 5.548 6.846 5.486 6.092 6.56 6.924 6.009 6.742 6.849 5.308 6.818 6.496 5.417 5.893 5.714 6.621 6.718 5.938 6.34 6.17 5.156 6.548 6.451 6.246 5.686 6.389 5.49 7.395 5.415 6.453 6.184 6.859 5.929 6.779 6.768 6.563 5.55 6.022 5.906 7.166 5.76 6.768 6.08 5.939 5.236 6.644 7.116 5.066 6.636 5.478 5.413 5.744 5.583 5.594 5.859 6.478 6.467 5.398 6.427 5.577 5.971 5.89 5.863 6.183 6.597 6.331 5.917 5.894 7.072 5.709 6.26 6.774 6.08 5.303 5.796 5.067 7.001 6.552 5.799 5.467 6.142 6.41 6.1 5.716 5.733 5.753 6.339 5.808 5.407 5.908 6.406 6.39 5.603 5.045 5.648 5.925 5.267 6.781 6.28 5.631 6.632 7.185 6.158 5.915 6.251 5.472 6.564 6.211 5.003 6.35 6.3 5.756 5.054 5.515 6.082 5.468 6.255 5.665 5.69 5.582 5.774 5.542 5.003 5.637 5.521 6.472 5.459 6.083 5.645 5.83 6.489 5.224 5.32 5.307 5.89 5.759 6.326 5.772 6.246 5.887 5.787 5.87 6.111 6.107 5.668 5.782 5.418 5.091 4.792 5.434 5.592 6.128 5.499 5.889 5.477 5.323 5.43 5.683 5.454 4.962 5.556 5.131 4.338 5.291 4.971 5.599 5.66 5.21 4.608 5.02 5.217 5.017 4.91 4.921 4.699 4.751 5.08 5.613 6.345 6.111 5.151 5.541 5.525 4.091 5.379 4.803 5.333 4.672 5.275 5.074 4.99 5.278 5.84 5.743 5.581 4.895 5.375 6.619 6.351 5.686 5.227 6.153 6.476 9.191 12.664 11.643 11.304 10.439 11.367 9.942 11.173,465.36,0.034339,0.1721148490905761,15.85261058807373,0.0038187946909893,0.0121472742369226,0.0842111459482235,0.0193219981906732,0.0083185654269887,0.0020003546335084,0.0084724161624221,0.0223751579227342,0.0120464569896048,0.0057849591063235,0.0020003546335084,0.0036794545821076,0.0041667214661923,0.003927130831939,0.0033202562227098,0.0020003546335084,0.0036794545821076,0.0041667214661923,0.003927130831939,0.0033202562227098,0.0020003546335084,0.0047998776164337,0.007568649266828,0.0057029102867457,0.0039301327624551,0.0020003546335084,0.0008472416162422,0.0002237515792273,0.0006023228494802,0.0011569918212647,0.0020003546335084,0.0084724161624221,0.0223751579227342,0.0120464569896048,0.0057849591063235,0.3416999520242818,0.3628076186921795,0.4127095423596238,0.3743878367192151,0.3539720401924015,megamarket,sasrec,32,256,32,42
4,6.353,12.661 11.474 11.101 10.155 9.703 9.271 9.046 7.988 8.419 8.3 7.333 7.616 7.523 7.667 6.962 7.5 7.339 6.779 6.421 6.729 7.241 6.503 6.763 6.459 7.153 6.54 6.211 7.001 5.823 6.251 6.999 6.204 6.418 6.791 6.877 6.244 6.189 6.275 5.23 6.425 5.523 6.843 5.527 6.907 5.729 6.211 6.583 6.946 6.089 6.74 6.805 5.421 6.934 6.8 5.508 6.048 5.727 6.759 6.91 5.994 6.503 6.182 5.27 6.578 6.452 6.439 5.722 6.523 5.505 7.551 5.543 6.681 6.321 6.816 6.082 6.793 6.877 6.648 5.572 6.176 5.772 7.163 5.837 6.896 6.189 6.282 5.532 6.75 7.145 5.266 6.517 5.586 5.553 5.974 5.718 6.009 5.81 6.547 6.588 5.478 6.388 5.726 5.988 5.941 6.095 6.391 6.583 6.414 5.9 5.976 7.093 5.746 6.477 6.817 6.307 5.283 5.965 5.285 7.132 6.838 5.692 5.468 6.246 6.382 6.25 5.908 5.663 6.026 6.563 5.915 5.459 5.94 6.415 6.55 5.643 5.252 5.847 6.052 5.342 6.851 6.396 5.687 6.804 7.19 6.287 5.836 6.369 5.512 6.671 6.293 5.167 6.425 6.268 5.89 5.292 5.581 6.159 5.788 6.311 5.91 5.945 5.834 5.898 5.766 5.261 5.785 5.47 6.639 5.545 6.193 5.987 5.819 6.584 5.332 5.63 5.312 5.857 5.865 6.597 5.932 6.409 6.032 6.031 5.977 6.323 6.498 5.859 5.895 5.373 5.102 4.993 5.484 5.844 6.094 5.792 6.163 5.614 5.401 5.463 5.852 5.631 5.093 5.663 5.327 4.647 5.648 5.124 5.955 6.046 5.403 4.939 5.197 5.34 5.119 4.984 5.015 4.897 4.749 5.254 5.664 6.464 6.239 5.463 5.564 5.394 4.269 5.49 4.995 5.354 4.752 5.355 5.23 4.919 5.313 5.818 5.576 5.282 4.755 5.302 6.418 6.22 5.498 4.94 5.445 5.778 4.764 6.569 5.968 5.97 5.201 5.545 4.955 5.678 4.527 5.311 6.488 5.794 5.968 6.151 5.905 5.075 5.813 5.038 5.831 5.641 5.647 5.735 4.316 5.856 6.392 5.662 6.149 4.664 5.687 5.536 4.328 6.51 4.789 5.798 3.733 6.027 5.149 5.33 5.69 5.256 5.683 5.166 5.521 5.397 5.044 5.771 6.146 5.442 5.064 5.19 5.676 5.314 5.12 6.165 6.27 5.503 5.749 5.204 5.37 5.015 5.985 6.103 5.594 5.928 5.413 4.459 6.47 5.614 5.331 5.653 5.683 5.206 6.342 5.715 5.655 5.185 5.844 5.896 5.377 6.18 5.171 6.98 5.185 6.012 5.867 4.96 4.978 6.304 5.3 5.794 6.074 5.975 5.71 6.171 5.99 6.584 4.768 5.54 6.874 5.997 4.937 5.433 6.091 6.901 7.157 6.28 7.094 6.48 6.486 7.106 5.978 7.112 8.724 10.567 9.787 10.206 10.225,573.91,0.041015,0.1721148490905761,15.852871417999268,0.0045183597090206,0.0123399799239091,0.0680560891279293,0.0176843096675052,0.0091556888453769,0.0022275417248487,0.0095806458762772,0.0234002704080501,0.013138063257752,0.0066549194316998,0.0022275417248487,0.004161275041154,0.0046463794948361,0.0044038984084957,0.0037778627420558,0.0022275417248487,0.004161275041154,0.0046463794948361,0.0044038984084957,0.0037778627420558,0.0022275417248487,0.0054293093452429,0.008185484584154,0.0063234422519813,0.0044902315286562,0.0022275417248487,0.0009580645876277,0.0002340027040805,0.0006569031628876,0.0013309838863399,0.0022275417248487,0.0095806458762772,0.0234002704080501,0.013138063257752,0.0066549194316998,0.3349774737678474,0.362965467378601,0.4124104738223147,0.3756537663060922,0.3521076985372811,megamarket,sasrec,32,512,32,42
5,6.489 5.769,12.607 11.547 11.229 10.337 9.911 9.519 9.298 8.162 8.636 8.584 7.701 7.868 7.875 7.946 7.331 7.859 7.748 7.048 6.623 6.931 7.472 6.718 6.894 6.682 7.297 6.653 6.271 7.125 5.934 6.337 7.145 6.249 6.461 6.935 6.947 6.282 6.176 6.366 5.481 6.664 5.643 6.966 5.772 7.012 5.705 6.383 6.797 7.032 6.165 6.786 6.901 5.431 7.011 6.724 5.534 6.135 5.984 6.896 6.881 6.223 6.577 6.226 5.402 6.637 6.658 6.489 5.761 6.724 5.64 7.642 5.682 6.669 6.432 7.09 6.123 6.934 6.867 6.691 5.744 6.249 6.048 7.338 5.883 6.974 6.356 6.218 5.677 6.84 7.513 5.339 6.73 5.706 5.539 5.986 5.733 6.071 6.034 6.413 6.765 5.719 6.485 5.834 6.36 6.044 6.057 6.347 6.772 6.453 6.283 6.062 7.297 6.06 6.585 6.869 6.446 5.652 6.12 5.445 7.103 6.878 5.952 5.843 6.307 6.581 6.521 5.962 5.904 6.298 6.655 5.899 5.598 6.14 6.465 6.692 5.719 5.574 6.114 6.144 5.531 6.906 6.469 5.671 6.842 7.324 6.5 5.99 6.526 5.672 6.948 6.399 5.386 6.414 6.473 5.93 5.487 5.691 6.328 5.827 6.58 6.004 6.052 6.03 6.125 5.856 5.393 6.064 5.712 6.827 5.907 6.229 6.099 6.072 6.629 5.469 5.777 5.423 6.183 6.084 6.414 5.827 6.52 6.171 6.161 6.042 6.314 6.504 5.858 5.994 5.504 5.28 5.106 5.674 5.986 6.218 5.888 6.088 5.745 5.594 5.544 5.948 5.749 5.305 5.603 5.629 4.882 5.891 5.331 6.06 6.157 5.601 5.349 5.378 5.482 5.319 5.127 5.233 5.049 5.046 5.557 5.966 6.792 6.529 5.554 5.9 5.668 4.444 5.643 5.185 5.614 5.009 5.422 5.367 5.201 5.577 6.098 5.676 5.643 5.036 5.441 6.635 6.452 5.686 5.306 5.699 5.864 4.945 6.742 6.113 6.121 5.391 5.875 5.287 5.854 4.682 5.79 6.832 5.959 6.415 6.331 6.153 5.4 5.989 5.428 6.009 5.701 5.869 5.87 4.591 6.108 6.583 5.815 6.442 5.176 6.035 5.8 4.806 6.828 4.97 6.158 4.235 6.296 5.303 5.496 6.024 5.724 5.889 5.363 5.744 5.63 5.137 6.126 6.435 5.677 5.505 5.593 6.16 5.426 5.445 6.472 6.331 5.694 6.0 5.483 5.724 5.274 6.208 6.368 6.09 6.199 5.583 4.762 6.671 5.986 5.632 5.853 5.976 5.533 6.319 5.941 5.919 5.406 5.9 6.092 5.412 6.347 5.413 7.225 5.327 6.069 6.136 4.991 5.104 6.514 5.47 5.814 6.15 6.066 5.863 6.078 6.081 6.542 4.906 5.599 6.708 5.921 4.813 5.533 5.837 6.496 6.424 5.886 6.625 6.195 6.258 7.029 5.788 6.602 5.314 5.872 5.279 5.991 5.635 5.62 5.203 5.209 5.807 5.714 5.385 6.18 5.183 5.157 5.964 5.703 6.608 4.962 5.397 5.869 5.937 5.844 6.172 5.661 5.891 6.833 5.509 4.68 5.571 5.248 6.204 7.053 6.853 5.651 5.278 6.237 4.562 4.591 4.971 5.678 6.066 4.822 6.099 5.926 5.696 4.681 6.14 6.39 5.82 6.161 5.519 4.834 5.762 5.203 5.69 5.38 4.972 5.109 5.389 5.751 5.716 4.486 5.641 5.436 4.471 5.467 6.062 5.125 5.372 4.801 5.11 5.626 5.645 4.878 5.619 5.094 5.82 6.367 5.331 5.953 5.909 5.71 5.978 5.266 5.392 5.754 4.895 5.939 5.53 6.5 5.902 5.751 5.603 5.692 6.714 5.335 5.498 5.539 6.14 6.401 4.623 4.996 5.644 5.191 5.999 6.839 5.88 6.873 4.913 5.453 6.739 5.517 6.618 6.369 5.706 5.291 5.371 5.329 5.532 6.007 5.945 6.529 6.259 5.604 6.923 5.872 7.166 5.681 6.945 5.576 7.226 10.312 9.843 10.298 10.878 11.344,714.81,0.053023,0.1721148490905761,16.980284690856934,0.0048827035802362,0.0116769732194862,0.0275253119849305,0.0146611230218234,0.0092263269428574,0.00267637475896,0.0104284416073763,0.0237659862136223,0.0139969412859897,0.0074417625285369,0.00267637475896,0.0047393355758273,0.0052199352064383,0.0049857009591865,0.0043472157575488,0.00267637475896,0.0047393355758273,0.0052199352064383,0.0049857009591865,0.0043472157575488,0.00267637475896,0.006071823651836,0.0087518404454624,0.0069724341437697,0.0051125614700379,0.00267637475896,0.0010428441607376,0.0002376598621362,0.0006998470642994,0.0014883525057073,0.00267637475896,0.0104284416073763,0.0237659862136223,0.0139969412859897,0.0074417625285369,0.3603732806537594,0.3854134517919753,0.4228233524024588,0.3957907606442347,0.3761946953686683,megamarket,sasrec,32,1024,32,42
6,6.619 6.015 5.885 5.858 5.874,12.6 11.59 11.336 10.397 10.093 9.627 9.5 8.437 8.879 8.803 7.798 8.056 8.006 8.149 7.595 8.032 8.046 7.321 6.854 7.194 7.68 6.912 7.166 6.831 7.382 6.82 6.548 7.312 6.003 6.371 7.094 6.491 6.673 7.048 6.987 6.348 6.323 6.506 5.616 6.603 5.627 7.001 5.755 7.105 5.938 6.297 6.875 7.175 6.2 6.962 7.005 5.567 7.099 6.766 5.601 6.228 6.157 6.994 7.006 6.398 6.627 6.35 5.395 6.974 6.667 6.547 5.947 6.685 5.729 7.702 5.731 6.754 6.49 7.06 6.238 6.973 7.095 6.914 5.811 6.377 6.277 7.487 6.026 7.152 6.391 6.493 5.725 7.012 7.498 5.581 6.938 5.807 5.798 6.049 6.057 6.293 6.304 6.773 6.857 5.842 6.764 5.968 6.457 6.107 6.24 6.383 6.961 6.619 6.271 6.249 7.308 5.9 6.666 7.103 6.654 5.681 6.328 5.51 7.25 7.05 6.191 5.999 6.566 6.757 6.632 6.162 6.087 6.423 6.808 6.097 5.704 6.268 6.534 6.735 5.943 5.587 6.242 6.263 5.635 7.204 6.593 5.929 6.947 7.532 6.699 6.237 6.689 5.851 6.963 6.698 5.538 6.586 6.718 6.079 5.469 5.824 6.38 6.076 6.612 6.235 6.21 5.893 6.059 5.967 5.624 6.2 5.929 7.036 5.992 6.381 6.077 6.224 6.787 5.553 5.838 5.559 6.172 6.11 6.663 6.012 6.604 6.207 6.294 6.185 6.412 6.564 6.116 6.231 5.647 5.315 5.53 5.704 6.23 6.393 5.951 6.289 6.012 5.642 5.744 6.08 5.858 5.282 5.926 5.867 5.17 5.926 5.318 6.394 6.329 5.985 5.526 5.545 5.625 5.563 5.418 5.304 5.434 5.27 5.734 6.15 6.904 6.793 6.01 5.959 6.03 4.769 5.885 5.52 5.709 5.349 5.724 5.58 5.407 5.782 6.323 5.823 5.848 5.409 5.5 6.82 6.607 5.984 5.619 5.875 6.154 5.189 6.997 6.579 6.369 5.658 6.07 5.472 6.058 4.913 5.82 6.984 6.38 6.594 6.692 6.434 5.507 6.232 5.608 6.241 5.925 6.113 6.129 4.645 6.224 7.016 6.13 6.685 5.197 6.065 6.059 5.103 6.929 5.25 6.402 4.544 6.4 5.606 5.814 6.212 5.824 6.122 5.564 5.962 5.858 5.4 6.302 6.331 5.973 5.707 5.748 6.587 5.879 5.492 6.827 6.515 6.115 6.28 5.669 5.922 5.494 6.52 6.611 6.122 6.539 5.803 5.148 6.833 6.154 5.851 6.188 6.165 5.763 6.722 6.292 6.112 5.53 6.152 6.273 5.715 6.553 5.643 7.411 5.653 6.195 6.377 5.169 5.503 6.876 5.723 6.079 6.42 6.309 6.15 6.474 6.188 6.692 5.226 5.841 7.098 6.119 5.182 5.769 5.939 6.712 6.729 6.159 6.778 6.45 6.314 7.22 6.058 6.689 5.523 6.112 5.501 6.083 5.958 5.959 5.582 5.5 6.178 5.77 5.598 6.206 5.365 5.492 6.143 6.055 6.947 5.124 5.647 6.341 6.203 5.952 6.454 5.903 6.201 7.208 5.809 4.958 5.728 5.408 6.371 7.312 6.991 6.046 5.532 6.49 5.023 4.955 5.371 5.894 6.362 4.9 6.376 6.239 6.037 5.065 6.317 6.536 6.124 6.521 5.817 5.178 6.105 5.624 6.13 5.793 5.334 5.542 5.844 6.089 6.093 4.943 5.838 5.658 4.842 5.618 6.561 5.696 5.784 5.168 5.459 6.105 6.207 5.166 5.966 5.346 6.073 6.827 5.719 6.346 6.418 5.904 6.274 5.604 5.82 5.959 5.106 6.204 5.766 6.754 6.303 6.077 5.83 5.969 6.935 5.794 5.812 5.821 6.458 6.604 4.871 5.216 5.782 5.408 6.089 6.998 5.972 7.036 5.026 5.473 6.698 5.434 6.528 6.325 5.666 5.234 5.267 5.267 5.203 5.865 5.864 6.207 5.688 5.232 6.071 5.161 6.572 5.214 6.379 5.229 6.732 6.031 4.752 5.601 5.746 5.522 6.048 5.838 5.924 5.556 5.755 6.668 5.713 5.925 5.951 5.53 5.766 5.326 6.706 6.643 6.396 6.004 5.179 5.513 5.903 5.713 5.48 5.419 5.47 5.827 5.2 6.408 5.759 6.031 6.307 4.714 6.212 6.16 5.45 6.151 6.409 6.1 5.965 5.628 6.466 6.595 6.248 5.547 6.85 5.148 5.878 5.892 6.398 5.755 5.407 5.554 7.28 5.174 5.214 6.083 4.94 5.747 6.252 5.499 5.817 5.907 5.85 5.843 6.195 6.539 5.821 5.216 5.595 5.538 6.108 6.347 6.195 5.869 6.12 5.762 5.03 5.932 6.022 5.814 6.025 6.334 5.02 5.428 6.858 6.381 5.853 5.939 5.889 5.523 6.576 6.289 6.494 7.172 7.614 5.913 5.611 6.011 6.94 5.924 5.875 6.345 5.618 5.411 6.005 6.403 5.426 5.415 6.419 5.245 5.856 6.106 5.833 6.217 5.931 5.004 5.085 6.645 6.296 6.369 5.528 5.522 5.124 5.823 5.594 5.166 5.305 6.438 5.635 5.316 6.237 5.166 6.175 5.3 5.522 5.587 5.828 5.032 5.498 5.473 5.944 5.706 5.298 6.255 6.784 5.96 5.653 5.378 4.771 5.748 5.608 5.503 5.321 5.871 5.44 6.296 6.247 6.328 5.473 4.969 5.841 5.71 5.382 6.536 5.7 5.822 5.593 5.1 4.843 5.469 5.883 5.852 4.711 6.017 5.705 5.092 5.28 5.554 6.433 5.407 5.967 5.606 6.311 5.566 5.71 5.904 5.271 6.253 6.174 5.452 6.178 5.536 6.248 5.504 5.514 5.742 6.209 5.918 7.165 5.891 5.948 5.598 5.434 6.475 6.16 5.732 6.546 5.974 5.972 5.781 5.63 5.351 5.465 5.407 6.659 5.689 6.137 6.046 6.139 6.687 6.958 6.178 5.281 5.55 6.794 6.091 5.506 5.736 6.102 5.862 5.921 6.229 6.193 6.228 5.807 5.871 5.765 6.216 5.353 5.673 6.56 5.692 5.439 6.189 5.883 5.751 6.417 5.955 5.977 6.22 6.979 6.089 5.841 5.332 5.355 5.836 5.95 6.574 5.816 6.615 5.968 6.924 6.324 5.7 5.853 5.248 5.235 5.724 6.001 4.995 6.249 6.01 4.743 5.243 5.871 6.345 5.202 5.701 5.23 5.679 5.591 6.056 6.306 5.821 6.031 5.455 6.174 5.525 5.894 5.227 7.053 5.374 6.241 6.44 6.226 6.071 5.449 5.82 4.982 4.356 5.917 5.782 5.97 5.307 5.972 7.286 6.593 6.517 6.299 6.774 6.973 4.758 5.474 6.21 6.147 5.755 6.295 6.61 7.076 5.464 5.977 6.645 5.545 5.928 5.273 5.718 5.891 5.848 5.416 5.491 5.846 5.466 5.448 5.886 6.175 5.771 4.671 4.81 5.802 5.279 4.523 5.78 5.424 5.724 5.369 5.891 5.579 6.338 5.034 5.24 6.262 5.573 5.161 5.542 6.498 5.644 5.818 5.5 6.234 5.859 6.14 6.143 5.886 6.011 5.054 5.386 6.067 6.106 5.744 5.9 6.337 5.268 5.59 6.311 5.319 4.975 6.806 5.15 6.209 5.714 5.957 5.979 5.644 5.884 6.227 5.497 5.075 5.405 4.995 5.804 5.311 5.115 6.036 5.448 5.962 5.647 6.31 6.472 5.691 5.257 5.196 5.429 6.366 6.227 6.141 5.824 5.789 5.693 5.588 6.634 6.057 5.555 6.346 6.28 5.323 6.397 4.787 6.12 6.157 5.862 5.783 5.571 6.288 6.01 6.307 5.419 5.641 5.778 5.939 5.128 6.421 6.082 6.75 5.913 6.946 5.35 5.761 6.45 5.901 5.786 6.184 4.877 5.818 5.437 6.495 5.477 5.354 6.235 6.402 4.505 5.903 5.189 6.505 5.918 5.408 6.454 5.053 5.331 5.988 5.931 5.547 6.574 6.296 5.84 6.276 5.844 5.96 5.829 6.106 5.373 5.85 6.885 5.661 5.966 5.842 5.897 5.536 5.926 6.028 5.921 5.818 5.288 6.103 5.757 6.11 5.835 6.325 5.437 6.7 5.83 5.863 5.997 5.694 6.999 5.584 5.574 5.828 6.492 6.564 5.722 5.257 6.208 6.72 6.68 5.051 6.175 6.056 6.861 6.109 6.886 4.754 5.569 6.875 6.056 5.663 5.95 5.751 6.603 6.538 6.316 6.251 5.757 5.872 6.044 6.473 6.027 6.18 5.203 5.056 5.312 4.823 5.595 4.932 6.204 5.113 5.336 5.415 5.506 4.372 5.95 5.417 5.768 5.201 5.965 5.631 6.237 6.096 5.622 5.58 5.173 5.501 6.636 5.172 5.797 5.584 4.999 4.482 6.802 5.791 6.01 5.849 5.918 6.431 6.236 5.928 5.317 6.247 5.164 5.341 6.059 5.218 6.056 5.711 5.863 4.443 6.076 6.17 5.879 6.043 5.182 5.977 6.641 7.06 6.309 5.13 5.584 5.601 5.181 5.89 6.036 4.923 5.991 5.272 5.696 5.731 5.591 5.782 5.532 6.35 5.485 6.714 5.732 5.092 6.674 6.824 6.463 6.36 6.075 7.351 7.149 6.202 5.948 6.16 6.593 7.612 6.787 6.696 6.589 6.675 7.615 6.726 7.856 8.854 7.245 6.583 7.455 7.298 7.525 5.874 7.841 6.95 7.704 8.482 6.949 7.002 7.937 7.646 7.317 8.149 7.882 7.82 7.368 6.798 8.46 7.864 6.659 7.541 8.45 14.256 12.837 14.143 13.564 13.797 14.342 13.444 13.957 14.937 14.412 13.493 13.496,950.78,0.064895,0.1721148490905761,19.00386428833008,0.0042289913623238,0.0109321750337699,0.0420092201306185,0.0146171291190066,0.0083117494702142,0.002415940776204,0.0092260123678436,0.0223529933284571,0.0127834297493184,0.006660460580269,0.002415940776204,0.00423211598697,0.0047096360225166,0.0044771798598427,0.0038937650996298,0.002415940776204,0.00423211598697,0.0047096360225166,0.0044771798598427,0.0038937650996298,0.002415940776204,0.0054033673805003,0.0080494885035656,0.0063005999926219,0.004577693335073,0.002415940776204,0.0009226012367843,0.0002235299332845,0.0006391714874659,0.0013320921160538,0.002415940776204,0.0092260123678436,0.0223529933284571,0.0127834297493184,0.006660460580269,0.3455614768596986,0.3726573028035488,0.4198251573081174,0.385016092073945,0.3623526601787732,megamarket,sasrec,32,1512,32,42
7,6.704 6.031 6.08 6.015 5.901,12.625 11.655 11.399 10.553 10.14 9.772 9.665 8.547 9.061 8.975 8.045 8.248 8.233 8.258 7.81 8.231 8.342 7.476 7.019 7.475 7.854 7.228 7.343 7.136 7.677 7.027 6.689 7.42 6.215 6.629 7.347 6.591 6.827 7.171 7.198 6.595 6.505 6.596 5.724 6.843 5.894 7.121 5.866 7.158 6.038 6.596 6.985 7.321 6.276 7.12 7.072 5.702 7.276 6.87 5.879 6.32 6.156 7.106 7.094 6.388 6.805 6.373 5.557 6.956 6.86 6.747 5.954 6.92 5.884 7.747 5.896 6.909 6.628 7.261 6.204 7.124 7.058 6.969 5.91 6.593 6.29 7.55 6.069 7.264 6.47 6.476 5.864 7.089 7.464 5.686 6.954 6.0 5.835 6.198 6.207 6.392 6.348 6.741 6.889 5.879 6.868 6.031 6.557 6.1 6.452 6.602 6.991 6.834 6.327 6.218 7.576 6.163 6.815 7.009 6.758 5.748 6.368 5.741 7.29 7.016 6.258 6.058 6.662 6.826 6.854 6.241 6.231 6.509 6.706 6.054 5.821 6.304 6.444 6.792 5.974 5.689 6.323 6.36 5.81 7.091 6.632 5.837 6.981 7.56 6.68 6.169 6.699 5.826 6.975 6.532 5.467 6.718 6.695 6.16 5.508 5.923 6.506 6.148 6.863 6.221 6.22 5.995 6.253 6.111 5.589 6.205 5.822 7.061 5.957 6.398 6.147 6.19 6.94 5.673 5.812 5.498 6.242 6.235 6.852 6.162 6.657 6.273 6.302 6.15 6.494 6.515 6.027 6.322 5.757 5.384 5.465 5.674 6.211 6.368 5.953 6.279 5.931 5.801 5.902 6.023 5.795 5.355 5.965 5.993 5.297 6.091 5.382 6.436 6.475 5.947 5.655 5.612 5.759 5.55 5.544 5.469 5.325 5.302 5.865 6.102 6.996 6.838 6.042 6.069 5.978 4.744 5.996 5.4 5.822 5.302 5.772 5.476 5.443 6.024 6.292 5.96 5.871 5.415 5.604 6.962 6.767 6.088 5.678 6.058 6.158 5.182 6.934 6.56 6.365 5.689 6.032 5.491 6.085 5.007 5.855 7.02 6.325 6.501 6.639 6.432 5.598 6.254 5.434 6.351 6.03 6.181 6.143 4.636 6.37 6.791 5.951 6.922 5.394 6.103 6.087 5.047 7.03 5.115 6.377 4.647 6.533 5.56 5.824 6.169 5.769 6.141 5.64 5.944 5.883 5.369 6.228 6.378 5.872 5.706 5.753 6.316 5.819 5.628 6.813 6.556 6.018 6.217 5.668 5.975 5.478 6.427 6.537 6.082 6.547 5.699 5.149 6.789 6.107 5.856 6.118 6.28 5.891 6.706 6.241 6.097 5.531 6.165 6.174 5.676 6.367 5.559 7.37 5.683 6.208 6.398 5.281 5.63 6.856 5.607 6.233 6.296 6.319 6.055 6.306 6.234 6.583 5.135 5.902 7.083 6.144 5.119 5.731 6.07 6.629 6.642 6.217 6.762 6.417 6.388 7.121 6.088 6.793 5.532 6.07 5.411 6.252 5.921 5.87 5.582 5.553 6.271 5.898 5.597 6.272 5.41 5.509 6.184 5.929 7.136 5.239 5.737 6.279 6.297 5.969 6.552 5.941 6.177 7.144 5.657 4.989 5.862 5.435 6.474 7.278 7.031 6.013 5.522 6.517 4.98 4.941 5.342 6.108 6.454 5.114 6.254 6.096 5.985 5.127 6.373 6.675 6.183 6.554 5.887 5.346 6.368 5.539 6.194 5.814 5.438 5.869 5.811 6.213 6.254 5.064 6.17 5.992 4.786 5.868 6.667 5.749 5.931 5.296 5.6 6.184 6.268 5.242 6.078 5.43 6.095 6.962 5.925 6.475 6.542 5.955 6.424 5.819 5.928 5.968 5.264 6.505 6.047 6.795 6.585 6.292 6.105 5.923 7.199 5.866 6.089 6.074 6.562 6.863 5.091 5.54 6.123 5.453 6.183 7.334 6.182 7.219 5.222 5.734 6.873 5.677 6.744 6.443 5.822 5.462 5.466 5.417 5.45 6.054 6.131 6.351 6.116 5.454 6.361 5.575 6.814 5.391 6.69 5.309 7.022 6.202 4.903 5.749 5.883 5.769 6.227 6.11 6.108 5.821 5.972 6.904 6.103 6.247 6.045 5.748 5.994 5.666 7.06 6.915 6.605 6.103 5.366 5.696 5.989 6.09 5.76 5.619 5.731 6.108 5.446 6.652 5.932 6.271 6.552 4.918 6.416 6.408 5.529 6.241 6.73 6.448 6.16 5.914 6.593 6.745 6.475 5.658 6.949 5.435 6.023 6.214 6.539 6.077 5.726 5.615 7.515 5.431 5.392 6.305 5.175 5.896 6.334 5.637 6.075 6.024 6.168 5.953 6.46 6.683 5.992 5.482 5.867 5.807 6.293 6.511 6.215 6.087 6.446 6.043 5.298 6.251 6.261 5.896 6.264 6.462 5.249 5.74 7.145 6.587 5.968 6.082 6.157 5.73 6.809 6.505 6.565 7.508 7.678 6.276 5.852 6.271 7.08 6.171 6.052 6.593 5.854 5.576 6.374 6.529 5.581 5.623 6.755 5.582 5.979 6.315 6.028 6.381 6.182 5.223 5.29 6.888 6.58 6.502 5.932 5.826 5.411 6.003 6.038 5.466 5.49 6.786 5.951 5.575 6.447 5.443 6.541 5.679 5.796 5.818 6.205 5.198 5.783 5.754 6.29 6.033 5.529 6.379 6.929 6.204 6.114 5.823 5.13 6.133 5.907 5.708 5.426 6.181 5.787 6.378 6.241 6.755 5.702 5.296 6.039 5.975 5.763 6.76 5.848 6.093 5.899 5.379 5.193 5.936 6.314 5.979 4.788 6.142 5.784 5.338 5.579 5.64 6.633 5.713 6.196 5.764 6.451 5.819 5.761 5.969 5.408 6.542 6.29 5.673 6.388 5.699 6.399 5.729 5.75 5.905 6.511 5.964 7.471 5.998 6.084 5.688 5.731 6.546 6.39 5.728 6.757 6.078 6.214 5.992 5.76 5.558 5.515 5.396 6.706 5.905 6.238 6.195 6.148 6.621 7.146 6.384 5.22 5.943 6.885 6.353 5.63 5.736 6.202 6.09 6.01 6.38 6.301 6.406 5.956 5.778 5.977 6.515 5.542 5.932 6.584 5.679 5.543 6.338 6.079 6.058 6.395 6.117 6.075 6.189 6.862 6.033 5.912 5.467 5.513 6.035 5.859 6.768 5.963 6.822 5.86 7.148 6.555 5.757 5.916 5.406 5.18 5.962 5.92 5.03 6.376 6.002 4.746 5.349 5.898 6.374 5.345 5.845 5.418 5.807 5.585 6.206 6.347 5.974 6.131 5.597 6.342 5.71 5.992 5.28 7.061 5.458 6.253 6.496 6.447 6.203 5.602 5.699 5.063 4.3 5.795 5.686 6.068 5.424 6.051 7.305 6.589 6.611 6.349 6.727 7.07 4.836 5.378 6.186 6.112 5.922 6.314 6.6 7.082 5.408 5.96 6.541 5.644 5.938 5.754 5.896 6.128 5.915 5.449 5.599 5.749 5.445 5.459 6.025 6.233 6.017 4.588 4.721 5.895 5.297 4.808 5.867 5.543 5.797 5.439 5.852 5.651 6.296 5.046 5.139 6.432 5.701 5.295 5.666 6.48 5.592 5.779 5.76 6.163 6.064 6.291 6.28 6.073 6.082 5.346 5.42 6.17 6.339 5.735 5.991 6.376 5.243 5.515 6.209 5.494 4.998 6.721 5.34 6.132 5.762 6.051 6.073 5.666 5.967 6.304 5.412 5.066 5.271 4.821 6.035 5.45 4.927 6.15 5.556 6.007 5.629 6.41 6.43 5.659 5.308 5.291 5.56 6.239 6.538 6.171 6.011 5.832 5.656 5.583 6.533 6.142 5.344 6.309 6.275 5.303 6.437 4.753 6.201 6.158 5.903 5.771 5.44 6.191 5.854 6.335 5.389 5.709 5.858 5.989 5.067 6.353 5.954 6.839 5.913 6.926 5.516 5.634 6.591 5.933 5.807 6.075 4.962 5.585 5.428 6.454 5.558 5.252 6.139 6.224 4.477 6.08 5.24 6.342 5.897 5.361 6.321 5.053 5.381 5.91 5.995 5.628 6.476 6.265 5.919 6.37 5.816 5.894 5.719 6.161 5.43 5.754 6.903 5.656 5.932 5.73 5.747 5.531 6.226 5.977 5.784 5.893 5.239 6.055 5.635 6.097 5.89 6.345 5.352 6.567 5.879 5.793 5.97 5.737 6.913 5.66 5.41 5.702 6.468 6.484 5.709 5.265 5.901 6.714 6.681 5.137 6.139 5.999 6.817 6.235 6.742 4.87 5.705 6.961 6.078 5.662 5.949 5.958 6.706 6.444 6.389 6.34 5.802 5.9 5.871 6.635 6.101 6.497 5.4 5.609 5.77 5.29 6.098 5.763 6.692 6.085 6.09 6.253 6.305 5.609 7.045 6.576 6.982 6.468 7.376 6.988 7.719 7.704 6.961 7.303 6.297 6.85 8.502 7.099 7.285 7.406 6.06 6.132 8.227 7.239 7.618 7.912 11.484 13.063 13.807 13.495 13.264 14.405 13.891 13.667 14.189 12.868,1086.1,0.080191,0.1721148490905761,21.59635734558105,0.0047525807690877,0.0117240652844732,0.0539588316210823,0.0158997682574696,0.0089964433098286,0.0028259857703304,0.0094864463505995,0.0206795664605359,0.0124177139437462,0.0069652237515792,0.0028259857703304,0.004615051131608,0.0050139291017628,0.0048157081765507,0.0042795213925275,0.0028259857703304,0.004615051131608,0.0050139291017628,0.0048157081765507,0.0042795213925275,0.0028259857703304,0.0057585827538918,0.0080020523915612,0.0064962744511255,0.0049441972898585,0.0028259857703304,0.0009486446350599,0.0002067956646053,0.0006208856971873,0.0013930447503158,0.0028259857703304,0.0094864463505995,0.0206795664605359,0.0124177139437462,0.0069652237515792,0.3524270204384888,0.3813725820033173,0.426391136688251,0.3933069167677253,0.3706365287949412,megamarket,sasrec,32,2048,32,42
8,5.236,13.219 11.595 10.626 10.542 9.595 9.206 8.369 8.081 7.602 7.054 7.051 7.665 6.089 6.444 7.15 5.874 5.231 6.364 5.115 6.556 6.057 6.314 5.514 5.507 5.571 6.203 5.554 5.323 4.97 5.561 5.554 5.536 5.87 4.786 5.311 5.387 5.167 4.964 5.402 6.325 5.075 5.55 5.255 5.313 5.855 5.882 5.229 4.787 4.706 4.974 5.61 5.876 5.152 5.242 6.59 5.642 4.001 4.779 4.977 4.559 4.227 5.229 5.458 4.541 5.423 5.003 4.709 4.301 5.432 4.781 5.202 4.665 5.541 3.816 4.325 3.704 4.923 4.518 5.126 4.836 4.762 5.349 4.582 4.943 5.499 4.878 4.43 4.793 4.535 4.136 5.309 4.063 4.969 5.675 5.44 5.228 4.835 4.069 5.115 5.209 4.785 4.842 5.57 4.633 4.86 5.524 4.523 4.641 4.222 4.76 5.019 4.602 5.019 4.653 4.417 5.347 4.337 4.34 5.516 4.875 4.781 4.382 5.035 4.925 4.951 4.113 4.958 4.867 4.521 5.127 5.533 4.458 4.955 4.425 5.365 4.535 4.934 4.0 5.278 4.527 4.474 4.019 4.567 4.141 4.449 5.105 4.857 4.875 5.174 4.678 4.636 4.777 5.165 5.142 5.077 4.509 4.807 4.679 4.62 4.885 4.59 4.487 4.672 4.151 4.297 3.949 5.402 4.294 3.907 3.65 5.032 5.004 4.79 4.421 2.957 4.432 4.19 4.283 4.758 4.923 4.082 4.337 4.729 4.948 4.369 4.839 5.302 4.84 4.592 4.312 4.404 3.547 5.325 3.855 4.959 4.078 4.494 4.02 4.0 4.455 5.317 4.63 4.207 3.824 3.315 4.126 4.098 3.861 3.699 3.565 3.614 3.22 3.789 3.756 3.908 3.336 3.239 3.642 3.321 4.265 3.838 3.283 4.239 3.529 3.881 3.753 3.63 4.18 2.64 3.279 4.337 3.777 3.676 3.729 4.426 3.485 3.201 2.367 3.419 3.289 3.445 4.086 4.167 4.219 3.842 4.418 4.085 3.17 3.079 4.406 3.844 3.612 3.472 3.434 3.3 3.682 3.887 3.321 4.038 2.946 4.431 3.42 3.774 3.607 2.952 3.224 3.42 3.645 3.657 3.439 3.797 3.355 4.339 3.455 3.366 3.85 3.701 3.894 3.534 3.884 3.809 4.086 3.379 3.542 3.62 3.699 4.056 4.387 3.789 3.04 2.999 4.469 3.476 4.26 3.993 4.237 3.6 3.564 3.779 4.186 4.543 3.715 4.044 3.753 4.345 3.688 4.977 3.443 3.587 4.607 3.66 3.876 4.307 4.4 4.247 4.163 3.929 3.796 4.073 3.342 5.586 4.798 5.192 3.912 6.849 6.911 7.907 7.304 7.513,454.99,0.030589,3.337860107421875e-06,15.71596097946167,0.0019437869455838,0.0065055209249872,0.0219362274298885,0.0093601675486101,0.004509684854944,0.0010749828224394,0.0051532681694261,0.0185462242613648,0.0079127601569253,0.0034022652215351,0.0010749828224394,0.0020846042793146,0.0025078074325316,0.0022703132492345,0.0018535141964226,0.0010749828224394,0.0020846042793146,0.0025078074325316,0.0022703132492345,0.0018535141964226,0.0010749828224394,0.0027981932808223,0.005389527681443,0.0034887271839767,0.0022345761753528,0.0010749828224394,0.0005153268169426,0.0001854622426136,0.0003956380078462,0.000680453044307,0.0010749828224394,0.0051532681694261,0.0185462242613648,0.0079127601569253,0.0034022652215351,0.2982081626996222,0.320968090012783,0.3630578670855434,0.3314553751410583,0.3122179041451882,megamarket,sasrec,32,32,64,42
9,5.429,13.013 11.322 10.332 10.302 9.557 9.074 8.226 7.881 7.367 7.017 7.018 7.617 6.09 6.414 7.133 5.946 5.342 6.422 5.197 6.615 6.093 6.418 5.619 5.627 5.716 6.426 5.676 5.517 5.305 5.678 5.766 5.815 6.103 4.913 5.446 5.453 5.367 5.101 5.412 6.333 5.206 5.708 5.412 5.474 6.061 6.126 5.304 5.107 4.974 5.015 5.879 6.074 5.423 5.57 6.829 5.849 4.194 4.981 5.181 4.865 4.521 5.612 5.677 4.789 5.634 5.04 4.823 4.601 5.59 4.981 5.55 4.817 5.712 4.096 4.634 3.983 5.247 4.713 5.293 5.262 4.981 5.747 4.961 5.171 5.602 5.201 4.734 5.221 4.811 4.502 5.547 4.351 5.293 5.889 5.738 5.333 5.068 4.322 5.341 5.481 4.935 5.067 5.79 4.773 5.162 5.816 4.727 5.024 4.553 4.904 5.238 4.919 5.475 4.937 4.727 5.734 4.599 4.581 5.697 5.123 5.071 4.598 5.239 5.073 5.302 4.272 5.099 5.247 4.869 5.379 5.889 4.594 5.296 4.573 5.429 4.884 5.0 4.368 5.402 4.837 4.664 4.283 4.839 4.347 4.786 5.295 4.936 5.085 5.376 4.936 4.91 4.973 5.355 5.316 5.36 4.529 5.115 4.93 4.869 4.905 4.903 4.718 4.85 4.237 4.673 4.054 5.732 4.399 4.004 3.901 5.322 5.116 4.972 4.644 3.259 4.629 4.374 4.521 4.965 5.033 4.523 4.612 4.935 5.012 4.699 5.017 5.509 5.151 5.018 4.514 4.768 3.842 5.562 4.096 5.401 4.367 4.527 4.384 4.239 4.686 5.594 5.049 4.517 4.142 3.838 4.405 4.561 4.358 3.948 3.84 4.052 3.547 4.061 4.195 4.39 3.658 3.714 4.036 3.8 4.613 4.296 3.855 4.503 3.985 4.145 4.387 4.002 4.788 3.004 3.729 4.693 4.22 4.274 4.233 4.798 3.911 3.514 2.882 3.835 3.515 3.95 4.471 4.419 4.502 4.266 4.539 4.42 3.548 3.451 4.865 4.059 3.911 3.961 3.81 3.668 4.098 4.097 3.734 4.427 3.244 4.758 3.892 3.991 3.955 3.25 3.77 3.817 3.976 4.011 3.71 4.169 3.657 4.803 3.599 3.754 4.004 3.96 4.408 4.088 4.279 4.369 4.444 3.825 3.991 4.058 4.106 4.574 5.02 4.275 3.507 3.437 4.865 3.871 4.67 4.489 4.719 3.992 3.978 4.334 4.946 5.225 4.723 4.498 4.139 4.868 4.282 5.517 3.906 4.37 5.538 4.692 6.806 8.867 8.703 8.643,461.54,0.031737,0.1721148490905761,15.88807249069214,0.0024289591414372,0.0081004548102065,0.025865936326571,0.0115183473163719,0.0056225447064801,0.0013631225480417,0.0069042711173171,0.0225413923798124,0.0099297382361415,0.00458807101536,0.0013631225480417,0.0027886907620433,0.0032783448489983,0.002995522860765,0.0024873292402715,0.0013631225480417,0.0027886907620433,0.0032783448489983,0.002995522860765,0.0024873292402715,0.0013631225480417,0.0037475843800746,0.0067665300019728,0.0045085399214929,0.0030063705644976,0.0013631225480417,0.0006904271117317,0.0002254139237981,0.000496486911807,0.000917614203072,0.0013631225480417,0.0069042711173171,0.0225413923798124,0.0099297382361415,0.00458807101536,0.3039794696553679,0.3254247908272086,0.3733096615787957,0.3372039061806843,0.3161365133098919,megamarket,sasrec,32,64,64,42
10,5.595,12.838 11.05 10.178 10.239 9.359 9.025 8.29 7.838 7.478 7.109 6.969 7.563 6.19 6.531 7.175 6.17 5.464 6.498 5.275 6.675 6.233 6.468 5.762 5.751 5.685 6.568 5.694 5.715 5.365 5.873 5.969 6.073 6.178 5.066 5.647 5.63 5.451 5.284 5.679 6.731 5.369 5.927 5.618 5.57 6.16 6.338 5.519 5.319 5.091 5.208 5.969 6.104 5.525 5.618 7.069 6.221 4.449 5.205 5.247 5.022 4.547 5.776 5.836 4.902 5.85 5.404 5.115 4.749 5.863 5.174 5.705 5.037 5.917 4.184 4.78 4.075 5.383 4.921 5.499 5.392 5.216 5.837 5.007 5.276 5.85 5.329 4.705 5.381 4.959 4.772 5.683 4.532 5.407 6.093 5.89 5.39 5.273 4.518 5.429 5.737 5.149 5.289 5.818 5.036 5.426 5.989 4.84 5.021 4.673 5.124 5.497 5.019 5.545 5.114 4.811 5.804 4.815 4.735 5.932 5.327 5.382 4.714 5.461 5.204 5.518 4.457 5.353 5.558 5.079 5.456 6.044 4.845 5.475 4.753 5.774 5.026 5.284 4.569 5.747 4.957 4.889 4.523 4.966 4.587 5.067 5.508 5.157 5.257 5.564 5.021 5.181 5.04 5.493 5.644 5.627 4.78 5.329 5.064 5.164 5.172 4.993 5.057 5.18 4.373 4.819 4.347 5.979 4.786 4.187 4.066 5.503 5.247 5.264 4.748 3.441 4.834 4.534 4.694 5.312 5.218 4.841 4.848 5.16 5.349 4.921 5.287 5.727 5.296 5.074 4.828 4.917 4.005 5.737 4.441 5.471 4.82 4.78 4.451 4.583 4.884 5.837 5.163 4.682 4.437 4.034 4.758 4.888 4.7 4.338 4.338 4.23 3.856 4.5 4.534 4.869 4.011 3.992 4.341 4.186 4.835 4.66 4.031 4.954 4.346 4.606 4.749 4.515 4.986 3.176 4.163 4.99 4.525 4.469 4.584 5.078 4.48 3.972 3.188 4.179 3.771 4.216 4.727 4.921 4.898 4.667 5.114 4.773 3.965 3.819 5.335 4.359 4.356 4.174 4.25 4.135 4.411 4.607 4.081 4.87 3.495 5.129 4.148 4.418 4.286 3.669 3.974 4.097 4.22 4.343 4.031 4.544 3.954 5.05 3.946 4.129 4.362 4.414 4.658 4.349 4.753 4.612 4.687 4.097 4.246 4.108 4.458 4.858 5.305 4.61 3.868 3.604 4.953 4.157 4.892 4.676 4.772 4.247 4.281 4.496 5.033 5.168 4.442 4.638 4.314 5.004 4.396 5.633 4.173 4.327 5.347 4.385 4.816 5.157 4.988 4.729 4.639 4.52 4.619 4.638 3.999 6.043 5.226 5.93 13.618 14.846 13.281 14.035 13.111 13.073,501.68,0.035139,0.1721148490905761,15.88807249069214,0.0042389054812685,0.0136319135488828,0.0467909236241061,0.0189031266652621,0.0096947690629918,0.0018784493649843,0.0086885209566238,0.026093268612718,0.012534078063701,0.0058071237006006,0.0018784493649843,0.00359245854957,0.0041651366487042,0.0038563616812568,0.0032162673345597,0.0018784493649843,0.00359245854957,0.0041651366487042,0.0038563616812568,0.0032162673345597,0.0018784493649843,0.0047780376630092,0.0081846086890778,0.0057466509735046,0.0038546553795253,0.0018784493649843,0.0008688520956623,0.0002609326861271,0.000626703903185,0.0011614247401201,0.0018784493649843,0.0086885209566238,0.026093268612718,0.012534078063701,0.0058071237006006,0.3342995201665427,0.35819960505213,0.4068480841132542,0.3706893242495985,0.3479494818773164,megamarket,sasrec,32,128,64,42
11,5.737,12.749 10.848 10.155 10.291 9.363 9.091 8.425 8.029 7.58 7.274 7.162 7.738 6.325 6.754 7.324 6.289 5.56 6.633 5.393 6.853 6.32 6.559 5.828 5.802 5.747 6.648 5.864 5.833 5.479 5.974 6.107 6.102 6.329 5.257 5.744 5.71 5.628 5.412 5.718 6.774 5.487 6.118 5.711 5.767 6.279 6.354 5.68 5.41 5.247 5.284 6.13 6.208 5.704 5.785 7.161 6.333 4.611 5.239 5.585 5.156 4.847 5.804 5.98 4.962 5.886 5.469 5.105 4.911 6.011 5.304 5.894 5.223 5.996 4.361 4.821 4.359 5.49 4.92 5.651 5.623 5.279 6.035 5.135 5.444 5.952 5.531 4.905 5.492 5.127 4.973 5.822 4.665 5.652 6.114 6.044 5.543 5.47 4.593 5.567 5.936 5.265 5.367 6.08 5.162 5.65 5.978 4.993 5.121 4.644 5.406 5.715 5.3 5.837 5.281 4.952 5.921 4.939 4.871 6.104 5.504 5.371 4.803 5.605 5.39 5.637 4.587 5.474 5.785 5.154 5.727 6.028 4.992 5.722 4.888 5.773 5.329 5.44 4.794 5.898 5.338 4.999 4.8 5.235 4.711 5.087 5.598 5.223 5.515 5.773 5.134 5.323 5.308 5.648 5.845 5.683 4.976 5.466 5.25 5.302 5.353 5.067 5.048 5.284 4.641 5.074 4.383 6.126 4.915 4.504 4.275 5.604 5.471 5.468 4.912 3.71 5.047 4.724 4.787 5.534 5.585 4.847 4.915 5.343 5.438 5.169 5.443 5.829 5.661 5.393 5.145 5.019 4.199 5.941 4.481 5.548 4.762 5.019 4.588 4.622 4.982 5.878 5.431 4.931 4.676 4.336 4.925 5.239 4.832 4.515 4.428 4.523 4.11 4.869 4.754 5.01 4.313 4.416 4.408 4.445 5.157 5.114 4.287 5.208 4.663 4.789 4.968 4.66 5.139 3.56 4.454 5.332 4.837 4.861 4.781 5.497 4.728 4.123 3.512 4.468 4.181 4.479 4.955 5.195 5.227 5.001 5.442 5.138 4.332 4.025 5.68 4.704 4.66 4.432 4.605 4.356 4.65 4.891 4.444 5.098 3.938 5.315 4.464 4.544 4.497 4.032 4.416 4.537 4.697 4.553 4.328 4.81 4.277 5.366 4.313 4.401 4.618 4.655 5.134 4.693 5.155 4.981 4.998 4.425 4.617 4.589 4.782 5.146 5.73 4.84 4.055 3.808 5.363 4.476 5.239 4.904 5.192 4.519 4.386 4.713 5.319 5.435 4.628 4.815 4.52 5.194 4.72 5.724 4.244 4.406 5.271 4.455 4.933 5.084 4.763 4.472 4.479 4.525 4.642 4.54 4.104 5.889 5.195 5.39 4.585 4.673 4.767 5.178 4.458 5.013 4.504 4.881 4.206 4.62 4.595 5.819 4.519 4.808 4.047 4.956 4.548 4.289 4.486 4.91 4.445 4.828 4.273 4.425 4.634 5.0 4.658 5.429 4.286 4.455 5.013 5.328 4.926 4.311 4.928 5.245 4.587 4.691 4.252 5.048 4.834 5.569 5.328 4.805 5.073 4.934 5.333 5.232 4.762 5.105 5.478 3.961 4.433 4.136 5.616 5.37 4.98 5.049 4.839 5.836 5.063 4.279 4.972 5.147 5.624 5.294 5.376 8.333 9.726 10.469 9.487 9.747,592.46,0.041694,0.1721148490905761,15.88807249069214,0.004879605418066,0.0152795161909955,0.0549657343263975,0.0207961037512547,0.0111948991858029,0.0023993173304962,0.0102123368131746,0.0278664361548861,0.0141908814859144,0.0069541414544406,0.0023993173304962,0.0043727204330469,0.0049668210027778,0.0046457658237869,0.0039447436664671,0.0023993173304962,0.0043727204330469,0.0049668210027778,0.0046457658237869,0.0039447436664671,0.0023993173304962,0.0057331205938436,0.0092129922764425,0.0067351666461215,0.0046862632621508,0.0023993173304962,0.0010212336813174,0.0002786643615488,0.0007095440742957,0.0013908282908881,0.0023993173304962,0.0102123368131746,0.0278664361548861,0.0141908814859144,0.0069541414544406,0.3403324025055649,0.3723960645871422,0.4195748392204001,0.3850433932821018,0.3609314138415844,megamarket,sasrec,32,256,64,42
12,5.927 5.122,12.659 10.86 10.28 10.404 9.536 9.352 8.598 8.259 7.781 7.482 7.456 8.028 6.611 6.958 7.441 6.443 5.737 6.907 5.631 7.026 6.413 6.756 5.965 5.99 5.89 6.82 5.917 5.915 5.569 6.102 6.375 6.221 6.426 5.274 5.942 5.843 5.843 5.495 5.779 7.02 5.565 6.188 5.909 5.785 6.453 6.609 5.932 5.735 5.492 5.405 6.269 6.393 5.776 5.913 7.309 6.393 4.652 5.496 5.627 5.312 4.884 6.042 6.099 5.136 6.108 5.584 5.245 5.078 6.26 5.421 5.981 5.196 6.17 4.527 5.088 4.389 5.675 5.185 5.724 5.867 5.479 6.288 5.345 5.655 6.097 5.623 5.017 5.714 5.291 5.121 5.935 4.868 5.837 6.373 6.157 5.709 5.538 4.768 5.992 6.139 5.439 5.575 6.249 5.258 5.769 6.137 5.136 5.302 4.86 5.499 5.968 5.521 5.956 5.444 5.07 6.067 5.233 5.259 6.267 5.804 5.66 5.122 5.862 5.62 5.976 4.798 5.726 6.041 5.303 5.813 6.188 5.13 5.941 5.15 6.127 5.484 5.628 4.962 5.921 5.491 5.285 4.997 5.456 4.877 5.31 5.816 5.449 5.694 5.998 5.402 5.501 5.5 5.834 5.909 6.023 5.29 5.788 5.551 5.517 5.445 5.419 5.378 5.427 4.842 5.171 4.613 6.323 5.159 4.693 4.581 5.91 5.63 5.721 5.184 3.975 5.386 4.956 4.959 5.786 5.815 5.202 5.232 5.549 5.706 5.502 5.746 6.109 5.842 5.497 5.324 5.302 4.435 6.241 4.809 5.78 5.104 5.236 4.826 4.936 5.26 6.264 5.636 5.238 5.005 4.611 5.363 5.68 5.44 4.869 4.668 4.921 4.516 5.222 5.182 5.485 4.685 4.752 4.855 4.812 5.367 5.539 4.735 5.578 4.965 5.13 5.479 5.174 5.592 3.855 4.816 5.706 5.231 5.279 5.168 5.896 5.265 4.504 4.054 4.803 4.62 4.896 5.283 5.707 5.672 5.51 5.786 5.441 4.865 4.515 6.139 5.094 5.007 4.877 4.99 4.894 5.099 5.334 4.797 5.541 4.347 5.872 4.997 5.121 4.791 4.296 4.82 4.896 5.11 4.98 4.702 5.093 4.771 5.849 4.755 4.78 4.975 5.081 5.568 5.072 5.44 5.509 5.612 4.96 4.866 4.885 5.143 5.506 6.202 5.355 4.369 4.2 5.713 4.73 5.495 5.296 5.497 4.884 4.877 5.047 5.631 5.925 5.016 5.2 4.793 5.625 5.153 5.977 4.602 4.846 5.766 4.777 5.357 5.588 5.129 4.924 4.927 4.823 4.893 4.858 4.651 6.237 5.616 5.766 5.114 5.098 5.01 5.629 4.833 5.309 4.878 5.299 4.621 5.0 5.154 6.128 4.885 5.254 4.244 5.29 4.845 4.628 5.014 5.238 4.86 5.181 4.541 4.8 4.872 5.327 4.944 5.744 4.635 5.005 5.228 5.663 5.224 4.659 5.039 5.574 4.922 4.914 4.538 5.369 5.179 5.767 5.535 5.068 5.292 5.299 5.594 5.467 5.027 5.388 5.669 4.292 4.581 4.233 5.527 5.496 5.158 5.127 4.946 5.509 4.924 4.329 4.966 4.929 5.507 5.196 5.314 4.875 4.857 5.478 5.151 4.761 5.542 4.372 5.391 5.507 4.91 5.272 4.864 5.189 5.031 4.79 4.751 5.711 5.064 4.763 5.028 4.52 4.556 4.753 5.234 4.937 3.709 5.881 5.161 5.921 5.176 5.213 4.067 5.083 5.318 4.092 6.3 7.676 7.324 7.132 9.872,743.62,0.055213,0.1721148490905761,16.869389057159424,0.0066114780712081,0.0180907885442355,0.0633642323373774,0.0239828733595231,0.0136536006840742,0.0024768934104661,0.0107553693729636,0.0278886007491632,0.0153545226854622,0.0074528448256754,0.0024768934104661,0.0045981440318663,0.0052138805488333,0.004913697270437,0.0041578931814319,0.0024768934104661,0.0045981440318663,0.0052138805488333,0.004913697270437,0.0041578931814319,0.0024768934104661,0.006036837823994,0.0094781248263171,0.0071951664891928,0.004969446324861,0.0024768934104661,0.0010755369372963,0.0002788860074916,0.0007677261342731,0.001490568965135,0.0024768934104661,0.0107553693729636,0.0278886007491632,0.0153545226854622,0.0074528448256754,0.3667974581499651,0.3963349360829974,0.4374160723439029,0.4078169562674303,0.3857024791279939,megamarket,sasrec,32,512,64,42
13,6.147 5.387,12.658 10.968 10.446 10.588 9.655 9.585 8.93 8.551 8.169 7.789 7.791 8.391 7.032 7.342 7.762 6.75 6.096 7.243 5.971 7.412 6.736 7.018 6.304 6.317 6.189 7.037 6.181 6.062 5.759 6.318 6.517 6.358 6.665 5.556 6.145 6.084 5.983 5.683 5.922 7.158 5.722 6.344 6.043 6.013 6.584 6.729 6.067 5.984 5.595 5.627 6.449 6.544 5.996 6.051 7.468 6.609 4.945 5.599 5.803 5.515 5.167 6.227 6.289 5.368 6.298 5.918 5.485 5.257 6.366 5.57 6.136 5.518 6.48 4.792 5.2 4.682 5.92 5.299 5.952 6.174 5.767 6.482 5.673 5.8 6.368 5.849 5.352 5.962 5.627 5.367 6.132 5.086 6.08 6.625 6.326 5.855 5.793 4.994 6.155 6.355 5.749 5.789 6.477 5.561 6.068 6.357 5.397 5.448 5.154 5.662 6.09 5.77 6.223 5.768 5.264 6.362 5.32 5.402 6.342 5.943 5.773 5.333 5.946 5.793 6.257 5.034 5.963 6.3 5.588 6.024 6.358 5.408 6.112 5.29 6.288 5.781 5.788 5.194 6.206 5.73 5.408 5.269 5.695 5.186 5.663 6.096 5.667 5.904 6.268 5.542 5.671 5.655 6.07 6.238 6.197 5.498 5.96 5.717 5.812 5.538 5.566 5.493 5.667 5.03 5.476 4.842 6.694 5.311 4.991 4.936 5.984 5.667 5.83 5.336 4.276 5.591 5.33 5.26 6.003 5.971 5.354 5.433 5.769 5.925 5.75 6.017 6.415 5.996 5.675 5.74 5.557 4.67 6.427 5.06 5.98 5.261 5.488 5.049 5.163 5.481 6.421 5.899 5.39 5.277 5.004 5.477 5.931 5.752 5.148 4.908 5.24 4.758 5.505 5.44 5.885 4.98 5.057 5.214 5.123 5.74 5.785 5.028 5.804 5.308 5.292 5.844 5.373 5.906 4.142 5.071 5.938 5.464 5.475 5.538 6.311 5.519 4.897 4.474 5.145 4.963 5.35 5.561 6.019 5.942 5.819 6.103 5.915 5.113 4.725 6.465 5.502 5.459 5.163 5.33 5.056 5.387 5.443 5.066 5.747 4.776 6.064 5.205 5.32 5.07 4.673 5.091 5.13 5.297 5.211 5.169 5.4 5.058 6.213 5.096 5.149 5.246 5.367 5.873 5.324 5.673 5.686 5.675 5.082 5.163 5.113 5.321 5.683 6.6 5.551 4.697 4.559 5.809 5.051 5.912 5.425 5.797 5.133 5.101 5.297 5.877 6.113 5.289 5.43 4.999 5.773 5.426 6.256 4.93 5.062 6.095 5.027 5.712 5.771 5.456 5.263 5.266 4.994 5.095 5.274 4.912 6.468 5.847 6.04 5.393 5.293 5.31 6.021 5.047 5.674 5.195 5.58 4.78 5.347 5.349 6.451 5.216 5.616 4.451 5.575 5.059 4.911 5.101 5.484 5.098 5.517 4.771 5.054 5.148 5.45 5.194 6.009 4.811 5.264 5.552 5.879 5.573 4.868 5.332 5.947 5.163 5.21 4.827 5.66 5.513 6.055 5.585 5.347 5.564 5.537 5.773 5.694 5.281 5.5 5.884 4.538 4.95 4.528 5.87 5.697 5.376 5.25 5.157 5.705 5.207 4.622 5.318 5.196 5.696 5.311 5.559 5.165 5.211 5.861 5.405 5.002 5.674 4.579 5.659 5.688 5.139 5.396 4.976 5.296 5.144 5.037 4.983 5.846 4.924 4.792 5.002 4.613 4.724 4.87 5.09 5.053 3.734 5.706 4.852 5.36 4.513 4.882 3.949 4.984 5.125 4.103 5.902 4.492 4.474 4.166 5.522 5.639 4.593 4.593 5.146 5.397 4.597 5.383 5.504 5.506 4.66 4.782 5.229 4.832 4.979 5.447 5.284 4.86 4.511 5.666 5.343 5.028 6.287 4.889 5.034 4.307 4.806 5.115 4.755 6.106 5.603 5.3 5.753 4.965 5.352 5.047 5.332 5.286 5.173 5.409 5.621 4.3 5.234 6.048 4.476 5.14 6.051 4.386 5.079 5.459 5.67 4.778 6.3 4.797 5.27 5.178 5.472 5.169 5.115 4.523 5.325 5.84 5.18 4.874 5.337 5.432 5.417 5.415 5.272 5.25 5.408 4.635 5.173 5.317 5.758 6.173 6.092 5.15 5.652 4.955 5.605 5.485 5.39 5.286 5.711 5.645 4.985 5.313 5.836 6.167 4.669 6.133 5.291 5.609 5.997 5.166 5.081 5.274 5.268 5.182 5.576 5.299 6.368 5.514 5.126 4.936 5.657 6.091 5.545 5.998 4.965 5.379 5.179 5.621 5.218 5.221 4.994 6.174 4.335 6.077 6.278 5.649 5.361 5.555 4.91 6.271 4.746 4.636 5.136 5.693 5.245 5.307 6.318 6.875 6.644 6.378 6.198 6.589 5.084 5.922 5.37 5.342 5.653 6.248 5.676 6.384 5.151 6.006 4.902 5.374 5.446 6.493 6.443 6.333 6.875 6.874 6.142 5.997 5.928 6.971 12.62 12.723 15.024 12.752 13.962 14.423 13.817 12.615 13.005,1023.0,0.076511,0.1721148490905761,21.215138912200928,0.0073767241272477,0.0187506970864882,0.0591501121534705,0.0241396403653352,0.0145371965350154,0.0030365494159629,0.0117139880754482,0.0266030542810913,0.0158698495024048,0.0082230644768047,0.0030365494159629,0.0053281859581314,0.0058695545417692,0.0056116272802276,0.0048630043368722,0.0030365494159629,0.0053281859581314,0.0058695545417692,0.0056116272802276,0.0048630043368722,0.0030365494159629,0.0068229479566304,0.0098249670667998,0.0078675577769617,0.0056948072659788,0.0030365494159629,0.0011713988075448,0.0002660305428109,0.0007934924751202,0.0016446128953609,0.0030365494159629,0.0117139880754482,0.0266030542810913,0.0158698495024048,0.0082230644768047,0.3829144434823915,0.4132036183028178,0.4520416118336332,0.4242272034508949,0.4029060307109361,megamarket,sasrec,32,1024,64,42
14,6.24 5.484 5.625,12.676 11.063 10.616 10.731 9.845 9.783 9.08 8.778 8.34 7.956 8.002 8.497 7.15 7.555 8.004 6.901 6.429 7.639 6.178 7.771 6.995 7.237 6.552 6.434 6.424 7.259 6.462 6.233 5.948 6.488 6.709 6.613 6.816 5.602 6.35 6.21 6.274 6.047 6.025 7.306 5.812 6.424 6.195 6.236 6.707 6.813 6.197 5.956 5.791 5.856 6.556 6.564 6.236 6.209 7.52 6.733 5.008 5.695 5.945 5.673 5.271 6.418 6.477 5.417 6.432 5.951 5.571 5.527 6.524 5.772 6.372 5.728 6.479 4.943 5.414 4.796 5.975 5.481 6.104 6.294 5.805 6.543 5.721 5.912 6.549 6.105 5.318 6.002 5.64 5.389 6.294 5.107 6.159 6.649 6.425 5.907 5.8 5.064 6.164 6.511 5.894 6.004 6.634 5.566 6.112 6.375 5.443 5.532 5.103 5.775 6.273 5.745 6.323 5.916 5.375 6.363 5.442 5.505 6.506 6.136 5.896 5.323 6.007 5.946 6.303 5.21 6.014 6.39 5.657 6.046 6.41 5.491 6.241 5.328 6.434 5.732 5.913 5.355 6.265 5.903 5.604 5.233 5.629 5.193 5.761 6.024 5.702 5.964 6.242 5.575 5.693 5.718 6.093 6.305 6.266 5.605 6.057 5.667 5.803 5.527 5.635 5.439 5.619 5.073 5.402 4.812 6.609 5.388 4.877 4.86 5.935 5.807 5.95 5.344 4.284 5.557 5.257 5.238 6.049 6.031 5.269 5.499 5.686 5.996 5.731 5.996 6.397 6.059 5.8 5.682 5.43 4.698 6.429 5.042 6.044 5.257 5.509 4.987 5.161 5.426 6.405 5.919 5.443 5.363 4.977 5.692 5.716 5.667 5.127 5.042 5.266 4.83 5.6 5.531 5.784 4.981 5.15 5.386 5.21 5.642 5.862 5.006 5.757 5.333 5.49 5.853 5.348 5.824 4.308 5.263 5.986 5.463 5.542 5.596 6.248 5.592 4.92 4.466 5.236 5.039 5.259 5.559 6.063 5.96 5.871 6.146 5.82 5.25 4.878 6.339 5.504 5.426 5.091 5.388 5.166 5.393 5.6 5.012 5.764 4.802 6.152 5.36 5.378 5.118 4.659 5.146 5.138 5.333 5.209 5.196 5.484 4.983 6.029 5.167 5.201 5.341 5.447 5.933 5.432 5.736 5.693 5.684 5.201 5.182 5.231 5.484 5.77 6.671 5.659 4.846 4.617 5.927 5.266 5.954 5.488 5.905 5.095 5.186 5.382 5.864 6.23 5.383 5.493 5.105 5.788 5.5 6.337 5.06 5.178 6.196 5.24 5.778 5.817 5.571 5.426 5.372 5.158 5.25 5.286 5.003 6.645 5.907 6.128 5.574 5.378 5.409 6.117 5.238 5.785 5.279 5.787 4.936 5.258 5.445 6.605 5.273 5.73 4.63 5.514 5.203 5.105 5.318 5.617 5.172 5.647 4.979 5.076 5.179 5.551 5.474 6.176 4.952 5.311 5.693 6.009 5.664 4.921 5.505 6.022 5.241 5.408 4.935 5.712 5.692 6.121 5.803 5.529 5.788 5.698 6.005 5.836 5.392 5.607 6.151 4.678 5.063 4.639 6.063 5.795 5.573 5.467 5.211 5.882 5.433 4.698 5.512 5.406 5.824 5.628 5.68 5.307 5.252 5.951 5.487 5.117 5.76 4.804 5.801 5.925 5.299 5.561 5.235 5.552 5.326 5.162 5.152 6.054 5.093 5.016 5.191 4.911 4.978 5.152 5.213 5.265 4.017 6.039 5.219 5.598 4.872 5.246 4.265 5.331 5.504 4.39 6.129 4.893 4.74 4.414 5.967 6.044 4.93 4.877 5.489 5.804 4.799 5.736 5.796 5.711 5.021 5.172 5.675 5.253 5.339 5.738 5.741 5.2 4.862 6.104 5.707 5.494 6.537 5.149 5.353 4.666 5.071 5.452 5.031 6.519 5.953 5.743 6.238 5.311 5.727 5.465 5.671 5.662 5.605 5.747 5.958 4.713 5.624 6.352 4.751 5.357 6.452 4.874 5.245 5.91 5.882 5.253 6.83 5.119 5.594 5.585 5.815 5.615 5.493 4.884 5.715 6.212 5.411 5.29 5.539 5.693 5.641 5.805 5.59 5.54 5.854 5.021 5.427 5.619 6.216 6.436 6.471 5.584 6.03 5.337 5.946 5.799 5.564 5.702 6.131 6.047 5.334 5.867 6.199 6.4 5.03 6.465 5.697 5.836 6.259 5.527 5.405 5.501 5.527 5.628 6.035 5.649 6.758 5.836 5.45 5.31 5.902 6.401 5.833 6.406 5.233 5.831 5.521 5.912 5.739 5.627 5.269 6.37 4.619 6.329 6.576 5.88 5.666 5.926 5.362 6.55 5.028 4.914 5.501 5.952 5.624 5.494 6.547 7.108 6.947 6.701 6.339 6.687 5.249 6.108 5.554 5.612 5.694 6.335 5.684 6.449 5.135 5.865 4.781 5.355 5.39 6.471 6.062 5.982 6.537 6.338 5.667 5.406 5.471 5.881 5.172 5.193 6.441 5.246 5.544 6.376 5.447 5.721 5.814 5.618 5.838 5.101 5.08 6.175 4.766 5.137 6.297 5.849 5.761 6.091 5.929 5.62 5.313 4.805 5.132 4.655 5.593 5.3 5.988 4.061 5.089 5.57 5.298 6.184 5.228 4.888 5.454 4.489 4.978 6.388 5.165 6.011 6.464 5.586 5.547 5.362 5.774 4.923 5.915 5.71 5.339 6.43 5.75 5.65 6.088 5.337 5.24 5.129 6.146 5.034 5.125 6.387 5.78 6.518 6.642 6.437 6.643 6.334 6.447 6.252 6.62 6.907 13.353 14.254 14.413 13.847 14.165 15.684 14.839,1220.9,0.097426,0.1721148490905761,26.72317695617676,0.0065693430656934,0.0161798421176558,0.0406602803217131,0.0202626002255462,0.0126659065842142,0.0029146441474388,0.0116585765897555,0.0264589844182902,0.0156204978167874,0.0082784759624975,0.0029146441474388,0.0052145704237764,0.0057492931711467,0.0054873735414031,0.004770282450813,0.0029146441474388,0.0052145704237764,0.0057492931711467,0.0054873735414031,0.004770282450813,0.0029146441474388,0.0067227612619014,0.0097013082459825,0.0077219368770698,0.0056364700120225,0.0029146441474388,0.0011658576589755,0.0002645898441829,0.0007810248908393,0.0016556951924995,0.0029146441474388,0.0116585765897555,0.0264589844182902,0.0156204978167874,0.0082784759624975,0.3686548409397715,0.3928112166598079,0.4265094747414418,0.4022782427097219,0.3841109525771063,megamarket,sasrec,32,1512,64,42
15,6.373 5.568 5.554 5.53,12.715 11.189 10.731 10.851 9.997 9.935 9.217 8.929 8.49 8.177 8.197 8.755 7.25 7.698 8.142 7.014 6.626 7.793 6.378 7.943 7.282 7.484 6.742 6.651 6.624 7.607 6.621 6.399 6.223 6.744 6.916 6.875 7.035 5.884 6.652 6.606 6.542 6.109 6.221 7.434 5.999 6.745 6.371 6.337 6.912 7.024 6.372 6.24 5.983 6.024 6.733 6.809 6.278 6.255 7.724 6.839 5.175 5.886 6.052 5.795 5.305 6.59 6.659 5.533 6.557 6.123 5.631 5.534 6.723 5.875 6.517 5.713 6.596 5.057 5.48 5.029 6.109 5.656 6.152 6.471 5.945 6.627 5.867 6.214 6.594 6.222 5.49 6.042 5.829 5.626 6.432 5.285 6.334 6.858 6.587 6.078 5.954 5.161 6.407 6.583 5.977 6.034 6.71 5.772 6.232 6.414 5.587 5.545 5.427 5.869 6.427 5.865 6.33 5.958 5.643 6.372 5.691 5.524 6.698 6.194 6.054 5.437 6.234 5.987 6.454 5.256 6.132 6.412 5.83 6.164 6.386 5.563 6.507 5.492 6.429 5.851 5.935 5.38 6.378 6.004 5.677 5.338 5.732 5.307 5.859 6.194 5.822 6.121 6.31 5.725 5.733 5.785 6.143 6.339 6.318 5.751 6.169 5.825 5.955 5.653 5.569 5.657 5.686 5.217 5.565 5.14 6.849 5.472 4.933 5.119 6.098 5.853 6.02 5.481 4.401 5.639 5.537 5.383 6.078 6.094 5.379 5.512 5.732 6.008 5.973 6.064 6.355 6.121 5.851 5.845 5.547 4.788 6.491 5.127 6.019 5.271 5.586 5.176 5.191 5.479 6.429 6.005 5.54 5.34 5.218 5.762 5.879 5.79 5.184 5.094 5.417 4.97 5.786 5.623 5.951 5.043 5.107 5.306 5.306 5.817 5.961 5.118 5.937 5.434 5.598 5.963 5.515 5.967 4.29 5.383 6.088 5.603 5.532 5.73 6.39 5.737 4.951 4.689 5.361 5.154 5.503 5.823 6.133 6.007 6.004 6.224 6.029 5.365 5.023 6.727 5.593 5.488 5.244 5.514 5.28 5.509 5.691 5.16 5.888 5.014 6.253 5.521 5.587 5.303 4.831 5.217 5.381 5.415 5.248 5.301 5.584 5.219 6.206 5.341 5.192 5.537 5.541 6.141 5.583 5.82 5.931 5.755 5.206 5.254 5.362 5.567 6.025 6.611 5.706 4.919 4.655 5.942 5.252 5.921 5.531 5.994 5.415 5.295 5.412 5.996 6.324 5.407 5.564 5.294 5.853 5.569 6.329 5.153 5.112 6.231 5.294 5.841 5.883 5.701 5.5 5.481 5.097 5.318 5.394 5.086 6.757 6.022 6.213 5.574 5.533 5.445 6.173 5.187 5.921 5.479 5.827 5.081 5.417 5.523 6.613 5.424 5.767 4.721 5.677 5.28 5.178 5.296 5.658 5.23 5.749 5.028 5.284 5.135 5.6 5.408 6.222 5.017 5.49 5.666 6.098 5.722 5.011 5.463 6.058 5.268 5.461 5.062 5.865 5.629 6.157 5.783 5.585 5.827 5.716 6.064 5.854 5.429 5.689 6.05 4.723 5.057 4.696 6.052 5.879 5.49 5.474 5.314 5.933 5.507 4.781 5.513 5.455 5.858 5.71 5.703 5.381 5.323 6.097 5.53 5.14 5.799 4.798 5.801 5.889 5.345 5.623 5.301 5.595 5.27 5.178 5.18 6.046 5.192 4.922 5.287 4.954 5.126 5.246 5.217 5.405 4.004 6.101 5.274 5.576 4.964 5.121 4.334 5.374 5.446 4.383 6.276 4.941 4.848 4.501 6.007 6.071 4.869 4.882 5.44 5.806 4.824 5.756 5.941 5.784 4.928 5.147 5.71 5.274 5.43 5.741 5.614 5.193 4.92 5.964 5.703 5.356 6.499 5.153 5.318 4.645 5.272 5.588 5.033 6.564 5.987 5.723 6.199 5.315 5.748 5.389 5.728 5.567 5.574 5.797 5.862 4.635 5.672 6.37 4.747 5.382 6.272 4.852 5.272 5.839 5.905 5.162 6.804 5.096 5.561 5.528 5.74 5.428 5.425 4.919 5.615 6.045 5.33 5.221 5.454 5.746 5.621 5.666 5.507 5.505 5.771 4.996 5.332 5.632 6.044 6.317 6.398 5.5 5.837 5.244 5.892 5.697 5.544 5.554 6.042 5.876 5.31 5.682 6.042 6.154 4.934 6.273 5.526 5.667 6.184 5.49 5.365 5.555 5.498 5.331 5.923 5.617 6.712 5.767 5.285 5.17 5.841 6.164 5.688 6.345 4.968 5.646 5.445 5.718 5.543 5.433 5.161 6.326 4.623 6.335 6.396 5.606 5.663 5.875 5.218 6.49 4.943 4.833 5.278 5.887 5.464 5.455 6.49 6.757 6.747 6.335 6.255 6.387 5.007 5.938 5.365 5.474 5.488 6.092 5.643 6.282 5.218 5.724 4.656 5.26 5.145 6.187 6.13 5.842 6.392 6.141 5.53 5.29 5.343 5.702 4.937 5.045 6.387 5.019 5.387 6.275 5.37 5.594 5.684 5.479 5.701 5.182 4.992 6.079 4.701 5.033 6.198 5.741 5.755 5.808 5.737 5.542 5.229 4.926 4.995 4.586 5.46 5.411 5.869 3.921 4.934 5.489 5.211 6.092 5.219 4.828 5.346 4.285 4.793 6.155 4.991 5.769 6.231 5.463 5.314 5.261 5.532 4.936 5.536 5.511 5.227 6.208 5.452 5.266 5.772 5.07 4.887 4.738 5.756 4.593 4.817 5.96 5.324 5.667 6.002 5.151 5.493 5.064 4.95 4.807 5.275 6.161 5.619 5.107 5.9 5.495 6.056 5.971 5.21 5.335 5.35 5.561 5.649 6.295 5.909 5.385 5.573 4.978 5.57 4.872 4.775 4.765 5.488 4.758 5.523 5.937 5.154 6.282 5.432 6.06 5.064 4.794 5.229 4.206 6.29 5.429 5.911 4.522 5.324 5.941 6.29 5.819 5.757 5.251 6.086 5.643 4.855 4.912 5.63 5.119 5.259 5.357 5.489 6.893 5.367 5.751 5.676 5.142 5.839 6.585 5.296 5.55 5.078 6.218 5.159 6.158 5.194 5.366 4.736 6.377 5.918 5.09 6.13 5.438 5.857 5.962 5.427 5.805 5.891 5.415 5.781 5.831 5.981 5.255 6.424 5.48 5.568 5.729 6.114 5.021 5.471 4.531 4.798 5.572 5.543 5.053 5.28 5.736 5.157 5.476 5.56 6.081 5.479 4.909 6.195 5.367 6.047 5.653 4.919 4.985 5.47 5.498 5.651 5.086 5.021 5.534 5.15 5.038 6.359 5.62 5.314 5.362 5.25 5.896 5.595 5.129 5.716 6.273 4.932 5.841 5.003 5.496 6.144 4.942 6.319 5.752 6.587 6.29 5.145 5.298 6.579 5.098 5.31 5.948 6.215 5.92 5.639 5.663 5.594 5.15 5.894 5.267 5.932 5.819 5.111 4.185 4.673 4.464 5.712 4.61 5.242 5.215 4.215 4.62 5.565 4.847 5.315 4.347 5.536 4.727 5.015 5.35 5.445 5.852 5.148 5.098 5.26 5.541 4.857 5.398 5.222 5.426 5.452 4.918 5.853 4.155 4.851 5.652 5.596 4.968 6.079 5.91 4.858 5.61 5.613 5.674 5.954 5.314 5.365 5.346 4.742 5.487 5.311 5.446 5.541 5.151 5.246 5.512 5.873 6.358 4.742 6.242 5.09 5.369 5.413 6.07 4.965 5.486 5.115 5.221 5.518 5.434 5.281 5.452 4.701 5.03 6.252 5.394 5.893 5.151 4.576 4.835 5.75 5.497 5.549 5.671 5.543 5.717 5.661 5.576 5.914 5.609 6.021 5.35 6.186 5.171 5.538 5.397 6.365 5.291 4.828 5.211 6.594 5.099 5.007 6.314 4.898 6.213 5.386 6.126 5.635 5.43 5.106 5.573 5.917 5.742 5.455 4.781 5.474 4.861 6.029 5.568 5.278 5.145 5.527 5.085 6.652 5.3 5.143 5.785 4.974 4.86 6.107 5.143 5.463 5.756 4.867 5.964 5.316 5.317 6.248 6.371 5.65 6.365 6.088 5.885 6.045 5.75 6.488 6.108 6.09 7.048 6.248 6.148 8.193 7.219 7.568 8.051 8.959 9.128 7.589 10.017 7.511 7.811 8.824 8.006 8.104 11.128 13.309 13.961 14.942 12.898 14.682 14.116,1464.8,0.11921,0.1721148490905761,32.775575160980225,0.0069981287100491,0.017897463224815,0.057659896149604,0.0230447498543863,0.013821521073699,0.0029534321874238,0.0118802225325265,0.0256721413214531,0.015592792073941,0.0084114635281601,0.0029534321874238,0.0053272910186601,0.0058308759461642,0.0055851518596376,0.004865867263633,0.0029534321874238,0.0053272910186601,0.0058308759461642,0.0055851518596376,0.004865867263633,0.0029534321874238,0.0068633332628754,0.009646601102802,0.007802256852932,0.0057431144691979,0.0029534321874238,0.0011880222532526,0.0002567214132145,0.000779639603697,0.001682292705632,0.0029534321874238,0.0118802225325265,0.0256721413214531,0.015592792073941,0.0084114635281601,0.3580862097289577,0.3919419819261259,0.4310330936055628,0.4033062795262688,0.3808681214424419,megamarket,sasrec,32,2048,64,42
16,4.715 3.172,12.807 11.678 9.976 9.521 8.424 7.869 8.519 7.402 6.963 6.839 6.921 6.484 6.596 5.76 5.852 6.374 5.371 6.016 5.96 6.159 5.842 5.115 5.358 5.393 5.189 5.906 5.633 5.915 4.519 5.568 4.919 4.569 4.682 5.876 5.222 5.491 5.316 5.861 5.662 5.468 4.857 4.939 5.002 4.716 4.473 4.568 4.693 4.576 4.56 5.473 4.104 4.163 4.401 4.513 4.093 5.245 4.443 4.355 4.539 5.416 4.616 5.048 4.504 4.268 4.268 4.63 4.123 5.171 5.07 4.076 4.413 3.674 3.284 4.719 5.003 4.06 4.935 4.807 5.145 4.141 5.032 5.197 4.768 4.043 4.908 4.289 3.799 3.317 5.066 4.779 4.401 4.232 4.517 4.301 3.41 5.112 4.597 4.658 4.464 3.979 4.051 4.361 4.19 4.235 4.173 4.171 5.059 4.197 4.088 4.577 4.229 4.655 3.526 4.256 4.507 4.091 3.215 4.281 3.45 4.531 3.966 4.608 4.87 3.831 4.171 4.675 4.034 4.193 4.123 3.938 4.716 4.227 4.902 3.989 3.852 4.061 3.721 4.462 3.785 4.263 4.124 4.147 3.839 3.567 3.619 4.241 4.25 4.111 3.818 4.21 4.572 3.658 4.002 3.964 3.987 3.892 4.305 4.79 3.583 5.053 3.465 3.74 4.098 4.887 3.902 3.951 4.624 4.959 3.686 3.644 4.152 4.001 3.618 4.106 4.58 4.31 4.05 3.207 3.975 3.592 4.567 4.164 3.493 3.98 3.551 3.855 4.216 3.932 3.394 3.857 3.818 4.452 3.711 3.712 3.935 4.555 3.389 3.681 3.791 3.435 4.441 3.543 4.434 2.582 3.469 2.772 3.285 3.396 3.004 3.128 3.096 2.679 2.886 2.788 2.581 3.084 3.136 3.485 3.157 2.779 3.336 2.816 3.474 3.069 2.501 3.386 3.067 3.601 3.676 4.209 2.666 3.07 3.274 3.194 3.075 3.724 3.226 2.61 3.526 3.119 3.127 2.759 2.736 2.897 3.258 3.623 2.976 2.87 3.055 3.042 2.647 3.759 2.791 2.723 3.147 3.174 3.114 3.568 2.885 3.516 3.079 2.53 3.925 3.728 2.736 3.901 2.997 2.999 3.116 2.618 3.408 3.651 2.974 3.161 2.723 3.564 3.279 3.384 3.175 2.989 3.776 3.06 3.013 3.01 3.919 2.851 3.27 2.613 3.028 3.206 2.93 3.026 2.987 2.899 2.9 3.472 3.151 2.875 3.52 3.209 3.056 2.943 2.761 3.945 2.756 3.46 2.984 3.699 2.741 3.03 3.749 3.689 2.849 3.124 3.612 3.709 3.335 2.885 3.126 3.578 3.361 2.941 3.115 3.855 2.547 3.565 3.553 2.65 3.417 3.036 2.901 3.106 2.882 2.759 3.968 2.938 3.605 2.579 3.557 3.511 2.924 3.858 2.76 3.04 3.59 3.371 3.45 3.04 2.909 2.629 2.689 3.195 3.699 3.126 3.666 3.82 3.788 3.459 2.806 3.297 2.885 3.752 3.16 2.697 3.457 3.497 4.498 3.858 2.806 3.141 2.726 2.902 2.561 2.691 2.606 3.345 3.394 3.608 2.587 3.538 3.07 3.185 3.564 3.531 2.894 3.248 3.005 3.64 3.091 3.178 3.624 2.975 3.25 3.971 2.982 3.509 3.925 3.287 2.642 3.119 2.952 3.667 3.314 3.51 3.269 2.912 3.159 2.062 2.118 2.521 2.722 2.394 2.613 2.745 2.255 2.721 3.127 2.555 3.173 2.589 2.123 2.667 4.321 7.088 6.786 8.799 8.45 8.489 8.347 8.209 8.671 7.255 7.562 8.116 7.525,513.32,0.032409,3.337860107421875e-06,15.792652130126951,0.0040728439889457,0.0136839626733421,0.0435372337129614,0.0196175628617104,0.0095646462518434,0.0015238158565507,0.0070705055743954,0.0238657268878693,0.010461688498792,0.0046268590553449,0.0015238158565507,0.0029131181327138,0.0034480246179192,0.0031456081746456,0.002594550465087,0.0015238158565507,0.0029131181327138,0.0034480246179192,0.0031456081746456,0.002594550465087,0.0015238158565507,0.0038789608433041,0.0071361159024848,0.0047328293589098,0.0030962695668757,0.0015238158565507,0.0007070505574395,0.0002386572688786,0.0005230844249396,0.0009253718110689,0.0015238158565507,0.0070705055743954,0.0238657268878693,0.010461688498792,0.0046268590553449,0.3501059404685133,0.3701162641445865,0.408530233472781,0.3798595988341592,0.3620397376994783,megamarket,sasrec,32,32,128,42
17,4.904 3.537,12.597 11.453 9.814 9.456 8.442 7.79 8.418 7.441 6.943 6.82 6.989 6.494 6.512 5.844 5.984 6.468 5.505 6.131 6.027 6.238 5.948 5.27 5.539 5.503 5.306 6.097 5.816 5.959 4.708 5.806 5.097 4.81 4.891 6.095 5.365 5.741 5.416 5.984 5.797 5.657 5.063 5.176 5.186 4.98 4.745 4.689 4.756 4.883 4.763 5.73 4.254 4.357 4.646 4.662 4.317 5.516 4.648 4.586 4.765 5.725 4.8 5.234 4.703 4.534 4.587 4.854 4.396 5.266 5.221 4.32 4.603 3.906 3.47 4.861 5.219 4.336 5.172 5.023 5.444 4.263 5.21 5.514 4.868 4.32 5.024 4.575 4.097 3.585 5.323 4.83 4.511 4.475 4.719 4.656 3.509 5.272 4.788 4.842 4.682 4.174 4.237 4.714 4.376 4.524 4.468 4.394 5.298 4.381 4.275 4.904 4.479 4.854 3.64 4.409 4.753 4.238 3.522 4.493 3.576 4.709 4.238 4.805 5.029 3.971 4.499 4.913 4.376 4.431 4.283 4.054 4.957 4.416 5.047 4.199 4.255 4.292 4.095 4.561 4.065 4.581 4.422 4.178 4.028 3.632 3.96 4.424 4.576 4.237 3.868 4.389 4.842 3.82 4.156 4.112 4.101 4.114 4.488 4.908 3.792 5.456 3.766 3.941 4.375 5.139 4.129 4.353 4.803 5.03 3.974 3.919 4.415 4.299 3.688 4.267 4.881 4.58 4.172 3.543 4.138 3.743 4.983 4.46 3.717 4.202 3.685 4.159 4.5 4.275 3.66 4.108 4.038 4.591 3.936 3.973 4.167 4.697 3.732 3.931 4.012 3.685 4.597 3.743 4.806 2.85 3.82 3.122 3.741 3.645 3.308 3.64 3.542 3.113 3.214 3.124 3.045 3.488 3.409 3.646 3.564 3.244 3.67 3.236 3.868 3.326 2.846 3.833 3.438 4.078 4.039 4.57 3.132 3.488 3.527 3.559 3.464 4.172 3.501 2.867 3.88 3.355 3.472 3.125 3.213 3.331 3.555 4.012 3.445 3.177 3.41 3.538 2.917 4.169 3.093 3.044 3.6 3.697 3.351 3.876 3.271 3.906 3.55 2.773 4.35 4.133 3.125 4.144 3.264 3.403 3.285 3.029 3.805 4.09 3.354 3.52 3.263 3.994 3.582 3.74 3.528 3.24 4.364 3.472 3.291 3.461 4.569 3.188 3.56 2.985 3.352 3.448 3.277 3.309 3.406 3.398 3.305 3.888 3.635 3.168 3.942 3.531 3.403 3.381 3.137 4.433 3.083 3.837 3.526 4.017 3.051 3.464 4.114 4.102 3.304 3.498 3.868 4.133 3.54 3.175 3.379 4.174 3.686 3.305 3.377 4.251 2.921 3.98 3.977 2.925 3.936 3.362 3.276 3.495 3.127 3.117 4.274 3.315 3.968 3.085 3.942 3.785 3.213 4.159 3.264 3.356 3.952 3.646 3.786 3.358 3.39 3.025 2.983 3.559 4.198 3.6 3.877 4.265 4.138 3.927 3.169 3.561 3.17 4.142 3.578 3.327 3.893 3.789 4.946 4.189 3.149 3.489 3.174 3.218 2.835 2.874 2.954 3.647 3.704 3.862 2.999 3.937 3.351 3.579 3.998 3.973 3.154 3.715 3.259 3.901 3.546 3.544 3.861 3.342 3.485 4.408 3.358 3.763 4.315 3.688 3.046 3.39 3.18 3.992 3.666 3.924 3.76 3.255 3.6 2.33 2.38 2.728 2.86 2.601 3.077 3.011 2.485 2.975 3.168 2.834 3.155 2.859 2.369 2.93 3.146 2.562 2.489 2.976 3.049 3.482 3.301 3.625 3.576 2.754 2.697 2.682 3.348 10.582 10.511 11.154 11.008 12.087 10.489 11.849 10.691 11.345,506.37,0.034135,0.1721148490905761,15.964763641357422,0.0047823231259217,0.0172288798284857,0.0557836491393305,0.0250269540108807,0.0116249240950268,0.0018452024735687,0.008732850145178,0.0288638428973557,0.0127612651550413,0.0057240064720615,0.0018452024735687,0.0035725038181152,0.0042113026413999,0.0038455326753294,0.0031764634173371,0.0018452024735687,0.0035725038181152,0.0042113026413999,0.0038455326753294,0.0031764634173371,0.0018452024735687,0.0047726493884939,0.0086746810760571,0.0057830463811711,0.0038051980617024,0.0018452024735687,0.0008732850145178,0.0002886384289735,0.000638063257752,0.0011448012944123,0.0018452024735687,0.008732850145178,0.0288638428973557,0.0127612651550413,0.0057240064720615,0.3749257358513467,0.3962444971091396,0.4308627570915332,0.4051977022395526,0.3882876373711543,megamarket,sasrec,32,64,128,42
18,5.104 3.96,12.484 11.321 9.787 9.468 8.538 7.876 8.502 7.479 7.054 6.895 7.077 6.564 6.626 5.956 6.072 6.632 5.616 6.237 6.168 6.31 6.063 5.395 5.607 5.623 5.438 6.234 5.911 6.125 4.862 5.866 5.214 4.808 5.038 6.31 5.494 5.794 5.5 6.221 5.972 5.734 5.193 5.275 5.363 5.005 4.866 4.955 4.91 5.092 4.943 5.849 4.509 4.518 4.825 4.829 4.498 5.567 4.821 4.697 4.88 5.755 5.12 5.392 4.927 4.672 4.694 5.094 4.545 5.454 5.388 4.468 4.85 4.188 3.778 5.025 5.632 4.461 5.284 5.128 5.614 4.515 5.401 5.565 5.156 4.543 5.156 4.833 4.332 3.734 5.579 5.128 4.626 4.724 4.908 4.883 3.656 5.602 4.916 5.057 4.882 4.405 4.453 5.047 4.677 4.482 4.664 4.597 5.564 4.67 4.621 5.007 4.773 5.083 3.908 4.74 4.995 4.582 3.716 4.855 3.803 4.954 4.54 5.113 5.198 4.311 4.689 5.127 4.583 4.68 4.404 4.425 5.159 4.691 5.246 4.481 4.544 4.505 4.253 4.876 4.232 4.791 4.69 4.402 4.426 4.011 4.114 4.629 4.665 4.508 4.215 4.758 5.06 4.139 4.304 4.468 4.408 4.344 4.719 5.098 4.086 5.635 4.177 4.139 4.673 5.305 4.548 4.418 4.978 5.285 4.215 4.177 4.639 4.496 4.114 4.444 5.183 4.862 4.486 3.882 4.374 3.965 5.247 4.643 3.99 4.491 3.913 4.385 4.792 4.492 4.016 4.507 4.343 4.965 4.062 4.353 4.455 4.927 4.186 4.218 4.234 3.892 4.888 3.987 5.142 3.074 4.267 3.349 4.163 3.925 3.589 3.964 3.858 3.564 3.546 3.382 3.364 3.724 3.923 4.139 3.957 3.621 4.033 3.546 4.29 3.643 3.311 4.249 3.793 4.541 4.418 4.959 3.49 3.933 3.857 3.865 3.901 4.545 3.82 3.295 4.26 3.728 3.89 3.613 3.595 3.72 3.958 4.345 3.811 3.736 3.814 4.031 3.328 4.465 3.434 3.326 4.016 4.201 3.898 4.315 3.756 4.309 3.859 3.097 4.863 4.402 3.498 4.598 3.603 3.806 3.726 3.42 4.271 4.479 3.802 3.854 3.681 4.426 3.997 4.152 3.802 3.657 4.901 3.751 3.66 3.935 5.042 3.594 4.134 3.3 3.612 3.929 3.658 3.698 3.722 3.701 3.733 4.332 3.994 3.655 4.293 3.905 3.843 3.733 3.538 4.717 3.434 4.378 3.826 4.314 3.449 3.892 4.615 4.468 3.713 3.878 4.513 4.508 3.907 3.678 3.787 4.702 4.201 3.688 3.662 4.657 3.345 4.481 4.345 3.351 4.406 3.812 3.69 3.96 3.385 3.461 4.62 3.755 4.479 3.589 4.379 4.191 3.642 4.599 3.647 3.622 4.347 4.262 4.223 3.96 3.714 3.264 3.534 3.997 4.454 4.043 4.414 4.698 4.528 4.488 3.601 4.053 3.634 4.622 3.994 3.563 4.348 4.235 5.403 4.604 3.519 3.959 3.54 3.574 3.264 3.339 3.286 4.083 4.196 4.335 3.388 4.284 3.731 4.021 4.504 4.4 3.584 4.24 3.702 4.391 4.124 3.952 4.423 3.994 3.999 4.824 3.892 4.333 4.859 4.241 3.519 3.898 3.705 4.52 4.154 4.637 4.429 3.719 4.151 3.019 3.055 3.99 3.989 3.479 4.19 4.066 3.434 3.583 4.088 4.067 11.516 10.203 9.46 11.636 10.713,584.41,0.039836,0.1721148490905761,15.964763641357422,0.0059447535721809,0.0192680901689118,0.0548195010719641,0.0263529674197266,0.0136690914949252,0.0021444244963095,0.0101015138417891,0.0302990003767981,0.0147283728971341,0.0066216725402841,0.0021444244963095,0.0041397129368404,0.004813056059033,0.0044536988516504,0.0036839402738066,0.0021444244963095,0.0041397129368404,0.004813056059033,0.0044536988516504,0.0036839402738066,0.0021444244963095,0.0055253768009226,0.0094944426732867,0.0066863338876581,0.0044087549474448,0.0021444244963095,0.0010101513841789,0.0003029900037679,0.0007364186448567,0.0013243345080568,0.0021444244963095,0.0101015138417891,0.0302990003767981,0.0147283728971341,0.0066216725402841,0.3678978418935073,0.393691590481851,0.4328025073559255,0.4041238065871274,0.3842239447638891,megamarket,sasrec,32,128,128,42
19,5.3,12.351 11.344 9.851 9.655 8.594 7.994 8.628 7.662 7.281 7.138 7.315 6.799 6.77 6.182 6.313 6.808 5.869 6.394 6.253 6.415 6.24 5.569 5.791 5.775 5.539 6.263 6.023 6.224 5.024 6.165 5.279 4.973 5.12 6.321 5.692 5.952 5.71 6.274 6.107 5.864 5.308 5.496 5.566 5.235 4.925 5.047 5.066 5.322 5.114 5.977 4.665 4.657 4.912 4.945 4.664 5.694 5.016 4.913 5.082 6.014 5.277 5.454 5.113 4.891 4.816 5.248 4.79 5.623 5.545 4.696 5.095 4.405 3.972 5.2 5.641 4.608 5.535 5.461 5.709 4.796 5.664 5.783 5.335 4.803 5.297 4.971 4.385 3.925 5.827 5.304 4.776 4.93 5.106 4.973 3.818 5.798 5.119 5.291 5.013 4.649 4.603 5.265 4.878 4.82 4.733 4.67 5.833 4.97 4.826 5.285 4.939 5.146 4.161 4.881 5.191 4.756 3.969 5.052 3.929 5.252 4.739 5.3 5.458 4.398 4.861 5.285 4.952 4.84 4.638 4.528 5.32 4.879 5.492 4.615 4.805 4.749 4.47 5.069 4.472 5.074 4.886 4.642 4.566 4.123 4.403 4.989 5.003 4.783 4.472 5.019 5.212 4.429 4.529 4.667 4.569 4.526 4.954 5.296 4.343 5.843 4.354 4.366 4.895 5.487 4.845 4.658 5.259 5.525 4.54 4.454 5.048 4.815 4.292 4.673 5.399 5.171 4.657 4.237 4.558 4.15 5.388 4.877 4.335 4.695 4.201 4.721 5.051 4.747 4.295 4.752 4.6 5.089 4.389 4.622 4.665 5.208 4.389 4.354 4.519 4.145 5.042 4.314 5.298 3.507 4.562 3.789 4.368 4.346 3.993 4.468 4.179 3.825 3.978 3.722 3.604 4.078 4.224 4.453 4.355 4.028 4.451 3.946 4.622 4.014 3.522 4.492 4.218 4.756 4.777 5.394 3.804 4.258 4.241 4.192 4.253 4.912 4.212 3.648 4.68 4.119 4.205 3.982 4.019 4.12 4.31 4.702 4.262 4.061 4.171 4.397 3.561 4.813 3.846 3.705 4.403 4.427 4.205 4.813 4.21 4.773 4.358 3.592 5.117 4.956 3.822 5.031 3.965 4.225 4.151 3.765 4.591 4.934 4.227 4.359 4.029 4.806 4.465 4.556 4.228 4.044 5.378 4.044 3.869 4.36 5.384 4.041 4.499 3.73 4.035 4.083 4.079 4.127 4.025 4.194 4.11 4.732 4.497 4.012 4.729 4.125 4.218 4.081 3.904 5.185 3.837 4.74 4.331 5.006 3.76 4.21 4.967 4.994 4.13 4.217 4.845 4.969 4.31 4.005 4.192 5.091 4.539 4.095 4.105 5.131 3.537 4.976 4.627 3.678 4.76 4.185 4.088 4.234 3.909 3.834 4.99 4.103 4.859 3.821 4.762 4.602 4.094 4.918 4.013 4.099 4.63 4.68 4.683 4.299 4.153 3.615 3.918 4.484 4.915 4.427 4.784 5.015 4.935 4.744 3.92 4.402 4.062 5.047 4.399 3.851 4.732 4.65 5.697 5.074 3.956 4.375 3.986 3.941 3.512 3.675 3.551 4.475 4.475 4.825 3.862 4.754 4.176 4.507 4.972 4.838 4.108 4.718 4.278 5.084 5.401 4.864 5.266 4.871 4.84 9.368 8.432 9.603 9.733 8.789 7.586,686.22,0.050723,0.1721148490905761,16.563762664794922,0.0079920191342495,0.0257630773425204,0.1092393392239723,0.0363340066672449,0.0183510341665324,0.0024879757076046,0.0114868009841079,0.0323603076445685,0.0166511514506726,0.0076190792827537,0.0024879757076046,0.0047889838272343,0.0055174961895429,0.0051463863742104,0.0042786902202421,0.0024879757076046,0.0047889838272343,0.0055174961895429,0.0051463863742104,0.0042786902202421,0.0024879757076046,0.0063494316709098,0.0105038495344079,0.0076538925350248,0.00510457752125,0.0024879757076046,0.0011486800984107,0.0003236030764456,0.0008325575725336,0.0015238158565507,0.0024879757076046,0.0114868009841079,0.0323603076445685,0.0166511514506726,0.0076190792827537,0.3794002413957643,0.41016872922597,0.4569162141729062,0.4230328822337676,0.3988673999717086,megamarket,sasrec,32,256,128,42
20,5.52 4.737,12.224 11.487 10.094 9.842 8.799 8.161 8.9 8.017 7.506 7.308 7.565 7.046 7.066 6.457 6.582 7.059 6.155 6.694 6.533 6.631 6.405 5.78 6.03 6.033 5.799 6.426 6.255 6.299 5.139 6.272 5.429 5.092 5.31 6.488 5.889 6.14 5.804 6.327 6.228 5.987 5.395 5.658 5.751 5.435 5.214 5.208 5.227 5.372 5.329 6.145 4.826 4.822 5.118 5.048 4.851 5.952 5.096 5.052 5.128 6.143 5.434 5.582 5.264 5.003 5.048 5.396 4.983 5.719 5.686 4.9 5.228 4.66 4.174 5.367 5.783 4.821 5.762 5.479 5.917 4.856 5.792 5.993 5.557 4.883 5.422 5.174 4.649 4.139 6.028 5.451 4.978 5.228 5.406 5.249 4.105 6.001 5.447 5.395 5.228 4.923 4.864 5.596 5.024 5.041 5.03 4.907 6.181 5.126 5.051 5.511 5.159 5.316 4.473 5.025 5.445 5.006 4.152 5.256 4.085 5.46 4.872 5.466 5.639 4.684 5.081 5.453 5.082 5.06 4.814 4.821 5.616 5.145 5.7 4.939 4.986 5.016 4.705 5.266 4.742 5.302 5.056 4.968 4.859 4.438 4.796 5.226 5.33 5.02 4.618 5.25 5.593 4.639 4.778 5.075 4.962 4.877 5.297 5.58 4.491 6.116 4.712 4.609 5.133 5.711 5.165 4.978 5.439 5.873 4.828 4.831 5.347 5.034 4.738 4.971 5.667 5.407 4.913 4.618 4.825 4.408 5.686 5.085 4.515 4.99 4.478 4.99 5.349 5.035 4.582 5.018 4.758 5.349 4.701 4.896 5.002 5.491 4.604 4.621 4.871 4.433 5.344 4.574 5.618 3.757 4.984 4.188 4.815 4.581 4.159 4.95 4.539 4.187 4.375 4.116 4.017 4.375 4.736 4.847 4.696 4.431 4.877 4.376 4.938 4.41 3.836 4.916 4.599 5.301 5.224 5.764 4.229 4.741 4.632 4.583 4.646 5.435 4.671 4.041 5.069 4.328 4.556 4.499 4.449 4.521 4.746 5.211 4.719 4.419 4.462 4.726 3.974 5.336 4.174 4.196 4.874 4.887 4.662 5.259 4.65 5.093 4.759 3.928 5.555 5.454 4.168 5.488 4.348 4.66 4.605 4.225 5.267 5.336 4.69 4.742 4.441 5.179 4.824 4.929 4.565 4.484 5.716 4.426 4.373 4.861 5.915 4.422 5.024 4.154 4.489 4.477 4.468 4.521 4.364 4.501 4.488 5.183 4.766 4.429 5.121 4.41 4.676 4.445 4.364 5.578 4.102 5.265 4.747 5.486 4.265 4.772 5.333 5.365 4.519 4.557 5.235 5.47 4.807 4.533 4.512 5.518 5.099 4.432 4.327 5.405 3.835 5.12 5.05 4.129 5.255 4.633 4.518 4.646 4.158 4.269 5.515 4.624 5.213 4.417 5.199 5.036 4.41 5.366 4.456 4.515 4.952 5.123 5.067 4.807 4.458 3.962 4.319 4.979 5.207 4.817 5.179 5.381 5.364 5.156 4.419 4.765 4.471 5.453 4.843 4.233 5.324 4.889 6.09 5.463 4.501 4.68 4.394 4.37 3.867 4.047 3.942 4.7 4.706 5.237 4.102 4.942 4.47 4.623 5.234 5.049 4.281 4.925 4.358 5.129 4.966 4.588 5.03 4.694 4.753 5.672 4.534 5.091 5.451 4.882 4.155 4.493 4.291 5.277 4.809 5.126 4.979 4.238 4.92 3.447 3.373 4.025 4.362 3.941 4.547 4.582 3.964 4.322 4.655 4.422 5.014 4.464 3.903 4.534 4.5 3.895 3.828 4.492 4.477 4.773 4.567 4.95 5.043 4.413 4.136 4.198 4.523 4.516 4.84 4.343 5.197 5.545 4.946 5.701 4.375 4.607 5.209 5.912 13.285 12.182 12.285 12.995 12.166 13.085 12.667,897.46,0.072268,0.1721148490905761,20.22039604187012,0.0086290012764428,0.0264806117011388,0.0804636089871488,0.0352124719616323,0.019411225261175,0.0029146441474388,0.0129385819092581,0.0338342531639958,0.0181971319015005,0.0088215085222865,0.0029146441474388,0.005497492234476,0.0062299731454664,0.0058619123774217,0.0049634838309284,0.0029146441474388,0.005497492234476,0.0062299731454664,0.0058619123774217,0.0049634838309284,0.0029146441474388,0.0072323220296594,0.0113971186578375,0.0085613317042813,0.0059164092727442,0.0029146441474388,0.0012938581909258,0.0003383425316399,0.000909856595075,0.0017643017044572,0.0029146441474388,0.0129385819092581,0.0338342531639958,0.0181971319015005,0.0088215085222865,0.3853421132078398,0.4242825445239566,0.4709427047726808,0.4383975434642604,0.4108468331408412,megamarket,sasrec,32,512,128,42
21,5.809 4.99 4.849,12.169 11.647 10.345 10.176 9.058 8.402 9.216 8.279 7.799 7.631 7.917 7.376 7.404 6.885 6.917 7.533 6.608 7.204 6.922 7.022 6.762 6.084 6.53 6.353 6.128 6.755 6.544 6.828 5.484 6.537 5.722 5.402 5.62 6.847 6.127 6.378 6.038 6.644 6.415 6.314 5.62 5.868 6.046 5.738 5.397 5.553 5.507 5.647 5.558 6.319 5.055 5.013 5.328 5.289 5.17 6.153 5.41 5.291 5.551 6.452 5.644 5.843 5.603 5.205 5.364 5.772 5.203 6.042 5.967 5.145 5.596 4.897 4.499 5.587 6.08 5.112 5.989 5.789 6.17 5.238 6.114 6.275 5.716 5.171 5.733 5.414 4.916 4.574 6.256 5.653 5.159 5.459 5.705 5.637 4.342 6.302 5.728 5.745 5.456 5.135 5.076 5.771 5.352 5.262 5.287 5.132 6.467 5.447 5.403 5.75 5.454 5.554 4.69 5.446 5.712 5.318 4.524 5.464 4.521 5.761 5.215 5.771 5.941 4.89 5.277 5.808 5.425 5.379 5.133 5.076 5.962 5.517 5.917 5.228 5.369 5.204 5.061 5.515 5.061 5.589 5.348 5.321 5.3 4.741 5.119 5.534 5.615 5.367 4.937 5.578 5.843 4.985 5.116 5.248 5.233 5.12 5.441 5.707 4.888 6.245 5.113 4.89 5.429 6.021 5.332 5.194 5.707 6.279 5.059 5.06 5.619 5.373 4.983 5.206 5.95 5.621 5.173 5.069 5.103 4.611 5.86 5.318 4.737 5.195 4.824 5.351 5.561 5.374 4.896 5.272 4.998 5.628 4.983 5.087 5.209 5.789 5.029 4.837 5.097 4.741 5.641 4.841 5.822 4.077 5.327 4.58 5.066 4.755 4.636 5.338 4.881 4.64 4.71 4.514 4.341 4.686 5.077 5.189 5.126 4.799 5.334 4.714 5.399 4.645 4.326 5.245 5.081 5.664 5.578 6.076 4.662 5.013 4.971 4.832 4.93 5.7 4.955 4.412 5.265 4.64 4.921 4.908 4.801 4.937 4.994 5.52 5.213 4.733 4.798 5.015 4.233 5.582 4.442 4.419 5.348 5.169 4.953 5.656 4.891 5.416 5.068 4.304 5.919 5.721 4.398 5.909 4.617 4.942 5.106 4.435 5.522 5.576 5.021 5.026 4.837 5.472 5.121 5.188 4.736 4.803 6.03 4.748 4.457 5.257 6.22 4.72 5.273 4.383 4.721 4.78 4.631 4.78 4.671 4.828 4.872 5.577 5.246 4.588 5.302 4.701 4.891 4.772 4.481 5.781 4.509 5.504 4.928 5.689 4.356 4.949 5.594 5.563 4.676 4.779 5.389 5.702 4.976 4.755 4.768 5.784 5.272 4.711 4.551 5.628 4.108 5.386 5.291 4.412 5.495 4.773 4.717 4.914 4.43 4.429 5.632 4.811 5.432 4.732 5.242 5.326 4.588 5.387 4.728 4.684 5.147 5.331 5.267 5.041 4.624 4.204 4.726 5.142 5.399 5.085 5.322 5.692 5.449 5.368 4.495 4.956 4.729 5.476 4.965 4.378 5.449 5.022 6.303 5.694 4.834 4.82 4.633 4.568 4.037 4.106 4.173 4.863 4.818 5.392 4.332 5.102 4.601 4.774 5.543 5.175 4.419 5.091 4.436 5.163 5.121 4.804 5.217 4.904 4.884 5.741 4.841 5.179 5.572 5.137 4.41 4.564 4.432 5.431 5.036 5.234 5.082 4.537 5.051 3.789 3.497 4.175 4.43 4.082 4.808 4.71 4.247 4.642 4.766 4.643 5.241 4.645 4.061 4.697 4.846 4.112 3.994 4.627 4.715 4.962 4.675 5.049 5.062 4.549 4.265 4.326 4.448 4.513 4.846 4.321 4.842 5.148 4.55 5.508 4.399 4.53 5.191 4.665 4.776 4.237 4.887 4.957 4.46 5.045 4.731 4.743 4.529 4.9 4.521 4.34 5.08 5.334 4.525 5.017 4.615 4.255 3.947 5.435 5.225 4.875 4.956 4.85 4.905 4.245 4.817 4.079 5.293 5.474 5.75 5.121 5.336 4.747 4.541 4.567 5.274 4.989 3.934 5.52 4.935 5.119 5.537 4.528 5.077 4.801 4.968 4.377 5.617 4.997 5.337 4.778 5.256 5.518 5.088 4.57 5.605 5.017 5.0 4.656 4.431 4.515 4.649 4.895 4.603 4.891 4.831 5.205 5.325 5.521 5.072 5.24 4.337 5.257 5.498 4.98 4.626 4.974 4.995 4.627 3.562 4.772 4.2 4.696 4.36 5.141 5.54 4.86 4.816 5.067 4.715 5.124 4.428 4.889 5.722 4.845 4.629 5.279 5.237 4.461 5.289 3.905 4.908 4.82 5.83 4.514 4.476 4.529 5.831 4.216 4.413 4.75 5.044 4.668 5.271 5.536 5.187 5.061 4.419 4.537 5.111 4.55 4.618 4.849 4.422 4.285 4.432 4.332 5.044 4.548 4.403 5.049 5.43 5.183 4.518 5.279 4.536 4.754 5.132 4.576 4.719 4.821 5.147 5.101 4.482 5.262 4.821 4.673 5.065 5.393 5.09 4.959 5.409 4.761 5.146 4.297 5.935 5.224 5.115 4.92 5.142 4.865 5.731 4.826 4.782 4.141 5.042 4.865 4.578 3.665 4.288 4.791 4.726 4.802 4.475 5.1 4.755 4.363 4.327 4.676 4.68 5.37 5.02 4.889 4.673 4.205 4.775 4.882 4.222 4.543 4.316 4.395 5.173 5.933 4.596 4.299 4.61 4.514 5.314 5.033 4.548 4.818 4.659 4.444 4.42 5.043 5.079 4.582 4.195 5.102 4.967 4.955 5.342 4.399 4.969 4.511 5.047 4.446 5.014 3.819 4.96 5.243 4.931 5.026 4.352 4.936 4.612 5.547 4.982 5.879 4.606 4.645 4.347 4.942 5.312 5.37 5.17 5.314 5.143 4.015 4.861 5.269 5.125 4.621 4.637 5.17 4.789 4.474 4.51 4.545 4.67 5.358 4.973 3.888 5.179 5.248 5.085 5.811 5.798 4.517 6.11 4.973 5.19 6.128 5.267 5.266 5.098 5.614 5.664 5.262 5.614 5.858 6.071 6.123 4.813 6.756 12.889 12.581 13.397 12.461 13.353 11.255 12.649 13.091,1341.7,0.11062,0.1721148490905761,30.71001625061035,0.0086351976007832,0.0240107568190549,0.0668267383787937,0.0308620326422366,0.0182023223823627,0.0032304896158875,0.0135481082518784,0.0325376243987853,0.0184963539242414,0.0093257530420905,0.0032304896158875,0.0059009120378726,0.0065783793273502,0.0062409514937502,0.0053450842623992,0.0032304896158875,0.0059009120378726,0.0065783793273502,0.0062409514937502,0.0053450842623992,0.0032304896158875,0.0076858228589047,0.0114928287010961,0.0089326725574867,0.0063281543900488,0.0032304896158875,0.0013548108251878,0.0003253762439878,0.000924817696212,0.0018651506084181,0.0032304896158875,0.0135481082518784,0.0325376243987853,0.0184963539242414,0.0093257530420905,0.3884780954865152,0.4251418787345122,0.4631455076605909,0.4370862836478792,0.413181903821549,megamarket,sasrec,32,1024,128,42
22,5.969 5.215 5.072,12.327 11.809 10.525 10.345 9.246 8.53 9.405 8.485 8.029 7.806 8.157 7.472 7.647 7.093 7.095 7.725 6.883 7.469 7.091 7.242 6.996 6.285 6.834 6.617 6.487 7.017 6.789 7.306 5.818 6.846 6.073 5.643 5.823 7.042 6.461 6.556 6.455 6.899 6.806 6.596 5.924 6.165 6.236 5.98 5.635 5.858 5.816 5.864 5.851 6.566 5.283 5.21 5.541 5.524 5.345 6.304 5.579 5.492 5.72 6.643 5.782 6.019 5.883 5.456 5.523 5.955 5.348 6.228 6.209 5.281 5.771 5.155 4.51 5.847 6.248 5.217 6.156 5.935 6.234 5.342 6.209 6.292 5.854 5.283 5.839 5.573 5.075 4.672 6.384 5.748 5.415 5.625 5.809 5.816 4.427 6.472 5.795 5.879 5.554 5.27 5.179 5.838 5.533 5.375 5.516 5.321 6.649 5.541 5.453 5.832 5.702 5.661 4.798 5.578 5.834 5.417 4.606 5.697 4.595 5.896 5.349 5.809 6.025 5.028 5.455 5.934 5.491 5.501 5.126 5.127 6.101 5.66 6.028 5.375 5.48 5.368 5.085 5.699 5.129 5.663 5.383 5.405 5.335 4.852 5.296 5.59 5.783 5.48 5.037 5.788 5.915 5.109 5.142 5.474 5.274 5.122 5.512 5.783 5.008 6.336 5.374 5.0 5.563 6.09 5.57 5.314 5.892 6.372 5.25 5.191 5.799 5.524 5.169 5.369 6.003 5.704 5.269 5.235 5.221 4.779 6.04 5.435 4.845 5.368 4.897 5.512 5.706 5.438 5.03 5.408 5.141 5.692 5.064 5.191 5.37 5.952 5.266 5.027 5.083 4.899 5.66 4.949 6.015 4.276 5.452 4.593 5.152 4.834 4.814 5.48 4.983 4.921 4.835 4.551 4.597 4.863 5.206 5.352 5.306 4.967 5.423 4.915 5.519 4.812 4.482 5.435 5.26 5.784 5.659 6.179 4.862 5.113 4.955 4.92 5.168 5.922 5.001 4.647 5.553 4.824 5.162 5.058 4.893 5.01 5.034 5.664 5.381 4.891 5.004 5.246 4.396 5.706 4.62 4.68 5.414 5.24 5.162 5.867 5.229 5.462 5.206 4.501 6.077 6.055 4.548 6.017 4.743 5.068 5.283 4.583 5.698 5.666 5.155 5.279 5.01 5.615 5.273 5.395 4.983 4.9 6.22 4.793 4.688 5.51 6.403 4.842 5.493 4.684 4.896 4.974 4.835 4.958 4.915 4.97 5.018 5.727 5.326 4.79 5.496 4.821 5.139 4.938 4.749 5.985 4.605 5.788 5.219 5.993 4.569 5.218 5.719 5.759 4.879 4.945 5.63 5.987 5.221 4.964 5.068 5.934 5.48 4.853 4.809 5.898 4.325 5.703 5.468 4.791 5.786 5.021 5.045 5.092 4.569 4.684 5.935 5.08 5.81 5.013 5.519 5.618 4.874 5.842 5.048 4.969 5.384 5.62 5.59 5.267 4.961 4.448 4.916 5.577 5.709 5.281 5.541 5.926 5.766 5.599 4.781 5.206 5.05 5.948 5.352 4.689 5.804 5.292 6.658 5.931 4.931 5.176 5.065 4.894 4.339 4.478 4.356 5.088 5.062 5.753 4.647 5.395 4.863 5.018 5.912 5.467 4.655 5.41 4.725 5.53 5.405 4.997 5.487 5.149 5.193 6.07 5.103 5.584 5.924 5.405 4.582 4.851 4.799 5.762 5.297 5.561 5.391 4.753 5.282 4.024 3.798 4.454 4.716 4.358 5.211 5.232 4.595 4.976 5.118 4.941 5.68 5.003 4.358 5.133 5.129 4.505 4.343 4.903 5.054 5.262 5.024 5.367 5.36 4.917 4.524 4.527 4.693 4.9 5.214 4.762 5.157 5.554 4.871 5.765 4.59 4.739 5.382 4.925 5.043 4.505 5.219 5.136 4.722 5.296 5.061 5.117 4.738 5.237 4.982 4.565 5.256 5.612 4.802 5.309 4.964 4.643 4.199 5.754 5.512 5.106 5.225 5.151 5.102 4.557 5.034 4.286 5.558 5.788 5.991 5.296 5.598 4.901 4.777 4.762 5.63 5.313 4.186 5.775 5.234 5.386 5.791 4.817 5.318 5.071 5.192 4.616 5.906 5.264 5.65 5.014 5.428 5.822 5.259 4.824 5.805 5.201 5.077 4.875 4.65 4.732 4.903 5.06 4.778 5.057 4.943 5.493 5.566 5.732 5.193 5.473 4.63 5.496 5.737 5.208 4.744 5.201 5.172 4.862 3.767 5.017 4.484 4.899 4.662 5.274 5.616 5.047 4.976 5.319 4.918 5.354 4.562 4.988 5.881 5.128 4.78 5.553 5.446 4.581 5.446 4.1 5.114 4.985 5.924 4.736 4.576 4.69 5.888 4.451 4.54 4.906 5.211 4.729 5.43 5.764 5.359 5.12 4.498 4.678 5.228 4.743 4.742 5.036 4.49 4.498 4.597 4.502 5.293 4.698 4.611 5.232 5.561 5.345 4.692 5.293 4.609 4.898 5.28 4.651 4.81 4.944 5.279 5.138 4.635 5.536 5.102 4.852 5.224 5.647 5.204 5.155 5.53 4.825 5.187 4.477 6.091 5.395 5.132 5.13 5.322 4.994 5.951 5.03 4.85 4.294 5.264 5.069 4.719 3.849 4.483 5.04 4.944 4.931 4.666 5.355 4.969 4.598 4.677 4.837 4.818 5.531 5.258 5.163 4.963 4.458 4.971 5.117 4.467 4.884 4.537 4.657 5.295 6.061 4.778 4.554 4.888 4.77 5.637 5.243 4.852 5.069 4.802 4.63 4.672 5.151 5.307 4.852 4.374 5.243 5.178 5.212 5.51 4.63 5.204 4.763 5.744 4.707 5.16 4.02 5.252 5.497 5.159 5.318 4.564 5.15 4.879 5.731 5.379 6.132 4.805 4.836 4.532 5.24 5.652 5.509 5.412 5.58 5.42 4.184 5.132 5.393 5.229 4.8 4.678 5.317 4.92 4.623 4.625 4.655 4.835 5.5 5.105 3.976 5.247 5.251 5.148 5.689 5.704 4.469 5.975 4.878 5.111 6.047 5.108 5.18 4.835 5.411 5.36 4.992 5.317 5.577 5.869 5.854 4.654 4.995 5.806 6.226 6.382 5.332 5.895 4.791 6.137 6.235 5.297 5.017 5.669 6.055 6.195 6.436 6.742 5.988 6.879 10.514 12.681 12.605 13.117 12.845 13.179 13.112 13.163 13.362 12.271 13.347 12.337 12.423 12.896 12.624 12.581 12.963 12.302 11.982,1729.0,0.14464,0.1721148490905761,40.71078872680664,0.0101086835289306,0.0270370416269069,0.0818689353475518,0.0352676192482619,0.0205792323993407,0.00344105326152,0.0132488862291375,0.0300551898397499,0.0179588625130217,0.009536316687723,0.00344105326152,0.0060634699868525,0.0066819609861678,0.0063891403801355,0.0055709784190733,0.00344105326152,0.0060634699868525,0.0066819609861678,0.0063891403801355,0.0055709784190733,0.00344105326152,0.0077498055817144,0.0111483264911476,0.0089391169123884,0.0065521278675047,0.00344105326152,0.0013248886229137,0.0003005518983974,0.000897943125651,0.0019072633375446,0.00344105326152,0.0132488862291375,0.0300551898397499,0.0179588625130217,0.009536316687723,0.397640922794771,0.4313279534979025,0.4672283838831321,0.4422194351747907,0.4204188062139301,megamarket,sasrec,32,1512,128,42
23,6.238 5.377 5.24 5.135 5.118,12.362 11.917 10.724 10.525 9.352 8.693 9.578 8.677 8.167 7.969 8.312 7.609 7.872 7.363 7.275 7.979 7.161 7.675 7.298 7.505 7.261 6.55 7.099 6.914 6.65 7.255 6.98 7.649 6.05 7.074 6.312 5.891 6.108 7.312 6.722 6.884 6.805 7.184 7.068 6.968 6.178 6.522 6.592 6.272 5.982 6.069 6.201 6.08 6.026 6.936 5.521 5.39 5.936 5.842 5.651 6.722 5.928 5.824 5.946 6.915 6.148 6.267 6.049 5.691 5.834 6.155 5.596 6.503 6.447 5.557 6.054 5.345 4.794 6.022 6.458 5.485 6.3 6.13 6.617 5.544 6.485 6.642 6.226 5.546 6.151 5.797 5.314 4.863 6.633 6.117 5.666 5.886 6.14 6.081 4.739 6.738 5.997 6.162 5.834 5.619 5.557 6.168 5.754 5.794 5.732 5.629 6.972 5.861 5.768 6.265 5.953 5.937 5.114 5.923 6.217 5.614 4.941 5.96 4.752 6.198 5.741 6.18 6.439 5.438 5.784 6.202 5.676 5.758 5.539 5.448 6.387 6.011 6.451 5.677 5.831 5.754 5.415 6.014 5.456 6.035 5.705 5.799 5.657 5.129 5.66 5.859 5.979 5.661 5.33 6.008 6.139 5.361 5.45 5.684 5.593 5.438 5.873 6.063 5.146 6.602 5.651 5.23 5.786 6.429 5.858 5.502 6.082 6.657 5.463 5.417 6.11 5.643 5.359 5.525 6.29 6.004 5.512 5.417 5.452 5.059 6.255 5.676 5.09 5.624 5.04 5.772 5.996 5.82 5.323 5.674 5.345 5.917 5.34 5.413 5.656 6.266 5.421 5.39 5.397 5.053 5.99 5.269 6.277 4.507 5.719 4.982 5.427 5.178 5.049 5.832 5.337 5.098 5.108 4.902 4.869 5.154 5.605 5.637 5.576 5.357 5.74 5.218 5.902 5.075 4.773 5.767 5.723 6.107 6.095 6.543 5.202 5.473 5.303 5.225 5.498 6.181 5.345 4.845 5.733 5.052 5.406 5.319 5.219 5.323 5.383 6.018 5.624 5.168 5.247 5.592 4.632 6.046 4.828 4.945 5.807 5.604 5.432 6.113 5.477 5.765 5.488 4.794 6.349 6.254 4.746 6.413 5.097 5.389 5.611 4.716 6.078 5.968 5.423 5.459 5.284 5.801 5.542 5.629 5.178 5.215 6.423 5.086 4.835 5.808 6.706 5.082 5.761 4.937 5.076 5.205 5.018 5.215 5.062 5.113 5.266 5.92 5.617 4.967 5.751 4.997 5.412 5.23 4.939 6.258 4.871 6.006 5.344 6.178 4.836 5.284 5.82 5.937 5.078 5.141 5.677 6.079 5.379 5.11 5.191 6.122 5.699 5.042 4.91 5.929 4.448 5.841 5.677 4.893 5.813 5.1 5.111 5.087 4.621 4.784 6.016 5.186 5.727 5.077 5.659 5.666 4.927 5.71 5.196 5.057 5.477 5.623 5.561 5.284 4.868 4.418 4.861 5.563 5.664 5.289 5.55 5.907 5.781 5.628 4.768 5.226 5.065 5.844 5.39 4.719 5.803 5.248 6.566 5.886 5.026 5.127 5.054 4.907 4.276 4.298 4.364 5.111 5.037 5.652 4.681 5.336 4.911 5.09 5.855 5.456 4.654 5.357 4.757 5.512 5.49 5.01 5.475 5.226 5.107 6.056 5.116 5.547 5.922 5.451 4.679 4.906 4.791 5.808 5.418 5.61 5.378 4.76 5.445 4.049 3.801 4.494 4.683 4.417 5.359 5.267 4.722 5.037 5.111 5.005 5.665 5.032 4.429 5.181 5.216 4.537 4.348 4.999 5.214 5.387 5.177 5.466 5.577 5.083 4.53 4.767 4.781 4.981 5.333 4.769 5.248 5.579 4.975 5.963 4.812 5.005 5.56 5.019 5.285 4.614 5.318 5.211 4.959 5.377 5.104 5.319 4.858 5.366 5.019 4.753 5.456 5.792 4.932 5.486 5.088 4.78 4.358 6.036 5.725 5.461 5.337 5.359 5.268 4.677 5.191 4.555 5.717 5.884 6.196 5.492 5.704 5.141 4.94 4.854 5.805 5.485 4.369 5.932 5.41 5.523 5.964 4.913 5.398 5.142 5.427 4.812 6.061 5.498 5.812 5.199 5.578 5.999 5.467 4.985 6.06 5.497 5.441 5.092 4.842 4.973 5.041 5.345 4.96 5.165 5.15 5.739 5.823 5.868 5.351 5.727 4.851 5.72 5.878 5.423 4.947 5.289 5.373 5.045 3.904 5.292 4.574 5.051 4.817 5.644 5.788 5.257 5.193 5.446 5.109 5.533 4.733 5.273 6.177 5.267 4.933 5.62 5.578 4.778 5.562 4.344 5.296 5.19 6.129 4.921 4.712 4.979 6.119 4.641 4.718 5.085 5.327 4.966 5.595 5.984 5.567 5.346 4.696 4.911 5.532 4.812 5.021 5.142 4.656 4.646 4.772 4.764 5.426 4.858 4.76 5.346 5.703 5.484 4.839 5.564 4.855 5.034 5.48 4.845 4.981 5.093 5.489 5.358 4.828 5.626 5.184 4.936 5.446 5.757 5.43 5.31 5.64 5.032 5.499 4.622 6.192 5.548 5.322 5.212 5.559 5.139 6.054 5.164 5.024 4.472 5.504 5.149 5.024 3.942 4.717 5.242 5.133 5.173 4.869 5.659 5.185 4.782 4.926 4.982 5.036 5.662 5.461 5.373 5.179 4.61 5.204 5.253 4.603 5.073 4.748 4.83 5.384 6.27 4.999 4.661 5.072 4.942 5.729 5.395 5.049 5.254 4.914 4.714 4.702 5.285 5.476 4.935 4.479 5.425 5.269 5.336 5.682 4.756 5.367 4.92 5.705 4.788 5.259 4.034 5.362 5.548 5.223 5.397 4.683 5.337 4.974 5.869 5.45 6.216 4.822 4.937 4.66 5.249 5.709 5.59 5.565 5.645 5.431 4.325 5.213 5.412 5.213 4.888 4.807 5.352 4.977 4.702 4.724 4.655 4.897 5.445 5.21 4.04 5.223 5.256 5.264 5.843 5.765 4.522 5.998 4.831 5.027 5.961 5.036 5.121 4.779 5.235 5.172 4.806 5.075 5.402 5.715 5.657 4.348 4.789 5.552 5.774 5.955 5.019 5.44 4.494 5.504 5.096 4.747 4.485 4.915 5.207 5.389 5.483 5.728 5.118 6.051 4.399 5.498 4.531 4.737 4.939 4.726 5.038 5.32 5.467 4.358 5.387 4.999 4.825 5.503 5.572 5.398 5.673 4.925 4.813 4.656 4.803 4.756 5.118 3.759 5.551 5.16 4.841 4.889 4.941 4.963 5.051 5.058 5.39 5.287 5.805 5.021 5.208 4.869 4.985 5.288 5.127 4.561 5.371 5.193 5.621 5.426 5.113 5.275 4.793 5.413 5.165 4.745 4.827 5.284 4.351 4.682 5.065 5.405 4.142 5.132 5.827 5.491 5.076 5.326 4.761 4.788 5.429 5.128 5.282 5.157 5.519 5.215 5.558 5.425 6.525 4.35 3.613 4.772 4.818 5.581 5.139 3.832 5.106 4.637 4.793 4.779 5.072 5.247 5.056 4.809 4.628 4.418 5.002 5.49 4.989 5.46 4.157 4.892 4.279 4.806 5.365 5.221 4.645 4.993 5.082 5.052 5.448 4.993 4.867 5.175 5.373 4.912 5.641 4.151 5.561 5.311 5.219 5.089 5.345 4.904 5.486 5.524 5.245 4.616 5.407 5.744 4.968 4.72 4.983 4.71 4.666 5.388 5.228 4.986 5.696 5.258 5.201 5.322 5.801 4.594 5.6 4.298 5.391 5.187 4.659 5.337 4.677 6.166 5.223 4.639 5.475 5.159 4.931 4.788 4.724 4.415 4.524 4.249 4.725 4.387 5.198 5.271 5.017 4.817 5.685 5.213 4.624 4.418 5.355 5.014 5.406 5.462 6.03 5.426 4.717 5.622 4.821 4.862 4.37 4.847 5.426 5.494 5.75 4.995 4.407 5.558 5.074 5.024 5.434 4.814 5.323 5.253 5.63 5.129 4.891 5.796 4.799 5.241 5.33 4.912 4.889 5.89 5.152 4.802 4.422 4.244 5.156 5.247 5.246 6.065 6.051 5.164 5.213 4.769 4.899 4.993 4.508 4.338 4.959 5.367 4.889 4.754 5.755 4.753 5.338 5.546 5.057 5.26 5.399 4.599 4.999 5.085 5.496 5.186 5.222 4.838 5.599 5.389 5.812 5.084 4.975 5.027 4.811 4.976 5.21 5.492 5.533 5.323 4.431 5.274 5.545 5.079 5.984 5.553 5.296 4.797 5.568 5.228 5.305 5.211 5.199 5.474 5.493 4.468 5.05 4.854 5.361 6.301 4.938 5.766 4.741 5.698 5.158 5.638 5.877 4.97 5.554 5.288 6.297 5.184 4.944 4.771 5.497 4.509 4.759 4.432 4.684 5.035 5.429 5.678 5.947 4.892 5.142 5.646 5.735 4.512 5.317 5.353 5.343 4.724 5.649 5.472 4.772 4.945 4.875 5.08 5.421 4.852 5.103 5.627 4.928 5.659 4.967 5.584 5.956 5.223 5.136 5.35 5.163 4.841 5.105 5.325 5.262 4.652 5.867 4.652 4.706 5.183 5.006 4.958 4.683 5.241 5.097 4.599 5.13 6.332 5.855 5.675 4.723 5.025 4.989 5.382 5.151 5.616 5.478 4.843 4.884 4.668 4.49 4.744 6.499 5.957 4.81 5.64 5.732 5.11 4.563 4.76 4.547 4.816 4.928 5.981 4.819 4.827 5.61 5.863 5.949 5.282 4.798 5.538 5.464 5.073 5.305 5.551 5.071 5.198 5.321 5.351 6.114 5.291 5.009 5.269 4.739 5.096 5.817 4.545 5.122 5.297 4.635 5.509 5.473 4.963 5.099 5.178 5.65 5.405 5.544 5.859 5.418 4.819 5.825 4.896 5.923 5.732 5.579 5.337 5.268 5.551 5.113 5.568 5.248 4.771 4.893 4.782 5.514 5.655 5.508 6.096 4.884 5.154 5.556 6.643 6.003 5.589 5.63 5.453 5.894 6.579 6.327 6.405 6.558 6.98 5.693 6.064 7.07 7.637 7.365 7.503 8.334 11.138 12.442 13.422 12.867 13.36 14.582 13.474 13.493,2364.5,0.19922,0.1721148490905761,51.69232368469238,0.0107840828820343,0.0266745566529934,0.0661742654257494,0.0337309308118424,0.020955349286803,0.0035740408271826,0.0134760733204778,0.0297171797770241,0.0180142739987144,0.0097690449276326,0.0035740408271826,0.0062469127886542,0.0068452328445099,0.006559420344854,0.0057586386506195,0.0035740408271826,0.0062469127886542,0.0068452328445099,0.006559420344854,0.0057586386506195,0.0035740408271826,0.0079437795316112,0.0112307487326053,0.0090881514917153,0.0067515617603586,0.0035740408271826,0.0013476073320477,0.0002971717977702,0.0009007136999357,0.0019538089855265,0.0035740408271826,0.0134760733204778,0.0297171797770241,0.0180142739987144,0.0097690449276326,0.4121428130144279,0.4343418541773775,0.4622512978925138,0.442419691776712,0.4267269015626281,megamarket,sasrec,32,2048,128,42
24,4.3 2.807,12.56 10.757 8.973 9.323 9.027 8.387 8.079 6.366 6.545 6.563 6.267 6.338 6.214 5.368 6.599 6.165 6.835 5.69 5.319 4.868 5.344 5.446 4.997 5.649 4.523 4.989 5.138 5.783 5.072 4.736 4.597 5.39 4.537 4.106 4.682 5.22 4.788 4.017 5.109 4.091 4.43 4.69 5.02 4.049 4.036 4.332 5.275 4.23 3.424 4.631 4.355 3.846 4.132 4.522 4.231 4.708 4.023 4.636 4.183 4.699 3.509 4.153 5.317 3.647 4.533 4.09 4.608 4.05 4.435 4.143 4.329 3.691 4.171 3.806 3.265 4.087 4.191 4.17 3.85 3.816 3.852 4.037 3.536 3.982 4.304 3.506 3.814 3.662 3.562 4.07 4.04 4.351 4.326 4.441 3.457 3.87 4.046 3.718 3.984 3.689 3.489 4.373 3.913 4.37 4.195 3.15 3.591 3.483 3.961 3.916 4.29 3.585 3.558 4.354 5.172 3.791 3.532 3.735 3.314 3.938 3.563 3.493 3.666 4.052 3.6 3.399 3.863 3.161 3.844 3.377 4.885 3.913 3.335 3.671 3.141 2.837 3.371 4.273 3.455 3.669 4.215 3.391 3.419 3.525 3.061 3.987 3.501 2.988 3.527 4.413 4.156 3.598 3.27 3.8 3.909 3.853 2.899 3.027 3.223 4.477 4.213 3.984 4.174 3.396 3.241 3.469 3.854 3.795 3.785 4.161 3.62 4.132 4.024 3.246 3.493 3.728 3.625 3.049 3.59 3.232 3.476 3.932 3.38 3.174 3.707 3.556 2.935 3.632 4.265 3.435 3.218 3.229 2.737 3.813 3.545 3.127 3.889 2.739 4.445 3.683 3.123 3.293 4.049 3.601 2.812 2.702 3.379 3.435 2.914 2.332 3.325 2.703 2.388 2.526 2.918 3.481 2.235 2.574 2.362 3.308 2.806 3.363 2.76 2.961 2.575 2.63 2.357 2.503 2.876 2.523 2.669 2.821 2.848 2.688 2.188 3.063 3.019 2.974 2.498 3.129 2.803 2.093 3.527 2.792 3.069 2.782 2.905 3.159 2.677 2.935 3.122 2.837 2.937 3.218 2.876 3.569 2.537 2.789 3.407 2.5 2.925 3.141 3.129 2.543 2.442 2.675 2.174 2.787 3.27 3.082 3.199 2.593 3.289 2.721 3.415 2.693 3.049 3.457 3.15 2.855 2.587 2.876 2.838 3.049 2.899 3.208 2.849 2.301 2.4 2.628 3.528 3.115 2.497 2.459 3.016 2.636 2.909 3.331 2.84 2.182 3.138 2.726 2.455 2.361 2.721 2.436 3.437 2.7 3.381 2.96 2.184 3.106 2.461 3.374 2.212 2.748 2.809 3.02 3.144 2.78 3.413 2.707 3.175 2.352 2.956 2.335 2.776 3.125 2.432 3.156 2.637 3.329 2.784 3.573 2.459 3.293 2.735 2.913 3.009 3.188 2.487 3.076 2.864 2.75 3.232 2.534 2.366 2.579 2.388 2.723 2.696 2.859 3.4 3.338 2.053 2.763 3.239 3.123 2.878 3.25 2.981 3.077 2.65 2.569 2.531 2.345 3.57 4.117 2.337 3.361 2.893 3.123 2.664 2.898 2.431 2.978 2.648 2.756 3.55 2.451 2.731 3.115 3.07 2.377 2.903 3.0 2.818 2.719 3.476 3.239 2.503 2.889 2.466 3.572 2.796 3.162 2.519 2.761 2.919 2.894 2.905 2.534 3.413 3.684 2.638 2.645 3.264 1.61 2.002 1.939 1.947 2.005 2.618 1.947 1.794 1.649 1.934 1.375 1.933 2.034 2.088 2.189 1.87 2.026 1.964 1.919 2.255 1.831 2.132 2.2 2.093 1.828 1.73 1.638 1.368 2.043 2.052 1.585 1.958 1.971 1.653 1.869 2.089 1.937 2.297 2.067 1.894 1.925 1.597 2.803 1.835 1.615 1.821 2.315 2.678 1.962 1.82 1.998 2.235 1.997 1.977 1.835 2.137 1.543 2.389 2.251 2.216 2.836 2.05 2.641 1.975 2.097 2.418 1.978 1.737 2.579 1.847 2.104 1.748 2.613 1.894 1.802 2.435 2.531 1.712 1.977 2.253 2.106 2.248 1.98 2.397 2.091 2.024 2.11 2.837 2.138 2.273 2.581 2.185 1.868 2.591 2.964 2.559 6.311 6.867 5.517 5.924 6.397 6.192 8.028 7.269,544.73,0.035835,3.337860107421875e-06,15.938289642333984,0.0075843009926511,0.0248218556752134,0.0798129949314066,0.0355613250219969,0.0173286406503662,0.001690050313629,0.0082341467739433,0.0276281667664073,0.0125396192122703,0.0054580313407363,0.001690050313629,0.0033364574856695,0.003973687724062,0.0036300574767189,0.0029714409202739,0.001690050313629,0.0033364574856695,0.003973687724062,0.0036300574767189,0.0029714409202739,0.001690050313629,0.0044770971402599,0.0082710721097723,0.0055593051193375,0.0035848385064926,0.001690050313629,0.0008234146773943,0.000276281667664,0.0006269809606135,0.0010916062681472,0.001690050313629,0.0082341467739433,0.0276281667664073,0.0125396192122703,0.0054580313407363,0.410484199785595,0.4265854809553034,0.4546308165626905,0.4339020917634205,0.4203927338456712,megamarket,sasrec,32,32,256,42
25,4.512 3.194,12.377 10.591 9.002 9.369 9.058 8.363 8.167 6.458 6.637 6.585 6.283 6.399 6.338 5.513 6.75 6.245 6.93 5.83 5.427 4.977 5.507 5.582 5.081 5.777 4.631 5.177 5.227 6.021 5.235 4.847 4.73 5.49 4.727 4.278 4.824 5.494 4.933 4.182 5.24 4.319 4.636 4.901 5.151 4.224 4.323 4.584 5.409 4.387 3.715 4.801 4.544 4.137 4.266 4.679 4.375 4.881 4.337 4.745 4.286 4.953 3.61 4.275 5.449 3.922 4.674 4.431 4.819 4.18 4.577 4.4 4.636 3.788 4.32 4.085 3.592 4.39 4.275 4.401 4.118 4.036 4.124 4.371 3.779 4.206 4.517 3.798 4.111 3.831 3.818 4.334 4.244 4.533 4.525 4.685 3.722 4.144 4.26 3.951 4.281 3.839 3.964 4.579 4.11 4.503 4.333 3.338 3.779 3.714 4.171 4.118 4.561 3.805 3.794 4.61 5.306 4.038 3.637 3.945 3.627 4.2 3.882 3.812 3.825 4.188 3.872 3.667 4.201 3.286 3.985 3.77 5.143 4.314 3.558 3.851 3.399 3.092 3.572 4.547 3.623 3.943 4.463 3.623 3.7 3.839 3.416 4.342 3.778 3.302 3.828 4.566 4.357 3.988 3.576 4.2 4.236 4.263 3.058 3.272 3.438 4.749 4.573 4.284 4.403 3.749 3.582 3.695 4.049 4.08 4.1 4.483 3.868 4.445 4.119 3.499 3.682 4.022 3.821 3.297 3.738 3.533 3.748 4.096 3.771 3.47 4.014 3.808 3.261 3.916 4.404 3.573 3.346 3.542 2.861 4.021 3.776 3.439 4.214 3.071 4.741 3.983 3.35 3.584 4.343 4.053 3.137 2.993 3.838 3.841 3.3 2.73 3.723 3.139 2.69 2.967 3.336 3.899 2.749 2.795 2.731 3.693 3.214 3.618 3.144 3.451 2.959 2.962 2.669 2.892 3.246 2.838 2.997 3.198 3.151 3.066 2.5 3.496 3.343 3.279 2.897 3.523 3.172 2.429 4.025 3.311 3.62 3.233 3.359 3.596 3.037 3.212 3.482 3.24 3.374 3.393 3.367 3.826 2.912 3.166 3.85 2.733 3.362 3.629 3.423 3.027 2.775 2.953 2.53 3.275 3.649 3.575 3.689 3.065 3.76 3.16 3.829 3.188 3.494 3.801 3.645 3.345 3.058 3.286 3.161 3.47 3.349 3.567 3.259 2.747 2.858 2.915 3.749 3.513 2.944 2.959 3.411 3.014 3.336 3.672 3.274 2.646 3.558 3.17 2.886 2.706 3.139 2.803 3.823 3.01 3.9 3.307 2.673 3.564 2.718 3.825 2.655 3.109 3.168 3.428 3.619 3.189 3.965 3.116 3.55 2.633 3.276 2.593 3.14 3.495 2.8 3.621 3.011 3.855 3.151 4.007 2.813 3.763 3.143 3.328 3.402 3.429 2.904 3.424 3.178 3.089 3.661 2.837 2.74 2.926 2.762 3.151 3.027 3.237 3.835 3.822 2.363 3.169 3.486 3.635 3.212 3.55 3.39 3.422 3.233 2.956 2.867 2.63 3.905 4.674 2.671 3.894 3.228 3.507 3.016 3.115 2.685 3.416 2.952 3.153 3.935 2.788 3.247 3.563 3.393 2.811 3.208 3.408 3.06 3.022 3.827 3.614 3.035 3.134 2.663 3.94 3.235 3.637 2.854 3.097 3.217 3.321 3.256 2.928 3.798 3.977 3.068 3.023 3.529 1.993 2.49 2.503 2.465 2.478 3.132 2.369 2.126 2.117 2.449 1.816 2.58 2.669 2.547 2.776 2.477 2.492 2.453 2.453 2.798 2.339 2.589 2.776 2.572 2.415 2.102 2.138 1.714 2.633 2.699 1.973 2.354 2.513 2.198 2.418 2.479 2.512 2.941 2.75 2.307 2.331 2.029 3.392 2.327 2.24 2.292 2.834 3.226 2.559 2.31 2.383 2.59 2.527 2.474 2.356 2.758 2.069 2.914 2.806 2.768 3.508 2.456 3.273 2.534 2.402 3.04 2.578 2.172 3.394 2.452 2.556 2.269 3.052 2.449 2.226 2.937 3.006 2.129 2.402 2.698 2.511 2.741 2.438 2.984 2.486 2.521 2.606 3.22 2.29 2.335 2.954 2.509 2.325 2.935 3.432 2.848 3.24 2.923 2.517 3.039 3.155 2.676 3.866 3.28 2.856 3.202 3.135 6.932 7.533 8.105 8.322 8.837,584.36,0.039501,0.1721148490905761,16.110401153564453,0.0070229140074108,0.025727138661346,0.0864709454351678,0.0375584003569082,0.017388744996468,0.0018285790278608,0.0093867056763525,0.0302879180796595,0.0137974599374958,0.0059678170091096,0.0018285790278608,0.0036701137888051,0.0043496635164193,0.0039706821741842,0.0032195920237013,0.0018285790278608,0.0036701137888051,0.0043496635164193,0.0039706821741842,0.0032195920237013,0.0018285790278608,0.0049958385667997,0.0090764304728665,0.0061041809837957,0.0038960648083503,0.0018285790278608,0.0009386705676352,0.0003028791807965,0.0006898729968747,0.0011935634018219,0.0018285790278608,0.0093867056763525,0.0302879180796595,0.0137974599374958,0.0059678170091096,0.3837742984950146,0.4132029698580052,0.4523644768477448,0.4242412293315914,0.4030973947736302,megamarket,sasrec,32,64,256,42
26,4.717 3.577,12.229 10.604 9.11 9.458 9.161 8.457 8.293 6.585 6.779 6.74 6.458 6.636 6.531 5.672 6.892 6.408 7.097 6.016 5.545 5.137 5.64 5.623 5.188 5.956 4.743 5.327 5.411 6.18 5.334 4.949 4.966 5.71 4.797 4.341 5.042 5.657 5.177 4.425 5.399 4.477 4.898 5.062 5.271 4.349 4.378 4.692 5.58 4.533 3.751 5.003 4.781 4.372 4.502 4.812 4.538 4.986 4.579 4.868 4.529 5.107 3.851 4.513 5.554 4.092 4.858 4.619 4.962 4.334 4.786 4.626 4.822 4.107 4.456 4.242 3.788 4.564 4.454 4.606 4.274 4.269 4.413 4.522 4.057 4.382 4.675 3.982 4.239 3.942 3.979 4.455 4.413 4.584 4.753 4.888 3.892 4.329 4.428 4.188 4.372 4.059 4.082 4.793 4.341 4.822 4.592 3.658 4.001 3.879 4.471 4.386 4.666 3.979 4.013 4.701 5.501 4.194 3.932 4.25 3.787 4.356 4.115 3.99 4.091 4.487 4.112 3.808 4.524 3.514 4.395 3.952 5.381 4.487 3.826 4.096 3.535 3.353 3.793 4.656 3.826 4.17 4.723 3.833 3.985 4.0 3.632 4.545 4.063 3.58 4.046 4.779 4.598 4.233 3.862 4.473 4.438 4.44 3.229 3.586 3.697 5.083 4.708 4.603 4.613 4.028 3.676 3.992 4.247 4.212 4.357 4.725 4.112 4.717 4.427 3.73 3.906 4.194 4.145 3.613 4.078 3.743 3.972 4.323 4.046 3.839 4.176 4.144 3.431 4.156 4.641 3.852 3.661 3.709 3.135 4.211 4.099 3.786 4.402 3.355 5.039 4.277 3.584 3.686 4.611 4.345 3.599 3.355 4.103 4.233 3.638 3.04 4.123 3.505 3.193 3.291 3.749 4.292 3.043 3.105 3.165 4.06 3.467 3.947 3.363 3.781 3.375 3.286 3.08 3.248 3.64 3.153 3.51 3.382 3.58 3.471 2.789 3.829 3.735 3.652 3.266 3.936 3.583 2.734 4.484 3.726 4.021 3.533 3.643 4.036 3.284 3.611 3.957 3.726 3.789 3.768 3.702 4.304 3.253 3.575 4.268 3.172 3.657 3.965 3.829 3.39 3.132 3.241 2.867 3.717 3.961 4.049 4.131 3.512 4.238 3.614 4.241 3.507 3.83 4.299 3.994 3.805 3.351 3.726 3.663 3.801 3.745 4.009 3.644 3.027 3.116 3.344 4.405 4.0 3.354 3.275 3.862 3.444 3.74 4.04 3.625 2.986 3.962 3.461 3.29 3.084 3.47 3.144 4.329 3.378 4.227 3.623 2.992 3.918 3.12 4.36 2.935 3.537 3.541 3.719 3.99 3.547 4.442 3.606 3.861 3.212 3.715 2.991 3.542 3.942 3.207 3.824 3.448 4.255 3.642 4.472 3.194 4.011 3.673 3.695 3.831 3.904 3.116 3.74 3.496 3.496 4.076 3.132 3.146 3.264 3.157 3.58 3.474 3.565 4.189 4.207 2.616 3.538 3.862 3.908 3.772 3.902 3.75 3.781 3.519 3.299 3.199 3.067 4.263 5.059 3.158 4.44 3.645 3.818 3.346 3.578 2.986 3.933 3.331 3.587 4.301 3.146 3.612 3.907 3.708 3.13 3.583 3.737 3.373 3.533 4.287 4.029 3.521 3.502 3.114 4.368 3.545 3.924 3.288 3.571 3.64 3.869 3.693 3.4 4.241 4.473 3.351 3.388 4.026 2.308 3.093 2.937 2.937 2.945 3.713 2.995 2.6 2.564 2.921 2.167 3.232 3.139 3.033 3.313 3.042 3.063 3.176 3.082 3.229 2.838 3.136 3.359 3.251 3.016 2.64 2.663 2.027 3.148 3.314 2.441 2.868 3.103 2.898 2.885 3.235 3.045 3.527 3.454 3.07 2.953 2.584 4.157 3.065 2.904 2.897 3.572 4.097 3.284 3.116 3.147 3.475 3.573 3.465 3.561 3.817 2.81 3.948 3.851 7.587 11.278 9.837 11.043 10.306 9.333,667.59,0.046264,0.1721148490905761,16.148908138275146,0.0080347737721983,0.0277229747313893,0.0917749990705513,0.0389928494417111,0.0194310534990643,0.0023162001019571,0.0115643770640778,0.0336735598554868,0.0169947026619677,0.007685573065585,0.0023162001019571,0.0046755881797274,0.0054321600586319,0.0050462737341937,0.0041656507894289,0.0023162001019571,0.0046755881797274,0.0054321600586319,0.0050462737341937,0.0041656507894289,0.0023162001019571,0.0062806678953115,0.0106574684118862,0.0076458575389534,0.0050341297430007,0.0023162001019571,0.0011564377064077,0.0003367355985548,0.0008497351330983,0.001537114613117,0.0023162001019571,0.0115643770640778,0.0336735598554868,0.0169947026619677,0.007685573065585,0.3889784084413511,0.4206840621769559,0.4646832312844631,0.4331020481091954,0.4094181112163488,megamarket,sasrec,32,128,256,42
27,4.936 3.984,12.066 10.693 9.262 9.607 9.323 8.633 8.453 6.839 7.05 6.949 6.71 6.951 6.779 5.922 7.101 6.586 7.295 6.063 5.707 5.361 5.852 5.856 5.292 6.12 4.965 5.46 5.472 6.384 5.47 5.188 5.068 5.892 4.988 4.591 5.087 5.746 5.204 4.492 5.587 4.672 5.089 5.185 5.463 4.46 4.665 4.88 5.777 4.806 3.955 5.195 4.937 4.534 4.574 5.008 4.715 5.155 4.725 4.981 4.75 5.332 4.067 4.676 5.686 4.31 4.978 4.839 5.143 4.449 4.938 4.744 5.003 4.253 4.712 4.512 3.992 4.797 4.648 4.866 4.545 4.464 4.677 4.793 4.205 4.652 4.828 4.136 4.473 4.088 4.229 4.677 4.699 4.857 4.807 5.121 4.103 4.558 4.612 4.446 4.696 4.33 4.287 5.059 4.585 5.058 4.769 3.942 4.236 4.072 4.714 4.624 4.846 4.197 4.183 4.906 5.644 4.42 4.168 4.41 4.051 4.597 4.345 4.266 4.228 4.559 4.365 4.09 4.796 3.778 4.574 4.177 5.639 4.811 4.03 4.313 3.909 3.522 4.013 4.915 4.049 4.368 5.033 4.155 4.139 4.254 3.789 4.774 4.301 3.792 4.334 5.041 4.847 4.516 4.152 4.86 4.594 4.69 3.569 3.812 4.032 5.259 5.079 4.756 4.858 4.349 4.07 4.231 4.535 4.581 4.687 5.04 4.297 4.975 4.682 3.95 4.101 4.439 4.276 3.869 4.352 4.094 4.264 4.594 4.297 4.199 4.464 4.368 3.549 4.474 4.885 4.125 3.919 4.052 3.375 4.533 4.417 4.22 4.703 3.64 5.376 4.475 3.854 3.976 4.841 4.78 3.807 3.698 4.456 4.633 4.066 3.482 4.66 3.836 3.413 3.592 4.1 4.807 3.43 3.465 3.447 4.402 3.843 4.462 3.849 4.187 3.702 3.684 3.473 3.665 4.032 3.521 3.892 3.958 3.96 3.906 3.165 4.228 4.113 4.094 3.619 4.286 3.944 3.08 4.885 4.068 4.586 4.003 3.948 4.401 3.617 4.007 4.354 4.132 4.227 4.113 4.225 4.738 3.752 4.033 4.665 3.568 4.112 4.301 4.271 3.884 3.491 3.696 3.203 4.042 4.34 4.589 4.657 4.005 4.56 4.068 4.619 3.946 4.221 4.773 4.399 4.208 3.873 4.123 3.919 4.306 4.238 4.38 4.076 3.308 3.518 3.694 4.935 4.404 3.785 3.689 4.28 3.885 4.103 4.392 4.12 3.43 4.378 3.892 3.788 3.443 3.78 3.484 4.765 3.761 4.726 4.017 3.37 4.438 3.515 4.675 3.336 3.843 3.954 4.188 4.382 3.866 5.053 4.014 4.319 3.57 3.949 3.364 3.962 4.385 3.607 4.316 3.801 4.748 4.054 5.016 3.583 4.561 4.136 4.173 4.211 4.225 3.453 4.034 3.846 3.785 4.495 3.468 3.601 3.772 3.484 4.001 3.885 4.014 4.544 4.661 2.906 4.038 4.265 4.375 4.121 4.295 4.078 4.074 3.952 3.638 3.543 3.498 4.688 5.566 3.481 4.988 4.072 4.21 3.705 3.956 3.432 4.415 3.831 3.973 4.729 3.62 4.238 4.242 3.996 3.576 3.84 4.152 3.678 3.945 4.729 4.525 3.977 3.887 3.487 4.684 3.979 4.208 3.629 3.91 4.04 4.211 4.092 3.677 4.702 4.982 3.645 3.742 4.365 2.736 3.739 3.487 3.399 3.546 4.327 3.71 3.155 3.059 3.403 2.606 3.792 3.719 3.551 4.037 3.556 3.566 3.681 3.641 3.853 3.404 3.757 3.918 3.86 3.529 3.148 3.276 2.706 3.819 3.956 2.882 3.569 3.675 3.701 3.379 3.735 3.733 4.168 4.126 3.563 3.472 3.201 4.916 3.712 3.58 3.563 4.106 4.854 3.935 3.895 4.13 4.273 3.896 3.753 3.927 4.064 3.098 4.5 13.499 13.96 14.534 12.918 14.847 13.949,823.06,0.061573,0.1721148490905761,19.30638360977173,0.008956167201616,0.0292559453732046,0.0878818484874772,0.0398423655087801,0.0210080180436964,0.0027650331360684,0.0126116541436709,0.0357237848261187,0.0181583438615156,0.0085001219052685,0.0027650331360684,0.0052598737110672,0.0060554429490215,0.0056396032562694,0.0047165333096911,0.0027650331360684,0.0052598737110672,0.0060554429490215,0.0056396032562694,0.0047165333096911,0.0027650331360684,0.0069734470832658,0.0115586932172182,0.0083694726938508,0.0056491651973539,0.0027650331360684,0.001261165414367,0.0003572378482611,0.0009079171930757,0.0017000243810537,0.0027650331360684,0.0126116541436709,0.0357237848261187,0.0181583438615156,0.0085001219052685,0.3897803299984365,0.4233436181668363,0.4675650078268644,0.4360294877029305,0.4115449416620268,megamarket,sasrec,32,256,256,42
28,5.203 4.389,12.022 10.83 9.467 9.794 9.543 8.937 8.676 7.061 7.313 7.271 7.012 7.282 7.099 6.287 7.383 7.002 7.627 6.481 6.031 5.643 6.092 6.272 5.598 6.44 5.136 5.752 5.748 6.551 5.713 5.355 5.261 5.985 5.187 4.805 5.294 5.99 5.446 4.725 5.723 4.84 5.236 5.358 5.641 4.718 4.887 5.077 6.033 5.011 4.151 5.385 5.177 4.816 4.85 5.195 4.91 5.392 4.992 5.297 4.953 5.549 4.226 4.911 5.891 4.604 5.203 5.036 5.443 4.656 5.201 5.024 5.317 4.583 4.893 4.76 4.28 5.142 4.926 5.155 4.792 4.675 4.802 4.99 4.492 4.897 5.118 4.406 4.832 4.289 4.391 4.816 4.955 5.084 5.056 5.319 4.325 4.764 4.879 4.611 4.852 4.548 4.598 5.343 4.851 5.293 4.977 4.295 4.621 4.357 4.987 4.853 5.149 4.396 4.539 5.204 5.958 4.679 4.517 4.717 4.337 4.941 4.609 4.598 4.593 4.934 4.791 4.368 5.151 3.97 4.883 4.498 6.0 5.04 4.334 4.538 4.107 3.848 4.283 5.18 4.302 4.715 5.347 4.478 4.432 4.596 4.075 5.151 4.609 4.097 4.668 5.364 5.167 4.888 4.347 5.151 4.922 5.031 3.913 4.097 4.36 5.638 5.29 5.023 5.193 4.623 4.414 4.586 4.801 4.771 5.016 5.418 4.583 5.286 4.896 4.367 4.313 4.71 4.59 4.187 4.697 4.392 4.648 4.777 4.587 4.519 4.672 4.765 3.826 4.838 5.121 4.391 4.205 4.225 3.657 4.754 4.72 4.587 4.988 3.945 5.784 4.68 4.236 4.233 5.12 5.231 4.279 4.002 4.88 5.016 4.449 3.881 5.058 4.151 3.897 4.096 4.544 5.268 3.828 3.891 3.971 4.776 4.322 4.735 4.201 4.582 4.13 4.126 3.91 4.009 4.399 3.945 4.374 4.33 4.405 4.49 3.508 4.668 4.55 4.427 3.975 4.75 4.438 3.409 5.246 4.448 4.979 4.415 4.33 4.851 4.097 4.42 4.863 4.573 4.634 4.49 4.557 5.215 4.18 4.48 5.154 4.018 4.619 4.672 4.578 4.422 3.908 4.036 3.65 4.545 4.785 5.215 5.083 4.525 4.985 4.593 5.065 4.372 4.662 5.195 4.841 4.663 4.262 4.598 4.29 4.571 4.711 4.807 4.524 3.801 3.891 4.062 5.391 4.829 4.181 4.179 4.704 4.225 4.41 4.822 4.419 3.779 4.671 4.22 4.246 3.803 4.209 3.881 5.047 4.269 5.146 4.427 3.805 4.928 3.814 5.004 3.848 4.304 4.273 4.545 4.84 4.322 5.523 4.45 4.707 3.979 4.258 3.759 4.391 4.75 3.939 4.715 4.335 5.172 4.449 5.455 4.064 5.008 4.558 4.608 4.56 4.658 3.856 4.437 4.265 4.129 4.93 3.921 4.052 4.083 3.887 4.36 4.259 4.312 4.852 5.051 3.369 4.447 4.588 4.733 4.632 4.672 4.511 4.363 4.317 4.032 3.893 3.976 4.972 6.017 3.828 5.383 4.55 4.597 3.979 4.267 3.864 4.859 4.186 4.301 5.158 3.941 4.74 4.633 4.34 3.928 4.177 4.538 4.058 4.368 5.074 4.86 4.341 4.252 3.955 5.032 4.346 4.619 3.983 4.221 4.353 4.536 4.491 4.078 4.983 5.346 4.105 4.099 4.636 3.081 4.144 4.073 3.811 3.986 4.908 4.153 3.553 3.63 3.94 2.964 4.332 4.147 4.162 4.574 4.073 4.011 4.211 4.211 4.337 3.942 4.242 4.524 4.398 4.012 3.653 3.706 3.106 4.278 4.447 3.381 4.049 4.06 4.134 3.734 4.18 4.365 4.625 4.614 4.112 3.854 3.62 5.173 3.903 3.947 3.792 4.434 5.196 4.114 3.931 4.188 4.383 4.055 4.002 4.119 4.33 3.315 4.567 4.481 4.302 5.338 3.965 5.182 4.074 3.962 4.826 4.107 3.68 4.989 4.094 4.134 3.759 4.496 3.989 3.584 4.453 4.619 3.991 3.873 4.28 4.033 4.365 3.87 4.645 3.825 4.058 3.909 4.59 3.638 3.899 4.449 3.892 3.661 4.418 4.982 4.274 4.477 4.503 3.405 4.0 4.484 4.002 5.486 4.852 4.296 4.656 4.587 3.752 3.948 4.244 4.578 4.963 4.347 4.534 3.851 4.019 3.987 4.408 5.61 4.394 4.679 3.781 5.545 5.131 4.291 5.278 5.091 4.969 4.189 4.485 5.04 4.244 9.627 12.823 13.096 12.204 12.338 11.348 12.595 13.228 12.064 12.373 11.734 11.799 13.052 11.942 13.07 12.064,1206.9,0.096176,0.1721148490905761,27.695490837097168,0.0113374146456322,0.0331856542698871,0.0976974458751068,0.043654344242995,0.0247264322803712,0.0030919609016556,0.0139082829088813,0.0356240441518718,0.0194328080324489,0.0095030697963073,0.0030919609016556,0.0058852275090056,0.0066484111721402,0.0062651474971934,0.0053071273946997,0.0030919609016556,0.0058852275090056,0.0066484111721402,0.0062651474971934,0.0053071273946997,0.0030919609016556,0.0077584833943421,0.0120901953071569,0.0091508356031223,0.0063437148307568,0.0030919609016556,0.0013908282908881,0.0003562404415187,0.0009716404016224,0.0019006139592614,0.0030919609016556,0.0139082829088813,0.0356240441518718,0.0194328080324489,0.0095030697963073,0.406701563449259,0.4393696448433811,0.4785014921577851,0.4510845088014469,0.4282302448738011,megamarket,sasrec,32,512,256,42
29,5.532 4.796 4.604 4.575 4.57,12.068 11.133 9.675 9.984 9.792 9.185 8.948 7.337 7.625 7.598 7.343 7.641 7.451 6.646 7.659 7.336 7.992 6.933 6.508 6.091 6.572 6.716 6.07 6.937 5.564 6.21 6.318 6.924 6.107 5.823 5.665 6.364 5.703 5.289 5.741 6.493 5.87 5.146 6.111 5.244 5.649 5.793 6.07 4.928 5.183 5.496 6.394 5.364 4.438 5.695 5.436 5.086 5.227 5.454 5.333 5.754 5.286 5.567 5.21 5.922 4.56 5.196 6.134 4.852 5.443 5.32 5.765 4.934 5.527 5.36 5.643 4.785 5.195 4.984 4.576 5.579 5.252 5.392 5.199 5.033 5.264 5.33 4.824 5.294 5.378 4.705 5.112 4.647 4.793 5.059 5.257 5.361 5.31 5.675 4.546 5.074 5.166 4.908 5.143 4.861 4.839 5.759 5.11 5.617 5.354 4.557 4.866 4.647 5.288 5.177 5.349 4.687 4.808 5.422 6.237 4.943 4.881 4.883 4.667 5.322 4.864 4.892 4.835 5.102 5.065 4.616 5.42 4.204 5.078 4.844 6.318 5.386 4.635 4.914 4.56 4.244 4.659 5.477 4.557 5.175 5.637 4.822 4.765 4.901 4.464 5.345 4.874 4.414 4.946 5.658 5.482 5.254 4.747 5.547 5.265 5.374 4.23 4.411 4.721 6.054 5.744 5.438 5.412 5.01 4.682 4.969 5.141 5.149 5.283 5.711 4.951 5.666 5.224 4.632 4.668 5.138 4.885 4.546 5.067 4.699 5.007 5.091 4.958 4.928 4.926 5.133 4.102 5.196 5.463 4.73 4.653 4.542 4.082 5.058 5.084 4.97 5.416 4.433 6.14 5.045 4.598 4.418 5.389 5.635 4.816 4.376 5.23 5.533 5.016 4.386 5.425 4.629 4.265 4.54 4.943 5.635 4.25 4.27 4.477 5.206 4.727 5.131 4.741 4.945 4.64 4.583 4.328 4.436 4.89 4.441 4.857 4.734 4.825 4.893 3.964 5.116 5.131 4.902 4.41 5.156 4.845 3.863 5.795 4.861 5.457 4.993 4.766 5.223 4.523 4.944 5.314 4.967 5.179 5.011 5.072 5.626 4.641 4.952 5.606 4.395 5.011 5.117 5.057 4.875 4.269 4.558 4.066 4.897 5.16 5.715 5.477 5.021 5.297 5.092 5.334 4.716 5.143 5.719 5.325 5.175 4.677 5.039 4.782 4.993 5.182 5.253 4.87 4.232 4.359 4.41 5.877 5.236 4.621 4.554 5.069 4.467 4.884 5.244 4.88 4.207 5.121 4.658 4.619 4.23 4.52 4.211 5.564 4.57 5.637 4.843 4.146 5.243 4.276 5.545 4.236 4.672 4.767 4.99 5.253 4.663 5.99 4.825 5.175 4.383 4.726 4.126 4.772 5.176 4.354 5.047 4.733 5.48 4.786 5.834 4.454 5.28 5.097 5.034 4.928 5.121 4.088 4.822 4.667 4.505 5.376 4.299 4.442 4.309 4.215 4.804 4.615 4.648 5.201 5.362 3.679 4.969 4.908 5.001 4.977 4.961 4.841 4.683 4.586 4.339 4.203 4.382 5.241 6.328 4.181 5.769 4.916 4.957 4.344 4.692 4.164 5.217 4.469 4.659 5.567 4.301 5.091 4.997 4.57 4.257 4.52 4.808 4.406 4.713 5.392 5.24 4.721 4.545 4.215 5.27 4.632 4.907 4.37 4.496 4.703 4.859 4.871 4.345 5.225 5.694 4.328 4.37 4.94 3.466 4.626 4.418 4.273 4.346 5.303 4.584 4.051 4.005 4.372 3.433 4.794 4.649 4.572 5.023 4.489 4.478 4.635 4.645 4.817 4.383 4.628 4.818 4.856 4.482 4.081 4.241 3.569 4.759 4.805 3.865 4.514 4.434 4.62 4.31 4.563 4.724 4.976 4.983 4.45 4.244 4.006 5.427 4.218 4.391 4.236 4.814 5.695 4.51 4.194 4.639 4.775 4.462 4.52 4.443 4.628 3.731 5.044 4.84 4.574 5.689 4.319 5.48 4.351 4.446 5.205 4.482 4.256 5.346 4.464 4.357 4.27 4.956 4.359 4.048 4.806 4.908 4.428 4.196 4.535 4.355 4.718 4.161 4.967 4.134 4.414 4.243 4.925 3.946 4.443 4.71 4.225 4.035 4.845 5.417 4.58 4.736 4.774 3.726 4.303 4.897 4.329 5.76 5.071 4.553 4.978 4.829 4.003 4.19 4.417 4.72 4.986 4.504 4.698 4.024 4.212 4.109 4.471 5.679 4.574 4.752 3.804 5.511 4.985 4.298 5.078 4.908 4.727 3.951 4.365 4.788 3.981 4.219 4.707 4.869 4.406 4.789 4.513 4.73 5.117 4.77 3.977 4.61 4.675 5.251 4.288 4.681 4.559 3.478 5.008 5.254 5.135 4.729 4.334 5.292 5.123 4.999 4.972 5.585 5.212 4.28 4.325 4.646 4.175 4.453 4.718 4.961 4.184 4.579 4.115 3.831 4.425 5.574 4.848 5.294 4.526 4.744 4.636 4.579 5.073 4.617 4.17 4.834 4.962 4.203 3.935 4.638 4.842 4.542 4.156 4.354 4.257 5.158 4.835 4.192 4.757 4.767 4.695 4.787 4.572 4.771 4.831 5.076 4.539 3.076 4.458 3.721 4.098 3.885 4.546 3.843 4.201 3.576 4.05 5.039 4.217 4.607 4.294 4.128 4.845 4.612 3.705 4.532 4.912 4.257 4.665 4.817 4.423 5.08 4.234 4.861 3.775 4.336 4.802 4.623 4.584 4.67 3.875 4.018 4.838 4.567 4.506 4.994 4.401 3.869 4.568 4.966 4.511 4.477 3.803 4.828 4.269 4.523 5.649 4.847 4.614 4.448 5.389 4.368 4.414 4.593 5.575 4.9 3.874 4.669 4.18 4.156 4.36 5.172 5.108 3.959 4.471 4.854 4.84 4.505 4.181 4.214 4.088 5.108 4.921 3.954 4.221 5.079 5.021 4.505 4.62 4.676 4.508 4.258 4.233 4.542 5.08 4.659 4.883 4.526 4.279 5.587 4.876 4.576 4.142 4.127 4.378 4.45 5.974 5.161 4.884 5.005 5.009 3.868 5.49 4.677 4.766 4.428 4.828 3.723 4.357 5.29 5.024 4.381 4.828 5.578 5.334 4.526 4.643 4.672 3.657 4.825 5.562 5.155 4.453 4.699 3.886 5.114 4.693 4.401 4.53 5.027 4.615 4.586 4.447 4.087 4.649 4.722 4.024 4.172 4.266 5.099 4.489 4.424 4.558 4.545 5.351 5.34 4.778 4.189 4.76 4.822 4.013 4.763 4.126 4.569 5.534 3.781 4.782 4.582 4.71 5.196 4.764 5.087 4.37 4.864 4.432 4.477 5.141 4.497 4.408 5.3 4.678 4.524 5.343 4.458 4.973 4.887 4.969 5.028 4.411 4.689 5.519 5.023 4.749 4.413 4.464 4.771 4.796 4.502 4.746 4.553 5.077 4.586 4.988 4.867 4.849 4.322 4.215 4.101 3.393 5.128 4.402 3.475 3.318 3.845 3.857 3.205 4.061 3.795 4.482 4.27 3.269 4.211 4.401 3.925 4.657 3.731 3.931 4.871 4.559 4.436 4.623 4.778 4.422 3.939 4.94 4.744 4.411 4.811 4.832 4.141 4.162 4.838 4.337 3.849 4.878 4.76 4.415 5.026 3.952 5.219 4.231 4.28 4.275 4.538 5.337 4.964 4.198 4.422 3.994 4.544 5.0 4.44 4.426 4.775 4.48 3.491 3.946 3.856 4.616 4.379 5.089 4.231 4.767 4.417 4.666 4.593 4.738 4.527 4.942 4.224 4.837 4.314 5.015 3.924 5.283 4.136 4.135 4.019 4.347 4.296 4.794 3.704 4.66 4.751 4.271 4.372 4.718 4.635 3.924 4.828 5.061 4.545 4.564 4.842 4.592 4.538 4.548 4.983 4.907 4.55 4.501 4.651 4.726 4.942 4.002 5.636 4.545 4.466 4.423 4.126 4.798 4.827 3.795 5.557 5.311 4.196 5.185 4.656 4.703 4.585 3.91 4.352 5.012 4.379 4.952 4.621 3.775 4.503 4.764 4.852 5.113 4.329 4.417 4.645 4.28 4.254 4.307 4.879 4.135 4.639 4.029 4.616 4.147 4.737 4.36 3.541 4.841 4.848 4.191 4.474 3.995 4.565 4.622 5.333 4.538 4.684 4.586 4.698 4.79 4.302 4.133 4.499 4.434 4.726 4.73 4.21 4.602 5.096 4.857 4.647 4.208 4.915 4.305 5.715 4.611 3.966 5.142 4.798 4.732 4.403 4.314 4.396 4.578 4.316 4.087 4.211 4.359 4.358 5.461 4.106 4.54 5.22 5.829 4.845 4.224 5.117 4.701 4.281 5.071 4.351 5.153 4.52 4.708 3.791,2052.5,0.16235,0.1721148490905761,45.51999187469482,0.0132632322506289,0.0353977420594103,0.0949159158787007,0.0454382660205965,0.027271262686974,0.0034188886672429,0.014323869051577,0.0338120885697187,0.0199148879579759,0.0097912095219097,0.0034188886672429,0.0061944389912506,0.0069191542003632,0.0065802072647657,0.0055994229817289,0.0034188886672429,0.0061944389912506,0.0069191542003632,0.0065802072647657,0.0055994229817289,0.0034188886672429,0.0080893425470334,0.0120436673086424,0.0095002271634004,0.0066333939268666,0.0034188886672429,0.0014323869051577,0.0003381208856971,0.0009957443978987,0.0019582419043819,0.0034188886672429,0.014323869051577,0.0338120885697187,0.0199148879579759,0.0097912095219097,0.4245603195533435,0.4525842029678191,0.4873106398929625,0.4628924330053897,0.4429051434499707,megamarket,sasrec,32,1024,256,42
30,4.02 2.567 1.98,12.229 10.032 10.378 8.05 8.525 7.995 7.181 7.435 7.103 6.116 6.651 5.953 6.286 5.058 5.43 5.091 5.067 5.497 5.31 4.29 4.31 5.613 4.801 5.04 5.232 4.446 4.641 5.681 5.136 4.94 5.025 4.648 4.302 4.498 4.191 4.326 4.985 4.044 4.655 3.602 4.611 4.673 3.956 4.133 4.311 3.639 3.353 3.873 4.135 4.73 3.645 5.073 3.995 3.997 3.119 3.545 3.574 4.236 4.129 4.633 4.381 4.194 3.681 4.005 3.426 4.346 3.652 3.904 4.012 3.766 3.562 3.882 3.961 3.606 3.984 4.348 3.269 3.683 4.109 4.592 4.612 4.254 3.513 3.943 4.357 3.603 3.652 4.164 4.327 3.473 2.914 3.481 3.707 3.081 3.486 2.958 3.972 3.355 2.703 3.641 3.45 3.76 3.316 3.726 3.445 3.461 2.939 3.134 3.658 3.236 2.817 3.315 3.904 3.521 3.151 3.818 3.58 3.581 3.244 3.523 3.057 3.375 3.679 3.788 3.207 2.499 3.567 3.599 3.201 3.046 3.155 4.046 3.401 2.816 3.27 3.06 3.226 3.359 3.363 2.2 3.122 3.602 2.891 3.939 3.415 3.364 3.701 3.599 3.098 3.221 3.352 3.284 3.254 3.107 3.931 3.301 3.392 3.424 2.685 3.827 3.83 2.409 3.939 2.721 3.31 3.362 3.177 2.799 2.774 3.675 3.449 2.987 3.397 3.452 3.54 3.511 2.92 4.493 3.255 2.936 2.88 3.247 3.082 3.487 2.992 3.39 2.825 3.314 2.962 4.009 3.064 4.011 3.418 3.333 2.742 3.052 3.52 3.128 4.031 3.216 3.665 3.225 2.662 3.048 2.207 2.328 2.437 2.379 2.784 2.431 3.009 2.583 2.421 2.087 2.861 2.159 2.861 1.708 2.373 2.283 2.477 2.324 2.908 2.414 2.03 2.124 2.372 2.1 2.415 2.565 2.44 2.061 2.798 2.482 2.222 2.61 2.043 2.016 2.8 2.715 2.502 2.953 2.57 2.73 2.669 2.256 2.095 2.199 2.478 2.877 2.163 2.012 3.113 2.519 2.594 1.786 2.433 2.749 2.144 2.448 2.328 1.964 2.177 2.264 2.11 2.828 2.666 1.827 2.486 3.701 2.188 2.211 2.578 2.489 2.164 2.443 2.703 2.742 2.358 1.977 2.643 2.238 2.222 2.36 2.793 2.267 2.523 3.299 2.086 2.855 2.606 2.213 2.291 2.272 2.423 3.214 2.655 2.31 2.07 2.196 2.43 1.905 3.009 2.629 2.281 2.208 3.608 2.575 2.827 3.109 2.497 2.573 2.344 2.561 2.386 2.6 2.788 2.946 2.78 2.848 2.449 2.671 2.811 3.252 2.185 2.044 2.485 2.549 2.698 2.479 2.572 2.616 2.484 2.943 2.11 2.936 2.678 2.576 2.52 2.518 2.749 2.948 2.069 2.491 2.669 2.556 2.672 2.643 2.66 3.03 2.253 2.565 2.579 2.132 2.601 3.056 2.636 2.667 2.418 1.94 2.675 2.233 2.667 2.595 2.712 2.629 2.397 2.373 2.313 3.052 2.73 2.148 2.739 2.184 2.52 2.299 2.468 2.655 2.867 2.859 2.471 2.847 2.929 2.335 2.365 2.683 2.546 2.895 3.037 2.372 2.837 3.013 2.118 2.656 2.794 2.302 2.569 1.853 2.747 2.235 1.927 2.216 2.897 2.716 2.484 2.733 2.793 2.233 1.807 1.321 1.92 2.103 2.03 2.426 1.668 2.074 1.665 1.703 1.81 1.966 1.644 1.714 1.625 2.255 1.87 1.656 2.15 2.081 2.108 1.909 1.759 1.553 2.551 1.929 1.786 1.982 1.913 2.096 1.278 2.574 2.083 2.296 1.645 2.094 2.066 1.789 1.863 1.951 1.498 1.184 1.707 2.063 2.26 1.769 1.999 1.921 1.626 1.308 1.618 2.252 1.866 2.363 1.843 2.0 1.792 2.467 1.969 1.81 1.716 1.812 1.75 1.526 1.987 1.947 2.052 1.343 1.706 2.775 1.252 1.783 1.842 1.867 2.159 2.247 2.188 2.093 1.646 2.191 2.186 1.768 2.018 2.15 1.765 1.921 1.914 1.418 2.002 2.032 1.563 2.296 2.17 2.264 2.26 2.146 1.674 1.761 1.708 2.003 2.017 2.301 2.261 1.936 1.659 1.894 1.999 1.996 2.027 1.94 2.029 1.78 2.565 1.862 2.453 2.291 1.999 2.056 1.887 1.866 1.823 1.791 1.971 1.706 1.714 1.742 1.293 1.982 2.283 1.924 2.912 1.861 1.825 1.818 2.578 2.514 1.922 1.804 1.929 2.031 1.956 2.372 1.81 2.286 1.832 1.565 1.99 1.899 1.962 1.907 2.094 2.314 1.913 2.231 1.508 2.057 2.104 2.102 1.672 1.876 2.267 1.92 2.082 2.028 2.28 1.975 2.005 2.314 2.015 2.323 2.171 2.351 2.079 2.109 2.561 2.033 1.909 2.268 2.315 2.184 2.532 1.75 2.2 2.263 2.423 2.552 2.44 1.879 2.224 1.942 1.991 2.037 2.484 2.488 2.243 2.239 2.296 2.068 2.475 2.152 1.912 1.964 2.298 1.484 1.573 1.816 1.914 3.268 3.288 3.197 5.138,728.27,0.050528,3.337860107421875e-06,71.69521713256836,0.0086698970170894,0.0295205284225397,0.0969396354082758,0.0425848586618417,0.0203970604637329,0.0018396613249994,0.009314670744952,0.0307367511137708,0.0138750360174657,0.0060010639005253,0.0018396613249994,0.0037007748108885,0.0043994920257496,0.0040149373512171,0.0032642906221601,0.0018396613249994,0.0037007748108885,0.0043994920257496,0.0040149373512171,0.0032642906221601,0.0018396613249994,0.0050053460669753,0.0091882363222903,0.0061553480348448,0.0039395244983274,0.0018396613249994,0.0009314670744952,0.0003073675111377,0.0006937518008732,0.001200212780105,0.0018396613249994,0.009314670744952,0.0307367511137708,0.0138750360174657,0.0060010639005253,0.4112519980874688,0.4342269036603777,0.4689333767390589,0.4437619780512934,0.4257080123299777,megamarket,sasrec,32,32,512,42
31,4.244 2.963,12.056 9.897 10.434 8.18 8.547 8.074 7.259 7.543 7.215 6.279 6.849 5.98 6.399 5.133 5.565 5.172 5.226 5.577 5.415 4.393 4.405 5.675 4.935 5.251 5.367 4.578 4.893 5.82 5.295 5.189 5.198 4.872 4.506 4.659 4.357 4.473 5.115 4.156 4.76 3.8 4.858 4.917 4.189 4.213 4.466 3.789 3.514 4.061 4.374 4.918 3.826 5.25 4.276 4.126 3.326 3.794 3.761 4.384 4.389 4.688 4.741 4.563 3.917 4.172 3.682 4.563 3.999 4.1 4.172 3.968 3.784 4.157 4.286 3.762 4.205 4.558 3.612 3.843 4.367 4.837 4.755 4.363 3.776 4.282 4.562 3.853 4.012 4.292 4.582 3.788 3.112 3.775 3.958 3.302 3.708 3.193 4.111 3.596 3.006 3.889 3.706 4.122 3.658 3.892 3.797 3.607 3.227 3.458 3.952 3.444 3.013 3.57 4.176 3.708 3.335 4.039 3.728 3.867 3.523 3.644 3.399 3.569 3.871 4.037 3.45 2.928 3.85 3.774 3.455 3.289 3.471 4.316 3.754 3.036 3.631 3.338 3.488 3.588 3.599 2.409 3.419 3.866 3.13 4.194 3.701 3.65 3.962 3.773 3.382 3.533 3.612 3.503 3.477 3.25 4.196 3.684 3.609 3.678 2.989 4.102 4.085 2.678 4.372 2.954 3.568 3.589 3.383 3.066 3.033 3.799 3.685 3.314 3.685 3.67 3.8 3.838 3.242 4.732 3.426 3.366 3.103 3.427 3.327 3.822 3.211 3.692 3.03 3.467 3.262 4.254 3.408 4.167 3.809 3.617 3.12 3.446 3.896 3.323 4.416 3.493 3.864 3.51 3.042 3.424 2.564 2.667 2.814 2.681 3.175 2.734 3.452 2.875 2.596 2.478 3.096 2.514 3.216 2.082 2.785 2.716 2.925 2.768 3.385 2.841 2.397 2.525 2.704 2.364 2.84 3.026 2.851 2.45 3.226 2.838 2.573 2.985 2.508 2.318 3.252 3.012 2.877 3.329 2.965 3.172 3.152 2.647 2.454 2.572 2.93 3.343 2.614 2.346 3.451 2.902 2.978 2.209 2.869 3.179 2.623 2.79 2.684 2.336 2.513 2.553 2.5 3.31 3.109 2.121 2.947 4.027 2.573 2.558 2.933 2.93 2.487 2.842 3.163 3.196 2.731 2.307 2.961 2.634 2.641 2.65 3.223 2.621 2.923 3.673 2.45 3.305 3.041 2.644 2.787 2.653 2.872 3.704 3.076 2.725 2.378 2.592 2.829 2.186 3.495 3.118 2.596 2.643 4.24 3.02 3.138 3.514 2.868 2.901 2.646 2.924 2.768 3.008 3.282 3.318 3.041 3.358 2.901 3.183 3.267 3.848 2.492 2.455 2.905 3.004 3.134 2.87 2.941 2.973 2.936 3.418 2.567 3.39 3.18 3.082 2.939 2.936 3.297 3.296 2.466 2.915 2.991 2.907 3.126 3.048 3.101 3.538 2.69 2.964 2.907 2.561 3.078 3.5 3.07 3.005 2.823 2.332 2.992 2.56 3.121 3.044 3.094 3.095 2.715 2.761 2.646 3.285 3.017 2.552 3.101 2.503 3.022 2.655 2.792 2.899 3.064 3.327 2.891 3.246 3.357 2.755 2.716 3.114 3.032 3.326 3.34 2.869 3.24 3.4 2.461 3.027 3.161 2.679 3.039 2.151 3.086 2.546 2.205 2.696 3.319 3.105 2.954 3.117 3.106 2.865 2.382 1.638 2.452 2.773 2.53 2.995 2.161 2.668 2.166 2.06 2.44 2.523 2.245 2.163 2.168 2.794 2.369 2.097 2.739 2.815 2.661 2.537 2.2 2.064 3.226 2.446 2.319 2.429 2.589 2.517 1.759 3.383 2.759 2.771 2.189 2.698 2.59 2.197 2.484 2.419 1.977 1.527 2.244 2.625 2.812 2.23 2.556 2.512 2.147 1.7 2.092 2.826 2.505 2.929 2.429 2.475 2.253 3.029 2.62 2.418 2.185 2.333 2.308 1.988 2.535 2.466 2.615 1.762 2.091 3.371 1.718 2.387 2.448 2.344 2.638 2.91 2.716 2.63 2.098 2.723 2.811 2.361 2.581 2.643 2.327 2.494 2.557 1.844 2.637 2.668 2.132 2.865 2.809 2.874 2.834 2.772 2.169 2.228 2.211 2.642 2.48 2.977 2.988 2.514 2.025 2.405 2.553 2.568 2.675 2.443 2.538 2.29 3.235 2.507 2.974 2.973 2.628 2.582 2.498 2.359 2.402 2.34 2.366 2.089 2.179 2.135 1.76 2.496 2.898 2.686 3.726 2.295 2.231 2.453 3.001 3.14 2.425 2.306 2.357 2.683 2.501 3.066 2.279 2.999 2.557 2.177 2.611 2.719 2.511 2.583 2.695 2.991 2.375 2.887 2.024 2.758 3.021 2.66 2.304 2.503 3.051 2.425 2.71 2.948 3.109 2.659 2.705 3.009 2.945 2.88 3.031 3.554 3.297 3.331 3.541 3.038 3.01 6.885 8.595 7.991 8.074,745.79,0.053167,0.1721148490905761,16.385836124420166,0.0081636573184786,0.0300868724672524,0.1015825412365384,0.0440354181899297,0.0203183671446098,0.0020502249706319,0.0104395239045149,0.0339561584325198,0.0154930513996941,0.0069430591573021,0.0020502249706319,0.0041727069583808,0.004939749067056,0.004516313194278,0.0037109995493199,0.0020502249706319,0.0041727069583808,0.004939749067056,0.004516313194278,0.0037109995493199,0.0020502249706319,0.0056329690880845,0.0102249293546913,0.0069017349623517,0.0045072768505571,0.0020502249706319,0.0010439523904514,0.0003395615843251,0.0007746525699847,0.0013886118314604,0.0020502249706319,0.0104395239045149,0.0339561584325198,0.0154930513996941,0.0069430591573021,0.3928261999408574,0.4245339044084855,0.4651517852305865,0.4357676869907511,0.4139641920797172,megamarket,sasrec,32,64,512,42
32,4.466 3.349 3.028,11.934 9.949 10.538 8.467 8.688 8.257 7.495 7.709 7.401 6.432 6.964 6.176 6.627 5.34 5.782 5.442 5.38 5.825 5.619 4.553 4.578 5.91 5.141 5.374 5.524 4.805 5.056 5.971 5.5 5.33 5.357 5.017 4.679 4.904 4.475 4.668 5.304 4.384 5.055 3.991 5.01 5.074 4.341 4.488 4.635 3.969 3.699 4.297 4.496 5.171 4.001 5.437 4.441 4.393 3.552 4.014 3.994 4.629 4.477 4.937 4.867 4.688 4.121 4.316 3.817 4.725 4.256 4.323 4.382 4.206 4.044 4.406 4.398 3.968 4.444 4.75 3.828 4.141 4.557 5.011 4.964 4.685 4.065 4.571 4.675 4.128 4.249 4.559 4.815 3.963 3.398 3.976 4.271 3.409 4.046 3.426 4.418 3.793 3.281 4.128 3.989 4.434 3.834 4.087 4.027 3.835 3.403 3.629 4.127 3.647 3.248 3.801 4.54 3.962 3.589 4.245 4.037 4.047 3.578 3.938 3.607 3.797 4.167 4.309 3.678 3.172 4.118 4.052 3.699 3.446 3.68 4.52 3.901 3.233 3.775 3.669 3.793 3.904 3.92 2.522 3.49 4.116 3.305 4.402 3.972 4.04 4.142 4.004 3.595 3.809 3.916 3.813 3.668 3.573 4.525 3.936 3.873 3.843 3.198 4.406 4.3 2.905 4.637 3.185 3.877 3.729 3.647 3.36 3.459 4.139 3.895 3.767 4.0 4.014 4.084 4.038 3.499 5.021 3.76 3.577 3.385 3.737 3.552 4.007 3.381 3.986 3.277 3.822 3.601 4.584 3.77 4.57 4.221 3.897 3.307 3.738 4.142 3.676 4.709 3.764 4.15 3.872 3.278 3.783 2.916 2.961 3.189 2.934 3.624 3.031 3.843 3.264 2.997 2.787 3.491 2.937 3.596 2.401 3.056 3.157 3.321 3.196 3.763 3.182 2.588 2.904 3.077 2.77 3.203 3.391 3.346 2.759 3.64 3.216 2.937 3.38 2.782 2.698 3.543 3.432 3.294 3.75 3.428 3.519 3.486 3.1 2.864 2.907 3.267 3.805 2.959 2.757 3.769 3.312 3.421 2.517 3.297 3.536 3.015 3.19 3.069 2.794 2.902 2.92 2.857 3.772 3.412 2.453 3.347 4.489 2.926 3.002 3.319 3.289 2.928 3.259 3.482 3.637 3.18 2.662 3.3 2.994 3.04 3.096 3.724 3.015 3.305 3.999 2.737 3.659 3.393 3.07 3.182 2.959 3.268 4.074 3.459 3.145 2.801 2.946 3.209 2.617 3.923 3.447 3.067 3.072 4.671 3.375 3.503 3.885 3.194 3.313 3.04 3.251 3.125 3.351 3.728 3.663 3.46 3.752 3.264 3.571 3.633 4.356 2.761 2.868 3.425 3.439 3.616 3.35 3.275 3.339 3.311 3.682 2.934 3.791 3.619 3.552 3.369 3.298 3.69 3.68 2.806 3.309 3.284 3.416 3.475 3.477 3.45 3.936 3.21 3.344 3.246 2.907 3.406 3.918 3.402 3.345 3.286 2.67 3.405 2.982 3.532 3.377 3.454 3.462 3.044 3.135 3.097 3.714 3.41 2.819 3.494 2.971 3.631 3.057 3.234 3.299 3.445 3.745 3.204 3.557 3.724 3.126 3.115 3.537 3.425 3.747 3.726 3.162 3.631 3.823 2.903 3.41 3.5 3.077 3.427 2.552 3.406 2.966 2.686 3.139 3.63 3.415 3.293 3.366 3.466 3.411 2.73 2.1 2.953 3.289 2.94 3.51 2.756 3.217 2.63 2.455 2.985 3.102 2.673 2.682 2.583 3.329 3.031 2.583 3.225 3.35 3.167 3.1 2.566 2.507 3.7 2.952 2.788 2.918 3.081 3.116 2.167 3.955 3.359 3.195 2.695 3.416 3.146 2.687 3.062 2.94 2.489 1.957 2.671 3.133 3.33 2.652 3.03 3.037 2.622 2.131 2.618 3.371 3.092 3.73 2.953 3.025 2.849 3.553 3.099 2.897 2.707 2.835 2.79 2.446 3.134 2.891 3.203 2.256 2.554 4.031 2.156 3.01 3.043 2.904 3.211 3.275 3.378 3.169 2.565 3.259 3.275 2.911 3.032 3.254 2.82 2.991 3.129 2.362 3.152 3.308 2.706 3.407 3.317 3.353 3.399 3.294 2.683 2.746 2.673 3.142 2.976 3.391 3.533 3.104 2.581 2.949 3.083 3.221 3.187 2.912 3.083 2.754 3.809 3.045 3.543 3.475 3.088 3.143 2.96 2.885 2.881 2.87 2.824 2.647 2.778 2.615 2.199 2.909 3.454 3.027 4.398 2.718 2.705 2.841 3.498 3.706 2.961 2.851 2.864 3.179 3.033 3.641 2.821 3.586 2.996 2.558 3.149 3.228 2.996 3.049 3.265 3.522 2.756 3.411 2.488 3.008 3.339 3.082 2.691 3.025 3.446 2.927 3.048 3.246 3.444 2.935 2.965 3.331 3.336 3.185 3.266 3.604 3.011 3.274 3.72 3.143 3.028 3.186 3.432 3.287 3.713 2.616 3.137 3.409 3.611 3.579 3.365 2.874 3.094 2.815 2.982 3.017 3.356 3.469 3.098 3.272 3.492 2.966 3.489 3.188 2.821 2.97 2.945 2.167 2.382 2.911 3.708 3.565 2.88 3.382 7.009 7.685 7.352 7.628,884.28,0.065746,0.1721148490905761,18.299809455871586,0.0092207502509511,0.03378731736334,0.1074083253813837,0.0487148823318007,0.0230286394111013,0.0023937761819269,0.0119134694239421,0.0365050867743865,0.0177870869073741,0.0077243611055699,0.0023937761819269,0.0047550596843269,0.0055850452194892,0.005156705648205,0.0042035153046523,0.0023937761819269,0.0047550596843269,0.0055850452194892,0.005156705648205,0.0042035153046523,0.0023937761819269,0.0064184175601981,0.0112649311664653,0.0078960638135081,0.0050713150294598,0.0023937761819269,0.0011913469423942,0.0003650508677438,0.0008893543453687,0.0015448722211139,0.0023937761819269,0.0119134694239421,0.0365050867743865,0.0177870869073741,0.0077243611055699,0.395466856609918,0.4300238287482341,0.4733065197945117,0.4424374598145114,0.4181730837821132,megamarket,sasrec,32,128,512,42
33,4.708 3.752 3.923,11.836 10.067 10.697 8.556 8.851 8.471 7.715 7.94 7.615 6.657 7.244 6.434 6.88 5.598 5.992 5.682 5.732 5.984 5.88 4.769 4.811 6.13 5.47 5.568 5.715 4.892 5.229 6.164 5.656 5.431 5.528 5.236 4.877 4.959 4.674 4.854 5.503 4.414 5.142 4.231 5.195 5.368 4.512 4.621 4.845 4.176 3.798 4.461 4.697 5.298 4.217 5.673 4.679 4.62 3.743 4.228 4.186 4.778 4.787 5.141 5.011 4.925 4.356 4.579 4.08 4.982 4.597 4.538 4.599 4.364 4.337 4.577 4.629 4.108 4.658 5.001 4.078 4.357 4.779 5.287 5.228 4.804 4.279 4.807 4.938 4.421 4.438 4.737 5.168 4.19 3.645 4.213 4.438 3.781 4.216 3.663 4.603 4.063 3.519 4.424 4.236 4.65 4.065 4.332 4.207 4.05 3.575 3.904 4.371 3.861 3.513 4.053 4.787 4.247 3.845 4.567 4.362 4.374 3.902 4.171 3.867 4.113 4.449 4.552 3.833 3.465 4.45 4.245 3.988 3.706 4.049 4.848 4.149 3.526 4.087 3.932 4.054 4.215 4.251 2.814 3.684 4.474 3.55 4.561 4.182 4.244 4.378 4.432 3.874 4.054 4.179 4.098 3.902 3.752 4.819 4.161 4.123 4.135 3.514 4.57 4.613 3.176 4.994 3.505 4.15 4.034 3.925 3.606 3.722 4.332 4.152 4.17 4.246 4.094 4.365 4.368 3.732 5.263 4.046 3.968 3.627 4.017 3.825 4.375 3.613 4.261 3.677 4.039 3.886 4.874 4.013 4.732 4.429 4.159 3.628 4.047 4.503 3.868 5.109 4.096 4.396 4.174 3.6 4.153 3.26 3.383 3.544 3.246 4.108 3.338 4.299 3.637 3.293 3.156 3.948 3.281 3.933 2.845 3.503 3.493 3.793 3.65 4.245 3.526 2.918 3.321 3.46 3.198 3.644 3.797 3.876 3.161 4.151 3.557 3.37 3.759 3.17 2.994 3.989 3.966 3.634 4.1 3.814 3.98 3.859 3.564 3.191 3.295 3.666 4.301 3.427 3.164 4.117 3.691 3.865 2.954 3.744 4.003 3.426 3.614 3.466 3.155 3.203 3.272 3.394 4.172 3.797 2.789 3.824 4.904 3.34 3.414 3.78 3.778 3.199 3.735 3.966 4.071 3.748 3.085 3.708 3.404 3.385 3.435 4.174 3.398 3.65 4.462 3.172 4.081 3.719 3.47 3.684 3.402 3.718 4.517 3.846 3.461 3.158 3.313 3.697 2.9 4.316 3.763 3.512 3.46 5.291 3.79 3.899 4.301 3.531 3.666 3.434 3.732 3.539 3.79 4.185 4.027 3.784 4.151 3.616 3.957 4.078 4.891 3.181 3.262 3.965 3.948 4.076 3.874 3.674 3.692 3.811 4.101 3.364 4.219 4.049 4.001 3.791 3.633 4.108 3.943 3.203 3.753 3.653 3.787 3.931 4.002 3.779 4.341 3.618 3.7 3.54 3.338 3.836 4.194 3.864 3.72 3.621 3.042 3.794 3.468 3.948 3.625 3.938 3.843 3.399 3.494 3.464 4.032 3.699 3.192 3.842 3.279 4.094 3.397 3.553 3.689 3.791 4.125 3.715 3.997 4.209 3.616 3.463 4.095 3.927 4.118 4.109 3.572 4.12 4.241 3.188 3.723 3.914 3.413 3.824 2.817 3.828 3.311 3.048 3.473 4.152 3.848 3.706 3.793 3.803 4.037 3.324 2.665 3.455 3.795 3.44 4.081 3.246 3.719 3.198 2.981 3.555 3.599 3.15 3.225 3.188 3.973 3.569 3.049 3.685 4.003 3.736 3.604 3.028 2.948 4.161 3.48 3.267 3.471 3.788 3.643 2.601 4.548 4.068 3.613 3.236 3.986 3.752 3.315 3.56 3.402 3.019 2.334 3.334 3.702 3.995 3.156 3.629 3.564 3.099 2.618 3.172 4.08 3.699 4.226 3.448 3.565 3.393 4.067 3.773 3.475 3.345 3.526 3.434 2.899 3.741 3.46 3.784 2.664 3.099 4.631 2.597 3.491 3.625 3.39 3.738 3.879 4.088 3.822 3.059 3.746 3.929 3.502 3.489 3.793 3.302 3.549 3.848 2.884 3.615 3.983 3.294 3.855 3.944 3.995 4.01 3.823 3.323 3.345 3.171 3.746 3.441 4.012 4.223 3.711 3.125 3.496 3.622 3.831 3.749 3.54 3.594 3.3 4.315 3.58 4.111 4.088 3.756 3.766 3.554 3.4 3.443 3.419 3.294 3.167 3.344 3.023 2.894 3.444 3.988 3.572 5.052 3.393 3.205 3.444 4.024 4.364 3.391 3.501 3.367 3.708 3.585 4.183 3.337 4.182 3.487 3.203 3.704 3.884 3.525 3.582 3.827 3.981 3.268 3.986 3.005 3.602 3.974 3.599 3.188 3.567 4.182 3.305 3.704 3.893 4.012 3.487 3.534 3.871 4.19 3.741 3.743 4.194 3.611 3.931 4.3 3.756 3.733 3.845 4.178 4.03 4.419 3.38 3.936 4.101 4.364 4.333 4.165 3.478 3.753 3.484 3.909 3.8 4.053 4.251 3.833 4.647 12.232 13.652 14.895 13.2 13.78 12.706 13.665 12.894 13.065 13.966 12.77 14.032,1082.3,0.081613,0.1721148490905761,24.197471618652344,0.0111571016073265,0.0369468231445106,0.1225155837557161,0.0509672462295366,0.0263226054304586,0.0027040805018064,0.0131657690005984,0.036876343728528,0.0186847529755967,0.0088824611565485,0.0027040805018064,0.0053813721889225,0.006190947613927,0.0057631179210692,0.0048164586888903,0.0027040805018064,0.0053813721889225,0.006190947613927,0.0057631179210692,0.0048164586888903,0.0027040805018064,0.0071981967731308,0.0118903844060594,0.0085919991603993,0.0058199145281134,0.0027040805018064,0.0013165769000598,0.0003687634372852,0.0009342376487798,0.0017764922313097,0.0027040805018064,0.0131657690005984,0.036876343728528,0.0186847529755967,0.0088824611565485,0.4029366081684761,0.4341439098353534,0.4760143652731324,0.4462087062841366,0.422767300738582,megamarket,sasrec,32,256,512,42
34,4.996 4.155 4.018,11.841 10.176 10.842 8.766 9.104 8.647 7.96 8.172 7.884 6.898 7.531 6.797 7.247 5.97 6.335 6.062 6.034 6.299 6.246 5.09 5.242 6.475 5.884 5.889 6.027 5.28 5.465 6.572 5.895 5.799 5.737 5.563 5.085 5.279 4.876 5.069 5.638 4.663 5.359 4.448 5.344 5.565 4.718 4.896 5.101 4.402 4.001 4.639 4.93 5.539 4.436 5.817 4.95 4.85 3.985 4.419 4.385 4.958 5.067 5.253 5.25 5.138 4.603 4.727 4.351 5.122 4.917 4.742 4.859 4.608 4.55 4.847 4.866 4.299 4.959 5.209 4.325 4.725 5.046 5.509 5.406 5.289 4.618 5.107 5.143 4.627 4.786 5.016 5.387 4.433 3.947 4.483 4.76 4.074 4.472 3.971 4.862 4.367 3.801 4.816 4.495 4.995 4.264 4.557 4.538 4.346 3.951 4.197 4.605 4.193 3.802 4.41 4.941 4.561 4.11 4.879 4.642 4.618 4.244 4.457 4.137 4.442 4.746 4.903 4.153 3.842 4.679 4.545 4.287 4.009 4.203 5.086 4.413 3.836 4.278 4.234 4.446 4.557 4.635 3.036 4.021 4.783 3.98 4.904 4.508 4.596 4.721 4.689 4.265 4.288 4.576 4.468 4.191 4.049 5.19 4.572 4.515 4.456 3.841 4.864 4.89 3.539 5.347 3.839 4.53 4.418 4.159 3.924 3.955 4.679 4.393 4.539 4.711 4.37 4.646 4.731 4.031 5.624 4.325 4.289 4.011 4.31 4.119 4.692 3.865 4.57 3.964 4.393 4.224 5.151 4.373 5.065 4.681 4.384 3.949 4.402 4.94 4.141 5.38 4.555 4.764 4.617 3.954 4.699 3.668 3.941 3.921 3.575 4.53 3.864 4.769 4.087 3.765 3.518 4.308 3.769 4.341 3.285 3.99 3.96 4.346 4.102 4.825 4.004 3.392 3.715 3.887 3.637 4.12 4.229 4.417 3.612 4.559 3.937 3.764 4.143 3.691 3.364 4.365 4.396 4.079 4.501 4.3 4.41 4.319 4.087 3.668 3.725 4.157 4.717 3.958 3.673 4.585 4.104 4.273 3.403 4.231 4.445 3.88 4.058 3.99 3.629 3.696 3.721 3.754 4.557 4.244 3.135 4.21 5.415 3.804 3.791 4.235 4.167 3.638 4.197 4.307 4.55 4.16 3.447 4.033 3.761 3.751 3.828 4.635 3.788 4.072 4.899 3.483 4.531 4.104 3.988 4.089 3.843 4.14 5.003 4.31 3.866 3.555 3.66 4.057 3.318 4.751 4.308 3.96 3.901 5.599 4.161 4.169 4.722 3.815 4.058 3.788 4.056 3.931 4.17 4.66 4.381 4.28 4.555 4.004 4.338 4.516 5.317 3.516 3.641 4.411 4.469 4.489 4.204 4.033 4.059 4.223 4.517 3.793 4.547 4.44 4.377 4.225 4.033 4.53 4.191 3.569 4.215 3.99 4.152 4.263 4.3 4.189 4.672 3.997 4.013 3.866 3.731 4.195 4.485 4.142 4.083 4.053 3.413 4.086 3.825 4.424 3.998 4.239 4.317 3.748 3.863 3.75 4.336 4.087 3.565 4.26 3.615 4.494 3.804 3.928 4.07 4.214 4.401 4.034 4.338 4.666 4.092 3.841 4.524 4.32 4.536 4.502 4.01 4.45 4.575 3.519 4.015 4.237 3.805 4.07 3.222 4.127 3.56 3.437 3.884 4.498 4.225 4.051 4.11 4.157 4.449 3.881 3.021 3.929 4.286 3.795 4.478 3.71 4.11 3.703 3.553 4.083 4.087 3.559 3.813 3.651 4.552 4.091 3.44 4.269 4.508 4.221 4.131 3.426 3.32 4.684 4.007 3.771 3.961 4.256 4.176 2.967 5.019 4.627 4.039 3.823 4.574 4.309 3.801 4.147 3.961 3.507 2.818 3.796 4.288 4.592 3.571 4.079 4.111 3.606 3.035 3.816 4.711 4.292 4.762 3.894 3.941 3.965 4.582 4.315 3.984 3.836 3.968 3.797 3.302 4.296 3.955 4.242 3.096 3.647 5.156 3.072 3.956 4.089 3.848 4.154 4.298 4.456 4.155 3.37 4.292 4.472 3.934 3.912 4.321 3.762 3.943 4.435 3.355 4.108 4.447 3.72 4.371 4.367 4.313 4.444 4.267 3.78 3.795 3.684 4.143 3.902 4.365 4.696 4.229 3.578 3.91 4.072 4.382 4.242 3.933 4.077 3.809 4.818 4.064 4.416 4.58 4.216 4.214 3.948 3.848 3.825 3.782 3.668 3.586 3.871 3.578 3.347 3.84 4.347 3.979 5.445 3.77 3.551 3.812 4.386 4.808 3.694 3.954 3.786 4.049 4.096 4.495 3.715 4.487 3.887 3.644 4.113 4.256 3.789 4.013 4.243 4.363 3.739 4.463 3.437 4.05 4.424 3.989 3.614 3.986 4.522 3.657 4.178 4.231 4.482 3.76 3.882 4.258 4.743 4.023 4.099 4.536 3.899 4.312 4.604 4.119 4.04 4.145 4.52 4.196 4.599 3.467 4.133 4.354 4.543 4.454 4.233 3.69 3.932 3.609 3.952 3.827 4.064 4.348 3.925 4.149 4.359 3.771 4.336 3.682 3.688 3.739 3.543 2.97 3.011 3.772 3.375 3.496 3.219 3.237 4.102 4.066 3.651 4.011 3.769 3.628 3.948 3.213 3.842 3.771 4.156 3.927 3.01 2.989 3.408 4.084 4.398 3.721 4.039 3.887 4.192 4.873 3.747 4.848 4.167 4.297 4.167 3.624 3.487 3.974 3.664 3.953 3.301 4.044 3.598 4.13 4.344 3.613 2.657 3.294 4.526 4.34 4.117 4.5 4.518 3.777 4.402 4.44 3.631 3.528 3.942 3.426 4.28 4.677 3.779 4.113 4.319 4.036 4.278 3.843 4.412 3.68 3.713 5.063 4.287 3.523 3.376 4.256 4.025 3.583 3.495 3.863 4.056 3.488 3.963 4.962 4.183 3.869 4.192 3.357 4.033 4.079 4.621 4.183 3.959 4.475 4.487 4.492 4.201 3.913 3.426 4.349 4.369 4.211 3.647 3.699 4.174 3.939 4.412 4.331 3.665 3.772 5.115 3.285 3.912 3.706 4.657 3.718 4.819 10.647 11.278 11.305 9.564 10.66 10.653 11.923 10.474,1549.8,0.12321,0.1721148490905761,38.24480819702149,0.0122191515992713,0.0380243639473064,0.1123337835995687,0.0506475158935719,0.0279150607859417,0.003280359953011,0.0144513154686703,0.0377130571624886,0.0206795664605359,0.0098854090475873,0.003280359953011,0.006126720438676,0.006958616743093,0.0065542979999667,0.0055241557136629,0.003280359953011,0.006126720438676,0.006958616743093,0.0065542979999667,0.0055241557136629,0.003280359953011,0.0080689374035451,0.0127328316473403,0.0096378848043024,0.0065992214546033,0.003280359953011,0.001445131546867,0.0003771305716248,0.0010339783230267,0.0019770818095174,0.003280359953011,0.0144513154686703,0.0377130571624886,0.0206795664605359,0.0098854090475873,0.4020260548557935,0.4394794212205328,0.4827414504856955,0.4528085500501801,0.4265328646084405,megamarket,sasrec,32,512,512,42
35,5.353 4.569 4.431 4.45,11.972 10.364 11.061 9.007 9.431 8.924 8.32 8.438 8.164 7.163 7.853 7.226 7.547 6.349 6.643 6.538 6.375 6.612 6.721 5.5 5.686 6.874 6.361 6.415 6.458 5.847 5.836 7.046 6.352 6.411 6.194 6.065 5.498 5.804 5.388 5.603 6.123 5.305 5.909 4.922 5.806 6.073 5.098 5.32 5.613 4.869 4.379 5.057 5.321 5.935 4.925 6.277 5.443 5.207 4.315 4.888 4.796 5.597 5.447 5.661 5.717 5.638 5.02 5.113 4.729 5.566 5.202 5.092 5.245 5.043 4.924 5.203 5.264 4.648 5.484 5.637 4.738 5.029 5.548 5.873 5.874 5.454 5.043 5.505 5.619 5.059 5.187 5.448 5.864 4.853 4.323 4.848 5.09 4.358 4.91 4.411 5.117 4.676 4.269 5.127 4.884 5.39 4.608 4.97 4.951 4.701 4.273 4.552 4.934 4.543 4.115 4.766 5.428 4.844 4.472 5.114 4.974 5.005 4.579 4.744 4.528 4.77 5.092 5.266 4.413 4.165 5.022 4.887 4.594 4.289 4.546 5.375 4.833 4.01 4.61 4.545 4.789 4.874 4.989 3.322 4.314 5.085 4.352 5.139 4.807 4.894 4.984 4.998 4.635 4.714 4.827 4.827 4.524 4.38 5.598 4.898 4.821 4.866 4.142 5.148 5.164 3.89 5.784 4.179 4.781 4.665 4.467 4.263 4.294 4.995 4.762 5.082 4.988 4.595 4.922 5.013 4.424 5.845 4.611 4.756 4.259 4.6 4.424 5.06 4.204 4.922 4.247 4.722 4.544 5.457 4.654 5.27 5.085 4.758 4.229 4.806 5.301 4.38 5.773 4.921 5.018 4.956 4.271 5.067 4.04 4.287 4.425 3.937 5.004 4.26 5.159 4.496 4.173 3.82 4.724 4.213 4.776 3.628 4.274 4.437 4.677 4.57 5.293 4.486 3.785 4.151 4.322 3.991 4.445 4.569 4.853 4.065 5.104 4.361 4.209 4.581 4.221 3.86 4.823 4.727 4.506 5.046 4.743 4.834 4.702 4.639 4.07 4.14 4.538 5.161 4.352 4.003 4.974 4.475 4.802 3.877 4.762 4.826 4.204 4.465 4.372 4.147 4.015 4.121 4.163 5.101 4.64 3.481 4.729 5.799 4.19 4.256 4.706 4.638 4.043 4.606 4.75 4.919 4.535 3.821 4.48 4.154 4.14 4.216 5.023 4.244 4.495 5.388 3.913 4.863 4.493 4.337 4.516 4.27 4.676 5.458 4.739 4.287 3.995 4.062 4.501 3.801 5.171 4.779 4.413 4.361 6.059 4.63 4.502 5.103 4.151 4.437 4.101 4.56 4.353 4.638 5.128 4.726 4.773 4.928 4.448 4.741 4.944 5.715 3.951 4.056 4.992 5.039 5.077 4.776 4.439 4.314 4.6 4.96 4.215 4.984 4.92 4.853 4.645 4.425 4.95 4.558 4.027 4.545 4.32 4.6 4.625 4.691 4.491 5.164 4.407 4.393 4.21 4.094 4.572 4.833 4.61 4.456 4.482 3.781 4.487 4.278 4.84 4.414 4.605 4.73 4.055 4.282 4.154 4.664 4.372 3.972 4.641 3.97 4.919 4.25 4.35 4.544 4.487 4.861 4.491 4.738 5.048 4.464 4.232 5.019 4.712 4.92 4.837 4.265 4.855 4.907 3.846 4.365 4.559 4.218 4.424 3.57 4.445 3.889 3.788 4.381 4.889 4.556 4.395 4.464 4.53 4.884 4.36 3.574 4.387 4.746 4.169 4.964 4.214 4.6 4.261 4.123 4.584 4.621 4.023 4.298 4.067 5.153 4.632 3.953 4.844 5.183 4.714 4.654 3.924 3.86 5.173 4.462 4.162 4.467 4.702 4.592 3.412 5.473 5.053 4.484 4.402 5.068 4.859 4.279 4.605 4.403 3.843 3.202 4.295 4.698 5.056 3.903 4.627 4.553 4.039 3.461 4.313 5.308 4.707 5.152 4.228 4.358 4.384 5.033 4.957 4.485 4.317 4.518 4.149 3.619 4.757 4.32 4.586 3.566 4.151 5.549 3.521 4.277 4.499 4.273 4.579 4.617 4.826 4.531 3.766 4.7 4.842 4.388 4.234 4.736 4.209 4.32 4.902 3.74 4.407 4.823 4.141 4.718 4.841 4.775 4.829 4.689 4.107 4.203 3.992 4.508 4.213 4.757 5.192 4.76 3.971 4.316 4.427 4.641 4.682 4.285 4.375 4.221 5.078 4.458 4.654 4.898 4.622 4.604 4.357 4.184 4.234 4.157 4.015 3.947 4.317 3.89 3.758 4.227 4.794 4.252 5.813 4.076 4.003 4.197 4.783 5.193 4.109 4.274 4.149 4.334 4.585 4.864 4.068 4.819 4.249 4.065 4.541 4.637 4.259 4.409 4.653 4.704 4.085 4.91 3.895 4.414 4.889 4.331 3.994 4.413 4.983 4.04 4.508 4.659 4.813 4.143 4.324 4.589 5.19 4.393 4.387 4.891 4.268 4.684 4.978 4.46 4.489 4.531 5.029 4.615 4.999 3.819 4.605 4.733 4.927 4.862 4.592 4.067 4.244 3.978 4.364 4.148 4.359 4.664 4.27 4.618 4.751 4.101 4.711 4.066 4.146 4.094 3.856 3.39 3.483 4.302 3.953 3.884 3.873 3.706 4.703 4.711 4.018 4.582 4.341 4.136 4.527 3.731 4.346 4.334 4.634 4.644 3.451 3.611 3.9 4.582 4.885 4.251 4.551 4.399 4.828 5.448 4.328 5.375 4.761 4.809 4.698 4.178 4.061 4.524 4.068 4.476 3.891 4.497 4.044 4.637 4.971 4.183 3.065 3.786 4.956 4.9 4.492 5.086 4.988 4.354 4.954 5.003 4.182 4.084 4.47 3.865 4.849 5.092 4.239 4.568 4.786 4.514 4.762 4.281 4.844 4.225 4.164 5.532 4.782 4.048 3.749 4.741 4.413 4.032 3.884 4.333 4.54 3.85 4.288 5.376 4.793 4.314 4.6 3.792 4.58 4.453 4.971 4.642 4.371 4.915 4.797 4.778 4.566 4.134 3.764 4.639 4.633 4.613 3.878 4.005 4.445 4.261 4.645 4.467 3.97 4.036 5.137 3.419 3.951 3.65 4.655 3.749 4.64 5.028 4.464 4.654 4.163 4.551 4.58 4.74 4.71 4.637 4.119 4.817 4.318 5.196 4.797 4.27 4.836 4.765 5.068 6.087 4.615 5.295 3.527 4.798 4.915 4.833 4.594 4.368 4.265 4.52 4.384 4.18 3.964 4.729 4.993 4.695 4.379 3.694 4.017 4.495 4.408 3.862 4.972 3.962 4.154 4.165 3.953 4.274 4.57 3.984 3.779 4.514 4.896 4.903 4.32 4.739 4.151 4.348 4.19 4.791 4.512 4.581 4.546 4.261 5.391 4.174 4.694 4.084 5.452 5.092 3.863 4.362 5.201 4.131 5.127 4.016 4.447 4.138 4.469 4.208 4.039 4.93 5.101 4.015 5.547 4.632 3.982 4.658 4.617 3.405 4.209 3.977 3.366 4.397 3.628 4.164 4.242 4.416 4.268 4.492 4.868 4.131 4.084 4.476 5.118 3.823 4.569 3.321 4.329 4.666 4.828 4.296 4.509 4.295 4.009 4.337 4.937 4.686 4.411 4.292 4.782 4.193 4.436 4.166 4.128 4.586 4.75 4.319 4.58 4.357 4.687 3.618 4.379 4.847 4.372 3.1 6.038 4.634 4.257 3.526 4.195 5.102 4.443 4.819 4.806 4.193 4.284 3.997 4.527 4.049 4.3 4.722 4.531 4.574 4.268 4.008 4.37 4.288 4.136 4.132 4.138 4.158 3.653 4.0 4.463 3.744 3.827 4.42 4.022 4.762 4.399 4.445 4.759 4.575 3.825 4.594 5.106 5.068 4.18 4.182 4.51 4.481 4.634 4.75 4.296 4.615 4.697 4.395 4.266 3.744 3.595 3.793 4.697 4.078 5.151 3.972 4.741 4.396 4.333 4.141 4.485 4.496 4.77 4.203 4.954 4.927 4.633 4.29 3.757 4.805 4.337 5.296 4.519 4.39 4.134 4.693 4.382 4.363 4.514 4.609 5.471 4.554 6.445 4.346 4.476 4.458 4.344 4.789 4.906 4.726 4.743 3.724 3.969 4.471 4.631 5.653 4.623 4.479 4.733 4.919 5.27 6.276 5.385 5.581 9.509 11.551 11.707 11.206 10.684 11.479,2570.4,0.22796,0.1721148490905761,67.3239336013794,0.0127061826924268,0.0368024487873793,0.0902940775531954,0.0476658446209708,0.0276529562663428,0.0036072877185983,0.0152658643083538,0.0372365183855309,0.0212724693574484,0.0103896535673914,0.0036072877185983,0.0066137412216772,0.0074147775721013,0.0070269690482459,0.0059673552467288,0.0036072877185983,0.0066137412216772,0.0074147775721013,0.0070269690482459,0.0059673552467288,0.0036072877185983,0.0086319225474568,0.0130653497285172,0.0101462177647035,0.0070596206261974,0.0036072877185983,0.0015265864308353,0.0003723651838553,0.0010636234678724,0.0020779307134782,0.0036072877185983,0.0152658643083538,0.0372365183855309,0.0212724693574484,0.0103896535673914,0.4134033670667589,0.4490095376223045,0.4859974376160713,0.4608366864980153,0.437202909751507,megamarket,sasrec,32,1024,512,42
36,3.903 2.48 1.926,11.838 10.407 8.05 8.137 8.576 7.7 7.109 7.53 6.558 5.684 6.424 6.0 4.931 5.421 5.342 5.844 5.479 5.231 5.431 4.613 5.092 5.655 4.455 4.692 4.779 3.839 4.35 5.035 4.286 4.47 4.942 5.737 4.211 4.242 4.819 4.633 4.015 5.091 4.14 4.44 3.727 4.695 3.494 4.179 3.883 3.409 4.016 3.939 4.189 4.201 4.001 4.102 5.162 3.725 3.905 4.028 3.593 4.571 3.984 4.519 3.779 3.62 4.13 3.102 3.533 4.586 3.713 3.647 3.51 3.673 4.186 3.833 4.391 3.455 2.789 4.281 4.0 3.701 3.422 3.003 4.592 3.763 3.785 4.167 3.421 3.552 4.227 4.247 2.82 3.012 3.873 3.809 2.826 4.023 3.594 3.294 3.259 3.205 3.761 3.686 3.912 2.683 3.541 3.031 3.248 4.384 3.676 3.847 3.866 3.802 3.502 3.587 3.627 3.277 3.505 3.688 3.093 3.857 3.07 3.313 3.583 3.787 2.941 3.478 3.126 2.803 3.041 3.444 3.012 3.046 2.905 2.797 3.453 3.548 3.772 4.237 3.353 2.962 2.832 3.226 3.438 2.59 3.206 3.144 2.772 3.401 3.213 2.707 4.156 3.251 3.572 2.743 3.098 3.122 3.749 3.184 3.875 2.961 3.673 2.989 3.257 3.347 3.57 3.702 3.792 2.344 3.435 2.751 3.134 3.11 3.401 2.455 3.775 2.691 2.946 2.69 2.401 2.779 3.616 2.897 3.247 3.439 2.777 2.286 3.866 2.788 3.1 2.852 3.053 3.477 2.85 2.687 4.33 3.604 2.967 2.135 3.121 3.476 3.468 2.556 2.739 3.044 3.133 2.365 2.897 2.117 1.823 2.567 3.118 2.119 2.036 2.754 2.691 2.745 2.542 2.952 2.743 2.646 2.242 2.91 2.426 2.351 2.09 2.283 2.149 2.719 2.498 2.679 3.556 3.014 1.996 2.816 2.501 2.805 2.167 2.881 2.758 2.138 2.986 2.149 2.194 1.934 2.721 2.112 2.469 2.309 3.013 3.32 2.427 2.454 2.077 2.178 2.102 2.486 2.362 2.71 2.696 2.013 2.76 2.431 2.568 2.514 2.692 2.554 2.364 2.613 2.616 2.053 3.144 2.132 2.797 2.457 3.027 2.309 2.676 2.442 2.415 2.551 2.235 1.845 2.303 2.799 2.051 2.133 2.376 2.492 2.261 2.909 2.787 2.748 2.61 2.721 2.535 2.289 2.407 2.862 2.516 3.647 2.761 2.768 2.75 2.878 2.665 2.655 2.25 2.06 2.465 2.608 2.31 2.421 2.441 1.652 2.557 2.206 2.853 2.348 2.909 2.175 2.159 2.173 2.495 2.475 2.642 3.019 2.914 3.009 2.628 2.447 2.756 2.214 2.235 2.666 2.146 2.876 2.78 2.566 2.85 2.28 2.265 2.654 2.182 3.171 2.781 1.952 2.289 2.532 2.893 2.96 2.57 2.708 2.798 2.152 2.48 2.35 2.753 2.415 2.851 2.249 2.908 2.403 1.962 2.651 2.295 2.285 2.181 2.436 1.469 2.2 3.09 2.642 1.876 2.756 2.635 2.342 2.582 2.738 2.079 2.333 2.515 2.019 2.611 3.038 2.398 1.693 2.474 2.911 2.729 2.232 2.287 2.716 2.676 2.124 1.937 2.332 2.065 1.891 1.906 2.133 2.5 2.362 2.626 3.307 2.144 2.115 2.356 3.065 2.136 1.415 1.736 1.522 2.185 1.531 1.686 1.704 1.568 1.243 1.902 1.597 1.375 1.684 1.437 1.839 1.557 1.913 1.658 1.614 1.691 1.713 1.344 2.129 1.723 1.327 1.88 1.944 1.989 1.758 2.566 1.663 1.968 1.417 2.088 2.21 1.673 2.29 1.604 1.725 2.031 1.901 2.406 1.776 1.711 1.441 1.598 1.854 1.78 2.168 1.795 1.819 1.732 1.83 2.067 1.811 1.797 2.184 1.48 1.773 2.209 1.643 2.173 1.482 2.123 1.531 1.453 1.994 1.551 1.747 1.839 1.95 2.028 1.771 1.824 1.578 2.496 2.044 1.745 1.938 2.101 1.652 1.798 2.02 1.633 2.18 1.64 1.963 1.945 2.421 2.599 1.864 1.708 2.256 1.936 1.632 1.358 1.668 1.32 2.734 1.724 2.444 1.952 1.953 1.603 2.536 2.032 2.107 1.698 2.244 2.0 2.102 1.804 1.615 1.785 2.007 2.169 2.368 1.916 2.493 2.034 1.944 2.003 1.569 1.77 1.595 1.935 1.934 2.323 2.306 1.741 1.981 1.713 2.374 2.076 1.777 1.811 1.959 1.93 1.481 2.095 2.039 1.944 1.909 2.073 2.605 2.002 2.111 2.003 2.112 2.158 2.342 2.578 1.395 2.038 1.89 1.72 1.762 1.757 1.475 1.77 2.283 2.056 1.619 1.917 2.022 1.957 1.992 1.579 2.211 2.056 1.868 1.748 2.005 2.222 1.849 1.861 2.107 2.625 2.211 2.075 2.373 1.758 1.844 2.199 1.963 2.026 1.739 1.676 2.193 1.824 1.707 2.084 1.962 2.333 2.082 1.925 1.554 1.828 1.987 1.733 1.986 2.431 2.605 2.674 1.31 1.265 1.222 1.127 0.977 1.182 1.262 1.343 1.257 1.455 1.522 1.158 1.317 1.23 1.466 1.346 1.226 1.658 1.366 1.73 1.69 1.134 1.309 1.285 1.429 1.297 1.046 1.379 1.193 1.263 1.355 1.301 1.321 1.6 1.457 1.56 2.083 1.186 1.769 1.05 1.201 1.269 1.261 1.329 1.914 1.584 1.319 1.842 1.29 1.577 1.542 1.041 1.572 1.33 1.385 1.355 1.224 1.374 1.566 1.598 1.448 1.734 1.217 0.903 0.907 2.395 1.3 1.088 1.457 1.221 1.218 1.241 1.236 1.303 1.758 1.378 1.207 1.431 1.574 1.328 1.367 1.363 1.246 1.397 1.162 1.324 1.635 1.619 1.171 1.289 1.716 1.408 1.97 1.7 1.704 1.404 1.712 1.256 1.377 1.066 1.486 2.349 1.568 1.164 2.044 1.522 2.367 1.951 1.82 2.475 2.13 1.638 2.019 2.624 2.406 1.763 3.226 4.323 7.87 5.384,905.45,0.067469,3.337860107421875e-06,57.45782995223999,0.0105882790328776,0.0357596074008897,0.1209194106056287,0.0516401670529042,0.0246464996963801,0.0019172374049693,0.0097025511448012,0.0325376243987853,0.0145122681029323,0.0061118868719108,0.0019172374049693,0.0038520393713558,0.0045937012647465,0.0041804063657249,0.0033794541599249,0.0019172374049693,0.0038520393713558,0.0045937012647465,0.0041804063657249,0.0033794541599249,0.0019172374049693,0.0052091813558294,0.0096641426821699,0.0064186741612123,0.004054629997338,0.0019172374049693,0.0009702551144801,0.0003253762439878,0.0007256134051466,0.0012223773743821,0.0019172374049693,0.0097025511448012,0.0325376243987853,0.0145122681029323,0.0061118868719108,0.4292764405743263,0.4513814794515571,0.4844581390312132,0.4604445999673011,0.4432082946297279,megamarket,sasrec,32,32,1024,42
37,4.135 2.877 2.444,11.689 10.534 8.42 8.28 8.659 7.618 7.262 7.689 6.705 5.833 6.692 6.134 5.087 5.518 5.447 5.985 5.567 5.327 5.544 4.695 5.247 5.873 4.546 4.775 4.855 3.922 4.527 5.24 4.45 4.565 5.085 5.935 4.294 4.438 4.944 4.897 4.15 5.122 4.306 4.763 4.07 4.802 3.679 4.289 4.095 3.681 4.245 4.202 4.353 4.467 4.305 4.246 5.486 3.967 4.197 4.157 3.824 4.862 4.266 4.699 4.032 3.816 4.338 3.4 3.762 4.752 3.999 3.895 3.718 3.922 4.256 4.124 4.664 3.708 3.042 4.451 4.137 3.847 3.692 3.193 4.648 3.948 4.125 4.34 3.662 3.885 4.562 4.431 3.02 3.342 4.093 4.082 3.15 4.175 3.88 3.555 3.471 3.646 3.927 3.892 4.208 3.007 3.803 3.266 3.334 4.746 3.871 4.208 4.161 4.11 3.798 3.83 3.79 3.503 3.694 3.904 3.391 4.143 3.375 3.669 3.892 3.968 3.185 3.798 3.322 3.012 3.362 3.676 3.282 3.287 3.181 3.066 3.66 3.867 4.03 4.539 3.719 3.214 3.145 3.509 3.728 2.792 3.515 3.431 2.99 3.716 3.462 3.054 4.36 3.546 3.82 2.943 3.324 3.403 4.062 3.378 4.026 3.289 3.956 3.36 3.567 3.623 3.839 4.167 4.09 2.62 3.589 2.989 3.331 3.422 3.637 2.567 4.072 2.956 3.206 2.982 2.717 3.026 3.945 3.337 3.508 3.762 3.114 2.582 4.104 3.019 3.439 2.989 3.328 3.829 3.144 2.897 4.6 3.863 3.234 2.426 3.435 3.856 3.794 2.943 3.098 3.362 3.361 2.702 3.337 2.453 2.164 2.873 3.577 2.445 2.393 3.155 3.04 2.979 2.92 3.34 3.067 3.065 2.571 3.356 2.859 2.766 2.388 2.659 2.554 3.13 2.948 3.218 3.983 3.449 2.353 3.142 2.753 3.17 2.526 3.221 3.2 2.48 3.38 2.553 2.535 2.418 3.12 2.447 2.812 2.624 3.474 3.864 2.854 2.687 2.358 2.599 2.545 2.814 2.801 3.235 3.117 2.324 3.149 2.864 2.89 2.9 3.086 2.889 2.818 3.073 3.067 2.499 3.574 2.612 3.329 2.835 3.624 2.642 3.072 2.965 2.75 2.962 2.591 2.189 2.645 3.247 2.355 2.587 2.743 2.89 2.66 3.365 3.252 3.138 2.988 3.083 2.939 2.689 2.715 3.268 3.118 4.01 3.352 3.015 3.172 3.368 3.142 3.096 2.721 2.481 2.85 2.976 2.657 2.812 2.884 1.971 2.941 2.667 3.329 2.647 3.287 2.514 2.648 2.524 2.935 3.063 3.17 3.578 3.424 3.287 3.029 2.944 3.206 2.641 2.691 3.105 2.584 3.3 3.213 2.934 3.409 2.703 2.748 3.189 2.583 3.725 3.193 2.44 2.655 2.803 3.369 3.417 3.122 3.109 3.296 2.637 2.872 2.651 3.22 2.716 3.424 2.55 3.333 2.748 2.322 2.999 2.753 2.642 2.583 2.752 1.732 2.54 3.333 3.071 2.231 3.176 3.066 2.626 2.957 3.2 2.445 2.745 2.918 2.563 2.935 3.327 2.731 1.967 2.997 3.284 3.271 2.566 2.733 3.215 3.106 2.44 2.226 2.718 2.566 2.298 2.205 2.485 2.873 2.562 3.112 3.734 2.454 2.509 2.817 3.456 2.583 1.888 2.286 1.938 2.76 1.964 2.113 2.135 1.934 1.57 2.605 2.034 1.899 2.194 1.812 2.294 2.023 2.528 2.098 2.113 2.285 2.285 1.812 2.812 2.32 1.782 2.418 2.539 2.524 2.251 3.216 2.063 2.528 1.84 2.705 2.873 2.208 2.826 2.146 2.269 2.716 2.51 3.22 2.359 2.291 1.873 2.0 2.335 2.388 2.97 2.307 2.501 2.161 2.375 2.564 2.295 2.324 2.86 1.874 2.157 2.771 2.09 2.63 1.858 2.538 1.962 1.819 2.606 2.038 2.276 2.263 2.488 2.526 2.345 2.332 2.078 3.072 2.706 2.17 2.287 2.733 2.024 2.368 2.679 2.069 2.819 2.116 2.576 2.619 3.079 3.233 2.34 2.195 2.706 2.455 2.0 1.808 2.09 1.806 3.4 2.331 3.045 2.578 2.41 2.128 3.051 2.734 2.844 2.25 2.818 2.463 2.603 2.311 2.013 2.358 2.629 2.593 3.028 2.433 2.929 2.508 2.56 2.517 1.984 2.2 1.996 2.413 2.601 3.011 2.943 2.292 2.476 2.102 2.969 2.46 2.27 2.325 2.494 2.552 1.927 2.723 2.579 2.566 2.306 2.514 3.111 2.494 2.555 2.569 2.668 2.712 2.903 3.084 1.686 2.564 2.37 2.163 2.121 2.17 1.905 2.095 2.857 2.51 2.006 2.411 2.575 2.505 2.487 2.01 2.906 2.563 2.436 2.285 2.561 2.833 2.407 2.385 2.605 3.101 2.748 2.532 2.974 2.496 2.414 2.798 2.504 2.313 2.193 2.219 2.777 2.27 2.221 2.751 2.581 2.825 2.451 2.627 2.114 2.539 2.413 2.171 2.436 3.084 3.499 3.374 1.852 1.775 1.77 1.703 1.34 1.663 1.913 2.004 1.842 2.192 2.142 1.586 1.877 1.747 2.268 1.949 1.804 2.13 1.943 2.485 2.351 1.689 1.943 1.831 2.06 1.957 1.616 1.977 1.86 1.863 2.345 1.796 1.817 2.203 2.013 2.087 2.795 1.556 2.467 1.636 1.795 1.74 1.87 1.93 2.782 2.164 1.97 2.717 1.801 2.423 2.084 1.666 2.178 1.923 2.052 2.053 1.912 2.226 2.184 2.211 2.034 2.644 1.846 1.432 1.447 3.342 1.892 1.645 2.089 1.916 1.604 1.786 1.799 1.802 2.472 2.15 1.697 2.065 2.218 1.883 1.92 1.865 1.863 2.288 1.744 2.023 2.608 2.275 1.714 1.923 2.562 2.044 2.817 2.267 2.481 2.057 2.338 1.964 2.154 1.702 2.373 3.224 2.672 2.301 3.521 2.391 4.881 9.227 8.476 9.311 9.753,987.61,0.075756,0.1721148490905761,17.77399969100952,0.0096297076574176,0.0358073190983108,0.1267551088694186,0.0529302417805757,0.0240194316731315,0.0022164594277101,0.0107941574129485,0.0359011015803355,0.0162466476051155,0.0069984706429948,0.0022164594277101,0.0043426091280835,0.0051648311984262,0.0047134058756999,0.0038439871149825,0.0022164594277101,0.0043426091280835,0.0051648311984262,0.0047134058756999,0.0038439871149825,0.0022164594277101,0.0058410999754708,0.0107510243079826,0.0072103348176956,0.0046216385181907,0.0022164594277101,0.0010794157412948,0.0003590110158033,0.0008123323802557,0.0013996941285989,0.0022164594277101,0.0107941574129485,0.0359011015803355,0.0162466476051155,0.0069984706429948,0.412492011476147,0.4408713582034858,0.4815714611005233,0.452041191372298,0.4309188353156699,megamarket,sasrec,32,64,1024,42
38,4.36 3.268 2.963,11.514 10.512 8.302 8.395 8.771 7.795 7.33 7.819 6.893 5.921 6.837 6.3 5.285 5.665 5.581 6.174 5.725 5.523 5.681 4.792 5.327 5.904 4.713 4.904 5.049 4.066 4.663 5.32 4.586 4.783 5.251 6.151 4.48 4.657 5.064 4.955 4.273 5.605 4.514 5.003 4.312 4.99 3.83 4.506 4.18 3.974 4.427 4.441 4.53 4.739 4.472 4.547 5.68 4.155 4.32 4.388 4.081 5.049 4.511 4.904 4.23 4.089 4.608 3.572 3.989 4.854 4.164 4.064 3.943 4.126 4.431 4.406 4.942 3.956 3.152 4.71 4.337 4.036 4.02 3.561 4.994 4.237 4.23 4.476 3.954 4.086 4.788 4.681 3.176 3.63 4.322 4.298 3.348 4.368 4.005 3.78 3.687 3.931 4.204 4.127 4.332 3.265 4.017 3.418 3.6 4.866 4.031 4.425 4.345 4.416 4.046 4.022 3.989 3.73 3.977 4.224 3.585 4.446 3.692 3.863 4.106 4.204 3.483 4.046 3.56 3.126 3.682 3.919 3.484 3.467 3.406 3.318 3.871 4.196 4.276 4.88 4.036 3.505 3.338 3.656 4.083 3.09 3.715 3.751 3.177 3.928 3.677 3.426 4.481 3.765 4.102 3.25 3.609 3.681 4.353 3.633 4.351 3.628 4.314 3.677 3.822 3.925 4.14 4.442 4.37 2.92 3.876 3.355 3.602 3.646 3.855 2.853 4.51 3.109 3.444 3.241 2.992 3.295 4.226 3.596 3.764 4.103 3.441 2.863 4.509 3.285 3.695 3.281 3.646 3.985 3.391 3.203 4.891 4.039 3.541 2.672 3.687 4.05 4.073 3.282 3.383 3.624 3.602 3.119 3.707 2.707 2.512 3.18 4.017 2.823 2.716 3.422 3.415 3.339 3.257 3.641 3.434 3.484 2.774 3.544 3.167 3.062 2.77 3.06 2.845 3.43 3.358 3.551 4.338 3.927 2.714 3.687 3.261 3.666 2.888 3.74 3.537 2.824 3.722 2.875 2.901 2.673 3.412 2.808 3.228 3.029 3.893 4.343 3.306 3.126 2.69 2.917 2.845 3.325 3.355 3.546 3.485 2.676 3.673 3.22 3.322 3.285 3.436 3.339 3.293 3.491 3.483 2.739 3.963 2.967 3.617 3.172 3.961 2.994 3.548 3.304 3.166 3.324 2.934 2.509 3.065 3.619 2.723 2.979 3.077 3.237 3.074 3.852 3.729 3.578 3.362 3.444 3.454 3.176 3.145 3.582 3.415 4.446 3.685 3.553 3.545 3.853 3.483 3.551 3.099 2.848 3.264 3.446 3.155 3.112 3.31 2.308 3.369 2.975 3.754 3.042 3.755 2.924 3.058 2.91 3.398 3.571 3.593 4.135 3.788 3.657 3.453 3.349 3.736 3.058 3.14 3.477 2.935 3.743 3.66 3.277 3.852 3.078 3.026 3.508 2.903 4.177 3.578 2.809 3.151 3.269 3.661 3.754 3.395 3.54 3.73 3.086 3.186 3.178 3.641 3.066 3.827 2.928 3.805 3.109 2.697 3.445 3.011 3.04 2.975 3.135 2.053 2.866 3.803 3.406 2.586 3.649 3.428 3.075 3.453 3.547 2.854 3.233 3.325 3.082 3.333 3.68 3.108 2.28 3.399 3.69 3.644 2.95 3.094 3.563 3.422 2.836 2.556 3.135 2.914 2.514 2.525 2.864 3.291 2.934 3.593 4.073 2.759 2.851 3.292 3.928 3.102 2.322 2.75 2.246 3.313 2.364 2.602 2.574 2.318 2.047 3.234 2.515 2.308 2.615 2.226 2.863 2.487 3.094 2.581 2.615 2.95 2.739 2.229 3.34 2.87 2.189 3.01 3.191 3.125 2.727 3.784 2.641 3.075 2.427 3.341 3.474 2.717 3.45 2.636 2.76 3.342 3.132 3.772 2.902 2.784 2.277 2.509 2.965 3.03 3.337 2.817 3.046 2.664 2.9 3.007 2.818 3.008 3.555 2.348 2.669 3.239 2.615 3.214 2.246 3.07 2.522 2.347 3.255 2.61 2.84 2.844 3.024 3.056 2.932 2.792 2.558 3.62 3.264 2.83 2.815 3.335 2.318 2.871 3.29 2.642 3.299 2.593 3.093 3.136 3.779 3.854 2.869 2.562 3.144 2.956 2.544 2.143 2.585 2.201 3.944 2.701 3.519 3.15 3.041 2.732 3.601 3.371 3.501 2.693 3.516 3.0 3.134 2.737 2.427 2.82 3.2 3.183 3.67 2.926 3.36 3.065 3.053 3.092 2.404 2.715 2.471 2.95 2.982 3.585 3.554 2.837 3.096 2.59 3.577 3.029 2.839 2.907 2.968 2.934 2.272 3.278 3.155 3.131 2.825 3.015 3.587 2.95 3.006 3.146 3.183 3.169 3.424 3.692 2.024 3.045 2.916 2.517 2.498 2.643 2.405 2.705 3.336 3.091 2.42 2.922 3.095 2.974 3.025 2.477 3.309 3.143 2.871 2.767 3.221 3.424 2.859 3.038 3.095 3.477 3.382 3.026 3.5 2.948 2.921 3.287 3.051 2.855 2.74 2.666 3.282 2.789 2.748 3.197 3.029 3.32 3.021 3.151 2.497 3.081 2.824 2.674 2.956 3.724 3.963 3.992 2.543 2.331 2.325 2.256 1.899 2.158 2.415 2.595 2.404 2.818 2.991 2.218 2.359 2.385 2.974 2.667 2.515 2.73 2.614 3.117 2.875 2.261 2.588 2.509 2.722 2.685 2.343 2.546 2.644 2.444 3.155 2.486 2.473 2.88 2.654 2.73 3.494 2.28 3.214 2.315 2.369 2.225 2.432 2.483 3.464 2.724 2.584 3.405 2.322 3.2 2.783 2.316 2.839 2.647 2.683 2.749 2.499 2.966 2.687 2.884 2.66 3.504 2.389 2.01 2.118 4.256 2.438 2.088 2.788 2.457 2.301 2.33 2.37 2.358 3.129 2.797 2.224 2.643 2.894 2.467 2.572 2.532 2.627 3.091 2.326 2.623 3.309 2.826 2.359 2.449 3.27 2.638 3.416 2.918 3.142 2.569 2.907 2.499 2.583 2.164 2.947 4.097 2.854 2.219 3.492 2.77 3.789 3.767 3.07 3.43 3.009 3.098 7.027 10.768 11.311 10.58 11.131 11.19 10.047 7.982 10.432,1237.8,0.092442,0.1721148490905761,21.87486886978149,0.0110021934988165,0.0377659772223117,0.1172016160013879,0.0527449716827977,0.0263814705116924,0.0027096216503756,0.0127446417093335,0.0374249174368863,0.0186182591927654,0.0085555333909612,0.0027096216503756,0.0052401586562767,0.0060807406137433,0.0056445471171041,0.004689012271797,0.0027096216503756,0.0052401586562767,0.0060807406137433,0.0056445471171041,0.004689012271797,0.0027096216503756,0.0069882207112248,0.0118657002190184,0.0084692727375923,0.0056415145931461,0.0027096216503756,0.0012744641709333,0.0003742491743688,0.0009309129596382,0.0017111066781922,0.0027096216503756,0.0127446417093335,0.0374249174368863,0.0186182591927654,0.0085555333909612,0.4120274497312438,0.4433552467949099,0.4856906526020755,0.4553722451695426,0.4322297052649668,megamarket,sasrec,32,128,1024,42
39,4.601 3.66 3.455,11.488 10.598 8.378 8.544 8.926 7.976 7.581 8.015 7.109 6.158 7.11 6.569 5.552 5.961 5.85 6.434 6.001 5.887 5.886 5.055 5.573 6.144 4.903 5.103 5.188 4.229 4.784 5.537 4.836 4.944 5.327 6.252 4.653 4.791 5.236 5.128 4.395 5.418 4.621 5.121 4.573 5.093 4.012 4.588 4.299 4.2 4.641 4.658 4.728 4.935 4.696 4.69 5.961 4.369 4.474 4.599 4.374 5.345 4.766 5.112 4.423 4.271 4.828 3.826 4.148 5.047 4.36 4.323 4.205 4.365 4.655 4.675 5.18 4.155 3.43 4.908 4.577 4.192 4.21 3.687 5.243 4.4 4.422 4.763 4.021 4.312 5.059 4.959 3.387 3.831 4.538 4.481 3.559 4.469 4.368 4.019 3.887 4.232 4.497 4.328 4.515 3.52 4.292 3.617 3.779 5.04 4.32 4.645 4.639 4.672 4.434 4.254 4.237 3.948 4.26 4.441 3.914 4.699 3.941 4.218 4.565 4.422 3.651 4.315 3.91 3.405 3.917 4.207 3.653 3.856 3.712 3.543 4.097 4.457 4.49 5.172 4.302 3.758 3.655 3.99 4.333 3.478 4.075 4.072 3.478 4.186 3.929 3.733 4.776 4.112 4.312 3.642 3.863 4.024 4.553 3.993 4.618 3.825 4.594 4.039 4.125 4.214 4.407 4.762 4.594 3.2 4.201 3.594 3.96 3.905 4.123 3.073 4.89 3.389 3.771 3.507 3.277 3.616 4.51 3.948 4.052 4.339 3.795 3.221 4.784 3.695 4.004 3.474 4.028 4.191 3.649 3.607 5.206 4.315 3.818 2.885 4.036 4.39 4.494 3.608 3.716 3.963 3.823 3.465 4.163 3.032 2.974 3.65 4.434 3.269 3.148 3.816 3.765 3.725 3.643 4.178 3.795 3.876 3.042 3.963 3.665 3.465 3.176 3.391 3.292 3.921 3.844 4.009 4.796 4.411 3.135 4.065 3.652 4.161 3.255 4.149 4.005 3.158 4.075 3.262 3.311 3.082 3.748 3.143 3.504 3.409 4.358 4.842 3.722 3.502 3.046 3.354 3.282 3.773 3.771 3.98 3.91 2.985 4.052 3.588 3.639 3.669 3.844 3.799 3.667 3.885 3.845 3.257 4.383 3.423 4.131 3.689 4.415 3.444 3.933 3.747 3.708 3.695 3.363 2.804 3.381 4.055 3.127 3.344 3.458 3.651 3.365 4.243 4.201 4.048 3.804 3.843 3.867 3.581 3.54 4.025 3.833 4.779 4.169 3.941 3.845 4.227 3.965 4.023 3.532 3.217 3.617 3.955 3.615 3.629 3.665 2.594 3.754 3.352 4.078 3.358 4.184 3.358 3.441 3.204 3.765 4.142 4.087 4.576 4.359 4.095 3.954 3.794 4.098 3.441 3.578 3.81 3.379 4.059 4.028 3.659 4.166 3.45 3.432 3.972 3.174 4.635 3.929 3.229 3.541 3.521 4.076 4.141 3.795 3.959 4.221 3.465 3.791 3.534 4.1 3.439 4.219 3.427 4.193 3.457 3.024 3.86 3.442 3.26 3.362 3.504 2.336 3.216 4.123 3.788 2.932 3.925 3.804 3.448 3.809 3.942 3.06 3.648 3.685 3.495 3.638 4.049 3.514 2.661 3.705 4.108 4.083 3.428 3.467 3.957 3.937 3.263 2.892 3.501 3.406 2.937 2.868 3.109 3.711 3.221 4.0 4.493 3.205 3.227 3.701 4.267 3.455 2.867 3.3 2.592 3.819 2.887 3.182 2.993 2.666 2.559 3.856 3.02 2.744 3.215 2.638 3.364 2.86 3.655 3.056 3.129 3.505 3.15 2.613 4.023 3.523 2.67 3.566 3.842 3.676 3.204 4.337 3.053 3.586 2.984 4.096 4.043 3.271 3.909 3.097 3.238 3.896 3.593 4.26 3.343 3.248 2.758 2.947 3.397 3.566 3.918 3.325 3.761 3.176 3.384 3.593 3.341 3.52 4.085 2.858 2.939 3.693 3.111 3.59 2.648 3.581 2.906 2.691 3.648 3.074 3.323 3.371 3.479 3.57 3.426 3.32 2.977 4.229 3.793 3.312 3.292 3.912 2.754 3.3 3.827 3.16 3.739 3.159 3.543 3.701 4.37 4.523 3.242 2.964 3.603 3.412 3.095 2.512 2.977 2.711 4.588 3.34 3.984 3.693 3.582 3.232 4.107 4.052 4.075 3.173 4.095 3.606 3.532 3.214 2.775 3.304 3.743 3.664 4.311 3.516 3.699 3.53 3.564 3.446 2.832 3.171 2.9 3.322 3.505 4.126 4.248 3.331 3.693 3.039 4.218 3.551 3.31 3.517 3.405 3.365 2.667 3.708 3.704 3.653 3.21 3.455 3.967 3.376 3.444 3.667 3.752 3.6 3.903 4.234 2.462 3.426 3.313 2.827 2.934 3.137 2.851 3.169 3.822 3.503 2.81 3.53 3.687 3.524 3.584 2.891 3.813 3.659 3.326 3.226 3.667 3.934 3.22 3.459 3.473 3.909 3.862 3.498 3.988 3.49 3.387 3.794 3.513 3.188 3.158 3.169 3.856 3.174 3.245 3.65 3.559 3.792 3.434 3.592 3.067 3.583 3.239 3.223 3.434 4.229 4.519 4.444 3.064 2.836 2.958 2.873 2.305 2.69 3.037 3.341 3.066 3.252 3.52 2.738 2.85 2.988 3.57 3.382 3.063 3.238 3.349 3.808 3.502 2.876 3.269 3.173 3.415 3.369 3.045 3.204 3.364 3.0 4.073 3.148 3.102 3.384 3.304 3.395 4.193 3.037 3.895 2.872 3.019 2.713 3.108 3.084 4.28 3.351 3.203 4.008 2.867 4.001 3.533 2.863 3.43 3.272 3.237 3.406 3.07 3.794 3.326 3.453 3.274 4.314 2.968 2.53 2.824 5.148 3.156 2.581 3.493 3.014 2.871 2.895 2.978 2.847 3.713 3.28 2.694 3.164 3.496 2.989 3.179 3.092 3.266 3.871 2.937 3.147 3.904 3.287 2.741 2.999 3.83 3.165 3.849 3.379 3.573 3.109 3.369 2.954 3.077 2.625 3.357 4.619 3.304 2.63 3.989 3.191 4.268 3.816 3.145 3.537 3.388 2.804 3.384 3.378 3.387 3.213 4.205 3.959 3.7 2.567 3.589 3.319 3.115 3.445 3.386 3.537 2.915 3.319 3.429 3.572 3.771 3.552 3.686 4.073 3.4 3.829 3.73 3.982 5.817 12.932 14.141 14.131 12.803,1493.4,0.11668,0.1721148490905761,33.05137491226196,0.0127495569628096,0.0428618343598577,0.1488381891861747,0.0595925297113752,0.0302678051379921,0.0030420905645322,0.0141299288516523,0.0384888179621872,0.0198539353237139,0.0094476583106146,0.0030420905645322,0.0058933127484061,0.0067209746064678,0.0062881049537723,0.0052795140043294,0.0030420905645322,0.0058933127484061,0.0067209746064678,0.0062881049537723,0.0052795140043294,0.0030420905645322,0.0078133903961002,0.0126247072168624,0.0092576778468956,0.0063103948596759,0.0030420905645322,0.0014129928851652,0.0003848881796218,0.0009926967661856,0.0018895316621229,0.0030420905645322,0.0141299288516523,0.0384888179621872,0.0198539353237139,0.0094476583106146,0.415774467053278,0.4485325591524457,0.4944901406784834,0.4616962588775509,0.4366114630415861,megamarket,sasrec,32,256,1024,42
40,4.906 4.067 3.953,11.55 10.828 8.65 8.787 9.154 8.226 7.881 8.349 7.416 6.373 7.375 6.807 5.888 6.251 6.131 6.818 6.359 6.259 6.288 5.428 5.898 6.503 5.279 5.474 5.58 4.541 5.156 5.857 5.137 5.34 5.645 6.597 4.931 5.052 5.488 5.385 4.584 5.752 4.924 5.441 4.867 5.406 4.23 4.836 4.816 4.496 4.845 4.929 5.017 5.168 4.889 4.966 6.156 4.687 4.767 4.906 4.627 5.547 4.99 5.455 4.719 4.587 5.075 4.071 4.361 5.314 4.642 4.521 4.514 4.602 4.9 4.924 5.503 4.495 3.656 5.131 4.831 4.479 4.504 4.005 5.639 4.686 4.703 5.037 4.402 4.557 5.276 5.287 3.633 4.037 4.793 4.813 3.801 4.733 4.656 4.365 4.14 4.516 4.876 4.635 4.707 3.778 4.603 3.935 4.109 5.281 4.581 5.1 5.051 4.994 4.783 4.663 4.516 4.258 4.609 4.667 4.267 5.014 4.314 4.504 4.758 4.669 3.978 4.677 4.162 3.675 4.27 4.607 3.925 4.178 4.017 3.912 4.371 4.741 4.804 5.503 4.696 4.148 4.033 4.15 4.672 3.689 4.328 4.395 3.772 4.488 4.296 3.993 5.105 4.461 4.774 3.932 4.193 4.387 4.842 4.302 4.928 4.258 4.894 4.32 4.366 4.468 4.768 5.152 5.012 3.49 4.543 3.956 4.324 4.249 4.383 3.412 5.326 3.702 4.05 3.873 3.595 3.899 4.936 4.354 4.39 4.741 4.256 3.504 5.112 3.93 4.415 3.886 4.241 4.63 3.942 3.91 5.571 4.557 4.122 3.28 4.353 4.755 4.796 4.115 4.048 4.33 4.192 3.869 4.577 3.336 3.452 4.043 4.904 3.651 3.508 4.094 4.257 4.211 4.005 4.464 4.177 4.287 3.453 4.389 4.071 3.772 3.536 3.913 3.732 4.41 4.399 4.449 5.283 4.874 3.481 4.446 4.012 4.565 3.665 4.691 4.428 3.454 4.332 3.719 3.743 3.549 4.205 3.499 3.922 3.79 4.779 5.311 4.1 3.991 3.497 3.844 3.634 4.185 4.183 4.422 4.266 3.342 4.445 4.034 4.182 4.015 4.268 4.306 4.185 4.353 4.271 3.673 4.718 3.788 4.575 4.047 4.802 3.836 4.451 4.133 4.201 4.17 3.774 3.24 3.715 4.504 3.409 3.733 3.842 4.142 3.843 4.722 4.645 4.411 4.181 4.19 4.417 4.01 3.895 4.487 4.306 5.284 4.556 4.391 4.226 4.627 4.387 4.509 3.974 3.602 3.978 4.403 3.943 4.066 4.069 3.031 4.134 3.719 4.535 3.689 4.579 3.724 3.861 3.586 4.223 4.669 4.459 4.985 4.767 4.428 4.388 4.194 4.658 3.848 3.955 4.273 3.773 4.399 4.459 4.012 4.472 3.726 3.817 4.405 3.501 5.051 4.302 3.663 3.99 3.902 4.466 4.552 4.292 4.443 4.606 3.954 4.145 3.894 4.513 3.729 4.604 3.833 4.615 3.841 3.415 4.207 3.796 3.705 3.758 3.765 2.658 3.576 4.419 4.137 3.296 4.458 4.104 3.902 4.208 4.353 3.436 4.044 4.058 4.067 4.065 4.382 3.89 2.925 4.053 4.588 4.609 3.861 3.906 4.39 4.307 3.672 3.323 3.852 3.766 3.287 3.224 3.458 4.084 3.548 4.411 4.861 3.597 3.709 4.08 4.692 3.941 3.32 3.832 3.003 4.361 3.287 3.724 3.419 3.04 3.028 4.53 3.536 3.293 3.786 3.064 3.88 3.423 4.149 3.419 3.727 4.128 3.69 3.073 4.643 4.118 3.182 4.222 4.443 4.358 3.753 4.995 3.588 4.058 3.589 4.571 4.767 3.855 4.508 3.623 3.807 4.542 4.311 4.769 3.875 3.753 3.3 3.421 3.838 4.201 4.431 3.869 4.383 3.845 3.856 4.11 3.875 4.107 4.606 3.429 3.449 4.253 3.635 3.994 2.992 4.074 3.313 3.164 4.152 3.555 3.946 3.922 4.013 4.177 3.905 3.795 3.532 4.736 4.353 3.74 3.658 4.465 3.276 3.848 4.384 3.745 4.287 3.661 4.074 4.176 4.907 5.1 3.641 3.464 3.956 3.879 3.615 3.034 3.468 3.2 5.082 3.817 4.462 4.197 4.181 3.816 4.634 4.563 4.66 3.58 4.599 4.06 4.072 3.665 3.204 3.81 4.329 4.208 4.866 4.053 4.103 4.027 4.032 3.856 3.288 3.71 3.264 3.661 3.986 4.629 4.814 3.707 4.267 3.505 4.708 3.922 3.773 3.951 3.852 3.891 3.038 4.227 4.179 4.127 3.6 3.872 4.407 3.806 3.948 4.196 4.272 3.985 4.357 4.652 2.871 3.876 3.776 3.27 3.438 3.443 3.31 3.657 4.242 3.928 3.203 4.075 4.208 4.019 4.11 3.323 4.349 4.157 3.743 3.656 4.228 4.438 3.672 4.0 3.994 4.297 4.33 4.045 4.473 4.118 3.888 4.217 4.023 3.664 3.653 3.609 4.355 3.783 3.75 4.175 4.028 4.299 3.906 4.126 3.491 4.145 3.619 3.803 3.854 4.834 4.966 4.934 3.668 3.435 3.509 3.419 2.83 3.242 3.675 3.932 3.649 3.745 4.268 3.395 3.462 3.5 4.427 4.107 3.68 3.861 4.006 4.445 4.133 3.517 3.999 3.777 4.005 4.101 3.75 3.775 3.91 3.576 4.871 3.831 3.647 4.014 3.883 4.073 4.789 3.757 4.63 3.627 3.711 3.393 3.722 3.634 5.029 3.932 3.914 4.525 3.495 4.671 4.073 3.556 4.021 3.899 3.933 4.036 3.627 4.525 4.0 4.083 3.735 5.021 3.559 3.073 3.485 5.944 3.796 3.158 4.111 3.596 3.521 3.375 3.47 3.51 4.218 3.911 3.244 3.675 4.016 3.572 3.8 3.714 3.921 4.451 3.516 3.743 4.38 3.928 3.248 3.545 4.47 3.795 4.512 4.0 4.221 3.694 3.931 3.525 3.654 3.194 3.944 5.274 3.813 3.178 4.526 3.604 4.876 4.384 3.585 4.054 3.976 3.321 4.059 3.838 3.995 3.66 4.742 4.448 4.102 2.97 4.058 3.741 3.566 3.809 3.778 3.908 3.318 3.673 3.78 4.08 4.057 3.952 3.902 4.273 3.541 3.982 3.91 4.182 4.402 3.604 4.29 4.076 3.798 3.956 4.531 3.954 4.399 4.063 4.047 4.88 4.078 3.957 4.696 5.694 4.691 4.793 4.062 5.225 9.963 12.566 11.623 10.674,2074.6,0.17768,0.1721148490905761,55.40745401382446,0.0115567645272824,0.038542376662164,0.0951811185604699,0.051977247097022,0.0276442814122662,0.0033967240729658,0.0149832657313207,0.0397023294988585,0.0212669282088791,0.0100239377618192,0.0033967240729658,0.0063057962876767,0.0071774508897861,0.0067405373801995,0.0056525256555178,0.0033967240729658,0.0063057962876767,0.0071774508897861,0.0067405373801995,0.0056525256555178,0.0033967240729658,0.0083254714555354,0.0132617684357595,0.0099125555661193,0.0067303524177783,0.0033967240729658,0.001498326573132,0.0003970232949885,0.0010633464104439,0.0020047875523638,0.0033967240729658,0.0149832657313207,0.0397023294988585,0.0212669282088791,0.0100239377618192,0.4109690859596792,0.4502152973595845,0.492243257437961,0.4634909454161961,0.4372943453261585,megamarket,sasrec,32,512,1024,42
41,5.891 3.092 1.536 0.652 0.465,12.455 10.436 9.509 8.982 8.548 8.046 7.743 7.274 7.07 7.101 6.727 6.449 6.344 5.835 5.723 5.925 5.635 5.977 5.909 5.232 5.009 5.648 5.039 4.954 4.829 4.925 4.998 4.972 4.911 5.222 4.988 4.761 4.884 4.49 5.036 4.942 4.734 4.862 4.33 4.535 4.945 4.401 4.559 4.409 4.718 4.678 4.702 4.508 4.477 4.731 3.398 2.9 2.744 2.943 2.72 3.096 3.03 3.023 2.469 2.743 3.138 3.281 3.144 3.355 3.181 2.868 3.12 3.159 2.939 2.988 2.997 3.218 3.28 2.942 3.092 2.864 2.911 2.894 2.973 2.979 3.075 3.237 3.062 3.226 2.88 3.403 3.393 3.421 3.539 2.973 3.252 2.962 3.44 3.027 3.148 3.463 3.17 3.028 3.118 3.192 3.244 1.465 1.403 1.375 1.32 1.402 1.38 1.206 1.406 1.449 1.46 1.361 1.368 1.546 1.47 1.228 1.411 1.381 1.563 1.284 1.409 1.47 1.428 1.569 1.526 1.656 1.517 1.644 1.665 1.549 1.508 1.407 1.635 1.781 1.365 1.449 1.57 1.461 1.613 1.612 1.697 1.679 1.617 1.519 1.556 1.608 1.877 1.708 1.604 1.713 1.865 1.645 0.543 0.615 0.516 0.5 0.56 0.544 0.513 0.58 0.584 0.484 0.535 0.568 0.582 0.58 0.639 0.542 0.606 0.6 0.709 0.647 0.624 0.654 0.57 0.674 0.616 0.612 0.729 0.639 0.633 0.7 0.78 0.697 0.792 0.879 0.774 0.625 0.713 0.688 0.751 0.625 0.792 0.759 0.626 0.776 0.828 0.645 0.715 0.767 0.842 0.719 0.775 0.359 0.301 0.338 0.418 0.449 0.362 0.412 0.391 0.372 0.296 0.368 0.4 0.422 0.43 0.372 0.393 0.331 0.403 0.464 0.365 0.418 0.397 0.404 0.385 0.432 0.424 0.454 0.454 0.44 0.407 0.42 0.505 0.421 0.447 0.485 0.44 0.468 0.479 0.581 0.525 0.486 0.44 0.524 0.624 0.592 0.521 0.6 0.69 0.639 0.657 1.015 0.787 0.883 0.907 0.943 1.011 0.952 0.9 1.198 1.261 1.209 1.34 1.113 1.339 1.355 1.388 1.191 1.199 1.368 1.379 5.607 6.757 7.065 6.466,167.69,0.034545,3.337860107421875e-06,66.06615400314331,0.0108039111199236,0.0363445404186236,0.1118337402252983,0.0508922707050177,0.0256850036558313,0.0028758561074539,0.0110102622071502,0.0280714586519493,0.0147172905999955,0.007846266374094,0.0028758561074539,0.0050012032208321,0.0055743152128974,0.0052595372043785,0.0045816063420292,0.0028758561074539,0.0050012032208321,0.0055743152128974,0.0052595372043785,0.0045816063420292,0.0028758561074539,0.0064079794089892,0.0097691891902931,0.0073466047399046,0.0053874014637123,0.0028758561074539,0.001101026220715,0.0002807145865194,0.0007358645299997,0.0015692532748188,0.0028758561074539,0.0110102622071502,0.0280714586519493,0.0147172905999955,0.007846266374094,0.3826811066157992,0.394067943142616,0.4245868423561156,0.4006253451484251,0.3892102477235457,megamarket,sasrec,128,32,32,42
42,6.017 3.462 2.09 0.975 0.551,12.262 10.299 9.524 9.037 8.638 8.076 7.854 7.409 7.067 7.152 6.746 6.563 6.434 5.924 5.783 6.01 5.705 6.051 6.028 5.372 5.203 5.769 5.249 5.098 4.931 5.091 5.186 5.065 5.054 5.387 5.154 4.951 5.024 4.629 5.206 5.177 4.947 5.031 4.492 4.733 5.108 4.663 4.731 4.588 4.937 4.847 4.871 4.733 4.634 4.806 3.695 3.188 2.983 3.241 3.024 3.443 3.412 3.407 2.796 3.042 3.407 3.711 3.441 3.595 3.547 3.199 3.446 3.534 3.249 3.294 3.294 3.58 3.677 3.416 3.518 3.271 3.357 3.316 3.339 3.414 3.498 3.688 3.591 3.518 3.214 3.769 3.779 3.921 3.957 3.351 3.744 3.395 3.864 3.43 3.599 4.04 3.529 3.5 3.583 3.595 3.769 1.936 1.833 1.731 1.78 1.969 1.756 1.718 1.838 1.882 1.913 1.861 1.747 1.942 1.983 1.702 1.997 1.825 2.154 1.693 2.17 2.013 1.934 2.065 2.119 2.184 2.018 2.194 2.336 2.059 2.154 1.957 2.286 2.51 1.95 2.0 2.215 1.932 2.2 2.246 2.275 2.375 2.277 2.098 2.202 2.362 2.446 2.517 2.2 2.246 2.404 2.318 0.765 0.774 0.758 0.774 0.815 0.741 0.755 0.735 0.753 0.773 0.815 0.82 0.749 0.879 0.853 0.873 0.828 0.939 0.908 0.926 0.944 1.021 0.85 0.949 0.921 0.904 1.073 0.977 0.852 1.01 1.088 1.082 1.213 1.355 1.17 1.008 1.073 1.033 1.072 0.893 1.226 1.187 1.112 1.161 1.176 1.042 1.067 1.168 1.264 1.365 1.212 0.504 0.368 0.43 0.456 0.439 0.422 0.555 0.488 0.479 0.457 0.458 0.51 0.504 0.532 0.449 0.47 0.446 0.512 0.579 0.535 0.515 0.467 0.483 0.573 0.578 0.536 0.559 0.593 0.495 0.562 0.603 0.573 0.629 0.521 0.668 0.599 0.514 0.621 0.704 0.575 0.659 0.633 0.599 0.6 0.748 0.588 0.641 0.828 0.611 0.63 0.699 0.359 0.329 0.329 0.35 0.408 0.324 0.426 0.501 0.519 0.53 0.775 0.784 0.958 0.925 1.174 1.314 1.051 1.284 1.163 1.295 1.448 1.194 1.528 1.503 1.422 1.632 1.265 1.436 1.616 1.509 3.928 5.54 5.57 5.259 5.111 5.25,167.9,0.037112,0.1694259643554687,15.964612007141112,0.0134181403591389,0.0493915209497725,0.1617643413926858,0.0701392933711722,0.034080403504641,0.0029922202274087,0.0119079282753729,0.03120220759359,0.0164295055079016,0.0082341467739433,0.0029922202274087,0.0052960450975611,0.0059511523134579,0.0056044452294709,0.0048133187047011,0.0029922202274087,0.0052960450975611,0.0059511523134579,0.0056044452294709,0.0048133187047011,0.0029922202274087,0.0068390376292302,0.0106507384476892,0.0079754564492417,0.0056587778979674,0.0029922202274087,0.0011907928275372,0.0003120220759359,0.000821475275395,0.0016468293547886,0.0029922202274087,0.0119079282753729,0.03120220759359,0.0164295055079016,0.0082341467739433,0.3992206380484674,0.4147089045510621,0.4493708141464822,0.4224643935418979,0.4086266566564902,megamarket,sasrec,128,64,32,42
43,6.148 3.788 2.657 1.54 0.798 0.85,12.076 10.287 9.666 9.136 8.709 8.233 7.987 7.542 7.193 7.281 6.894 6.725 6.566 6.062 5.94 6.168 5.827 6.197 6.127 5.443 5.3 5.96 5.344 5.21 5.109 5.289 5.422 5.167 5.246 5.567 5.323 5.103 5.21 4.773 5.338 5.276 5.14 5.251 4.681 4.878 5.254 4.826 4.998 4.759 5.099 4.974 5.092 4.742 4.764 5.003 3.902 3.39 3.196 3.48 3.312 3.649 3.645 3.636 3.02 3.29 3.727 3.907 3.775 3.981 3.807 3.566 3.779 3.88 3.613 3.57 3.564 3.904 3.947 3.773 3.815 3.644 3.582 3.657 3.666 3.868 3.772 4.021 3.932 3.819 3.538 4.044 4.201 4.214 4.316 3.749 4.112 3.805 4.289 3.758 3.923 4.447 3.882 3.971 3.822 3.856 4.082 2.3 2.373 2.165 2.281 2.326 2.18 2.096 2.37 2.394 2.448 2.29 2.301 2.492 2.512 2.244 2.376 2.512 2.748 2.284 2.674 2.64 2.481 2.667 2.747 2.815 2.732 2.909 2.78 2.766 2.746 2.488 2.884 3.036 2.492 2.599 2.814 2.645 2.911 2.932 2.842 3.068 2.811 2.727 2.65 3.007 3.214 3.34 2.856 2.977 3.072 2.942 1.213 1.192 1.112 1.163 1.371 1.214 1.12 1.207 1.109 1.208 1.235 1.353 1.17 1.313 1.413 1.366 1.428 1.354 1.476 1.46 1.498 1.524 1.379 1.43 1.464 1.319 1.491 1.598 1.512 1.625 1.807 1.677 1.797 1.911 1.789 1.669 1.678 1.691 1.724 1.566 1.828 1.794 1.819 1.904 2.012 1.655 1.747 1.836 1.998 1.914 1.821 0.549 0.56 0.608 0.686 0.56 0.607 0.733 0.67 0.591 0.619 0.62 0.69 0.596 0.68 0.626 0.709 0.622 0.766 0.742 0.818 0.784 0.698 0.723 0.823 0.83 0.77 0.777 0.887 0.72 0.836 0.725 0.944 0.891 0.778 0.942 0.89 0.763 0.948 1.012 1.051 0.898 0.955 1.112 1.038 1.133 1.047 1.106 1.186 0.891 0.899 1.036 0.393 0.406 0.38 0.421 0.404 0.39 0.478 0.528 0.428 0.514 0.49 0.489 0.491 0.51 0.535 0.546 0.448 0.513 0.479 0.582 0.536 0.533 0.491 0.52 0.546 0.498 0.629 0.526 0.568 0.653 0.654 0.785 0.859 0.944 1.03 1.324 1.121 1.322 1.402 1.15 1.382 1.33 1.573 1.224 1.565 1.499 1.312 1.568 1.85 2.084 1.705 1.354 1.616 1.832 1.531 1.665 2.01 2.192 2.33 2.1 2.026 2.233 1.972 2.322 1.981 1.855 4.058 5.868 6.299 6.402 5.947 4.953,192.24,0.043299,0.1694259643554687,15.964612007141112,0.0111713531533094,0.0454041862367243,0.1557557656797987,0.0660689279119626,0.0305032654629273,0.0027539508389298,0.012273644080945,0.0331859387813906,0.0176263935988651,0.0081399472482656,0.0027539508389298,0.0051474301736121,0.0058872245326483,0.0055174624683845,0.004602385649164,0.0027539508389298,0.0051474301736121,0.0058872245326483,0.0055174624683845,0.004602385649164,0.0027539508389298,0.0068057734392713,0.0109847030432312,0.0081572437461892,0.0054756678626872,0.0027539508389298,0.0012273644080945,0.0003318593878139,0.0008813196799432,0.0016279894496531,0.0027539508389298,0.012273644080945,0.0331859387813906,0.0176263935988651,0.0081399472482656,0.3854141289502069,0.4100178507566736,0.4529603808323839,0.4205361627230836,0.4010041346067627,megamarket,sasrec,128,128,32,42
44,6.299 4.101 3.247 2.41 1.568 0.939 2.724,11.971 10.399 9.772 9.314 8.835 8.418 8.142 7.692 7.383 7.483 7.064 6.925 6.709 6.286 6.122 6.344 6.06 6.402 6.377 5.621 5.465 6.074 5.602 5.319 5.205 5.402 5.556 5.312 5.374 5.731 5.43 5.271 5.296 4.961 5.498 5.487 5.236 5.427 4.745 5.056 5.43 5.018 5.055 4.999 5.317 5.137 5.221 4.893 4.904 5.118 4.089 3.66 3.354 3.755 3.538 3.892 4.009 3.924 3.317 3.629 4.039 4.306 4.118 4.336 4.108 3.897 4.077 4.15 3.859 3.815 3.935 4.192 4.289 4.149 4.105 3.908 3.94 4.095 4.025 4.185 4.1 4.387 4.244 4.188 3.856 4.385 4.513 4.578 4.73 4.063 4.311 4.152 4.568 4.119 4.3 4.818 4.144 4.206 4.192 4.204 4.394 2.749 2.897 2.67 2.689 2.88 2.672 2.677 2.837 2.847 3.034 2.818 2.739 3.103 3.105 2.687 3.025 2.988 3.267 2.767 3.341 3.208 3.145 3.312 3.357 3.395 3.347 3.453 3.438 3.352 3.335 3.203 3.508 3.69 3.093 3.179 3.426 3.163 3.623 3.387 3.632 3.789 3.361 3.355 3.366 3.595 3.788 4.09 3.611 3.567 3.719 3.629 1.886 1.809 1.656 1.852 2.029 1.902 1.806 1.869 1.79 1.862 2.053 1.963 1.898 2.174 2.272 2.27 2.15 2.135 2.274 2.251 2.389 2.343 2.017 2.286 2.422 2.076 2.488 2.554 2.424 2.48 2.826 2.645 2.827 3.23 2.706 2.701 2.474 2.723 2.785 2.491 2.769 2.817 2.758 2.894 2.967 2.621 2.693 2.91 3.116 3.127 2.962 1.095 1.002 1.037 1.11 1.168 1.1 1.337 1.21 1.248 1.147 1.212 1.336 1.209 1.312 1.185 1.392 1.232 1.461 1.389 1.491 1.358 1.347 1.479 1.474 1.573 1.555 1.501 1.544 1.552 1.589 1.672 1.746 1.684 1.645 1.689 1.697 1.62 1.761 1.94 1.812 1.84 1.918 2.056 2.159 2.161 1.939 2.206 2.295 1.917 2.119 2.098 0.639 0.663 0.572 0.689 0.619 0.616 0.657 0.741 0.773 0.72 0.774 0.843 0.681 0.855 0.871 0.824 0.75 0.851 0.834 0.773 0.931 0.918 0.854 0.939 0.771 1.005 0.876 1.058 1.008 0.975 0.994 0.972 1.074 1.304 1.046 1.168 1.044 1.103 1.208 1.078 1.011 1.295 1.178 1.176 1.138 1.159 1.145 1.265 1.15 1.355 1.144 0.373 0.416 0.554 0.485 0.541 0.578 0.525 0.612 0.596 0.548 0.556 0.546 0.675 0.596 0.553 0.65 0.653 0.687 0.697 0.774 0.754 1.058 1.078 1.939 1.808 1.708 1.766 2.054 2.185 1.857 2.476 2.424 2.061 2.619 2.421 6.648 6.972 7.133 6.438 6.214 6.199 5.878 6.424 6.159 6.305 6.567 6.062 5.675 6.028 5.665 6.14,237.91,0.053757,0.1694259643554687,16.77130699157715,0.0102611131077045,0.0361660862776201,0.103629187166173,0.0498376563022814,0.0254340525200451,0.0032083250216104,0.0136644723718332,0.0352195403063146,0.0193995611410333,0.0091706008821508,0.0032083250216104,0.0058227994339936,0.0065984446034205,0.0062199351896629,0.0052281660275875,0.0032083250216104,0.0058227994339936,0.0065984446034205,0.0062199351896629,0.0052281660275875,0.0032083250216104,0.0076478768192667,0.0119768025129361,0.0090967079077959,0.006199918802942,0.0032083250216104,0.0013664472371833,0.0003521954030631,0.0009699780570516,0.0018341201764301,0.0032083250216104,0.0136644723718332,0.0352195403063146,0.0193995611410333,0.0091706008821508,0.3984339671982386,0.4251930638318815,0.4649301385137221,0.4358887197431582,0.4156222413585715,megamarket,sasrec,128,256,32,42
45,6.495 4.439 3.845 3.349 2.857,11.977 10.552 9.929 9.514 9.062 8.639 8.381 7.951 7.617 7.717 7.333 7.207 7.013 6.548 6.416 6.639 6.248 6.612 6.622 5.919 5.749 6.34 5.813 5.563 5.437 5.634 5.715 5.551 5.489 5.878 5.627 5.396 5.456 5.126 5.638 5.597 5.457 5.615 4.937 5.231 5.575 5.202 5.259 5.128 5.424 5.246 5.392 5.117 5.096 5.323 4.307 3.898 3.588 3.951 3.819 4.177 4.236 4.155 3.64 3.866 4.33 4.577 4.558 4.652 4.333 4.202 4.473 4.466 4.193 4.128 4.227 4.627 4.628 4.521 4.461 4.237 4.331 4.452 4.454 4.584 4.521 4.832 4.687 4.544 4.094 4.774 4.938 4.931 5.071 4.479 4.773 4.578 5.005 4.468 4.647 5.164 4.491 4.6 4.612 4.571 4.736 3.253 3.313 3.139 3.118 3.369 3.137 3.167 3.384 3.314 3.563 3.429 3.342 3.692 3.689 3.275 3.633 3.639 4.032 3.339 4.063 3.896 3.852 3.901 4.069 4.094 4.051 4.142 4.066 3.947 3.978 3.831 4.163 4.461 3.748 3.802 3.949 3.857 4.293 4.107 4.124 4.387 3.901 3.912 3.973 4.173 4.347 4.726 4.073 4.194 4.256 4.301 2.599 2.483 2.514 2.481 2.865 2.677 2.595 2.681 2.484 2.678 3.03 2.76 2.684 3.097 3.145 3.276 3.149 3.021 3.346 3.33 3.422 3.38 2.857 3.224 3.259 3.055 3.326 3.628 3.418 3.411 3.742 3.789 3.827 4.345 3.726 3.8 3.42 3.723 3.71 3.327 3.749 3.843 3.842 3.959 4.023 3.516 3.514 3.952 4.165 4.113 3.895 2.122 2.044 1.878 2.075 2.147 2.046 2.404 2.162 2.377 2.255 2.258 2.433 2.318 2.481 2.434 2.629 2.391 2.757 2.784 2.755 2.514 2.725 2.838 2.545 2.997 2.769 3.187 2.883 2.677 2.957 2.917 3.215 3.086 3.134 3.062 3.121 3.055 3.026 3.452 3.476 3.372 3.305 3.547 3.712 3.82 3.498 3.639 3.872 3.483 3.536 3.495,311.78,0.082632,0.1694259643554687,20.80641508102417,0.0099686465988375,0.0264533478740411,0.069719182580893,0.0335636300546515,0.0204807108423283,0.0035740408271826,0.0145344326972094,0.0327592703415564,0.0194051022896025,0.0102123368131746,0.0035740408271826,0.0064659970496462,0.0071178266285033,0.0067995276819188,0.005897536774756,0.0035740408271826,0.0064659970496462,0.0071178266285033,0.0067995276819188,0.005897536774756,0.0035740408271826,0.0083537721111653,0.0120087739956561,0.0095796117981222,0.0069644297488359,0.0035740408271826,0.0014534432697209,0.0003275927034155,0.0009702551144801,0.0020424673626349,0.0035740408271826,0.0145344326972094,0.0327592703415564,0.0194051022896025,0.0102123368131746,0.3916354820457854,0.4127331993656061,0.4459439679111314,0.4215001554959012,0.4050254163877975,megamarket,sasrec,128,512,32,42
46,6.764 4.83 4.437 4.166 3.956 3.805,12.075 10.748 10.118 9.753 9.289 8.851 8.617 8.158 7.866 8.008 7.534 7.538 7.281 6.836 6.656 6.929 6.68 6.966 6.908 6.283 6.063 6.679 6.129 5.821 5.702 5.882 5.95 5.813 5.816 6.244 5.922 5.78 5.767 5.307 5.912 5.858 5.682 5.836 5.264 5.486 5.815 5.439 5.477 5.327 5.666 5.553 5.551 5.385 5.287 5.575 4.601 4.274 3.865 4.316 4.089 4.477 4.576 4.485 3.906 4.186 4.791 5.012 4.946 5.067 4.808 4.651 4.846 4.886 4.597 4.659 4.667 4.971 5.134 4.979 4.823 4.704 4.844 4.796 4.875 5.021 4.97 5.202 5.147 5.0 4.531 5.087 5.307 5.418 5.531 4.794 5.224 5.001 5.376 4.884 5.096 5.558 4.978 5.05 4.885 5.002 5.15 3.738 3.864 3.674 3.734 3.882 3.645 3.701 3.897 3.853 4.135 4.056 3.974 4.392 4.441 3.86 4.338 4.306 4.565 3.893 4.74 4.465 4.518 4.652 4.678 4.661 4.652 4.808 4.714 4.584 4.548 4.416 4.865 5.029 4.248 4.357 4.619 4.444 4.836 4.653 4.846 5.005 4.441 4.609 4.477 4.738 4.85 5.35 4.635 4.67 4.886 4.881 3.255 3.053 3.14 3.216 3.583 3.485 3.277 3.542 3.241 3.406 3.716 3.505 3.563 3.989 4.068 4.231 4.043 3.966 4.197 4.169 4.317 4.205 3.725 4.171 4.239 3.725 4.204 4.588 4.324 4.263 4.777 4.617 4.777 5.192 4.557 4.591 4.16 4.605 4.465 4.017 4.497 4.575 4.637 4.72 4.986 4.176 4.361 4.788 4.832 4.823 4.582 3.033 3.116 2.844 2.991 3.143 2.976 3.482 3.19 3.49 3.342 3.494 3.652 3.472 3.625 3.372 3.71 3.622 3.96 3.911 3.892 3.755 3.744 4.059 3.705 4.128 4.054 4.254 3.835 3.785 3.96 3.918 4.38 4.159 4.247 4.092 4.221 4.145 4.2 4.61 4.588 4.393 4.289 4.645 4.82 4.945 4.443 4.744 4.976 4.574 4.675 4.717 2.639 3.072 2.855 2.764 3.074 3.165 2.949 3.205 3.565 3.164 3.545 3.512 3.182 3.567 3.878 3.533 3.318 3.221 3.538 3.629 3.731 4.186 3.629 3.754 3.553 3.809 3.84 3.981 4.362 4.221 4.038 4.064 3.965 4.344 3.949 4.242 4.026 4.333 4.498 4.356 3.839 4.515 4.604 4.229 4.355 4.418 4.566 4.22 4.309 4.599 4.334,437.61,0.132,0.1694259643554687,31.8794264793396,0.0126993667356524,0.0352279627724833,0.0792875466273406,0.0444251669909409,0.0271405202433916,0.0035297116386284,0.015692532748188,0.0356849967861338,0.0213999157745417,0.0108218631557949,0.0035297116386284,0.0066847558781031,0.0074257463574682,0.0070813111080243,0.0060354190216548,0.0035297116386284,0.0066847558781031,0.0074257463574682,0.0070813111080243,0.0060354190216548,0.0035297116386284,0.0087909411112773,0.0128418666859401,0.0102346849183623,0.0072165153703382,0.0035297116386284,0.0015692532748188,0.0003568499678613,0.001069995788727,0.0021643726311589,0.0035297116386284,0.015692532748188,0.0356849967861338,0.0213999157745417,0.0108218631557949,0.4077941550123201,0.4338566043034709,0.4679498639877528,0.4435002339402379,0.4247586403227762,megamarket,sasrec,128,1024,32,42
47,6.965 5.08 4.751 4.522 4.407 4.393,12.2 10.858 10.278 9.861 9.414 9.002 8.759 8.245 7.975 8.161 7.686 7.701 7.39 6.989 6.796 7.088 6.855 7.147 7.135 6.518 6.267 6.838 6.356 6.039 5.864 6.023 6.205 6.135 6.048 6.497 6.169 5.983 6.014 5.573 6.097 6.151 5.908 6.145 5.445 5.674 6.081 5.676 5.721 5.616 5.9 5.749 5.822 5.604 5.503 5.758 4.817 4.451 4.101 4.541 4.311 4.773 4.88 4.756 4.178 4.483 5.074 5.351 5.254 5.394 5.093 4.938 5.167 5.297 4.949 4.888 5.01 5.264 5.391 5.221 5.156 4.92 4.996 5.139 5.115 5.251 5.239 5.442 5.361 5.322 4.746 5.454 5.522 5.571 5.689 5.077 5.433 5.17 5.684 5.164 5.336 5.882 5.182 5.286 5.195 5.184 5.26 4.059 4.18 3.981 3.984 4.237 3.895 4.047 4.272 4.19 4.505 4.437 4.322 4.713 4.879 4.235 4.585 4.686 4.969 4.311 5.114 4.81 4.849 5.033 5.007 5.012 5.124 5.177 4.967 4.959 4.937 4.719 5.171 5.342 4.62 4.69 4.857 4.759 5.077 5.046 5.14 5.307 4.74 4.825 4.782 4.971 5.18 5.651 4.985 4.99 5.049 5.163 3.601 3.533 3.493 3.508 3.948 3.829 3.682 3.864 3.678 3.785 4.208 3.972 3.92 4.321 4.509 4.592 4.386 4.37 4.677 4.638 4.777 4.638 4.087 4.528 4.604 4.108 4.608 4.91 4.645 4.612 5.076 5.019 5.148 5.491 4.92 4.968 4.434 4.916 4.79 4.307 4.863 4.881 4.977 5.116 5.325 4.534 4.631 5.025 5.041 5.173 4.881 3.445 3.475 3.302 3.332 3.544 3.416 3.936 3.675 3.926 3.775 3.849 4.026 3.936 4.113 3.86 4.156 4.125 4.444 4.28 4.421 4.249 4.208 4.532 4.083 4.615 4.574 4.746 4.227 4.247 4.501 4.396 4.829 4.577 4.799 4.529 4.57 4.537 4.75 5.091 5.144 4.868 4.656 5.104 5.264 5.368 4.97 5.197 5.447 4.991 5.176 5.01 3.085 3.616 3.297 3.294 3.631 3.646 3.614 3.784 4.079 3.847 4.267 4.127 3.808 4.16 4.564 4.24 4.046 3.863 4.155 4.228 4.413 4.853 4.335 4.425 4.096 4.545 4.545 4.634 5.11 4.84 4.718 4.608 4.591 4.946 4.658 4.872 4.621 4.898 5.003 5.006 4.409 5.133 5.209 4.769 4.936 4.969 5.126 4.746 4.772 5.111 4.724,590.03,0.19197,0.1694259643554687,42.43487071990967,0.0134367293321601,0.0350191466422118,0.0691602741253888,0.0432999144907241,0.0275724040499175,0.003923133187047,0.0159086375423897,0.0343551211295077,0.021084070306093,0.0111598732185207,0.003923133187047,0.0071092364437999,0.0077859482417391,0.0074642924522749,0.0064774179725306,0.003923133187047,0.0071092364437999,0.0077859482417391,0.0074642924522749,0.0064774179725306,0.003923133187047,0.0091706736238986,0.0128988712156042,0.0104740043075954,0.0076369628072475,0.003923133187047,0.0015908637542389,0.000343551211295,0.0010542035153046,0.0022319746437041,0.003923133187047,0.0159086375423897,0.0343551211295077,0.021084070306093,0.0111598732185207,0.4130244469712854,0.4359348846992968,0.4664585139048898,0.4446954401192283,0.4276307957363225,megamarket,sasrec,128,1512,32,42
48,7.165 5.354 5.077 4.879 4.718,12.27 10.966 10.363 9.97 9.52 9.144 8.865 8.387 8.118 8.291 7.814 7.841 7.584 7.187 7.001 7.258 7.025 7.325 7.303 6.744 6.453 7.005 6.519 6.245 6.116 6.234 6.441 6.331 6.246 6.707 6.359 6.249 6.31 5.802 6.345 6.422 6.185 6.396 5.644 5.885 6.382 5.896 6.009 5.944 6.121 6.009 6.084 5.811 5.823 6.001 4.992 4.756 4.447 4.763 4.577 5.02 5.132 5.003 4.478 4.794 5.368 5.588 5.533 5.604 5.4 5.285 5.441 5.576 5.192 5.171 5.277 5.516 5.706 5.569 5.4 5.166 5.251 5.48 5.362 5.533 5.539 5.716 5.649 5.466 5.022 5.663 5.851 5.834 5.878 5.25 5.673 5.455 5.96 5.357 5.521 6.125 5.497 5.5 5.385 5.471 5.588 4.405 4.479 4.399 4.346 4.566 4.149 4.435 4.555 4.483 4.849 4.726 4.755 5.15 5.089 4.56 4.922 4.984 5.278 4.713 5.482 5.177 5.148 5.362 5.414 5.396 5.415 5.513 5.349 5.276 5.204 5.105 5.497 5.666 4.949 4.91 5.31 5.117 5.432 5.279 5.479 5.609 5.064 5.099 5.076 5.219 5.409 5.891 5.222 5.247 5.316 5.452 3.883 3.835 3.777 3.868 4.317 4.147 4.109 4.22 4.019 4.336 4.507 4.383 4.335 4.741 4.851 5.002 4.765 4.686 5.021 5.068 5.099 5.063 4.442 4.922 4.897 4.378 5.061 5.324 4.965 5.049 5.552 5.305 5.441 5.905 5.243 5.354 4.799 5.242 5.195 4.592 5.159 5.156 5.276 5.401 5.664 4.838 4.863 5.301 5.302 5.444 5.107 3.782 3.894 3.683 3.663 3.842 3.847 4.267 4.081 4.359 4.178 4.297 4.427 4.387 4.41 4.085 4.489 4.524 4.709 4.676 4.701 4.576 4.557 4.883 4.538 4.878 4.944 5.126 4.564 4.52 4.896 4.77 5.047 4.846 4.897 4.847 4.784 4.84 5.006 5.304 5.414 5.148 5.02 5.286 5.408 5.567 5.097 5.402 5.678 5.263 5.35 5.337,770.18,0.26283,0.1694259643554687,54.02938604354858,0.0138165640142267,0.0322400951755418,0.0747400641939201,0.0399538993469074,0.0258944394185369,0.0044827891925438,0.0160859542966066,0.0318505219761952,0.0208236363233371,0.0116918234811711,0.0044827891925438,0.0075953666850667,0.0081979062928695,0.0079229626902079,0.0070073364807057,0.0044827891925438,0.0075953666850667,0.0081979062928695,0.0079229626902079,0.0070073364807057,0.0044827891925438,0.0095885287726572,0.0128151711039926,0.0107849424732102,0.0081660744224614,0.0044827891925438,0.0016085954296606,0.0003185052197619,0.0010411818161668,0.0023383646962342,0.0044827891925438,0.0160859542966066,0.0318505219761952,0.0208236363233371,0.0116918234811711,0.4303823408964139,0.4417794716539471,0.4605156270842787,0.446594195238933,0.4373637756990686,megamarket,sasrec,128,2048,32,42
49,5.38 2.71 1.386 0.624 0.432 0.371,12.076 10.221 9.454 8.477 8.428 7.398 7.27 7.025 6.681 6.862 6.108 6.132 5.807 5.677 5.07 4.859 5.025 5.041 4.646 4.928 4.944 5.111 4.683 4.718 4.573 4.268 4.684 4.504 4.433 4.35 4.657 4.284 4.173 3.916 4.17 3.827 4.217 4.263 3.927 4.163 4.027 3.875 4.125 4.045 4.247 3.887 4.199 3.707 3.678 4.06 2.525 2.833 2.731 2.624 2.574 2.256 2.409 2.573 2.591 2.98 2.501 2.402 2.552 2.555 2.524 2.393 3.066 2.76 2.937 2.49 2.615 2.388 2.631 2.67 2.851 2.619 2.477 2.635 2.993 2.838 2.672 2.671 2.59 2.693 2.558 2.808 3.068 2.607 2.755 2.778 2.955 2.807 2.836 2.699 3.223 2.984 2.737 2.729 3.06 2.487 3.045 1.191 1.176 1.229 1.236 1.315 1.126 1.093 1.154 1.169 1.24 1.264 1.174 1.189 1.381 1.414 1.177 1.449 1.428 1.512 1.275 1.236 1.298 1.392 1.306 1.595 1.344 1.404 1.53 1.464 1.298 1.283 1.413 1.609 1.536 1.533 1.255 1.484 1.381 1.496 1.395 1.509 1.609 1.552 1.554 1.586 1.5 1.509 1.429 1.389 1.516 1.733 0.484 0.481 0.449 0.453 0.492 0.574 0.451 0.563 0.51 0.584 0.514 0.522 0.485 0.696 0.561 0.62 0.566 0.584 0.553 0.61 0.585 0.648 0.634 0.646 0.569 0.719 0.665 0.602 0.571 0.56 0.697 0.642 0.632 0.741 0.728 0.785 0.619 0.665 0.627 0.787 0.727 0.688 0.713 0.78 0.718 0.652 0.618 0.739 0.741 0.694 0.733 0.358 0.311 0.281 0.39 0.337 0.379 0.366 0.367 0.434 0.411 0.321 0.366 0.404 0.374 0.395 0.414 0.339 0.368 0.382 0.41 0.405 0.411 0.452 0.437 0.421 0.486 0.419 0.417 0.458 0.474 0.456 0.404 0.444 0.464 0.463 0.46 0.448 0.474 0.511 0.46 0.531 0.473 0.551 0.422 0.451 0.567 0.569 0.472 0.526 0.507 0.519 0.257 0.318 0.348 0.284 0.293 0.297 0.32 0.288 0.336 0.324 0.286 0.312 0.325 0.358 0.386 0.318 0.338 0.318 0.266 0.395 0.378 0.366 0.297 0.332 0.415 0.337 0.376 0.387 0.351 0.393 0.341 0.4 0.358 0.419 0.334 0.425 0.317 0.41 0.391 0.364 0.367 0.432 0.361 0.44 0.376 0.437 0.408 0.442 0.376 0.405 0.484 0.454 0.31 0.381 0.523 0.514 0.63 0.658 1.002 0.904 0.993 1.023 1.226 1.239 1.374 1.422 1.469 2.042 2.117 2.16 2.648 4.724 6.989 6.797 7.691,171.25,0.038096,3.337860107421875e-06,15.942101001739502,0.0111930402885008,0.0399737275847967,0.1236073761044948,0.0567589505905097,0.0278983307102226,0.0025433871932974,0.0107609105215329,0.0311190903650508,0.0156759093024802,0.0074029744885519,0.0025433871932974,0.0046554817263474,0.005351130895459,0.0049921710702288,0.0042174605285516,0.0025433871932974,0.0046554817263474,0.005351130895459,0.0049921710702288,0.0042174605285516,0.0025433871932974,0.0060790752777823,0.0101073950129216,0.0073164161830757,0.0050032986133254,0.0025433871932974,0.0010760910521532,0.0003111909036505,0.000783795465124,0.0014805948977103,0.0025433871932974,0.0107609105215329,0.0311190903650508,0.0156759093024802,0.0074029744885519,0.3861327169491292,0.4045450558130288,0.4408041893924074,0.4134083050913532,0.3972897264048767,megamarket,sasrec,128,32,64,42
50,5.521 3.045 1.865 0.927 0.553 0.441 0.823,11.884 10.224 9.573 8.627 8.523 7.546 7.395 7.187 6.776 6.957 6.251 6.283 5.911 5.745 5.218 4.993 5.156 5.122 4.696 5.075 5.029 5.231 4.823 4.836 4.674 4.408 4.867 4.609 4.593 4.512 4.791 4.464 4.328 4.126 4.353 3.967 4.438 4.4 4.16 4.262 4.228 4.046 4.276 4.257 4.441 4.103 4.388 3.92 3.98 4.304 2.829 3.096 3.027 2.887 2.828 2.547 2.683 2.765 2.869 3.317 2.774 2.69 2.843 2.913 2.823 2.707 3.399 3.183 3.221 2.794 2.902 2.712 2.991 3.004 3.203 2.955 2.729 2.877 3.299 3.157 2.93 3.049 2.885 3.04 2.981 3.183 3.39 2.968 3.13 3.121 3.347 3.153 3.273 3.114 3.586 3.352 3.107 3.102 3.474 2.869 3.425 1.502 1.541 1.581 1.59 1.767 1.53 1.502 1.54 1.591 1.696 1.699 1.475 1.668 1.953 1.825 1.652 1.877 1.886 2.058 1.634 1.726 1.736 1.953 1.799 1.981 1.83 1.783 1.974 2.013 1.718 1.766 1.91 2.256 2.15 2.144 1.812 2.046 1.915 2.041 1.941 1.987 2.258 2.056 2.126 2.193 2.005 2.121 1.941 1.866 2.029 2.216 0.707 0.737 0.622 0.651 0.666 0.716 0.659 0.888 0.765 0.822 0.764 0.716 0.715 0.975 0.815 0.879 0.763 0.884 0.815 0.873 0.831 1.001 0.928 0.934 0.837 0.974 1.013 0.886 0.874 0.878 1.029 0.896 0.881 0.987 0.967 1.17 0.994 1.041 1.06 1.17 1.028 1.008 1.018 1.151 1.087 1.078 0.952 1.19 1.185 1.109 1.113 0.448 0.383 0.327 0.418 0.443 0.404 0.421 0.422 0.501 0.593 0.399 0.505 0.486 0.526 0.523 0.538 0.438 0.483 0.454 0.567 0.531 0.473 0.51 0.546 0.552 0.534 0.549 0.588 0.53 0.593 0.54 0.57 0.484 0.599 0.545 0.534 0.597 0.575 0.597 0.59 0.724 0.599 0.695 0.63 0.658 0.705 0.72 0.631 0.724 0.641 0.645 0.345 0.389 0.389 0.312 0.319 0.433 0.357 0.33 0.422 0.382 0.449 0.355 0.389 0.473 0.401 0.383 0.382 0.404 0.356 0.37 0.465 0.46 0.365 0.449 0.523 0.438 0.418 0.48 0.456 0.477 0.382 0.506 0.517 0.513 0.403 0.404 0.5 0.511 0.527 0.447 0.48 0.53 0.515 0.559 0.503 0.41 0.454 0.553 0.486 0.437 0.514 0.307 0.325 0.332 0.317 0.344 0.354 0.301 0.363 0.349 0.356 0.337 0.409 0.367 0.409 0.344 0.347 0.336 0.353 0.345 0.385 0.37 0.334 0.424 0.398 0.326 0.333 0.416 0.461 0.424 0.44 0.412 0.45 0.553 0.581 0.582 0.679 0.661 0.782 1.209 1.565 1.33 1.455 1.666 1.652 2.648 2.357 2.651 2.372 2.384 2.641 2.829 2.667 2.187 3.563 11.791 12.542 12.316 10.722 11.673 11.461 10.692,201.37,0.043287,0.1694259643554687,16.111491203308105,0.0122414583668967,0.046032493524841,0.1548981943910872,0.0666049099674073,0.0313843827841324,0.0029091029988696,0.0125562426579781,0.034482567546601,0.0178369572444976,0.008511204202407,0.0029091029988696,0.0053808202729341,0.0061396080079405,0.0057462567955976,0.004846750301069,0.0029091029988696,0.0053808202729341,0.0061396080079405,0.0057462567955976,0.004846750301069,0.0029091029988696,0.0070543578613709,0.0114085137786234,0.0083882266023256,0.0057521177770986,0.0029091029988696,0.0012556242657978,0.000344825675466,0.0008918478622248,0.0017022408404814,0.0029091029988696,0.0125562426579781,0.034482567546601,0.0178369572444976,0.008511204202407,0.3992165110496393,0.4191105301329912,0.4545273569229873,0.4278767571771627,0.4116451274452348,megamarket,sasrec,128,64,64,42
51,5.673 3.366 2.392 1.474 0.826 0.581 0.488,11.783 10.331 9.733 8.777 8.639 7.722 7.501 7.308 6.923 7.126 6.397 6.409 6.035 5.933 5.396 5.14 5.339 5.269 4.865 5.23 5.212 5.416 5.001 4.995 4.84 4.545 4.998 4.78 4.764 4.627 4.967 4.617 4.498 4.303 4.56 4.111 4.585 4.562 4.377 4.464 4.377 4.258 4.404 4.424 4.665 4.261 4.512 4.091 4.166 4.532 3.076 3.276 3.254 3.15 3.043 2.779 2.882 3.089 3.105 3.606 3.102 2.894 3.093 3.164 3.13 2.92 3.792 3.576 3.547 3.137 3.213 2.977 3.322 3.426 3.6 3.332 3.14 3.245 3.699 3.558 3.291 3.369 3.323 3.332 3.331 3.585 3.866 3.391 3.433 3.51 3.671 3.561 3.673 3.477 3.93 3.656 3.45 3.387 3.848 3.206 3.812 1.86 1.854 1.945 2.092 2.208 1.979 1.905 1.965 2.021 2.203 2.172 1.943 2.138 2.48 2.266 2.067 2.321 2.41 2.56 2.187 2.278 2.289 2.398 2.274 2.59 2.389 2.364 2.56 2.594 2.273 2.308 2.556 2.871 2.769 2.628 2.343 2.576 2.438 2.731 2.551 2.57 2.887 2.691 2.673 2.787 2.63 2.715 2.587 2.505 2.503 2.935 1.025 1.072 1.038 1.011 1.046 1.149 1.012 1.262 1.172 1.256 1.211 1.137 1.221 1.573 1.237 1.342 1.238 1.286 1.505 1.399 1.356 1.609 1.466 1.481 1.408 1.518 1.511 1.464 1.357 1.402 1.729 1.48 1.417 1.438 1.665 1.738 1.517 1.8 1.6 1.875 1.599 1.666 1.76 1.771 1.794 1.681 1.611 1.743 1.824 1.703 1.814 0.655 0.513 0.56 0.68 0.575 0.62 0.586 0.673 0.635 0.715 0.561 0.723 0.702 0.665 0.706 0.717 0.698 0.657 0.689 0.793 0.763 0.733 0.75 0.799 0.844 0.823 0.725 0.832 0.876 0.956 0.866 0.802 0.775 0.918 0.927 0.828 0.941 0.982 1.003 1.074 1.006 1.018 0.973 1.06 0.979 1.051 1.187 1.028 1.035 1.038 0.963 0.408 0.451 0.418 0.503 0.45 0.533 0.451 0.447 0.433 0.526 0.47 0.438 0.455 0.548 0.615 0.513 0.538 0.566 0.523 0.554 0.53 0.62 0.485 0.53 0.665 0.549 0.586 0.609 0.607 0.515 0.496 0.591 0.669 0.595 0.69 0.61 0.556 0.698 0.75 0.612 0.645 0.665 0.642 0.7 0.64 0.695 0.642 0.796 0.667 0.661 0.698 0.348 0.359 0.341 0.335 0.439 0.392 0.404 0.424 0.43 0.401 0.441 0.514 0.452 0.489 0.432 0.405 0.388 0.462 0.384 0.451 0.453 0.431 0.434 0.471 0.429 0.448 0.509 0.506 0.494 0.56 0.506 0.633 0.505 0.508 0.52 0.482 0.521 0.557 0.564 0.599 0.56 0.531 0.617 0.572 0.656 0.569 0.647 0.542 0.505 0.601 0.59 0.33 0.35 0.419 0.348 0.398 0.451 0.422 0.418 0.54 0.679 0.671 0.622 0.89 0.706 0.781 0.791 0.945 0.888 1.151 1.238 0.974 1.013 3.333 5.782 5.946 5.394 5.326,235.64,0.055045,0.1694259643554687,16.599129676818848,0.0112382734561857,0.0448880324191689,0.1604246960702911,0.0663892778803613,0.0298353016990321,0.0028536915131768,0.0128111354921648,0.0362114059002149,0.0183356606157324,0.0085444510938227,0.0028536915131768,0.0053974920937484,0.0062031351981433,0.0057819286700247,0.0048277256909812,0.0028536915131768,0.0053974920937484,0.0062031351981433,0.0057819286700247,0.0048277256909812,0.0028536915131768,0.0071256205502989,0.0117651412041664,0.0085237271306787,0.0057453797714602,0.0028536915131768,0.0012811135492164,0.0003621140590021,0.0009167830307866,0.0017088902187645,0.0028536915131768,0.0128111354921648,0.0362114059002149,0.0183356606157324,0.0085444510938227,0.3902653656926521,0.4171914934152784,0.4602230148895642,0.4285022726646881,0.4073558162999871,megamarket,sasrec,128,128,64,42
52,5.858 3.693 2.953 2.272 1.603 1.055 0.743 0.777,11.835 10.5 9.852 8.906 8.827 7.886 7.698 7.499 7.082 7.292 6.616 6.595 6.307 6.178 5.587 5.403 5.606 5.488 5.059 5.419 5.391 5.673 5.173 5.143 5.023 4.781 5.189 4.972 4.965 4.781 5.127 4.837 4.668 4.472 4.704 4.264 4.713 4.739 4.58 4.664 4.584 4.414 4.588 4.618 4.915 4.46 4.771 4.311 4.364 4.641 3.312 3.549 3.541 3.439 3.273 2.936 3.109 3.34 3.471 3.925 3.417 3.217 3.443 3.49 3.431 3.274 4.092 3.888 3.841 3.441 3.56 3.382 3.672 3.73 3.991 3.663 3.505 3.537 4.045 3.955 3.724 3.682 3.688 3.644 3.708 3.848 4.18 3.724 3.83 3.852 4.076 3.878 4.023 3.779 4.37 4.033 3.728 3.803 4.285 3.594 4.103 2.177 2.27 2.363 2.49 2.693 2.465 2.392 2.399 2.571 2.679 2.642 2.357 2.667 3.062 2.817 2.612 2.901 3.083 3.196 2.753 2.871 2.871 2.978 2.906 3.188 2.914 2.915 3.226 3.111 2.907 2.929 3.171 3.534 3.453 3.255 2.985 3.258 3.035 3.339 3.144 3.094 3.46 3.249 3.262 3.434 3.182 3.309 3.148 2.964 3.132 3.558 1.691 1.553 1.646 1.532 1.63 1.744 1.579 1.972 1.795 2.125 1.882 1.772 1.901 2.36 1.868 2.065 1.907 1.979 2.164 2.085 2.001 2.468 2.26 2.252 2.33 2.476 2.331 2.223 2.31 2.277 2.588 2.22 2.185 2.237 2.527 2.665 2.34 2.647 2.476 2.895 2.456 2.566 2.762 2.747 2.719 2.43 2.347 2.66 2.976 2.642 2.683 1.26 1.039 0.901 1.167 1.083 1.15 1.136 1.236 1.244 1.33 1.072 1.239 1.378 1.332 1.494 1.305 1.311 1.271 1.401 1.536 1.413 1.469 1.382 1.667 1.539 1.505 1.459 1.695 1.759 1.646 1.622 1.655 1.632 1.762 1.739 1.768 1.954 1.895 2.212 1.815 2.142 2.138 1.896 1.947 1.986 2.161 2.072 2.065 2.006 1.904 2.065 0.622 0.725 0.7 0.725 0.631 0.838 0.693 0.711 0.798 0.803 0.853 0.837 0.854 0.935 0.905 0.918 0.959 0.872 0.878 0.971 0.894 1.001 0.96 1.08 1.113 1.044 1.108 1.172 1.063 1.072 1.083 1.222 1.159 1.203 1.164 1.185 1.123 1.339 1.218 1.25 1.32 1.458 1.425 1.388 1.372 1.3 1.232 1.445 1.421 1.42 1.326 0.557 0.474 0.541 0.54 0.583 0.62 0.549 0.563 0.554 0.641 0.593 0.626 0.618 0.664 0.579 0.609 0.612 0.604 0.596 0.695 0.685 0.707 0.66 0.689 0.67 0.699 0.826 0.839 0.764 0.794 0.773 0.747 0.79 0.769 0.824 0.793 0.865 0.799 1.009 0.977 0.926 0.838 0.906 0.864 1.044 0.986 0.987 0.979 0.894 1.082 0.929 0.347 0.457 0.484 0.406 0.454 0.505 0.463 0.443 0.496 0.495 0.481 0.534 0.587 0.51 0.512 0.489 0.587 0.603 0.542 0.558 0.551 0.578 0.612 0.546 0.584 0.559 0.594 0.585 0.632 0.636 0.781 0.708 0.618 0.607 0.649 0.68 0.631 0.768 0.706 0.77 0.749 0.838 1.002 0.817 0.937 1.777 2.066 2.073 2.337 2.239 2.011 1.538 2.123 5.158 5.649 5.754,270.77,0.073777,0.1694259643554687,20.057671546936035,0.0126752010707248,0.0529413951643884,0.2073166197811458,0.0799617067155763,0.034698177041379,0.0031307489416406,0.0136256843318483,0.0370647427798834,0.0194328080324489,0.0093368353392291,0.0031307489416406,0.0058276743254135,0.0066488684897045,0.0062272047407367,0.0052543017783392,0.0031307489416406,0.0058276743254135,0.0066488684897045,0.0062272047407367,0.0052543017783392,0.0031307489416406,0.0076491548290371,0.0123234788145711,0.0091129817146012,0.0062611901098985,0.0031307489416406,0.0013625684331848,0.0003706474277988,0.0009716404016224,0.0018673670678458,0.0031307489416406,0.0136256843318483,0.0370647427798834,0.0194328080324489,0.0093368353392291,0.3998523573255049,0.4306850426874452,0.4802007691529509,0.4434233032455285,0.4195382660480092,megamarket,sasrec,128,256,64,42
53,6.095 4.063 3.553 3.156 2.795,11.921 10.68 10.024 9.057 8.981 8.104 7.862 7.706 7.304 7.532 6.88 6.817 6.535 6.409 5.918 5.708 5.917 5.793 5.285 5.738 5.688 5.94 5.419 5.442 5.314 5.013 5.495 5.236 5.168 5.016 5.415 5.077 4.887 4.668 4.941 4.487 4.965 4.956 4.829 4.827 4.845 4.632 4.81 4.823 5.112 4.646 4.977 4.468 4.554 4.831 3.538 3.836 3.847 3.758 3.672 3.202 3.374 3.621 3.761 4.304 3.772 3.541 3.759 3.902 3.754 3.559 4.524 4.228 4.164 3.875 3.954 3.794 3.999 4.11 4.424 4.106 3.891 3.866 4.427 4.286 4.141 4.126 3.992 4.041 4.074 4.319 4.617 4.071 4.159 4.234 4.473 4.284 4.349 4.187 4.705 4.431 4.115 4.075 4.711 3.958 4.435 2.611 2.657 2.798 3.028 3.257 3.031 2.794 2.866 3.139 3.32 3.161 2.853 3.296 3.709 3.422 3.186 3.48 3.7 3.839 3.407 3.497 3.527 3.631 3.555 3.9 3.581 3.451 3.78 3.799 3.533 3.463 3.853 4.229 4.013 3.889 3.62 3.892 3.632 3.95 3.852 3.71 4.16 3.814 3.885 4.111 3.803 3.949 3.669 3.604 3.702 4.177 2.399 2.29 2.393 2.21 2.337 2.442 2.443 2.874 2.632 3.072 2.749 2.674 2.773 3.269 2.592 3.006 2.7 2.822 3.161 2.972 2.992 3.542 3.21 3.148 3.241 3.496 3.448 3.124 3.315 3.27 3.711 3.115 3.021 3.195 3.441 3.638 3.2 3.578 3.371 3.849 3.308 3.358 3.705 3.656 3.633 3.339 3.158 3.531 3.888 3.504 3.532 2.299 1.93 1.729 2.273 2.119 2.115 1.988 2.353 2.409 2.41 2.018 2.249 2.473 2.452 2.798 2.493 2.375 2.357 2.532 2.728 2.582 2.66 2.491 2.852 2.881 2.677 2.633 2.906 3.065 2.889 2.836 2.853 2.971 3.098 3.015 3.042 3.191 3.389 3.764 2.949 3.61 3.537 3.217 3.356 3.319 3.542 3.291 3.367 3.26 3.077 3.323,408.63,0.12054,0.1694259643554687,30.238863945007324,0.0116639609383713,0.0339911764341392,0.0721419453979899,0.0431381904254396,0.0258591203697966,0.0040949087926945,0.0164959992907329,0.038405700733648,0.0225635569740895,0.0113815191612917,0.0040949087926945,0.0073076491422126,0.0081129412240071,0.0077332659806109,0.006623981352188,0.0040949087926945,0.0073076491422126,0.0081129412240071,0.0077332659806109,0.006623981352188,0.0040949087926945,0.0094545320142857,0.0138798830118968,0.0109942515262544,0.0077995335584619,0.0040949087926945,0.0016495999290732,0.0003840570073364,0.0011281778487044,0.0022763038322583,0.0040949087926945,0.0164959992907329,0.038405700733648,0.0225635569740895,0.0113815191612917,0.402328697447641,0.4278255814269533,0.4593580950384898,0.4372433097016801,0.4190403214419621,megamarket,sasrec,128,512,64,42
54,6.424 4.512 4.123 3.892 3.756,12.114 10.868 10.222 9.279 9.175 8.321 8.057 7.938 7.52 7.794 7.079 7.091 6.784 6.705 6.21 5.995 6.245 6.117 5.606 6.044 6.066 6.347 5.743 5.892 5.688 5.416 5.965 5.645 5.544 5.448 5.799 5.448 5.204 5.118 5.335 4.899 5.424 5.336 5.207 5.387 5.178 4.985 5.121 5.173 5.493 5.039 5.308 4.81 4.903 5.162 3.917 4.206 4.18 4.161 4.045 3.586 3.761 4.077 4.242 4.73 4.266 4.03 4.181 4.404 4.177 4.073 5.064 4.706 4.714 4.34 4.453 4.249 4.471 4.667 5.005 4.559 4.371 4.37 4.828 4.791 4.639 4.602 4.482 4.511 4.566 4.792 5.09 4.534 4.687 4.687 4.824 4.712 4.802 4.702 5.184 4.768 4.552 4.508 5.137 4.366 4.943 3.035 3.067 3.312 3.507 3.789 3.608 3.316 3.386 3.753 3.883 3.716 3.456 3.952 4.365 4.057 3.832 4.145 4.247 4.506 4.004 4.089 4.158 4.297 4.141 4.456 4.179 3.959 4.415 4.349 4.114 4.032 4.488 4.876 4.627 4.48 4.175 4.521 4.094 4.497 4.389 4.268 4.639 4.338 4.381 4.589 4.233 4.471 4.184 4.182 4.141 4.675 2.964 2.849 3.04 2.806 2.885 3.097 3.031 3.517 3.277 3.903 3.459 3.446 3.565 4.174 3.412 3.798 3.44 3.539 3.925 3.722 3.824 4.401 3.955 4.01 3.937 4.304 4.166 3.966 4.073 3.978 4.518 3.843 3.753 3.811 4.275 4.392 3.945 4.341 4.162 4.694 4.039 4.083 4.497 4.381 4.314 4.005 3.889 4.169 4.67 4.105 4.129 3.143 2.715 2.483 3.194 3.021 3.054 2.752 3.289 3.367 3.442 2.861 3.27 3.555 3.41 3.919 3.315 3.374 3.313 3.514 3.749 3.548 3.687 3.418 3.846 3.882 3.599 3.519 3.93 4.026 3.979 3.764 3.762 3.958 4.136 4.02 4.05 4.234 4.314 4.903 3.84 4.628 4.515 4.116 4.315 4.313 4.493 4.116 4.227 4.197 3.999 4.261,681.63,0.22789,0.1694259643554687,50.60473537445069,0.0154530132725267,0.041229722528596,0.0988326124942684,0.0521036521135662,0.0319761317586407,0.0045603652725136,0.017864662987344,0.0388323691734822,0.023699492430791,0.0128720881264268,0.0045603652725136,0.0081195241578245,0.0088850324991355,0.0085218027351504,0.0074589400891016,0.0045603652725136,0.0081195241578245,0.0088850324991355,0.0085218027351504,0.0074589400891016,0.0045603652725136,0.0104058823139504,0.0146356695493994,0.0118779372763695,0.0087973744943365,0.0045603652725136,0.0017864662987344,0.0003883236917348,0.0011849746215395,0.0025744176252853,0.0045603652725136,0.017864662987344,0.0388323691734822,0.023699492430791,0.0128720881264268,0.4335782946055694,0.4532751036976478,0.4800330054620129,0.4612632596396986,0.4460581685220381,megamarket,sasrec,128,1024,64,42
55,4.92 2.377 1.263 0.607 0.426 0.368,11.253 9.837 8.853 8.108 7.765 6.808 7.094 6.526 6.405 6.104 5.904 5.693 5.0 5.486 5.199 4.542 4.899 4.688 4.381 4.352 4.25 4.052 4.366 4.196 4.183 4.258 4.223 3.824 3.677 3.839 3.808 3.842 3.919 3.987 3.737 3.28 3.718 3.489 3.601 3.912 3.739 3.767 3.365 3.729 3.34 3.766 3.577 3.353 3.554 3.202 2.313 2.443 2.251 2.548 2.653 2.13 2.374 2.407 2.145 2.326 2.061 2.294 2.193 2.419 2.55 2.542 2.293 2.349 2.378 2.193 2.326 2.522 2.289 2.221 2.414 2.695 2.363 2.468 2.494 2.312 2.578 2.477 2.461 2.475 2.069 2.398 2.391 2.741 2.433 2.338 2.344 2.36 2.51 2.761 2.293 2.414 2.384 2.3 2.348 2.282 2.446 1.106 1.043 1.097 1.058 1.025 1.082 1.187 1.159 1.072 1.092 1.051 1.314 1.172 1.131 1.196 1.057 1.066 1.104 1.263 1.24 1.235 1.208 1.111 1.359 1.349 1.231 1.262 1.162 1.265 1.425 1.28 1.178 1.168 1.215 1.434 1.3 1.362 1.244 1.397 1.373 1.424 1.386 1.339 1.487 1.249 1.411 1.447 1.538 1.344 1.431 1.457 0.534 0.47 0.401 0.47 0.499 0.426 0.511 0.513 0.526 0.511 0.485 0.504 0.535 0.637 0.577 0.643 0.64 0.536 0.552 0.625 0.572 0.532 0.609 0.613 0.629 0.575 0.601 0.607 0.658 0.615 0.632 0.638 0.704 0.667 0.642 0.711 0.711 0.725 0.699 0.661 0.736 0.668 0.727 0.695 0.741 0.766 0.755 0.663 0.702 0.679 0.678 0.318 0.34 0.363 0.326 0.376 0.397 0.33 0.38 0.369 0.377 0.362 0.394 0.45 0.403 0.411 0.416 0.453 0.367 0.38 0.415 0.444 0.4 0.435 0.43 0.398 0.437 0.42 0.358 0.471 0.4 0.436 0.423 0.465 0.405 0.471 0.41 0.454 0.451 0.547 0.423 0.479 0.462 0.529 0.501 0.453 0.477 0.471 0.52 0.46 0.56 0.511 0.266 0.286 0.319 0.357 0.327 0.281 0.325 0.347 0.317 0.318 0.345 0.31 0.353 0.344 0.345 0.327 0.322 0.347 0.32 0.342 0.343 0.367 0.366 0.345 0.368 0.335 0.334 0.381 0.318 0.352 0.392 0.382 0.406 0.407 0.404 0.407 0.44 0.385 0.466 0.38 0.418 0.431 0.429 0.409 0.352 0.423 0.378 0.429 0.431 0.427 0.418 0.276 0.293 0.295 0.298 0.311 0.252 0.364 0.286 0.309 0.331 0.312 0.294 0.302 0.303 0.357 0.377 0.338 0.347 0.359 0.342 0.365 0.31 0.35 0.388 0.34 0.44 0.442 0.506 0.664 0.726 1.025 0.963 0.977 1.123 1.41 1.194 1.559 1.455 1.513 1.472 1.365 1.433 1.817 12.761 13.305 11.619,215.83,0.045575,3.337860107421875e-06,75.05948066711426,0.0113621999429938,0.0433717918530727,0.1454202966800094,0.0632434040127396,0.0293327797950255,0.0029201852960081,0.0129108761664117,0.0352694106434381,0.0185074362213799,0.0086275683223618,0.0029201852960081,0.00542545070647,0.0061997533305171,0.0058111535966983,0.0048641125665861,0.0029201852960081,0.00542545070647,0.0061997533305171,0.0058111535966983,0.0048641125665861,0.0029201852960081,0.0071667532991971,0.0116059322749941,0.0085784147445709,0.0057920212911196,0.0029201852960081,0.0012910876166411,0.0003526941064343,0.0009253718110689,0.0017255136644723,0.0029201852960081,0.0129108761664117,0.0352694106434381,0.0185074362213799,0.0086275683223618,0.4026473745168761,0.4269791268918967,0.4617513506333245,0.4365254431242275,0.4180569503780834,megamarket,sasrec,128,32,128,42
56,5.063 2.684 1.68 0.894 0.549 0.443 0.395,11.141 9.999 9.043 8.306 7.866 6.971 7.189 6.655 6.541 6.225 6.005 5.804 5.096 5.579 5.306 4.676 4.973 4.816 4.527 4.454 4.371 4.174 4.503 4.344 4.325 4.385 4.332 3.934 3.839 3.991 3.99 4.02 4.074 4.159 3.93 3.443 3.921 3.674 3.8 4.107 3.894 3.969 3.522 3.946 3.511 3.942 3.8 3.58 3.763 3.399 2.503 2.662 2.505 2.84 2.965 2.4 2.685 2.654 2.44 2.559 2.328 2.581 2.398 2.716 2.855 2.849 2.651 2.646 2.691 2.52 2.618 2.827 2.614 2.505 2.734 3.089 2.691 2.832 2.793 2.659 2.878 2.884 2.817 2.756 2.376 2.79 2.755 3.058 2.791 2.622 2.696 2.729 2.891 3.173 2.666 2.697 2.654 2.634 2.65 2.618 2.789 1.422 1.34 1.494 1.414 1.347 1.367 1.554 1.513 1.382 1.419 1.38 1.674 1.519 1.493 1.56 1.505 1.474 1.433 1.634 1.636 1.686 1.648 1.496 1.758 1.785 1.604 1.757 1.535 1.683 1.868 1.741 1.605 1.538 1.677 1.888 1.814 1.745 1.794 1.96 1.803 1.93 1.812 1.729 2.072 1.683 1.814 1.969 1.994 1.822 1.887 1.938 0.699 0.654 0.653 0.66 0.696 0.636 0.768 0.752 0.762 0.714 0.742 0.714 0.8 0.816 0.757 0.867 0.901 0.78 0.795 0.926 0.791 0.822 0.932 0.933 0.938 0.859 0.895 0.855 0.979 0.96 0.978 1.039 1.037 0.961 0.972 1.07 1.04 1.026 1.006 1.046 1.082 0.992 1.14 1.106 1.121 1.14 1.095 0.968 1.15 1.015 1.072 0.433 0.434 0.416 0.408 0.433 0.451 0.421 0.432 0.477 0.45 0.463 0.525 0.515 0.503 0.511 0.513 0.645 0.474 0.467 0.507 0.548 0.484 0.51 0.537 0.519 0.593 0.557 0.497 0.619 0.529 0.595 0.578 0.58 0.51 0.586 0.563 0.602 0.576 0.673 0.595 0.637 0.666 0.64 0.618 0.622 0.599 0.635 0.727 0.585 0.705 0.696 0.291 0.317 0.325 0.406 0.378 0.354 0.385 0.391 0.365 0.413 0.401 0.393 0.421 0.457 0.391 0.395 0.392 0.419 0.461 0.393 0.378 0.413 0.446 0.384 0.422 0.421 0.402 0.448 0.427 0.459 0.453 0.46 0.505 0.483 0.46 0.521 0.469 0.448 0.566 0.436 0.525 0.531 0.497 0.493 0.448 0.487 0.501 0.521 0.487 0.506 0.56 0.329 0.32 0.283 0.337 0.331 0.397 0.359 0.359 0.331 0.42 0.38 0.314 0.327 0.374 0.363 0.405 0.328 0.365 0.395 0.37 0.369 0.353 0.335 0.387 0.406 0.379 0.422 0.382 0.433 0.405 0.44 0.459 0.398 0.419 0.457 0.394 0.444 0.49 0.436 0.463 0.477 0.442 0.454 0.472 0.416 0.445 0.424 0.522 0.484 0.453 0.432,239.8,0.054297,0.1694259643554687,16.497950077056885,0.0097765605442851,0.0392301686639485,0.1372882406156667,0.0582826267458143,0.0259365744240516,0.0027650331360684,0.0126836890750714,0.0376742691225037,0.0182359199414854,0.008350510893898,0.0027650331360684,0.0052575561036894,0.0060873943184235,0.0056366915906931,0.0046843022955131,0.0027650331360684,0.0052575561036894,0.0060873943184235,0.0056366915906931,0.0046843022955131,0.0027650331360684,0.0069844702640276,0.0118898071003291,0.0083805954776909,0.0055881554924922,0.0027650331360684,0.0012683689075071,0.000376742691225,0.0009117959970742,0.0016701021787796,0.0027650331360684,0.0126836890750714,0.0376742691225037,0.0182359199414854,0.008350510893898,0.3932018174838854,0.4197994439644802,0.4593698589538872,0.4304017668838628,0.4102211805058066,megamarket,sasrec,128,64,128,42
57,5.24 3.009 2.175 1.424 0.861 0.609 0.507 0.451,11.156 10.145 9.194 8.45 7.979 7.127 7.355 6.779 6.694 6.393 6.22 5.97 5.27 5.738 5.509 4.828 5.191 5.007 4.71 4.619 4.554 4.357 4.672 4.522 4.521 4.518 4.511 4.142 3.97 4.202 4.111 4.221 4.271 4.314 4.09 3.607 4.082 3.879 3.924 4.373 4.079 4.174 3.764 4.13 3.734 4.124 3.972 3.778 3.906 3.6 2.749 2.946 2.704 3.042 3.253 2.729 2.942 2.916 2.719 2.829 2.563 2.911 2.691 3.042 3.107 3.162 2.928 2.975 3.064 2.817 2.976 3.16 2.974 2.864 3.081 3.453 3.073 3.195 3.137 2.969 3.197 3.199 3.089 3.145 2.7 3.156 3.088 3.451 3.132 2.97 3.056 3.062 3.236 3.584 2.985 3.062 3.037 2.943 3.021 2.997 3.124 1.808 1.772 1.92 1.821 1.678 1.824 1.991 1.918 1.752 1.82 1.819 2.175 1.921 1.872 2.028 1.902 1.898 1.818 2.088 2.098 2.189 2.199 1.931 2.302 2.296 2.146 2.254 2.032 2.21 2.455 2.328 2.141 1.98 2.211 2.426 2.342 2.245 2.365 2.615 2.395 2.554 2.364 2.223 2.65 2.18 2.303 2.476 2.592 2.391 2.435 2.468 1.123 0.994 1.003 1.057 1.147 1.007 1.303 1.118 1.1 1.084 1.123 1.162 1.226 1.269 1.188 1.416 1.375 1.221 1.192 1.495 1.306 1.342 1.373 1.505 1.37 1.34 1.371 1.371 1.57 1.605 1.519 1.676 1.777 1.656 1.536 1.615 1.651 1.666 1.662 1.625 1.651 1.607 1.82 1.792 1.766 1.836 1.73 1.661 1.718 1.654 1.673 0.618 0.621 0.624 0.593 0.643 0.641 0.626 0.66 0.642 0.658 0.636 0.781 0.804 0.764 0.812 0.801 0.866 0.751 0.765 0.81 0.917 0.807 0.774 0.88 0.814 0.957 0.917 0.77 0.983 0.81 0.95 0.923 0.953 0.885 0.968 0.871 0.93 0.927 1.154 0.942 1.103 1.028 1.1 1.004 1.057 0.997 1.054 1.175 1.007 1.221 1.039 0.404 0.419 0.411 0.509 0.464 0.431 0.486 0.566 0.482 0.503 0.563 0.522 0.534 0.541 0.55 0.527 0.531 0.563 0.587 0.545 0.577 0.609 0.568 0.558 0.595 0.605 0.584 0.685 0.579 0.63 0.672 0.685 0.691 0.693 0.627 0.619 0.682 0.603 0.742 0.703 0.708 0.734 0.671 0.714 0.739 0.723 0.642 0.749 0.722 0.767 0.773 0.348 0.369 0.387 0.377 0.417 0.437 0.397 0.428 0.378 0.428 0.461 0.408 0.414 0.435 0.463 0.472 0.451 0.423 0.505 0.44 0.495 0.441 0.424 0.438 0.484 0.46 0.497 0.486 0.575 0.564 0.531 0.509 0.533 0.551 0.568 0.534 0.575 0.632 0.491 0.588 0.562 0.588 0.577 0.582 0.539 0.603 0.685 0.581 0.663 0.599 0.606 0.361 0.351 0.41 0.398 0.381 0.332 0.357 0.406 0.33 0.358 0.412 0.372 0.429 0.378 0.343 0.427 0.386 0.502 0.424 0.416 0.409 0.418 0.475 0.439 0.467 0.457 0.417 0.415 0.472 0.448 0.479 0.499 0.469 0.542 0.481 0.469 0.484 0.474 0.452 0.481 0.482 0.517 0.468 0.45 0.485 0.527 0.49 0.505 0.615 0.494 0.55 0.351 0.366 0.309 0.329 0.365 0.294 0.381 0.402 0.404 0.33 0.348 0.362 0.392 0.383 0.422 0.397 0.397 0.408 0.419 0.405 0.446 0.416 0.43 0.493 0.483 0.472 0.739 0.692 0.952 1.133 1.192 1.057 1.138 1.106 1.222 1.153 1.337 1.52 1.687 4.858 8.192 8.032 7.41,258.07,0.071284,0.1694259643554687,19.71666383743286,0.0154777985698883,0.055960864015466,0.1877783698709925,0.0807430632149009,0.0383825114941816,0.0033745594786887,0.013902741760312,0.0367655207571425,0.0197209477580512,0.0096526808076778,0.0033745594786887,0.0060469784732534,0.0068536804959652,0.0064477886374823,0.0054913705846281,0.0033745594786887,0.0060469784732534,0.0068536804959652,0.0064477886374823,0.0054913705846281,0.0033745594786887,0.0078792795378407,0.012446692687197,0.0093467898801768,0.006516486909359,0.0033745594786887,0.0013902741760312,0.0003676552075714,0.0009860473879025,0.0019305361615355,0.0033745594786887,0.013902741760312,0.0367655207571425,0.0197209477580512,0.0096526808076778,0.4330627471290599,0.4525227209805437,0.4836508882144461,0.4603632053574997,0.4454614553792772,megamarket,sasrec,128,128,128,42
58,5.454 3.348 2.714 2.168 1.646,11.311 10.291 9.373 8.62 8.166 7.311 7.566 6.997 6.894 6.621 6.41 6.224 5.489 5.996 5.741 5.096 5.494 5.273 4.921 4.902 4.805 4.522 4.942 4.753 4.714 4.786 4.804 4.345 4.154 4.498 4.379 4.43 4.472 4.53 4.289 3.803 4.292 4.095 4.149 4.583 4.352 4.407 3.99 4.349 3.986 4.368 4.248 3.983 4.181 3.814 3.013 3.167 2.96 3.344 3.529 2.938 3.283 3.203 3.018 3.162 2.903 3.208 2.975 3.387 3.414 3.464 3.238 3.316 3.387 3.146 3.318 3.551 3.328 3.236 3.45 3.856 3.432 3.516 3.557 3.382 3.53 3.517 3.448 3.522 3.085 3.458 3.437 3.891 3.55 3.309 3.408 3.439 3.67 3.933 3.355 3.469 3.393 3.282 3.378 3.324 3.53 2.169 2.151 2.298 2.235 2.064 2.282 2.482 2.388 2.199 2.288 2.273 2.744 2.387 2.392 2.547 2.423 2.44 2.291 2.671 2.705 2.842 2.726 2.391 2.919 2.84 2.676 2.836 2.48 2.761 3.028 2.905 2.687 2.474 2.747 3.085 2.849 2.87 2.933 3.18 2.929 3.133 2.946 2.784 3.315 2.709 2.946 3.063 3.14 2.97 2.972 3.061 1.686 1.474 1.575 1.663 1.749 1.551 2.102 1.714 1.721 1.722 1.811 1.808 1.904 1.972 1.797 2.098 2.225 1.899 1.932 2.313 1.971 2.017 2.174 2.246 2.059 2.04 2.083 2.112 2.314 2.362 2.371 2.441 2.646 2.54 2.404 2.386 2.419 2.549 2.529 2.472 2.594 2.294 2.743 2.628 2.625 2.78 2.772 2.475 2.574 2.416 2.603 1.272 1.197 1.176 1.114 1.155 1.269 1.151 1.288 1.247 1.294 1.272 1.469 1.485 1.458 1.434 1.411 1.676 1.483 1.499 1.619 1.647 1.631 1.489 1.69 1.65 1.712 1.774 1.531 1.909 1.688 1.823 1.86 1.791 1.73 1.823 1.7 1.871 1.819 2.22 1.822 2.073 2.059 2.088 1.971 2.035 1.882 1.859 1.884 2.037 2.195 2.062,376.79,0.10801,0.1694259643554687,28.33933019638061,0.0107270766981026,0.0388131560358395,0.1137075087058357,0.0534098372845228,0.0273270296060377,0.0035075470443513,0.0159585078795132,0.0416251080523971,0.0221424296828246,0.0107996985615178,0.0035075470443513,0.0067170484605985,0.0076097640190725,0.0071451258358012,0.0060318172750847,0.0035075470443513,0.0067170484605985,0.0076097640190725,0.0071451258358012,0.0060318172750847,0.0035075470443513,0.0088743606130481,0.0139803562934395,0.0104365325361006,0.0072092331855575,0.0035075470443513,0.0015958507879513,0.0004162510805239,0.0011071214841412,0.0021599397123035,0.0035075470443513,0.0159585078795132,0.0416251080523971,0.0221424296828246,0.0107996985615178,0.3871102030308107,0.4234623993188088,0.4685255564036846,0.4364775284827648,0.4111660640700801,megamarket,sasrec,128,256,128,42
59,5.725 3.735 3.28 2.944 2.677,11.479 10.44 9.556 8.817 8.324 7.491 7.864 7.186 7.101 6.858 6.648 6.482 5.764 6.28 6.041 5.42 5.779 5.506 5.281 5.208 5.062 4.808 5.215 5.066 5.007 5.104 5.124 4.693 4.504 4.801 4.701 4.686 4.774 4.816 4.605 4.147 4.603 4.386 4.419 4.89 4.557 4.695 4.264 4.603 4.233 4.645 4.47 4.242 4.453 4.027 3.232 3.512 3.331 3.686 3.828 3.294 3.608 3.576 3.417 3.452 3.223 3.533 3.319 3.763 3.861 3.921 3.686 3.708 3.827 3.542 3.736 3.984 3.752 3.631 3.853 4.206 3.811 3.931 3.914 3.827 3.945 4.022 3.848 3.908 3.506 3.863 3.89 4.282 3.968 3.754 3.835 3.816 4.091 4.358 3.774 3.853 3.834 3.66 3.736 3.71 3.885 2.689 2.572 2.804 2.728 2.528 2.846 3.052 2.941 2.685 2.867 2.725 3.299 2.904 2.923 3.153 3.005 3.027 2.851 3.235 3.307 3.429 3.409 2.92 3.547 3.428 3.275 3.493 3.067 3.352 3.652 3.577 3.211 2.979 3.316 3.689 3.456 3.397 3.465 3.772 3.506 3.674 3.54 3.255 3.899 3.254 3.349 3.599 3.782 3.51 3.527 3.617 2.274 2.081 2.166 2.434 2.394 2.102 2.849 2.422 2.451 2.438 2.533 2.554 2.599 2.773 2.478 2.857 3.006 2.61 2.731 3.233 2.819 2.792 2.864 3.062 2.827 2.757 2.751 2.969 3.211 3.172 3.244 3.2 3.539 3.386 3.265 3.141 3.225 3.489 3.348 3.24 3.397 3.061 3.637 3.522 3.41 3.548 3.577 3.287 3.309 3.137 3.366 2.084 2.028 2.071 1.93 2.027 2.249 2.01 2.262 2.154 2.074 2.182 2.478 2.535 2.506 2.557 2.375 2.791 2.582 2.534 2.69 2.699 2.676 2.503 2.814 2.707 2.791 2.822 2.563 3.119 2.77 2.906 3.05 2.741 2.847 2.861 2.803 3.065 2.881 3.472 2.888 3.224 3.274 3.22 3.176 3.189 2.925 2.8 2.874 3.063 3.388 3.076,582.98,0.18925,0.1694259643554687,46.52125406265259,0.0161451427013495,0.0514418846740113,0.1452827382796525,0.0687054639188033,0.0377684557520478,0.0044440011525589,0.0185794711527805,0.0436032980916284,0.0255890240929139,0.013016157989228,0.0044440011525589,0.0081857188945426,0.0091098253623405,0.0086670900624519,0.0074439789879646,0.0044440011525589,0.0081857188945426,0.0091098253623405,0.0086670900624519,0.0074439789879646,0.0044440011525589,0.0106206265562021,0.0156900604354604,0.0123863135730183,0.0088222474566629,0.0044440011525589,0.001857947115278,0.0004360329809162,0.0012794512046456,0.0026032315978456,0.0044440011525589,0.0185794711527805,0.0436032980916284,0.0255890240929139,0.013016157989228,0.4292402661943176,0.4579293729506812,0.4953172304040228,0.4690433752797898,0.4476534934576839,megamarket,sasrec,128,512,128,42
60,4.531 2.108 1.157 0.592 0.415 0.355 0.323 0.304,10.987 9.413 8.499 8.041 7.073 7.383 6.464 6.215 6.322 5.46 5.607 4.778 4.679 4.831 4.664 4.217 4.247 4.102 4.255 4.293 4.079 3.748 3.897 3.868 3.51 3.495 3.227 3.876 3.677 3.258 3.507 3.168 3.318 2.94 3.151 3.34 3.235 3.353 3.458 3.641 3.047 3.487 3.146 3.466 3.443 3.006 3.066 3.129 3.169 2.873 2.109 2.026 2.005 1.904 1.934 1.841 1.969 2.103 2.086 2.212 2.04 2.181 2.044 1.956 2.029 2.035 2.229 1.974 2.202 2.286 1.945 2.198 2.257 1.89 2.2 1.997 2.158 2.088 2.209 1.968 2.306 2.246 2.181 2.17 2.159 2.176 1.948 2.235 1.991 2.086 2.236 2.155 2.069 2.245 2.034 2.268 2.292 2.402 2.233 2.163 2.017 1.033 0.912 0.915 0.959 0.956 1.102 1.004 0.93 1.017 1.123 1.013 1.039 1.085 1.052 1.267 1.161 1.179 0.979 1.148 1.127 1.1 1.141 1.059 1.18 1.159 1.141 1.077 1.164 1.195 1.194 1.137 1.273 1.273 1.208 1.264 1.249 1.193 1.25 1.091 1.303 1.203 1.238 1.336 1.31 1.292 1.232 1.355 1.328 1.214 1.317 1.412 0.467 0.508 0.434 0.491 0.486 0.498 0.509 0.472 0.52 0.564 0.52 0.545 0.52 0.563 0.561 0.503 0.519 0.526 0.552 0.567 0.512 0.589 0.555 0.577 0.607 0.581 0.574 0.603 0.674 0.629 0.587 0.63 0.585 0.609 0.767 0.669 0.605 0.644 0.629 0.668 0.65 0.671 0.682 0.638 0.774 0.707 0.69 0.665 0.677 0.722 0.742 0.298 0.335 0.324 0.374 0.392 0.316 0.366 0.3 0.326 0.348 0.362 0.346 0.41 0.376 0.382 0.375 0.397 0.346 0.418 0.447 0.378 0.356 0.422 0.376 0.393 0.426 0.389 0.427 0.458 0.417 0.494 0.44 0.469 0.431 0.41 0.504 0.462 0.432 0.464 0.46 0.493 0.53 0.454 0.457 0.441 0.442 0.512 0.45 0.497 0.547 0.453 0.301 0.308 0.341 0.293 0.274 0.29 0.324 0.296 0.363 0.305 0.303 0.339 0.286 0.333 0.325 0.337 0.326 0.315 0.331 0.366 0.314 0.387 0.343 0.381 0.396 0.377 0.402 0.351 0.407 0.389 0.343 0.361 0.338 0.372 0.358 0.387 0.384 0.382 0.44 0.48 0.428 0.378 0.402 0.382 0.376 0.384 0.367 0.453 0.368 0.432 0.459 0.264 0.25 0.281 0.283 0.299 0.276 0.287 0.313 0.316 0.285 0.284 0.298 0.306 0.314 0.305 0.256 0.302 0.311 0.319 0.332 0.283 0.332 0.26 0.326 0.353 0.321 0.346 0.324 0.331 0.331 0.346 0.347 0.354 0.329 0.303 0.304 0.323 0.354 0.373 0.384 0.417 0.303 0.348 0.347 0.35 0.367 0.373 0.33 0.381 0.388 0.35 0.258 0.268 0.273 0.312 0.274 0.267 0.292 0.235 0.284 0.258 0.281 0.288 0.324 0.265 0.285 0.268 0.302 0.274 0.308 0.32 0.285 0.335 0.304 0.298 0.289 0.328 0.313 0.327 0.27 0.281 0.327 0.291 0.33 0.332 0.276 0.344 0.36 0.297 0.337 0.317 0.346 0.366 0.292 0.327 0.328 0.343 0.343 0.367 0.329 0.339 0.347,260.88,0.062245,3.337860107421875e-06,61.900959968566895,0.0105709293247245,0.0405270593483945,0.137910351579443,0.0593849528459717,0.0273691646115524,0.0029368087417159,0.0125451603608395,0.0361338298202451,0.0178812864330518,0.0085056630538377,0.0029368087417159,0.0053712420018357,0.006164061932855,0.0057362680897662,0.0048446261941175,0.0029368087417159,0.0053712420018357,0.006164061932855,0.0057362680897662,0.0048446261941175,0.0029368087417159,0.0070416731079926,0.0116899007592316,0.0083841491053792,0.0057479007832387,0.0029368087417159,0.0012545160360839,0.0003613382982024,0.0008940643216525,0.0017011326107675,0.0029368087417159,0.0125451603608395,0.0361338298202451,0.0178812864330518,0.0085056630538377,0.3960476707763653,0.4211169086318774,0.4578924304921014,0.4310585960504941,0.4120799424534365,megamarket,sasrec,128,32,256,42
61,4.698 2.416 1.548 0.883 0.555 0.442 0.39 0.358 0.338 0.32,10.963 9.602 8.722 8.206 7.24 7.502 6.605 6.313 6.453 5.568 5.717 4.887 4.829 4.982 4.821 4.345 4.417 4.245 4.378 4.418 4.287 3.894 4.049 4.072 3.684 3.682 3.366 4.022 3.855 3.448 3.685 3.329 3.523 3.073 3.311 3.531 3.441 3.523 3.644 3.802 3.241 3.701 3.32 3.606 3.665 3.201 3.274 3.328 3.407 3.141 2.394 2.26 2.274 2.137 2.141 2.058 2.246 2.371 2.324 2.534 2.329 2.421 2.294 2.283 2.277 2.333 2.598 2.251 2.506 2.582 2.226 2.483 2.599 2.23 2.503 2.319 2.548 2.41 2.537 2.248 2.666 2.522 2.499 2.487 2.458 2.472 2.237 2.551 2.289 2.397 2.575 2.498 2.378 2.578 2.343 2.632 2.646 2.848 2.578 2.5 2.305 1.333 1.165 1.2 1.252 1.241 1.35 1.388 1.196 1.317 1.478 1.348 1.352 1.451 1.34 1.651 1.583 1.592 1.37 1.51 1.526 1.491 1.586 1.374 1.56 1.571 1.547 1.489 1.529 1.59 1.656 1.55 1.703 1.625 1.696 1.67 1.673 1.573 1.689 1.492 1.724 1.636 1.706 1.823 1.766 1.82 1.674 1.799 1.818 1.648 1.784 1.812 0.66 0.715 0.687 0.742 0.705 0.69 0.696 0.697 0.754 0.777 0.736 0.789 0.798 0.825 0.746 0.784 0.767 0.813 0.805 0.82 0.787 0.863 0.804 0.845 0.854 0.885 0.825 0.884 1.05 0.875 0.863 0.924 0.867 0.939 1.125 1.068 0.914 0.938 0.949 0.946 1.006 0.991 1.106 1.014 1.14 1.08 1.079 1.1 1.093 1.066 1.09 0.373 0.423 0.404 0.442 0.437 0.395 0.497 0.413 0.446 0.468 0.427 0.486 0.485 0.502 0.48 0.521 0.52 0.478 0.555 0.539 0.551 0.511 0.572 0.497 0.507 0.529 0.555 0.569 0.581 0.576 0.613 0.623 0.633 0.587 0.621 0.663 0.614 0.584 0.617 0.688 0.763 0.713 0.654 0.633 0.657 0.625 0.658 0.63 0.66 0.773 0.649 0.337 0.366 0.336 0.397 0.346 0.367 0.38 0.338 0.354 0.354 0.385 0.367 0.404 0.383 0.409 0.393 0.378 0.42 0.441 0.431 0.421 0.445 0.432 0.478 0.408 0.422 0.421 0.442 0.42 0.467 0.407 0.426 0.434 0.468 0.451 0.534 0.473 0.471 0.526 0.503 0.544 0.484 0.541 0.507 0.493 0.451 0.488 0.554 0.522 0.568 0.571 0.28 0.269 0.329 0.321 0.346 0.346 0.342 0.312 0.333 0.345 0.354 0.369 0.33 0.348 0.371 0.331 0.39 0.392 0.339 0.401 0.365 0.36 0.307 0.352 0.436 0.379 0.395 0.407 0.386 0.408 0.383 0.449 0.407 0.389 0.433 0.378 0.415 0.421 0.444 0.425 0.459 0.405 0.416 0.447 0.41 0.517 0.469 0.443 0.429 0.442 0.431 0.311 0.293 0.259 0.31 0.371 0.283 0.313 0.295 0.325 0.314 0.326 0.349 0.341 0.321 0.349 0.302 0.332 0.322 0.364 0.344 0.345 0.376 0.359 0.384 0.373 0.4 0.353 0.344 0.341 0.361 0.375 0.329 0.365 0.408 0.365 0.379 0.455 0.422 0.412 0.405 0.45 0.406 0.386 0.347 0.432 0.429 0.385 0.388 0.403 0.389 0.415 0.258 0.313 0.276 0.316 0.274 0.335 0.289 0.295 0.295 0.274 0.271 0.274 0.309 0.27 0.329 0.317 0.322 0.318 0.317 0.333 0.334 0.269 0.327 0.363 0.359 0.348 0.362 0.321 0.309 0.402 0.362 0.362 0.282 0.336 0.358 0.331 0.355 0.363 0.313 0.344 0.417 0.359 0.358 0.382 0.413 0.4 0.362 0.378 0.394 0.407 0.374 0.277 0.254 0.282 0.269 0.28 0.286 0.229 0.301 0.329 0.318 0.302 0.283 0.28 0.269 0.265 0.288 0.292 0.273 0.324 0.379 0.315 0.339 0.332 0.27 0.32 0.361 0.322 0.304 0.312 0.359 0.307 0.3 0.304 0.318 0.353 0.337 0.384 0.36 0.345 0.347 0.341 0.388 0.292 0.345 0.359 0.38 0.372 0.429 0.312 0.364 0.404 0.275 0.282 0.258 0.311 0.254 0.292 0.284 0.266 0.31 0.337 0.314 0.294 0.388 0.473 0.47 0.516 0.527 0.589 0.511 0.547 0.637 0.611 0.543 0.635 0.588 0.677 0.643 0.836 0.885 1.012 1.005 0.949 0.932 1.041 1.448 15.646 20.553 20.26 19.286,277.9,0.075462,0.1694259643554687,19.06523561477661,0.0163855600857571,0.0571889754997335,0.1822933835648693,0.0815312356709999,0.0395678683405004,0.0032748188044417,0.013559190549017,0.036272358534477,0.0192776558725092,0.0091650597335815,0.0032748188044417,0.0058535967859227,0.0066436763692263,0.006244571603269,0.0052699093468094,0.0032748188044417,0.0058535967859227,0.0066436763692263,0.006244571603269,0.0052699093468094,0.0032748188044417,0.0076478607490508,0.0121650563656411,0.0090863463614033,0.0062296446044714,0.0032748188044417,0.0013559190549017,0.0003627235853447,0.0009638827936254,0.0018330119467163,0.0032748188044417,0.013559190549017,0.036272358534477,0.0192776558725092,0.0091650597335815,0.4412485007132715,0.4568275632416514,0.4816211843011031,0.46334341724555,0.4509597496916437,megamarket,sasrec,128,64,256,42
62,4.891 2.731 2.004 1.379 0.89 0.631 0.517 0.456 0.415 0.389 0.367,11.079 9.778 8.893 8.356 7.421 7.675 6.74 6.48 6.64 5.742 5.89 5.086 4.992 5.198 5.067 4.548 4.593 4.44 4.593 4.648 4.466 4.114 4.211 4.273 3.842 3.852 3.548 4.196 4.031 3.611 3.918 3.536 3.755 3.255 3.519 3.712 3.617 3.709 3.854 4.028 3.466 3.903 3.574 3.86 3.923 3.417 3.495 3.501 3.649 3.316 2.577 2.513 2.497 2.37 2.416 2.307 2.531 2.669 2.64 2.783 2.577 2.772 2.565 2.518 2.59 2.625 2.901 2.549 2.836 2.965 2.556 2.803 2.869 2.531 2.861 2.662 2.831 2.735 2.902 2.556 3.01 2.847 2.802 2.847 2.808 2.812 2.541 2.938 2.616 2.688 2.921 2.828 2.703 2.974 2.699 2.966 2.964 3.15 2.902 2.826 2.618 1.646 1.502 1.584 1.635 1.617 1.779 1.77 1.552 1.734 1.859 1.762 1.86 1.902 1.828 2.104 1.955 2.037 1.864 1.946 1.933 1.937 2.05 1.822 1.982 1.989 2.021 1.93 1.958 2.025 2.078 1.984 2.198 2.114 2.192 2.177 2.197 2.057 2.262 1.99 2.281 2.158 2.217 2.348 2.281 2.335 2.175 2.332 2.395 2.153 2.229 2.351 1.046 1.086 1.013 1.063 1.1 1.073 1.107 1.078 1.194 1.171 1.217 1.218 1.231 1.263 1.246 1.233 1.161 1.18 1.263 1.311 1.199 1.37 1.238 1.302 1.35 1.423 1.384 1.403 1.509 1.36 1.33 1.414 1.383 1.543 1.651 1.722 1.475 1.475 1.469 1.56 1.533 1.669 1.686 1.496 1.715 1.744 1.73 1.667 1.625 1.727 1.683 0.577 0.653 0.622 0.721 0.701 0.617 0.73 0.622 0.682 0.66 0.721 0.721 0.744 0.789 0.78 0.811 0.792 0.711 0.84 0.842 0.856 0.761 0.873 0.828 0.85 0.86 0.833 0.885 0.972 0.922 1.026 0.976 1.042 0.971 0.99 1.077 1.022 0.894 1.042 1.107 1.189 1.183 1.043 1.038 1.097 1.091 1.116 1.012 1.105 1.223 1.08 0.419 0.488 0.461 0.526 0.439 0.488 0.477 0.476 0.503 0.514 0.51 0.536 0.556 0.553 0.536 0.525 0.55 0.553 0.569 0.632 0.546 0.656 0.605 0.672 0.583 0.617 0.601 0.639 0.626 0.676 0.579 0.6 0.603 0.723 0.675 0.757 0.677 0.732 0.82 0.793 0.774 0.734 0.776 0.731 0.694 0.713 0.733 0.839 0.773 0.82 0.904 0.37 0.366 0.383 0.417 0.449 0.417 0.46 0.436 0.443 0.449 0.402 0.45 0.459 0.46 0.548 0.395 0.515 0.482 0.467 0.511 0.456 0.496 0.414 0.488 0.579 0.55 0.533 0.513 0.471 0.542 0.547 0.566 0.49 0.55 0.605 0.509 0.52 0.522 0.639 0.635 0.641 0.548 0.565 0.604 0.646 0.597 0.615 0.619 0.647 0.605 0.604 0.387 0.353 0.397 0.372 0.427 0.379 0.401 0.365 0.384 0.346 0.412 0.451 0.43 0.433 0.454 0.398 0.476 0.44 0.415 0.454 0.456 0.435 0.431 0.497 0.433 0.554 0.45 0.455 0.487 0.47 0.54 0.442 0.478 0.529 0.507 0.503 0.513 0.497 0.527 0.492 0.563 0.525 0.53 0.503 0.551 0.51 0.542 0.509 0.601 0.521 0.564 0.298 0.311 0.336 0.383 0.339 0.405 0.348 0.332 0.357 0.323 0.405 0.312 0.364 0.355 0.396 0.369 0.387 0.431 0.396 0.434 0.429 0.345 0.374 0.429 0.417 0.435 0.445 0.457 0.42 0.482 0.456 0.448 0.466 0.457 0.423 0.463 0.478 0.463 0.403 0.473 0.492 0.433 0.559 0.472 0.506 0.573 0.449 0.48 0.504 0.481 0.511 0.357 0.333 0.318 0.287 0.345 0.347 0.294 0.327 0.343 0.349 0.325 0.345 0.396 0.355 0.346 0.352 0.372 0.337 0.347 0.395 0.382 0.362 0.432 0.41 0.401 0.43 0.401 0.377 0.391 0.463 0.438 0.395 0.351 0.397 0.475 0.405 0.48 0.462 0.468 0.394 0.418 0.445 0.377 0.437 0.407 0.471 0.413 0.417 0.395 0.422 0.443 0.306 0.318 0.269 0.285 0.28 0.281 0.293 0.328 0.308 0.343 0.323 0.288 0.319 0.352 0.315 0.352 0.339 0.363 0.353 0.33 0.37 0.361 0.329 0.393 0.348 0.373 0.37 0.384 0.377 0.368 0.395 0.374 0.367 0.4 0.392 0.422 0.385 0.46 0.448 0.394 0.395 0.365 0.467 0.384 0.422 0.41 0.44 0.431 0.44 0.403 0.423 0.286 0.293 0.285 0.293 0.267 0.315 0.356 0.312 0.344 0.32 0.335 0.294 0.313 0.32 0.313 0.29 0.362 0.321 0.348 0.342 0.353 0.319 0.323 0.378 0.483 0.483 0.553 0.629 0.602 4.583 4.481 4.368 4.163 3.736,353.35,0.10485,0.1694259643554687,25.490469455719,0.0187358259080713,0.0658142589815721,0.219549403293966,0.0944635842018514,0.0455330697830047,0.003540793935767,0.0150608418112906,0.0380787729680608,0.0208790478090298,0.0103896535673914,0.003540793935767,0.0065715845151811,0.0073753519736548,0.0069679794667562,0.0059448212425471,0.003540793935767,0.0065715845151811,0.0073753519736548,0.0069679794667562,0.0059448212425471,0.003540793935767,0.0085584193563329,0.0131444586936888,0.0100202146483007,0.0070446055045295,0.003540793935767,0.001506084181129,0.0003807877296806,0.0010439523904514,0.0020779307134782,0.003540793935767,0.0150608418112906,0.0380787729680608,0.0208790478090298,0.0103896535673914,0.4521844356689429,0.4661410929541107,0.4916286591558802,0.4723035213586395,0.4606879275801682,megamarket,sasrec,128,128,256,42
63,5.122 3.072 2.523 2.077 1.664,11.226 9.954 9.063 8.502 7.601 7.834 6.916 6.7 6.852 5.972 6.15 5.333 5.235 5.456 5.374 4.833 4.907 4.712 4.868 4.958 4.753 4.354 4.516 4.527 4.101 4.093 3.794 4.409 4.29 3.87 4.148 3.758 4.011 3.454 3.781 3.942 3.814 4.003 4.118 4.269 3.73 4.191 3.772 4.102 4.153 3.661 3.711 3.731 3.881 3.609 2.809 2.758 2.752 2.656 2.732 2.606 2.851 2.98 2.931 3.107 2.913 3.092 2.863 2.882 2.905 2.895 3.286 2.858 3.187 3.364 2.857 3.159 3.247 2.895 3.153 3.002 3.225 3.129 3.222 2.916 3.432 3.244 3.141 3.206 3.185 3.124 2.921 3.261 2.978 3.016 3.306 3.192 3.118 3.343 3.068 3.355 3.262 3.572 3.271 3.261 3.001 2.041 1.842 1.982 2.093 2.008 2.216 2.268 1.943 2.241 2.36 2.279 2.325 2.45 2.261 2.642 2.436 2.574 2.315 2.522 2.485 2.504 2.597 2.286 2.581 2.581 2.575 2.503 2.476 2.557 2.649 2.544 2.817 2.664 2.764 2.747 2.748 2.6 2.85 2.475 2.812 2.689 2.752 2.903 2.923 2.923 2.776 2.853 2.916 2.686 2.781 2.935 1.575 1.638 1.512 1.559 1.684 1.574 1.695 1.638 1.812 1.834 1.804 1.881 1.92 1.971 1.833 1.885 1.793 1.791 1.894 2.018 1.784 2.091 2.046 2.014 2.083 2.15 2.066 2.07 2.333 2.11 2.067 2.112 2.125 2.39 2.377 2.587 2.264 2.258 2.253 2.298 2.269 2.51 2.523 2.302 2.484 2.592 2.564 2.43 2.39 2.52 2.337 1.147 1.17 1.217 1.332 1.277 1.17 1.345 1.182 1.294 1.21 1.359 1.428 1.415 1.428 1.411 1.451 1.544 1.344 1.563 1.584 1.548 1.5 1.673 1.529 1.64 1.649 1.547 1.804 1.826 1.676 1.9 1.817 1.919 1.732 1.774 2.003 1.883 1.682 1.906 2.029 2.15 2.152 1.876 1.881 2.055 2.13 2.078 1.91 1.998 2.303 2.081,523.88,0.16561,0.1694259643554687,39.11129951477051,0.0121937466694756,0.0459283952759223,0.1363439207861896,0.06433085893448,0.0317282787850247,0.003502005895782,0.0160416251080523,0.0438581909258151,0.0230290134539087,0.0106999578872708,0.003502005895782,0.0066909874713751,0.007668674001821,0.0071703170467423,0.0059921980628144,0.003502005895782,0.0066909874713751,0.007668674001821,0.0071703170467423,0.0059921980628144,0.003502005895782,0.0088682755503025,0.0144217563918449,0.0106279432075753,0.0071550732097873,0.003502005895782,0.0016041625108052,0.0004385819092581,0.0011514506726954,0.0021399915774541,0.003502005895782,0.0160416251080523,0.0438581909258151,0.0230290134539087,0.0106999578872708,0.39637595981643,0.430431246246967,0.476030328791681,0.4438017065425823,0.4181558202929948,megamarket,sasrec,128,256,256,42
64,4.246 1.929 1.093 0.59 0.412 0.348 0.313 0.292 0.275 0.262 0.252 0.259,10.299 9.471 8.218 7.235 6.351 7.01 6.331 5.782 5.708 4.949 5.192 4.507 5.251 4.486 4.444 3.998 3.844 4.169 4.279 4.234 3.732 3.45 3.769 3.42 3.564 3.234 3.171 3.224 3.215 3.334 3.44 3.016 3.067 2.792 2.905 3.043 2.919 2.942 2.674 3.29 2.63 2.782 2.803 2.79 2.526 2.861 2.787 2.952 2.969 2.769 1.895 1.864 1.682 2.032 1.853 1.993 2.021 1.943 1.894 1.823 1.962 1.946 1.862 1.808 1.974 1.831 1.972 1.993 1.886 1.934 2.023 1.909 1.896 1.769 2.017 1.92 2.168 1.668 2.028 2.077 1.685 2.001 2.114 1.98 1.848 1.961 2.094 1.859 1.971 1.782 2.039 1.913 1.857 1.974 2.068 1.876 2.003 1.895 1.981 2.087 1.773 1.034 0.88 0.73 1.049 0.872 1.068 0.883 0.968 0.913 0.96 0.917 0.989 0.985 1.011 0.93 0.937 1.034 0.982 1.103 1.052 1.153 1.049 1.157 0.955 1.102 1.068 1.065 1.116 1.104 1.307 1.017 1.006 1.109 1.197 1.009 1.317 1.24 1.133 1.025 1.138 1.145 1.122 1.149 1.265 1.268 1.336 1.311 1.289 1.139 1.219 1.22 0.454 0.53 0.454 0.495 0.451 0.499 0.466 0.506 0.49 0.516 0.502 0.494 0.514 0.56 0.483 0.52 0.55 0.6 0.573 0.549 0.603 0.598 0.49 0.586 0.553 0.611 0.564 0.591 0.647 0.619 0.676 0.644 0.606 0.583 0.627 0.643 0.653 0.738 0.671 0.71 0.691 0.675 0.678 0.721 0.695 0.685 0.637 0.762 0.705 0.719 0.695 0.318 0.308 0.308 0.353 0.34 0.325 0.408 0.393 0.37 0.355 0.39 0.323 0.428 0.371 0.368 0.329 0.385 0.42 0.362 0.421 0.357 0.408 0.466 0.437 0.354 0.403 0.38 0.436 0.498 0.387 0.443 0.404 0.414 0.454 0.424 0.463 0.465 0.417 0.452 0.437 0.45 0.462 0.465 0.496 0.421 0.505 0.5 0.456 0.51 0.46 0.494 0.296 0.252 0.254 0.292 0.27 0.322 0.3 0.322 0.334 0.317 0.354 0.294 0.307 0.314 0.335 0.318 0.272 0.345 0.376 0.347 0.348 0.318 0.333 0.358 0.367 0.371 0.324 0.354 0.345 0.354 0.375 0.362 0.372 0.342 0.347 0.338 0.4 0.378 0.344 0.406 0.375 0.367 0.415 0.36 0.415 0.387 0.393 0.417 0.452 0.386 0.393 0.269 0.233 0.261 0.269 0.278 0.261 0.293 0.276 0.275 0.275 0.264 0.273 0.296 0.264 0.288 0.329 0.313 0.334 0.284 0.283 0.324 0.351 0.288 0.293 0.356 0.307 0.324 0.332 0.33 0.322 0.332 0.32 0.383 0.31 0.345 0.317 0.338 0.338 0.311 0.32 0.327 0.372 0.373 0.357 0.336 0.369 0.378 0.36 0.321 0.335 0.329 0.281 0.29 0.257 0.293 0.248 0.27 0.25 0.254 0.27 0.253 0.247 0.296 0.268 0.303 0.265 0.26 0.27 0.275 0.275 0.268 0.299 0.292 0.269 0.284 0.295 0.278 0.308 0.296 0.303 0.295 0.312 0.308 0.319 0.325 0.34 0.312 0.27 0.299 0.318 0.327 0.297 0.323 0.288 0.318 0.362 0.298 0.345 0.369 0.388 0.314 0.311 0.227 0.202 0.241 0.224 0.226 0.249 0.241 0.236 0.267 0.256 0.254 0.235 0.337 0.23 0.295 0.29 0.274 0.263 0.264 0.25 0.22 0.236 0.248 0.297 0.256 0.286 0.279 0.298 0.274 0.294 0.265 0.347 0.259 0.293 0.313 0.255 0.288 0.313 0.299 0.289 0.272 0.316 0.304 0.269 0.278 0.339 0.332 0.265 0.34 0.318 0.293 0.215 0.222 0.21 0.229 0.254 0.222 0.245 0.265 0.223 0.23 0.25 0.262 0.237 0.248 0.25 0.237 0.231 0.236 0.264 0.26 0.262 0.254 0.27 0.26 0.275 0.245 0.289 0.287 0.284 0.265 0.253 0.278 0.269 0.272 0.287 0.301 0.27 0.283 0.279 0.279 0.277 0.275 0.256 0.324 0.311 0.285 0.283 0.309 0.275 0.293 0.3 0.229 0.249 0.25 0.208 0.22 0.222 0.2 0.274 0.222 0.252 0.239 0.256 0.231 0.192 0.258 0.242 0.261 0.266 0.219 0.239 0.239 0.259 0.277 0.258 0.221 0.264 0.255 0.253 0.294 0.237 0.239 0.266 0.251 0.232 0.297 0.267 0.283 0.247 0.262 0.265 0.235 0.292 0.272 0.249 0.278 0.291 0.284 0.313 0.244 0.307 0.309 0.222 0.236 0.192 0.221 0.215 0.254 0.244 0.216 0.199 0.239 0.223 0.209 0.211 0.243 0.242 0.265 0.208 0.229 0.216 0.205 0.238 0.239 0.231 0.26 0.213 0.248 0.212 0.243 0.267 0.27 0.274 0.261 0.296 0.293 0.257 0.297 0.238 0.223 0.239 0.263 0.277 0.293 0.268 0.32 0.309 0.294 0.29 0.295 0.318 0.395 0.417 0.393 0.38 0.366 0.399 0.357 0.386 0.308 0.322 0.356 2.451 2.629 2.225 2.312 2.144 2.075 1.781,333.58,0.097249,3.337860107421875e-06,60.76728582382202,0.0182072794418351,0.0615022368730868,0.185561944654431,0.0865137000731166,0.04302169952784,0.0030254671188243,0.0129939933949509,0.035668373340426,0.0183024137243167,0.008893543453687,0.0030254671188243,0.005627544310718,0.0064044042976463,0.0059939951813752,0.0050834496974532,0.0030254671188243,0.005627544310718,0.0064044042976463,0.0059939951813752,0.0050834496974532,0.0030254671188243,0.0073491613827229,0.0118401735653445,0.0086888528565865,0.0060262748011337,0.0030254671188243,0.001299399339495,0.0003566837334042,0.0009151206862158,0.0017787086907374,0.0030254671188243,0.0129939933949509,0.035668373340426,0.0183024137243167,0.008893543453687,0.4568110678038342,0.470589812598881,0.492960426831498,0.4765708731646614,0.4651833140618849,megamarket,sasrec,128,32,512,42
65,4.428 2.231 1.464 0.884 0.569 0.448 0.389 0.352 0.327 0.308 0.294 0.281 0.323,10.334 9.706 8.428 7.42 6.49 7.131 6.483 5.903 5.867 5.104 5.334 4.692 5.42 4.676 4.621 4.145 4.017 4.358 4.462 4.421 3.938 3.636 3.973 3.606 3.724 3.436 3.37 3.412 3.429 3.484 3.612 3.199 3.269 3.035 3.111 3.23 3.139 3.158 2.855 3.498 2.877 2.991 3.03 3.059 2.747 3.05 3.018 3.195 3.203 3.007 2.114 2.105 1.931 2.321 2.097 2.264 2.264 2.185 2.187 2.071 2.216 2.201 2.12 2.103 2.195 2.118 2.297 2.287 2.165 2.163 2.338 2.181 2.155 2.092 2.357 2.202 2.511 1.98 2.329 2.357 2.015 2.333 2.438 2.251 2.163 2.241 2.444 2.166 2.286 2.141 2.39 2.209 2.174 2.266 2.455 2.19 2.33 2.224 2.318 2.39 2.113 1.288 1.16 0.966 1.39 1.241 1.397 1.17 1.311 1.284 1.27 1.229 1.315 1.338 1.33 1.265 1.273 1.4 1.264 1.541 1.396 1.498 1.39 1.505 1.28 1.443 1.464 1.403 1.502 1.462 1.701 1.384 1.35 1.519 1.637 1.421 1.711 1.645 1.561 1.393 1.526 1.548 1.5 1.581 1.752 1.649 1.828 1.764 1.701 1.551 1.665 1.539 0.67 0.735 0.639 0.724 0.705 0.664 0.653 0.723 0.696 0.709 0.754 0.688 0.726 0.834 0.708 0.808 0.769 0.791 0.879 0.866 0.96 0.915 0.785 0.889 0.864 0.913 0.8 0.878 1.026 0.907 1.034 1.02 0.966 0.894 0.989 0.882 0.993 1.111 0.99 1.017 1.091 0.998 1.03 1.094 1.055 1.05 0.996 1.107 1.008 1.099 1.035 0.425 0.44 0.414 0.442 0.439 0.397 0.545 0.5 0.49 0.466 0.509 0.448 0.56 0.482 0.508 0.489 0.526 0.554 0.533 0.611 0.515 0.599 0.644 0.612 0.505 0.542 0.541 0.583 0.656 0.592 0.602 0.546 0.618 0.597 0.63 0.634 0.632 0.597 0.685 0.628 0.637 0.653 0.682 0.661 0.61 0.678 0.638 0.613 0.687 0.705 0.696 0.367 0.339 0.35 0.35 0.367 0.391 0.399 0.407 0.38 0.373 0.485 0.401 0.392 0.43 0.42 0.397 0.38 0.402 0.46 0.464 0.432 0.447 0.434 0.461 0.483 0.428 0.431 0.455 0.423 0.437 0.517 0.455 0.494 0.496 0.466 0.491 0.515 0.483 0.487 0.503 0.516 0.506 0.478 0.472 0.527 0.509 0.491 0.547 0.589 0.53 0.554 0.333 0.33 0.287 0.33 0.335 0.327 0.308 0.324 0.317 0.313 0.33 0.357 0.359 0.324 0.353 0.386 0.383 0.393 0.362 0.364 0.385 0.389 0.34 0.352 0.43 0.411 0.387 0.393 0.376 0.384 0.394 0.417 0.46 0.394 0.428 0.409 0.414 0.436 0.412 0.412 0.44 0.506 0.463 0.411 0.457 0.478 0.44 0.459 0.416 0.428 0.449 0.307 0.303 0.303 0.32 0.288 0.308 0.327 0.323 0.335 0.312 0.302 0.334 0.355 0.34 0.329 0.337 0.336 0.348 0.376 0.315 0.334 0.344 0.321 0.365 0.349 0.361 0.377 0.335 0.355 0.361 0.356 0.413 0.356 0.363 0.352 0.39 0.377 0.382 0.386 0.406 0.372 0.351 0.399 0.401 0.445 0.379 0.392 0.415 0.451 0.397 0.422 0.235 0.252 0.305 0.284 0.311 0.295 0.298 0.274 0.301 0.312 0.305 0.257 0.362 0.26 0.337 0.326 0.299 0.274 0.315 0.286 0.285 0.302 0.324 0.359 0.334 0.343 0.324 0.345 0.35 0.319 0.319 0.38 0.327 0.356 0.362 0.359 0.359 0.351 0.372 0.381 0.349 0.349 0.347 0.333 0.312 0.358 0.369 0.326 0.396 0.384 0.351 0.237 0.223 0.235 0.286 0.27 0.264 0.284 0.277 0.28 0.301 0.271 0.297 0.25 0.292 0.334 0.272 0.288 0.285 0.31 0.268 0.319 0.275 0.315 0.282 0.315 0.294 0.334 0.336 0.325 0.326 0.316 0.324 0.298 0.351 0.309 0.327 0.357 0.327 0.312 0.314 0.326 0.343 0.322 0.347 0.352 0.343 0.348 0.353 0.372 0.345 0.381 0.286 0.276 0.27 0.276 0.259 0.264 0.267 0.323 0.316 0.283 0.248 0.291 0.255 0.255 0.298 0.245 0.317 0.312 0.253 0.296 0.278 0.302 0.283 0.311 0.272 0.285 0.287 0.265 0.275 0.285 0.296 0.335 0.321 0.265 0.314 0.328 0.329 0.335 0.34 0.323 0.321 0.291 0.313 0.303 0.32 0.282 0.342 0.346 0.313 0.322 0.372 0.239 0.255 0.221 0.207 0.244 0.311 0.278 0.282 0.219 0.232 0.261 0.259 0.265 0.278 0.258 0.29 0.285 0.26 0.26 0.25 0.299 0.291 0.24 0.29 0.257 0.276 0.292 0.295 0.282 0.281 0.296 0.313 0.296 0.284 0.29 0.319 0.262 0.269 0.295 0.319 0.332 0.294 0.301 0.318 0.335 0.337 0.327 0.301 0.32 0.353 0.337 0.208 0.268 0.235 0.263 0.273 0.261 0.18 0.256 0.218 0.294 0.239 0.249 0.259 0.27 0.276 0.24 0.259 0.282 0.265 0.253 0.272 0.31 0.307 0.288 0.304 0.272 0.292 0.274 0.275 0.286 0.326 0.279 0.264 0.249 0.286 0.326 0.31 0.287 0.283 0.316 0.312 0.344 0.371 0.362 0.397 0.514 0.445 0.904 0.742 0.724 0.865 1.583 3.664,387.76,0.11883,0.1694259643554687,22.86355209350586,0.0205779931344726,0.0683126169556219,0.2077999330796971,0.0960659536762792,0.0482036855737176,0.0034244298158122,0.0145122681029323,0.0378072566881663,0.0200922047121927,0.010079349247512,0.0034244298158122,0.0063030762873671,0.0071098648907546,0.0066891296309772,0.0057214206027292,0.0034244298158122,0.0063030762873671,0.0071098648907546,0.0066891296309772,0.0057214206027292,0.0034244298158122,0.0082210751726658,0.0128488895400679,0.0096303904185588,0.0067974485971322,0.0034244298158122,0.0014512268102932,0.0003780725668816,0.0010046102356096,0.0020158698495024,0.0034244298158122,0.0145122681029323,0.0378072566881663,0.0200922047121927,0.010079349247512,0.4716872258325025,0.4815739434044774,0.4992556463145435,0.4863124268852343,0.4775016356514707,megamarket,sasrec,128,64,512,42
66,4.626 2.543 1.899 1.359 0.919 0.653 0.523 0.454 0.409 0.377 0.354 0.334 0.318 0.314,10.498 9.864 8.596 7.576 6.655 7.278 6.633 6.066 6.072 5.269 5.535 4.873 5.649 4.885 4.804 4.362 4.228 4.566 4.652 4.651 4.147 3.819 4.18 3.807 3.936 3.64 3.59 3.635 3.612 3.678 3.815 3.415 3.446 3.262 3.3 3.461 3.32 3.326 3.124 3.747 3.061 3.221 3.247 3.238 2.973 3.288 3.24 3.423 3.431 3.24 2.389 2.365 2.113 2.58 2.376 2.532 2.527 2.498 2.428 2.383 2.507 2.505 2.394 2.424 2.482 2.422 2.594 2.605 2.476 2.513 2.616 2.491 2.503 2.392 2.709 2.535 2.856 2.256 2.699 2.716 2.381 2.665 2.796 2.613 2.439 2.608 2.792 2.458 2.632 2.431 2.747 2.535 2.535 2.598 2.831 2.544 2.67 2.555 2.7 2.709 2.423 1.604 1.451 1.277 1.729 1.536 1.779 1.483 1.65 1.584 1.68 1.596 1.709 1.758 1.743 1.683 1.648 1.818 1.689 2.027 1.88 1.927 1.775 1.995 1.691 1.892 1.883 1.846 1.974 1.857 2.22 1.781 1.78 1.933 2.168 1.846 2.26 2.146 2.002 1.841 2.031 1.978 1.983 2.045 2.281 2.114 2.333 2.249 2.233 1.961 2.147 1.992 0.996 1.129 1.041 1.096 1.038 1.071 1.033 1.158 1.043 1.126 1.112 1.099 1.123 1.289 1.119 1.232 1.163 1.246 1.355 1.221 1.446 1.391 1.186 1.304 1.317 1.362 1.326 1.297 1.539 1.368 1.51 1.6 1.504 1.389 1.549 1.377 1.6 1.682 1.55 1.608 1.652 1.578 1.69 1.567 1.573 1.643 1.574 1.656 1.562 1.696 1.572 0.608 0.652 0.658 0.653 0.646 0.648 0.816 0.748 0.741 0.734 0.794 0.667 0.893 0.752 0.819 0.765 0.863 0.867 0.866 0.916 0.833 0.959 0.959 0.921 0.9 0.864 0.871 0.965 1.061 0.947 1.01 0.879 0.971 1.028 0.996 1.067 1.043 0.973 1.04 1.104 0.981 1.062 1.122 1.143 1.082 1.15 1.072 1.043 1.113 1.189 1.107 0.564 0.457 0.456 0.49 0.487 0.521 0.493 0.56 0.52 0.489 0.628 0.535 0.515 0.57 0.613 0.545 0.519 0.594 0.68 0.648 0.609 0.601 0.588 0.673 0.646 0.653 0.611 0.667 0.671 0.634 0.713 0.686 0.728 0.699 0.712 0.685 0.787 0.693 0.723 0.791 0.792 0.713 0.8 0.745 0.815 0.746 0.753 0.814 0.898 0.799 0.807 0.41 0.397 0.368 0.411 0.403 0.377 0.401 0.385 0.4 0.455 0.431 0.426 0.467 0.447 0.482 0.505 0.499 0.496 0.481 0.539 0.468 0.559 0.482 0.483 0.563 0.557 0.548 0.522 0.557 0.551 0.524 0.53 0.595 0.59 0.574 0.529 0.597 0.603 0.56 0.57 0.564 0.627 0.693 0.591 0.638 0.697 0.627 0.662 0.596 0.569 0.621 0.384 0.343 0.37 0.413 0.371 0.423 0.398 0.394 0.436 0.388 0.416 0.426 0.412 0.439 0.382 0.39 0.444 0.404 0.48 0.407 0.457 0.452 0.393 0.435 0.469 0.446 0.487 0.464 0.489 0.467 0.47 0.498 0.486 0.501 0.481 0.508 0.465 0.505 0.512 0.563 0.485 0.464 0.519 0.501 0.581 0.529 0.547 0.561 0.583 0.52 0.543 0.277 0.314 0.325 0.332 0.343 0.372 0.339 0.334 0.379 0.381 0.389 0.308 0.457 0.372 0.397 0.356 0.359 0.358 0.377 0.34 0.342 0.366 0.438 0.433 0.377 0.414 0.414 0.455 0.407 0.408 0.415 0.448 0.435 0.448 0.441 0.409 0.44 0.428 0.447 0.473 0.424 0.475 0.484 0.446 0.462 0.471 0.465 0.449 0.508 0.442 0.495 0.297 0.287 0.308 0.341 0.308 0.305 0.353 0.318 0.332 0.349 0.341 0.381 0.325 0.407 0.356 0.345 0.344 0.34 0.355 0.336 0.398 0.338 0.406 0.318 0.392 0.352 0.378 0.383 0.402 0.399 0.424 0.387 0.395 0.394 0.394 0.411 0.417 0.419 0.416 0.427 0.431 0.446 0.395 0.488 0.444 0.469 0.417 0.452 0.408 0.476 0.439 0.291 0.296 0.287 0.289 0.331 0.3 0.326 0.356 0.345 0.322 0.316 0.294 0.317 0.299 0.378 0.308 0.377 0.374 0.322 0.345 0.326 0.353 0.359 0.398 0.329 0.341 0.356 0.375 0.391 0.336 0.358 0.357 0.361 0.379 0.376 0.359 0.374 0.359 0.411 0.384 0.377 0.38 0.38 0.397 0.438 0.389 0.404 0.451 0.351 0.405 0.485 0.265 0.281 0.244 0.265 0.266 0.352 0.309 0.346 0.256 0.27 0.292 0.322 0.301 0.309 0.321 0.313 0.276 0.279 0.305 0.291 0.325 0.336 0.32 0.325 0.288 0.319 0.328 0.36 0.332 0.345 0.369 0.379 0.355 0.371 0.348 0.37 0.347 0.385 0.336 0.361 0.367 0.368 0.366 0.381 0.365 0.406 0.384 0.375 0.385 0.384 0.42 0.258 0.306 0.264 0.309 0.3 0.316 0.251 0.284 0.293 0.308 0.281 0.292 0.298 0.292 0.321 0.274 0.302 0.318 0.297 0.318 0.347 0.318 0.321 0.336 0.341 0.316 0.367 0.308 0.283 0.321 0.315 0.349 0.316 0.276 0.321 0.339 0.296 0.344 0.341 0.339 0.34 0.362 0.393 0.344 0.351 0.382 0.406 0.333 0.353 0.365 0.379 0.234 0.303 0.269 0.266 0.249 0.288 0.259 0.29 0.309 0.271 0.294 0.305 0.275 0.284 0.304 0.301 0.286 0.306 0.28 0.249 0.311 0.29 0.312 0.306 0.288 0.3 0.289 0.31 0.346 0.34 0.355 0.334 0.357 0.332 0.319 0.329 0.361 0.313 0.389 0.348 0.353 0.312 0.305 0.411 0.332 0.394 0.338 0.352 0.396 0.39 0.493 0.339 0.571 0.552 0.61 2.381 4.302,509.96,0.1661,0.1694259643554687,33.929251194000244,0.0225081481665076,0.0754433470065557,0.2274782199199435,0.1057625816365731,0.0531322419540728,0.0035795819757519,0.0153378992397544,0.0390429328191147,0.0212225990203249,0.0106057583615931,0.0035795819757519,0.0066669340490738,0.0074851043155531,0.0070724865057265,0.0060402213504148,0.0035795819757519,0.0066669340490738,0.0074851043155531,0.0070724865057265,0.0060402213504148,0.0035795819757519,0.0086947937851836,0.0133958030712647,0.0101790103817367,0.0071693532752095,0.0035795819757519,0.0015337899239754,0.0003904293281911,0.0010611299510162,0.0021211516723186,0.0035795819757519,0.0153378992397544,0.0390429328191147,0.0212225990203249,0.0106057583615931,0.4789331465214464,0.4894420507851035,0.5083107843347535,0.4942659840523914,0.485264346130076,megamarket,sasrec,128,128,512,42
67,4.876 2.889 2.402 2.022 1.682 1.357,10.714 10.055 8.764 7.756 6.828 7.461 6.816 6.263 6.284 5.469 5.75 5.1 5.87 5.17 5.068 4.668 4.493 4.861 4.966 4.933 4.435 4.116 4.455 4.08 4.234 3.924 3.843 3.906 3.878 3.922 4.09 3.665 3.712 3.537 3.578 3.715 3.607 3.595 3.378 3.998 3.328 3.435 3.52 3.498 3.222 3.534 3.498 3.641 3.68 3.491 2.651 2.598 2.388 2.895 2.696 2.864 2.783 2.775 2.752 2.693 2.828 2.859 2.739 2.755 2.832 2.716 2.965 2.962 2.793 2.879 2.964 2.893 2.877 2.733 3.105 2.899 3.251 2.64 3.033 3.071 2.697 3.035 3.162 2.975 2.782 2.946 3.166 2.851 2.96 2.817 3.095 2.939 2.898 2.918 3.22 2.937 3.065 2.894 3.087 3.073 2.852 1.939 1.828 1.581 2.194 1.978 2.211 1.891 2.123 2.015 2.152 1.974 2.17 2.269 2.203 2.157 2.169 2.405 2.139 2.575 2.398 2.44 2.261 2.555 2.119 2.415 2.397 2.393 2.487 2.434 2.789 2.291 2.266 2.462 2.77 2.336 2.816 2.71 2.47 2.294 2.517 2.527 2.532 2.57 2.733 2.633 2.892 2.824 2.689 2.506 2.598 2.492 1.524 1.697 1.504 1.611 1.545 1.564 1.575 1.776 1.557 1.666 1.659 1.673 1.722 1.931 1.711 1.812 1.772 1.834 2.089 1.842 2.177 2.086 1.811 1.973 1.951 2.061 1.946 2.025 2.3 2.079 2.212 2.381 2.164 2.041 2.327 2.047 2.363 2.403 2.244 2.334 2.39 2.268 2.484 2.357 2.296 2.394 2.261 2.353 2.255 2.458 2.252 1.12 1.156 1.154 1.202 1.204 1.175 1.452 1.383 1.422 1.363 1.457 1.306 1.545 1.473 1.481 1.472 1.627 1.559 1.571 1.641 1.557 1.652 1.874 1.706 1.663 1.769 1.671 1.729 1.893 1.774 1.808 1.807 1.745 1.91 1.819 1.99 1.9 1.927 1.848 1.988 1.842 1.881 1.893 2.111 1.908 2.007 1.92 1.858 1.902 2.131 1.953 0.991 0.863 0.898 1.006 0.969 1.047 1.084 1.073 1.063 1.015 1.253 1.158 1.084 1.196 1.202 1.112 1.123 1.304 1.315 1.26 1.243 1.223 1.311 1.284 1.374 1.381 1.293 1.328 1.408 1.329 1.459 1.37 1.487 1.544 1.422 1.58 1.696 1.604 1.573 1.657 1.621 1.501 1.687 1.53 1.671 1.604 1.701 1.694 1.868 1.78 1.81,790.72,0.27026,0.1694259643554687,55.90232753753662,0.0137050301760995,0.0574758653166941,0.168931629757228,0.0833820777514778,0.0381929039693653,0.0034853824500742,0.0171775605647538,0.047559678170091,0.0243201010705499,0.0113815191612917,0.0034853824500742,0.0069147905041249,0.0079623736642084,0.0074074180520607,0.0061450414108503,0.0034853824500742,0.0069147905041249,0.0079623736642084,0.0074074180520607,0.0061450414108503,0.0034853824500742,0.0093043484673101,0.0153358408504802,0.0111064564609957,0.0074338137010361,0.0034853824500742,0.0017177560564753,0.0004755967817009,0.0012160050535274,0.0022763038322583,0.0034853824500742,0.0171775605647538,0.047559678170091,0.0243201010705499,0.0113815191612917,0.4040456201808486,0.4436292433050851,0.4917158733846035,0.4581369174184362,0.4298229688072502,megamarket,sasrec,128,256,512,42
68,4.075 1.833 1.064 0.596 0.414 0.345 0.308 0.283 0.265 0.25 0.239 0.23 0.223 0.215 0.208 0.204,10.644 8.916 8.177 7.399 6.784 6.255 6.288 5.816 4.995 5.267 4.744 5.205 4.593 4.383 4.436 4.124 3.802 3.702 3.207 3.523 3.817 3.539 3.549 3.419 3.221 2.99 3.267 3.282 3.167 2.959 3.141 3.039 2.919 3.094 3.053 2.617 2.697 2.769 2.627 2.504 2.591 2.628 2.297 2.481 2.868 2.087 2.805 2.887 2.31 2.427 1.999 1.938 1.696 1.704 1.827 1.795 1.909 1.801 1.845 1.874 1.836 1.921 1.756 1.736 1.668 1.864 1.737 1.777 1.787 1.784 1.926 1.849 1.659 1.813 1.615 1.93 1.854 1.949 1.525 1.976 1.738 1.95 2.045 1.806 1.917 1.69 1.849 1.86 1.877 1.894 1.821 1.779 1.939 1.838 1.844 1.949 1.912 1.838 1.885 2.315 1.99 1.066 0.841 0.924 0.975 0.861 0.916 0.919 0.972 0.903 1.038 0.923 1.088 0.922 0.963 0.934 0.971 1.203 0.941 1.062 0.972 0.916 1.196 1.024 0.938 1.217 0.942 0.985 1.088 1.27 1.148 1.158 1.264 1.191 1.135 1.185 1.16 1.043 1.247 1.178 1.322 1.262 1.186 1.042 1.223 1.179 1.264 1.198 1.164 1.215 1.21 1.256 0.436 0.488 0.485 0.461 0.499 0.499 0.538 0.51 0.534 0.432 0.538 0.518 0.514 0.56 0.5 0.564 0.561 0.521 0.573 0.619 0.523 0.543 0.524 0.704 0.468 0.59 0.61 0.583 0.529 0.534 0.648 0.655 0.6 0.619 0.632 0.607 0.589 0.602 0.544 0.587 0.594 0.694 0.699 0.74 0.667 0.611 0.679 0.735 0.745 0.661 0.654 0.313 0.338 0.36 0.352 0.34 0.348 0.322 0.342 0.315 0.331 0.365 0.381 0.368 0.407 0.339 0.353 0.388 0.401 0.393 0.397 0.38 0.365 0.396 0.443 0.388 0.393 0.432 0.478 0.402 0.4 0.385 0.453 0.422 0.435 0.462 0.444 0.52 0.424 0.445 0.49 0.471 0.436 0.522 0.423 0.446 0.484 0.495 0.491 0.515 0.48 0.488 0.246 0.284 0.293 0.292 0.283 0.283 0.315 0.294 0.326 0.31 0.285 0.304 0.27 0.293 0.325 0.335 0.356 0.34 0.304 0.313 0.342 0.327 0.343 0.303 0.371 0.315 0.324 0.36 0.338 0.332 0.354 0.397 0.362 0.35 0.379 0.386 0.374 0.357 0.405 0.341 0.369 0.415 0.375 0.456 0.369 0.367 0.416 0.399 0.389 0.402 0.382 0.249 0.239 0.265 0.228 0.232 0.284 0.269 0.249 0.29 0.27 0.289 0.299 0.268 0.281 0.281 0.303 0.28 0.328 0.29 0.291 0.278 0.313 0.281 0.312 0.291 0.316 0.35 0.332 0.306 0.347 0.325 0.306 0.345 0.325 0.315 0.367 0.327 0.31 0.348 0.336 0.336 0.332 0.365 0.329 0.347 0.333 0.338 0.341 0.378 0.335 0.341 0.224 0.251 0.247 0.263 0.267 0.245 0.233 0.23 0.258 0.266 0.302 0.249 0.273 0.27 0.244 0.277 0.287 0.288 0.269 0.274 0.321 0.278 0.291 0.263 0.293 0.288 0.294 0.305 0.314 0.256 0.3 0.273 0.281 0.306 0.281 0.263 0.285 0.283 0.315 0.327 0.299 0.31 0.336 0.275 0.312 0.339 0.306 0.288 0.328 0.354 0.327 0.238 0.215 0.202 0.261 0.261 0.216 0.224 0.25 0.245 0.249 0.225 0.256 0.239 0.261 0.229 0.24 0.246 0.27 0.26 0.256 0.291 0.238 0.263 0.269 0.268 0.245 0.248 0.283 0.237 0.303 0.285 0.29 0.26 0.274 0.282 0.275 0.29 0.301 0.291 0.328 0.284 0.262 0.264 0.279 0.294 0.31 0.273 0.292 0.259 0.3 0.275 0.222 0.224 0.225 0.259 0.237 0.212 0.22 0.217 0.234 0.221 0.246 0.249 0.242 0.245 0.22 0.257 0.265 0.238 0.281 0.264 0.228 0.242 0.238 0.27 0.26 0.24 0.245 0.261 0.301 0.259 0.227 0.272 0.286 0.306 0.255 0.263 0.237 0.248 0.28 0.307 0.268 0.286 0.302 0.267 0.259 0.285 0.292 0.294 0.246 0.26 0.284 0.211 0.221 0.192 0.223 0.194 0.214 0.215 0.216 0.248 0.224 0.219 0.211 0.264 0.252 0.223 0.256 0.221 0.22 0.222 0.211 0.238 0.229 0.248 0.236 0.264 0.234 0.235 0.236 0.244 0.247 0.257 0.251 0.27 0.26 0.275 0.237 0.261 0.275 0.247 0.262 0.241 0.228 0.236 0.246 0.265 0.277 0.28 0.244 0.27 0.306 0.255 0.19 0.197 0.175 0.187 0.236 0.212 0.198 0.203 0.204 0.21 0.241 0.218 0.207 0.267 0.218 0.231 0.226 0.21 0.192 0.275 0.233 0.224 0.216 0.229 0.235 0.214 0.224 0.244 0.216 0.216 0.232 0.249 0.24 0.211 0.234 0.236 0.23 0.265 0.249 0.248 0.232 0.236 0.234 0.246 0.243 0.245 0.202 0.255 0.239 0.292 0.257 0.179 0.184 0.198 0.213 0.209 0.215 0.205 0.218 0.203 0.192 0.226 0.229 0.219 0.212 0.221 0.229 0.224 0.201 0.237 0.216 0.215 0.239 0.228 0.218 0.227 0.196 0.22 0.217 0.236 0.233 0.249 0.224 0.211 0.231 0.212 0.239 0.243 0.242 0.237 0.236 0.215 0.218 0.252 0.242 0.242 0.269 0.249 0.219 0.283 0.246 0.23 0.192 0.203 0.226 0.209 0.207 0.182 0.198 0.203 0.209 0.208 0.191 0.183 0.222 0.238 0.191 0.231 0.215 0.198 0.216 0.231 0.227 0.226 0.218 0.215 0.224 0.219 0.234 0.217 0.225 0.204 0.204 0.23 0.228 0.221 0.215 0.23 0.228 0.215 0.211 0.235 0.198 0.245 0.24 0.214 0.234 0.233 0.217 0.217 0.226 0.231 0.235 0.155 0.188 0.171 0.17 0.212 0.173 0.202 0.186 0.199 0.192 0.204 0.222 0.202 0.231 0.192 0.231 0.211 0.183 0.198 0.183 0.185 0.235 0.195 0.25 0.194 0.238 0.208 0.238 0.178 0.21 0.211 0.197 0.2 0.236 0.215 0.243 0.212 0.209 0.219 0.202 0.23 0.207 0.228 0.23 0.22 0.183 0.209 0.267 0.227 0.231 0.23 0.21 0.193 0.189 0.175 0.171 0.209 0.194 0.183 0.178 0.188 0.174 0.186 0.214 0.193 0.178 0.188 0.169 0.219 0.176 0.186 0.19 0.199 0.215 0.206 0.221 0.199 0.219 0.233 0.215 0.214 0.221 0.206 0.2 0.23 0.209 0.207 0.213 0.208 0.263 0.226 0.203 0.21 0.221 0.232 0.226 0.202 0.224 0.22 0.236 0.241 0.204 0.17 0.176 0.162 0.173 0.217 0.188 0.185 0.234 0.23 0.227 0.25 0.224 0.263 0.323 0.304 0.522 0.704 0.832 0.634 2.747 3.322 3.735,563.79,0.18124,3.337860107421875e-06,70.99079370498657,0.0217218346077107,0.0715948099587324,0.2094469160893758,0.0998066746805794,0.0506865527369164,0.003158454684487,0.0135425671033091,0.0361947824545071,0.0190560099297382,0.0093423764877983,0.003158454684487,0.0058356122406258,0.0066108242312615,0.0062131356067258,0.0052785904795679,0.003158454684487,0.0058356122406258,0.0066108242312615,0.0062131356067258,0.0052785904795679,0.003158454684487,0.0076358151360787,0.0121183343798498,0.0090233785075654,0.0062811437196818,0.003158454684487,0.0013542567103309,0.000361947824545,0.0009528004964869,0.0018684752975596,0.003158454684487,0.0135425671033091,0.0361947824545071,0.0190560099297382,0.0093423764877983,0.4742340627656403,0.4862744711633076,0.5071194108581298,0.4920084990383651,0.4811681370273483,megamarket,sasrec,128,32,1024,42
69,4.266 2.133 1.428 0.898 0.587 0.454 0.39 0.349 0.32 0.299 0.282 0.268 0.257 0.247 0.239 0.231,10.755 9.148 8.352 7.553 6.914 6.419 6.415 5.931 5.132 5.372 4.916 5.391 4.77 4.559 4.628 4.326 4.006 3.911 3.395 3.696 3.991 3.744 3.721 3.649 3.397 3.209 3.485 3.501 3.354 3.112 3.366 3.228 3.109 3.304 3.241 2.806 2.902 3.016 2.814 2.751 2.834 2.841 2.489 2.707 3.129 2.308 3.019 3.211 2.536 2.665 2.242 2.18 1.971 1.92 2.051 2.046 2.189 2.055 2.125 2.193 2.134 2.197 2.044 2.021 1.954 2.219 2.041 2.084 2.142 2.038 2.28 2.152 1.935 2.116 1.922 2.19 2.147 2.261 1.847 2.353 1.975 2.293 2.327 2.119 2.195 1.959 2.174 2.18 2.197 2.217 2.149 2.124 2.257 2.188 2.124 2.291 2.243 2.228 2.227 2.717 2.297 1.452 1.158 1.222 1.285 1.183 1.222 1.251 1.293 1.207 1.366 1.209 1.427 1.287 1.309 1.29 1.321 1.642 1.311 1.376 1.369 1.231 1.579 1.364 1.273 1.588 1.239 1.325 1.46 1.751 1.573 1.582 1.658 1.601 1.524 1.626 1.488 1.404 1.702 1.588 1.769 1.71 1.575 1.428 1.671 1.613 1.715 1.558 1.555 1.615 1.617 1.733 0.665 0.764 0.739 0.66 0.709 0.743 0.766 0.746 0.756 0.657 0.756 0.806 0.792 0.805 0.736 0.81 0.906 0.769 0.846 0.902 0.773 0.83 0.742 1.102 0.74 0.883 0.878 0.873 0.826 0.826 1.037 0.996 0.855 0.924 0.951 0.988 0.88 0.944 0.791 0.933 0.902 1.077 1.022 1.132 0.918 0.943 1.036 1.125 1.11 1.036 1.039 0.414 0.476 0.464 0.453 0.458 0.48 0.508 0.476 0.414 0.465 0.565 0.53 0.527 0.575 0.48 0.486 0.602 0.554 0.567 0.593 0.555 0.525 0.573 0.619 0.529 0.521 0.61 0.694 0.599 0.594 0.551 0.673 0.635 0.643 0.695 0.683 0.749 0.619 0.673 0.662 0.657 0.635 0.754 0.635 0.653 0.672 0.702 0.742 0.711 0.713 0.764 0.307 0.398 0.338 0.351 0.324 0.395 0.408 0.389 0.39 0.388 0.395 0.408 0.351 0.371 0.38 0.416 0.501 0.43 0.368 0.463 0.454 0.449 0.473 0.42 0.495 0.419 0.457 0.431 0.418 0.497 0.491 0.506 0.444 0.494 0.5 0.511 0.482 0.483 0.539 0.478 0.524 0.551 0.526 0.592 0.546 0.509 0.567 0.53 0.561 0.555 0.552 0.314 0.29 0.314 0.29 0.296 0.363 0.35 0.337 0.318 0.348 0.381 0.359 0.334 0.348 0.376 0.317 0.373 0.38 0.407 0.348 0.388 0.364 0.333 0.395 0.354 0.367 0.474 0.388 0.399 0.455 0.402 0.384 0.425 0.442 0.386 0.46 0.4 0.396 0.436 0.439 0.423 0.424 0.461 0.411 0.434 0.474 0.442 0.447 0.501 0.45 0.475 0.262 0.289 0.281 0.308 0.315 0.303 0.313 0.284 0.267 0.29 0.339 0.315 0.358 0.35 0.297 0.35 0.335 0.349 0.336 0.317 0.372 0.372 0.342 0.341 0.349 0.329 0.379 0.346 0.372 0.332 0.351 0.369 0.355 0.366 0.356 0.346 0.396 0.375 0.374 0.391 0.376 0.388 0.376 0.37 0.396 0.454 0.415 0.378 0.42 0.459 0.449 0.28 0.259 0.244 0.289 0.293 0.262 0.239 0.29 0.275 0.281 0.265 0.322 0.303 0.288 0.288 0.306 0.322 0.287 0.313 0.301 0.346 0.308 0.335 0.327 0.324 0.288 0.313 0.335 0.288 0.367 0.38 0.344 0.314 0.32 0.319 0.346 0.345 0.36 0.368 0.389 0.326 0.348 0.344 0.357 0.359 0.389 0.374 0.353 0.362 0.388 0.34 0.227 0.254 0.272 0.259 0.283 0.269 0.276 0.249 0.257 0.262 0.318 0.289 0.289 0.297 0.257 0.295 0.332 0.289 0.315 0.32 0.295 0.317 0.266 0.293 0.305 0.307 0.309 0.295 0.366 0.323 0.259 0.307 0.297 0.315 0.3 0.338 0.297 0.293 0.313 0.376 0.313 0.313 0.356 0.306 0.326 0.353 0.313 0.334 0.336 0.294 0.353 0.25 0.226 0.236 0.251 0.241 0.255 0.246 0.254 0.268 0.281 0.286 0.234 0.285 0.278 0.239 0.282 0.295 0.293 0.267 0.263 0.26 0.267 0.277 0.266 0.318 0.274 0.276 0.29 0.273 0.285 0.313 0.3 0.318 0.297 0.306 0.278 0.312 0.347 0.321 0.32 0.315 0.291 0.293 0.312 0.33 0.306 0.345 0.292 0.35 0.345 0.279 0.224 0.22 0.181 0.248 0.241 0.22 0.243 0.233 0.254 0.233 0.246 0.222 0.253 0.275 0.267 0.245 0.277 0.237 0.229 0.286 0.259 0.253 0.244 0.252 0.274 0.261 0.262 0.288 0.275 0.286 0.288 0.3 0.269 0.28 0.306 0.273 0.287 0.314 0.31 0.301 0.261 0.282 0.27 0.287 0.298 0.274 0.273 0.299 0.304 0.31 0.304 0.214 0.236 0.229 0.249 0.25 0.227 0.255 0.233 0.219 0.224 0.251 0.281 0.228 0.247 0.248 0.273 0.231 0.244 0.272 0.274 0.275 0.278 0.296 0.272 0.269 0.231 0.253 0.257 0.241 0.277 0.277 0.26 0.233 0.288 0.24 0.275 0.267 0.286 0.288 0.27 0.271 0.243 0.286 0.263 0.26 0.351 0.282 0.249 0.304 0.265 0.311 0.223 0.203 0.245 0.223 0.221 0.204 0.214 0.234 0.24 0.236 0.224 0.208 0.239 0.272 0.249 0.239 0.249 0.236 0.235 0.254 0.247 0.246 0.242 0.261 0.28 0.241 0.29 0.228 0.276 0.257 0.249 0.269 0.29 0.252 0.245 0.241 0.258 0.298 0.234 0.27 0.265 0.287 0.28 0.227 0.237 0.272 0.224 0.263 0.263 0.269 0.253 0.19 0.218 0.193 0.194 0.214 0.242 0.23 0.202 0.226 0.216 0.219 0.255 0.203 0.229 0.217 0.249 0.218 0.236 0.21 0.198 0.229 0.251 0.234 0.268 0.222 0.242 0.232 0.258 0.222 0.234 0.213 0.223 0.239 0.235 0.22 0.241 0.246 0.248 0.234 0.254 0.227 0.236 0.267 0.267 0.266 0.266 0.268 0.279 0.256 0.269 0.278 0.227 0.22 0.208 0.191 0.2 0.257 0.236 0.23 0.207 0.236 0.205 0.227 0.236 0.22 0.228 0.208 0.211 0.212 0.216 0.217 0.208 0.235 0.249 0.21 0.262 0.221 0.227 0.225 0.249 0.275 0.236 0.245 0.251 0.234 0.209 0.248 0.224 0.229 0.29 0.227 0.234 0.264 0.242 0.236 0.234 0.244 0.239 0.242 0.238 0.259 0.258,638.07,0.2091,0.1694259643554687,29.944444179534912,0.0226128660478604,0.0752884388980456,0.2230354553678757,0.1054558635817233,0.0531545487216982,0.0034909235986435,0.0145565972914865,0.0388489926191901,0.0204634616663342,0.0101790899217589,0.0034909235986435,0.0063779235715534,0.0072226210554692,0.0067829207076587,0.0057991813876513,0.0034909235986435,0.0063779235715534,0.0072226210554692,0.0067829207076587,0.0057991813876513,0.0034909235986435,0.0082904560345077,0.0131251990398122,0.0097778023764586,0.0068804315393228,0.0034909235986435,0.0014556597291486,0.0003884899261919,0.0010231730833167,0.0020358179843517,0.0034909235986435,0.0145565972914865,0.0388489926191901,0.0204634616663342,0.0101790899217589,0.4792318730833197,0.4897541437095112,0.5078802562980071,0.4948049007154431,0.4852879865969554,megamarket,sasrec,128,64,1024,42
70,4.47 2.434 1.84 1.352 0.947 0.68 0.54 0.464 0.415 0.379 0.352 0.332 0.315 0.301 0.289,10.93 9.516 8.484 7.726 7.095 6.59 6.596 6.123 5.301 5.592 5.101 5.597 4.981 4.77 4.858 4.6 4.218 4.141 3.624 3.953 4.22 4.005 3.93 3.874 3.61 3.417 3.7 3.71 3.536 3.338 3.577 3.402 3.337 3.541 3.446 3.014 3.102 3.245 2.99 2.961 3.069 3.037 2.677 2.951 3.41 2.519 3.196 3.475 2.746 2.923 2.437 2.455 2.189 2.168 2.297 2.282 2.419 2.332 2.409 2.451 2.412 2.482 2.293 2.29 2.251 2.547 2.35 2.366 2.481 2.37 2.562 2.459 2.271 2.451 2.207 2.487 2.453 2.578 2.154 2.669 2.334 2.626 2.615 2.44 2.585 2.257 2.507 2.502 2.537 2.524 2.512 2.474 2.617 2.496 2.429 2.63 2.558 2.503 2.562 3.164 2.628 1.816 1.463 1.578 1.651 1.518 1.56 1.597 1.662 1.624 1.809 1.56 1.863 1.693 1.669 1.628 1.706 2.102 1.643 1.791 1.791 1.641 2.061 1.766 1.649 2.033 1.71 1.735 1.885 2.123 2.022 2.031 2.157 2.102 1.98 2.039 1.915 1.845 2.159 2.038 2.308 2.174 1.979 1.865 2.134 2.039 2.226 2.021 2.042 2.112 2.076 2.123 0.973 1.126 1.115 0.964 1.064 1.052 1.142 1.121 1.194 1.0 1.157 1.216 1.243 1.262 1.185 1.21 1.366 1.141 1.293 1.372 1.164 1.311 1.176 1.713 1.117 1.364 1.35 1.327 1.332 1.251 1.592 1.501 1.277 1.373 1.4 1.471 1.402 1.397 1.199 1.442 1.371 1.618 1.561 1.683 1.4 1.396 1.504 1.681 1.61 1.482 1.519 0.639 0.71 0.691 0.716 0.752 0.693 0.733 0.744 0.689 0.687 0.819 0.817 0.816 0.929 0.807 0.761 0.964 0.814 0.857 0.958 0.931 0.791 0.906 0.995 0.828 0.833 1.005 1.101 0.994 0.906 0.855 1.065 0.966 1.079 1.053 1.078 1.195 1.046 1.062 1.131 1.096 1.044 1.225 1.048 1.094 1.104 1.097 1.225 1.198 1.199 1.301 0.432 0.52 0.534 0.469 0.465 0.499 0.55 0.569 0.586 0.508 0.545 0.546 0.504 0.565 0.587 0.591 0.709 0.672 0.579 0.608 0.659 0.68 0.663 0.645 0.662 0.643 0.654 0.645 0.656 0.751 0.699 0.785 0.707 0.731 0.721 0.762 0.721 0.771 0.843 0.727 0.783 0.814 0.845 0.921 0.843 0.803 0.843 0.871 0.886 0.846 0.853 0.4 0.376 0.418 0.375 0.37 0.466 0.424 0.445 0.474 0.506 0.477 0.499 0.471 0.445 0.491 0.45 0.493 0.5 0.552 0.456 0.516 0.497 0.481 0.527 0.506 0.505 0.642 0.569 0.551 0.63 0.565 0.535 0.576 0.551 0.572 0.657 0.559 0.613 0.632 0.628 0.613 0.587 0.632 0.625 0.578 0.665 0.654 0.632 0.746 0.653 0.634 0.333 0.364 0.343 0.384 0.396 0.383 0.413 0.351 0.375 0.382 0.437 0.412 0.442 0.432 0.387 0.395 0.421 0.419 0.423 0.401 0.503 0.443 0.484 0.44 0.465 0.446 0.51 0.44 0.484 0.459 0.478 0.499 0.438 0.502 0.472 0.449 0.503 0.537 0.53 0.554 0.516 0.51 0.557 0.484 0.518 0.576 0.589 0.541 0.546 0.653 0.602 0.355 0.318 0.311 0.363 0.37 0.305 0.35 0.378 0.354 0.384 0.338 0.398 0.366 0.445 0.378 0.381 0.369 0.366 0.38 0.412 0.427 0.375 0.397 0.429 0.478 0.374 0.407 0.435 0.412 0.479 0.475 0.441 0.375 0.433 0.431 0.435 0.424 0.439 0.464 0.523 0.431 0.49 0.468 0.442 0.521 0.521 0.486 0.513 0.465 0.532 0.448 0.287 0.341 0.356 0.334 0.341 0.321 0.294 0.332 0.32 0.335 0.365 0.349 0.362 0.363 0.356 0.367 0.368 0.373 0.404 0.368 0.381 0.344 0.361 0.399 0.363 0.394 0.374 0.415 0.463 0.393 0.362 0.402 0.431 0.42 0.419 0.408 0.399 0.38 0.409 0.442 0.393 0.436 0.479 0.401 0.466 0.45 0.419 0.431 0.419 0.425 0.482 0.284 0.28 0.247 0.346 0.294 0.294 0.308 0.286 0.327 0.337 0.329 0.296 0.325 0.318 0.297 0.361 0.337 0.365 0.314 0.291 0.351 0.322 0.371 0.343 0.392 0.343 0.351 0.353 0.341 0.348 0.395 0.353 0.409 0.349 0.368 0.374 0.402 0.397 0.34 0.395 0.417 0.359 0.369 0.427 0.428 0.35 0.471 0.332 0.43 0.426 0.366 0.254 0.26 0.237 0.289 0.297 0.321 0.3 0.28 0.309 0.277 0.294 0.292 0.314 0.348 0.295 0.309 0.347 0.302 0.297 0.369 0.306 0.313 0.342 0.315 0.367 0.313 0.326 0.382 0.298 0.321 0.327 0.398 0.353 0.343 0.352 0.29 0.406 0.36 0.38 0.356 0.328 0.353 0.353 0.374 0.427 0.326 0.338 0.392 0.357 0.413 0.363 0.236 0.257 0.263 0.278 0.286 0.248 0.296 0.272 0.269 0.277 0.309 0.34 0.277 0.317 0.289 0.309 0.3 0.298 0.333 0.295 0.284 0.31 0.314 0.326 0.307 0.323 0.322 0.285 0.328 0.344 0.341 0.31 0.292 0.341 0.3 0.348 0.336 0.34 0.333 0.319 0.313 0.347 0.371 0.352 0.359 0.418 0.361 0.329 0.433 0.362 0.354 0.28 0.271 0.268 0.273 0.293 0.291 0.271 0.261 0.291 0.263 0.245 0.246 0.306 0.297 0.254 0.316 0.289 0.294 0.272 0.313 0.297 0.288 0.289 0.31 0.338 0.288 0.325 0.313 0.34 0.269 0.298 0.296 0.341 0.349 0.301 0.298 0.346 0.368 0.33 0.325 0.325 0.344 0.336 0.32 0.331 0.375 0.317 0.336 0.303 0.339 0.357 0.209 0.242 0.241 0.221 0.256 0.251 0.265 0.226 0.267 0.255 0.284 0.297 0.258 0.279 0.28 0.304 0.269 0.305 0.263 0.268 0.251 0.297 0.28 0.332 0.274 0.277 0.319 0.309 0.275 0.287 0.253 0.3 0.304 0.304 0.296 0.295 0.296 0.331 0.308 0.305 0.314 0.307 0.337 0.331 0.35 0.292 0.343 0.356 0.327 0.315 0.313,780.66,0.26508,0.1694259643554687,45.97875213623047,0.0233712961471255,0.0799282465641381,0.2441029581252401,0.1127954097629286,0.055945373204615,0.0036793226499988,0.0158310614624199,0.0408548884012678,0.0220870181971319,0.0110712148414123,0.0036793226499988,0.0068754263605982,0.0077442815160326,0.0073079632227421,0.0062433967979549,0.0036793226499988,0.0068754263605982,0.0077442815160326,0.0073079632227421,0.0062433967979549,0.0036793226499988,0.0089725617899168,0.0139426018149496,0.0105522308562948,0.0074365723143678,0.0036793226499988,0.0015831061462419,0.0004085488840126,0.0011043509098565,0.0022142429682824,0.0036793226499988,0.0158310614624199,0.0408548884012678,0.0220870181971319,0.0110712148414123,0.4806971911475528,0.4924496465215344,0.5122104960026409,0.4977739564372391,0.4878465837500976,megamarket,sasrec,128,128,1024,42
71,8.346 4.149 2.29 1.189 0.533 0.276 0.199 0.169,10.052 8.907 7.86 7.421 6.863 6.218 4.713 4.287 4.143 4.083 3.834 3.852 2.336 2.365 2.292 2.281 2.157 2.287 2.19 1.193 1.174 1.182 1.227 1.179 1.155 0.515 0.511 0.539 0.542 0.52 0.577 0.268 0.267 0.258 0.277 0.288 0.31 0.298 0.193 0.18 0.199 0.207 0.215 0.224 0.157 0.157 0.167 0.163 0.16 0.172 0.178,40.154,0.078726,3.337860107421875e-06,72.35865211486816,0.0254105064875515,0.0987842811644132,0.203412935446693,0.1267328021017932,0.0722330313657938,0.0051255624265797,0.0177870869073741,0.0393033668018706,0.0233337766252188,0.0129662876521045,0.0051255624265797,0.0085313942127892,0.0092983447199201,0.0089150565855116,0.0078863473487451,0.0051255624265797,0.0085313942127892,0.0092983447199201,0.0089150565855116,0.0078863473487451,0.0051255624265797,0.0107038564445003,0.0150144733840192,0.0121046408521712,0.0091432931463156,0.0051255624265797,0.0017787086907374,0.0003930336680187,0.0011666888312609,0.0025932575304209,0.0051255624265797,0.0177870869073741,0.0393033668018706,0.0233337766252188,0.0129662876521045,0.4362873082350135,0.4319863761782439,0.439368327305088,0.4309085373184436,0.435137953030612,megamarket,sasrec,1024,32,32,42
72,8.491 4.232 2.362 1.251 0.576 0.302 0.216 0.185,10.309 9.17 8.028 7.535 6.96 6.31 4.773 4.359 4.233 4.153 3.935 3.957 2.389 2.425 2.366 2.354 2.249 2.379 2.284 1.242 1.222 1.228 1.28 1.261 1.222 0.552 0.562 0.578 0.579 0.562 0.636 0.297 0.297 0.293 0.297 0.306 0.327 0.338 0.208 0.191 0.224 0.213 0.21 0.25 0.177 0.176 0.173 0.179 0.177 0.196 0.193,47.894,0.10222,0.1694259643554687,21.179311275482178,0.0257358135154226,0.1069479384828919,0.2296630438823689,0.1397463224815039,0.0764415748577943,0.0050812332380255,0.0187955759469822,0.0416084846066892,0.0251568145045104,0.0134428264290622,0.0050812332380255,0.0087432485942194,0.009571702625202,0.0091834937438007,0.0080333724907832,0.0050812332380255,0.0087432485942194,0.009571702625202,0.0091834937438007,0.0080333724907832,0.0050812332380255,0.0110986285176403,0.0156891145543331,0.0127053609585209,0.0093721739286446,0.0050812332380255,0.0018795575946982,0.0004160848460668,0.0012578407252255,0.0026885652858124,0.0050812332380255,0.0187955759469822,0.0416084846066892,0.0251568145045104,0.0134428264290622,0.4440918632751656,0.4450818925119673,0.4539109033122137,0.4445463440859248,0.4470174138995932,megamarket,sasrec,1024,64,32,42
73,8.619 4.343 2.454 1.327 0.636 0.339 0.242 0.205,10.553 9.332 8.141 7.63 7.083 6.428 4.867 4.435 4.316 4.26 4.072 4.042 2.472 2.481 2.447 2.452 2.341 2.481 2.39 1.294 1.294 1.305 1.374 1.337 1.32 0.602 0.604 0.64 0.637 0.643 0.701 0.322 0.317 0.312 0.343 0.352 0.369 0.377 0.233 0.206 0.257 0.238 0.257 0.28 0.195 0.187 0.197 0.187 0.209 0.222 0.217,65.455,0.15737,0.1694259643554687,31.5956826210022,0.0262482495383738,0.1166879407135687,0.2599884748367269,0.155173311191801,0.0813038305677072,0.005131103575149,0.0203249329521023,0.043736285657291,0.0266418423210763,0.0143404924972848,0.005131103575149,0.0091486319871684,0.0099924098262558,0.0095826359222083,0.0083542973454204,0.005131103575149,0.0091486319871684,0.0099924098262558,0.0095826359222083,0.0083542973454204,0.005131103575149,0.0117659163620136,0.0164710218004693,0.0133574814291541,0.0098350939448114,0.005131103575149,0.0020324932952102,0.0004373628565729,0.0013320921160538,0.0028680984994569,0.005131103575149,0.0203249329521023,0.043736285657291,0.0266418423210763,0.0143404924972848,0.4513635569542908,0.458077147378401,0.4705868349373924,0.4587101475498989,0.4583669909445657,megamarket,sasrec,1024,128,32,42
74,8.735 4.458 2.552 1.409 0.701 0.385 0.273 0.229,10.757 9.463 8.233 7.753 7.193 6.551 4.974 4.552 4.421 4.37 4.178 4.196 2.55 2.574 2.542 2.533 2.442 2.591 2.508 1.366 1.353 1.387 1.448 1.455 1.411 0.649 0.657 0.698 0.71 0.704 0.793 0.346 0.363 0.364 0.39 0.398 0.428 0.432 0.245 0.222 0.295 0.256 0.288 0.314 0.211 0.21 0.219 0.219 0.224 0.244 0.249,105.67,0.28346,0.1694259643554687,52.43115377426148,0.0272464773896124,0.1260288996567236,0.280883719777428,0.1689056051949983,0.0867194180412179,0.0055688543121218,0.0212669282088791,0.0457366402907994,0.0279052241948711,0.0153434403883236,0.0055688543121218,0.0097768707005524,0.0106657930835852,0.0102368738420576,0.0089853418149847,0.0055688543121218,0.0097768707005524,0.0106657930835852,0.0102368738420576,0.0089853418149847,0.0055688543121218,0.0124734215556685,0.0174021556256021,0.0141509674291759,0.0105569806421165,0.0055688543121218,0.0021266928208879,0.0004573664029079,0.0013952612097435,0.0030686880776647,0.0055688543121218,0.0212669282088791,0.0457366402907994,0.0279052241948711,0.0153434403883236,0.4573403578100099,0.471575951077809,0.489431727929121,0.4740510022980331,0.4696300824702117,megamarket,sasrec,1024,256,32,42
75,7.924 3.771 2.095 1.148 0.562 0.294 0.203 0.167,9.859 8.566 7.64 6.972 6.238 5.694 4.266 3.949 3.852 3.733 3.34 3.461 2.29 2.21 2.171 2.083 2.017 2.051 1.999 1.123 1.12 1.172 1.154 1.11 1.194 0.542 0.552 0.544 0.572 0.589 0.575 0.301 0.274 0.278 0.295 0.298 0.309 0.289 0.204 0.199 0.204 0.198 0.219 0.21 0.164 0.167 0.17 0.169 0.171 0.174 0.167,50.482,0.11048,3.337860107421875e-06,58.20979309082031,0.0228099091618851,0.0939368966329173,0.2227702526861066,0.1262841882195481,0.0659896149604055,0.0046711882438991,0.0185018950728106,0.0437252033601524,0.024846510184631,0.0129274996121196,0.0046711882438991,0.00831845359033,0.0092076171382782,0.0087589495256007,0.0075759506763895,0.0046711882438991,0.00831845359033,0.0092076171382782,0.0087589495256007,0.0075759506763895,0.0046711882438991,0.0107012137595505,0.0157367425572339,0.0123056836538629,0.0089001177408369,0.0046711882438991,0.001850189507281,0.0004372520336015,0.0012423255092315,0.0025854999224239,0.0046711882438991,0.0185018950728106,0.0437252033601524,0.024846510184631,0.0129274996121196,0.4287825818876726,0.4326289584923241,0.4470176995043429,0.4347868247879006,0.4318729307315418,megamarket,sasrec,1024,32,64,42
76,8.068 3.868 2.187 1.227 0.624 0.333 0.226 0.185 0.166,10.183 8.811 7.77 7.058 6.331 5.786 4.341 4.02 3.928 3.83 3.44 3.598 2.369 2.287 2.246 2.186 2.111 2.15 2.115 1.195 1.194 1.252 1.248 1.201 1.268 0.587 0.613 0.602 0.628 0.654 0.629 0.317 0.303 0.309 0.339 0.34 0.345 0.337 0.228 0.225 0.237 0.228 0.235 0.239 0.176 0.18 0.192 0.193 0.187 0.191 0.186 0.162 0.165 0.168 0.175 0.163 0.176,65.095,0.15585,0.1694259643554687,30.36129713058472,0.022268350414534,0.1005186323472915,0.2568171960393094,0.1394501381780327,0.0682196720905159,0.0050202806037635,0.0197929826894518,0.0463849546734047,0.0268856528581244,0.0138085422346343,0.0050202806037635,0.0088593400544826,0.0098181722934582,0.0093503103345875,0.0080646799801996,0.0050202806037635,0.0088593400544826,0.0098181722934582,0.0093503103345875,0.0080646799801996,0.0050202806037635,0.0114149852993754,0.0167595652081771,0.0132067868597072,0.009483704197141,0.0050202806037635,0.0019792982689451,0.000463849546734,0.0013442826429062,0.0027617084469268,0.0050202806037635,0.0197929826894518,0.0463849546734047,0.0268856528581244,0.0138085422346343,0.4298154978511714,0.4387161018365088,0.4568281855973618,0.4418149947281688,0.4368137356709954,megamarket,sasrec,1024,64,64,42
77,8.189 3.981 2.291 1.317 0.699 0.384 0.259 0.211 0.187 0.175 0.166,10.452 8.935 7.87 7.155 6.427 5.891 4.438 4.131 4.045 3.941 3.575 3.725 2.45 2.362 2.348 2.28 2.225 2.269 2.235 1.262 1.283 1.351 1.349 1.309 1.394 0.654 0.673 0.672 0.69 0.736 0.725 0.377 0.347 0.362 0.38 0.385 0.413 0.393 0.258 0.251 0.267 0.259 0.277 0.278 0.197 0.208 0.214 0.204 0.215 0.219 0.224 0.174 0.188 0.182 0.198 0.191 0.197 0.173 0.174 0.168 0.173 0.172 0.174 0.162 0.154 0.161 0.168 0.174 0.182 0.176,97.104,0.25622,0.1694259643554687,48.82318449020386,0.0280495210241284,0.1323435737920265,0.3207514902160038,0.1831918505942275,0.0887796958844013,0.005291796883658,0.0213445042888489,0.0475485958729525,0.0281989050690427,0.0150553006627213,0.005291796883658,0.0095123512201609,0.0104487140766573,0.0099858241941418,0.0086779927743422,0.005291796883658,0.0095123512201609,0.0104487140766573,0.0099858241941418,0.0086779927743422,0.005291796883658,0.0122828023461743,0.01753678475351,0.0140131809443413,0.0102540302601272,0.005291796883658,0.0021344504288848,0.0004754859587295,0.0014099452534521,0.0030110601325442,0.005291796883658,0.0213445042888489,0.0475485958729525,0.0281989050690427,0.0150553006627213,0.4655568111110239,0.4852069465556759,0.5077667986499822,0.4900586574037445,0.4804876710846834,megamarket,sasrec,1024,128,64,42
78,7.514 3.418 1.913 1.095 0.585 0.318 0.21 0.169 0.148 0.135 0.127 0.121 0.117 0.113,9.606 8.226 7.039 6.395 5.688 5.157 3.979 3.674 3.64 3.33 3.111 3.034 2.012 1.954 1.983 1.954 1.902 1.789 1.903 1.124 1.087 1.075 1.093 1.091 1.128 0.564 0.548 0.596 0.584 0.611 0.598 0.301 0.302 0.304 0.331 0.332 0.322 0.322 0.207 0.205 0.203 0.203 0.216 0.223 0.168 0.158 0.167 0.156 0.165 0.174 0.185 0.142 0.148 0.145 0.143 0.142 0.15 0.13 0.141 0.139 0.141 0.142 0.145 0.125 0.119 0.121 0.12 0.136 0.132 0.125 0.121 0.109 0.121 0.124 0.124 0.13 0.105 0.125 0.114 0.123 0.122 0.123 0.111 0.108 0.118 0.114 0.114 0.113 0.114,75.22,0.18698,3.337860107421875e-06,74.80643892288208,0.0233613820281808,0.0975623660044861,0.2597393825982427,0.1364498779324105,0.0668837445627253,0.0045104949353902,0.0188676108783828,0.0457809694793536,0.0261043509098565,0.013298756566261,0.0045104949353902,0.0083272798484082,0.0092931387952546,0.0088247616207614,0.0075901729577173,0.0045104949353902,0.0083272798484082,0.0092931387952546,0.0088247616207614,0.0075901729577173,0.0045104949353902,0.0107973009267622,0.0161992063752627,0.0126208666307771,0.0090025886447501,0.0045104949353902,0.0018867610878382,0.0004578096947935,0.0013052175454928,0.0026597513132522,0.0045104949353902,0.0188676108783828,0.0457809694793536,0.0261043509098565,0.013298756566261,0.4434839369189875,0.454172803309318,0.4759593260893693,0.4587878765466623,0.4509504036659676,megamarket,sasrec,1024,32,128,42
79,7.653 3.53 2.024 1.193 0.665 0.373 0.244 0.193 0.168 0.154 0.144 0.139,9.957 8.418 7.158 6.483 5.766 5.254 4.059 3.779 3.741 3.439 3.236 3.179 2.113 2.058 2.084 2.087 2.021 1.906 2.034 1.197 1.191 1.177 1.195 1.199 1.232 0.642 0.617 0.666 0.663 0.679 0.684 0.356 0.356 0.346 0.38 0.391 0.39 0.383 0.23 0.239 0.243 0.243 0.245 0.265 0.187 0.183 0.191 0.176 0.196 0.198 0.208 0.16 0.165 0.166 0.166 0.17 0.177 0.156 0.146 0.158 0.154 0.156 0.166 0.139 0.141 0.139 0.143 0.153 0.155 0.149 0.135 0.128 0.137 0.144 0.136 0.147,104.23,0.27796,0.1694259643554687,45.54941368103027,0.0246818187451203,0.1097561126739618,0.2969507887920885,0.155127458391682,0.0738391186348258,0.0049482456723629,0.0208291774719063,0.0492441873351508,0.0283429749318438,0.0142961633087306,0.0049482456723629,0.0090811970886277,0.0100992842914043,0.0096004967118747,0.0082112433598569,0.0049482456723629,0.0090811970886277,0.0100992842914043,0.0096004967118747,0.0082112433598569,0.0049482456723629,0.0118268368610489,0.0175271781738056,0.0137238383121785,0.0097163238963676,0.0049482456723629,0.0020829177471906,0.0004924418733515,0.0014171487465921,0.0028592326617461,0.0049482456723629,0.0208291774719063,0.0492441873351508,0.0283429749318438,0.0142961633087306,0.4509322978256183,0.466767409592381,0.4927389296707216,0.4727648810977624,0.4618751726694536,megamarket,sasrec,1024,64,128,42
80,7.169 3.137 1.769 1.05 0.6 0.342 0.222 0.173 0.148 0.133 0.124 0.118 0.113 0.11 0.107 0.105,9.287 7.703 6.752 5.927 5.319 4.691 3.639 3.481 3.189 2.952 2.855 2.746 1.878 1.78 1.734 1.784 1.66 1.742 1.68 1.042 1.038 1.063 1.069 1.088 1.026 0.577 0.588 0.604 0.594 0.604 0.613 0.322 0.333 0.338 0.349 0.347 0.347 0.369 0.206 0.213 0.221 0.229 0.227 0.236 0.162 0.161 0.172 0.18 0.174 0.183 0.18 0.146 0.148 0.147 0.147 0.15 0.15 0.133 0.132 0.13 0.136 0.139 0.137 0.12 0.128 0.121 0.126 0.124 0.123 0.129 0.115 0.117 0.122 0.117 0.114 0.115 0.103 0.108 0.11 0.101 0.114 0.114 0.11 0.112 0.11 0.111 0.114 0.114 0.105 0.104 0.104 0.101 0.107 0.11 0.121 0.099 0.102 0.103 0.103 0.108 0.109 0.114,120.71,0.32726,3.337860107421875e-06,67.0492615699768,0.025772991461465,0.1074188591327624,0.299846331156358,0.1522294374976763,0.0729288785892208,0.0047543054724383,0.0196489128266507,0.0479586408670789,0.0273455681893742,0.0138861183146042,0.0047543054724383,0.0086737291683597,0.0096926738692261,0.0092014225839454,0.0079075884182606,0.0047543054724383,0.0086737291683597,0.0096926738692261,0.0092014225839454,0.0079075884182606,0.0047543054724383,0.0112441510132947,0.0169317206017635,0.0131820418705188,0.0093836104331013,0.0047543054724383,0.001964891282665,0.0004795864086707,0.0013672784094687,0.0027772236629208,0.0047543054724383,0.0196489128266507,0.0479586408670789,0.0273455681893742,0.0138861183146042,0.4618064175474606,0.4761462837224148,0.5019498066214588,0.4824245042751862,0.4711691937001476,megamarket,sasrec,1024,32,256,42
81,6.861 2.911 1.652 1.008 0.606 0.362 0.235 0.177 0.149 0.133 0.122 0.115 0.11 0.106,9.217 7.485 6.273 5.512 4.98 4.477 3.482 3.228 3.021 2.802 2.661 2.523 1.806 1.735 1.699 1.621 1.693 1.579 1.579 1.011 0.989 0.999 1.026 1.039 1.003 0.591 0.604 0.616 0.605 0.629 0.623 0.379 0.368 0.342 0.352 0.355 0.378 0.375 0.213 0.228 0.246 0.24 0.237 0.243 0.17 0.165 0.175 0.179 0.173 0.188 0.179 0.141 0.143 0.149 0.151 0.149 0.154 0.124 0.128 0.128 0.131 0.141 0.137 0.122 0.117 0.118 0.117 0.124 0.128 0.125 0.113 0.111 0.125 0.116 0.118 0.119 0.11 0.106 0.116 0.111 0.112 0.111 0.102 0.099 0.107 0.099 0.113 0.112 0.105,219.44,0.6338,3.337860107421875e-06,73.16737604141235,0.0238471738564683,0.1016823020584189,0.3043200773301278,0.1463305367256143,0.0682017027499287,0.0046434825010528,0.0199038056608373,0.0495378682093224,0.0273455681893742,0.0135481082518784,0.0046434825010528,0.0086061447467624,0.0096432847673236,0.009118342423376,0.0077594550465087,0.0046434825010528,0.0086061447467624,0.0096432847673236,0.009118342423376,0.0077594550465087,0.0046434825010528,0.011245518661794,0.0171504123959102,0.0131218960519164,0.0091915442816292,0.0046434825010528,0.0019903805660837,0.0004953786820932,0.0013672784094687,0.0027096216503756,0.0046434825010528,0.0199038056608373,0.0495378682093224,0.0273455681893742,0.0135481082518784,0.4565534578624935,0.4705797593728006,0.4942199965088678,0.4765345608452671,0.4656416989654862,megamarket,sasrec,1024,32,512,42
0,5.717 3.667,12.946 11.806 10.697 9.765 8.985 8.671 8.664 7.902 7.414 7.462 6.931 6.81 7.166 6.47 5.698 6.383 5.592 6.094 6.169 6.158 6.091 5.877 6.061 5.82 6.075 5.325 5.718 4.926 5.577 5.646 5.311 5.615 5.48 5.288 6.102 5.902 5.866 5.586 5.461 4.993 5.714 5.464 5.08 5.964 5.041 4.503 5.244 4.844 5.844 5.026 4.528 5.106 5.205 5.05 4.851 4.927 5.081 5.101 4.58 5.562 4.995 5.157 4.788 4.986 5.519 5.0 4.635 4.703 5.496 5.264 4.647 5.664 4.71 4.498 5.392 5.272 4.54 4.688 4.521 4.476 5.048 5.097 4.571 5.123 4.99 5.233 4.694 4.598 4.87 4.788 4.957 5.175 4.802 4.753 4.606 4.818 4.986 5.259 4.739 4.761 4.053 3.288 3.741 3.529 3.483 3.589 3.253 3.231 2.981 3.823 3.83 3.789 2.794 3.453 3.147 3.393 3.32 3.532 2.995 3.831 3.873 3.374 3.337 4.167 3.582 2.632 2.987 3.747 3.399 3.77 3.463 3.732 3.513 2.573 3.941 3.733 4.082 2.991 3.578 3.202 3.509 3.561 3.835 3.834 3.294 3.808 3.547 3.339 3.681 3.93 4.52 3.533 4.355 3.84 3.762 4.032 3.488 3.619 3.846 3.386 4.372 3.74 3.765 3.516 3.494 3.785 3.914 4.18 3.622 3.544 3.419 4.318 3.638 4.169 4.083 4.171 3.869 4.017 3.647 3.368 3.496 3.181 3.783 3.632 3.365 4.236 4.333 3.7 3.839 4.259 3.492 3.743 3.704 3.547 3.755 3.875 3.391 3.374 4.035 3.245 3.711 3.697 3.544 2.453 2.359 2.441 2.236 2.4 2.529 2.319 1.87 2.37 2.074 2.038 1.977 2.366 2.375 1.964 2.35 2.107 2.226 2.195 2.469 2.564 2.554 2.647 2.409 2.338 1.902 2.363 2.616 2.304 2.079 2.956 2.528 2.37 2.238 2.203 2.14 2.281 2.536 2.736 2.505 2.583 2.011 2.64 2.148 2.417 2.534 2.425 2.514 2.504 2.906 2.932 2.445 3.084 2.738 3.161 3.304 3.13 3.409 2.991 2.971 3.223 3.259 3.338 4.297 6.119 4.988 5.902 5.499 7.146 5.167 4.081,246.82,0.02982,3.337860107421875e-06,15.717103958129885,0.0034990643550245,0.0109761689365868,0.036040920525944,0.0155589704187476,0.0076970740956464,0.0015016512622736,0.0064498969346366,0.0210729880089544,0.0094033291220604,0.0041724848726644,0.0015016512622736,0.0027108903974885,0.0031746817096079,0.0029104777883893,0.0024094761028732,0.0015016512622736,0.0027108903974885,0.0031746817096079,0.0029104777883893,0.0024094761028732,0.0015016512622736,0.0035777887768445,0.0064119835793888,0.004317700980939,0.0028439297738219,0.0015016512622736,0.0006449896934636,0.0002107298800895,0.000470166456103,0.0008344969745328,0.0015016512622736,0.0064498969346366,0.0210729880089544,0.0094033291220604,0.0041724848726644,0.3372926831915362,0.3531678988071343,0.3884331391616001,0.3611754430617449,0.3467965131669879,megamarket,sasrec,64,32,32,42
1,5.867 4.092,12.726 11.485 10.398 9.594 8.939 8.582 8.551 7.779 7.383 7.462 6.951 6.802 7.045 6.467 5.858 6.453 5.785 6.159 6.287 6.315 6.14 6.059 6.111 5.962 6.188 5.443 5.834 5.072 5.824 5.85 5.473 5.901 5.594 5.428 6.41 6.055 6.099 5.745 5.564 5.188 5.909 5.72 5.549 6.268 5.293 4.821 5.378 5.067 6.099 5.186 4.86 5.359 5.336 5.279 4.968 5.167 5.375 5.285 4.868 5.955 5.281 5.36 4.991 5.177 5.719 5.209 4.936 4.927 5.806 5.459 4.928 5.914 4.791 4.862 5.675 5.503 4.82 4.922 4.656 4.454 5.229 5.232 4.879 5.476 5.16 5.527 4.9 4.654 5.099 5.054 5.315 5.275 5.012 5.033 4.799 5.01 5.337 5.306 4.99 5.018 4.295 3.657 4.123 3.877 3.832 3.896 3.701 3.45 3.386 4.29 4.323 4.187 3.187 3.838 3.732 3.707 3.713 3.813 3.409 4.292 4.15 3.86 3.731 4.526 4.07 3.076 3.478 4.178 3.877 4.051 3.78 4.426 4.087 2.995 4.385 4.065 4.556 3.394 3.917 3.541 3.98 3.992 4.46 4.25 3.821 4.232 4.147 3.74 4.458 4.235 4.696 4.044 4.692 4.117 4.263 4.63 3.881 3.973 4.145 3.929 4.791 4.126 4.299 3.913 4.024 4.189 4.448 4.564 4.296 3.938 3.704 4.782 4.112 4.641 4.522 4.713 4.39 4.584 4.095 3.969 3.985 3.529 4.18 4.009 4.022 4.79 4.669 4.128 4.368 4.632 3.952 4.152 4.182 4.134 4.17 4.473 3.842 3.465 4.285 3.789 4.125 3.996 3.857 2.983 2.969 3.005 2.718 3.084 3.343 2.885 2.511 3.208 2.772 2.625 2.665 3.145 3.004 2.534 3.124 3.039 2.945 2.82 3.192 3.558 3.178 3.537 3.19 3.271 2.612 3.139 3.773 3.164 3.025 3.97 3.55 3.411 3.195 2.902 3.176 3.318 4.165 4.06 3.901 3.636 3.131 4.271 3.447 3.662 3.838 3.483 4.753 5.097 5.825,248.87,0.031398,0.1694259643554687,15.88573122024536,0.0029686589914862,0.0100876160261732,0.0317716530554075,0.0144560246861561,0.0069677667207812,0.0016678857193519,0.0073808098942748,0.0236219163508211,0.0108772746414876,0.0048817518895316,0.0016678857193519,0.0031058313640267,0.0036326428916723,0.0033443325018131,0.0027739913262554,0.0016678857193519,0.0031058313640267,0.0036326428916723,0.0033443325018131,0.0027739913262554,0.0016678857193519,0.0041002907524814,0.0072654779977763,0.0049790708273576,0.0032937587568401,0.0016678857193519,0.0007380809894274,0.0002362191635082,0.0005438637320743,0.0009763503779063,0.0016678857193519,0.0073808098942748,0.0236219163508211,0.0108772746414876,0.0048817518895316,0.3303833243328526,0.3441970535739363,0.3807750391758793,0.352144089431592,0.3382811974914601,megamarket,sasrec,64,64,32,42
2,5.997 4.413,12.556 11.336 10.322 9.462 8.938 8.686 8.584 7.94 7.445 7.454 6.989 6.874 7.087 6.533 5.973 6.503 5.807 6.299 6.393 6.362 6.293 6.226 6.245 6.09 6.4 5.598 5.929 5.16 5.993 6.078 5.591 5.977 5.756 5.54 6.471 6.198 6.214 5.913 5.793 5.336 5.996 6.04 5.583 6.411 5.37 5.035 5.614 5.17 6.18 5.448 4.975 5.492 5.458 5.505 5.171 5.335 5.501 5.306 4.973 5.997 5.356 5.444 5.192 5.342 5.832 5.421 5.037 5.095 5.909 5.642 5.136 6.057 5.027 5.014 5.772 5.636 5.055 5.141 4.823 4.703 5.328 5.405 5.008 5.545 5.292 5.628 5.125 4.821 5.287 5.172 5.405 5.385 5.317 5.253 4.971 5.003 5.409 5.492 5.018 5.143 4.374 3.945 4.415 4.213 3.97 4.17 3.942 3.753 3.655 4.515 4.642 4.458 3.494 4.027 3.956 4.066 4.044 4.211 3.786 4.603 4.501 4.245 4.174 4.872 4.31 3.449 3.798 4.472 4.32 4.389 4.195 4.611 4.483 3.397 4.77 4.342 4.705 3.811 4.268 3.885 4.265 4.36 4.647 4.517 4.003 4.543 4.577 4.078 4.663 4.508 5.174 4.483 4.969 4.398 4.682 4.963 4.194 4.353 4.63 4.198 5.038 4.439 4.556 4.253 4.36 4.474 4.806 4.827 4.462 4.32 3.97 5.011 4.389 4.851 4.905 5.093 4.698 4.735 4.367 4.213 4.314 3.963 4.404 4.438 4.394 5.055 5.075 4.486 4.689 4.936 4.271 4.431 4.433 4.414 4.55 4.777 4.071 3.847 4.644 4.107 4.516 4.485 4.265 3.404 3.405 3.601 3.13 3.588 3.702 3.511 2.892 3.822 3.287 3.003 3.19 3.621 3.653 3.008 3.678 3.558 3.263 3.296 3.708 3.923 3.818 4.06 3.517 3.686 3.084 3.509 4.113 3.689 3.522 4.396 3.916 3.83 3.509 3.406 3.454 3.64 4.067 3.985 3.8 4.115 3.461 4.288 3.62 4.038 4.188 3.978 4.369 4.019 4.473 4.562 3.803 4.342 4.153 4.331 4.221 6.345 7.346 7.426 7.475,267.91,0.034578,0.1694259643554687,15.88573122024536,0.0055655385225484,0.0183665249773834,0.0650756571201963,0.0254761875255598,0.0130531768554893,0.0021167187534632,0.0100294789103885,0.0280880820976572,0.0142518341201764,0.0064942261231908,0.0021167187534632,0.0040857483066074,0.0046940122007179,0.0043737603997221,0.0036140294493575,0.0021167187534632,0.0040857483066074,0.0046940122007179,0.0043737603997221,0.0036140294493575,0.0021167187534632,0.0054677322449117,0.0090261580451973,0.0065290770837701,0.0043246275984421,0.0021167187534632,0.0010029478910388,0.0002808808209765,0.0007125917060088,0.0012988452246381,0.0021167187534632,0.0100294789103885,0.0280880820976572,0.0142518341201764,0.0064942261231908,0.3677454735814052,0.3901818496511309,0.4275665185424956,0.399544519973724,0.38191311183245,megamarket,sasrec,64,128,32,42
3,6.129 4.71,12.405 11.219 10.334 9.635 9.118 8.812 8.638 8.051 7.549 7.625 7.227 7.085 7.346 6.744 6.184 6.74 5.99 6.425 6.568 6.446 6.365 6.256 6.304 6.233 6.479 5.709 6.071 5.316 5.983 6.192 5.773 6.18 5.967 5.654 6.551 6.308 6.336 6.105 5.934 5.441 6.197 6.195 5.755 6.637 5.541 5.101 5.673 5.39 6.315 5.569 5.117 5.65 5.748 5.644 5.174 5.391 5.679 5.543 5.148 6.094 5.604 5.591 5.378 5.432 5.967 5.61 5.114 5.23 5.944 5.811 5.264 6.21 5.121 5.067 5.966 5.922 5.116 5.306 5.058 4.926 5.56 5.597 5.15 5.616 5.499 5.808 5.262 4.985 5.411 5.338 5.513 5.571 5.298 5.315 5.22 5.358 5.588 5.592 5.196 5.467 4.464 4.248 4.685 4.424 4.373 4.407 4.25 4.089 3.788 4.756 4.886 4.708 3.751 4.319 4.226 4.254 4.382 4.46 4.027 4.981 4.786 4.359 4.347 5.138 4.722 3.601 3.998 4.616 4.526 4.677 4.533 4.987 4.692 3.67 4.985 4.782 5.016 4.039 4.519 4.091 4.68 4.741 4.984 4.76 4.328 4.954 4.843 4.44 4.971 4.819 5.407 4.628 5.2 4.871 4.913 5.202 4.516 4.737 4.771 4.619 5.377 4.783 4.922 4.455 4.601 4.851 5.172 5.228 4.879 4.703 4.342 5.425 4.592 5.221 5.169 5.376 4.968 5.142 4.731 4.499 4.573 4.086 4.665 4.771 4.876 5.539 5.203 4.673 4.956 5.177 4.649 4.879 4.768 4.626 5.0 5.011 4.405 4.169 4.891 4.507 4.86 4.782 4.556 3.744 3.793 4.027 3.582 4.041 4.389 3.932 3.248 4.431 3.653 3.587 3.589 4.031 3.968 3.512 4.125 4.04 3.706 3.766 4.059 4.438 4.246 4.581 4.134 4.334 3.505 3.984 4.483 3.933 3.98 4.735 4.447 4.142 3.904 3.732 3.92 3.941 4.423 4.238 4.343 4.436 3.575 4.693 3.898 4.126 4.324 4.019 4.077 4.114 4.579 4.413 3.846 4.424 4.209 4.438 4.145 4.165 4.481 4.456 4.491 4.601 4.482 4.835 4.255 5.103 4.154 4.633 4.464 5.728 4.203 3.584 5.065 4.535 4.302 4.891 4.039 4.485 5.017 4.553 5.2 4.324 4.916 4.657 4.496 5.15 4.987 4.776 5.576 5.252 5.854 4.852 5.315 8.573 8.226 8.802,311.17,0.040889,0.1694259643554687,15.885687351226808,0.0054794096142168,0.0178485122625258,0.0585137496437113,0.0242722417062198,0.0128920724226388,0.0023162001019571,0.0102899128931444,0.0295066161313917,0.0148890662056431,0.0070594232772569,0.0023162001019571,0.0043593601081632,0.0050202556487948,0.0046748542251449,0.0039340307792332,0.0023162001019571,0.0043593601081632,0.0050202556487948,0.0046748542251449,0.0039340307792332,0.0023162001019571,0.0057433101964331,0.0095535516235374,0.0069016797522169,0.0047045030458208,0.0023162001019571,0.0010289912893144,0.0002950661613139,0.0007444533102821,0.0014118846554513,0.0023162001019571,0.0102899128931444,0.0295066161313917,0.0148890662056431,0.0070594232772569,0.3560653775806826,0.384079100159823,0.42751857856437,0.395407534651814,0.3740472817088659,megamarket,sasrec,64,256,32,42
4,6.284 5.035 4.728,12.292 11.302 10.5 9.832 9.267 8.988 8.865 8.305 7.808 7.843 7.447 7.421 7.608 6.967 6.442 7.032 6.187 6.661 6.763 6.782 6.565 6.454 6.496 6.421 6.694 5.829 6.278 5.379 6.135 6.327 5.915 6.306 6.081 5.86 6.738 6.53 6.44 6.27 6.066 5.543 6.315 6.237 5.981 6.703 5.739 5.34 5.818 5.476 6.42 5.73 5.232 5.873 5.825 5.826 5.384 5.537 5.724 5.656 5.24 6.346 5.672 5.68 5.525 5.815 6.103 5.742 5.277 5.366 6.132 5.846 5.391 6.411 5.264 5.303 6.103 5.902 5.34 5.325 5.215 5.135 5.591 5.727 5.172 5.946 5.624 5.946 5.448 5.105 5.556 5.552 5.696 5.718 5.362 5.538 5.311 5.51 5.768 5.689 5.493 5.532 4.643 4.434 4.908 4.702 4.545 4.599 4.561 4.316 4.101 5.007 5.31 5.117 3.995 4.452 4.563 4.484 4.78 4.831 4.243 5.211 5.117 4.676 4.756 5.522 4.958 4.014 4.383 4.839 4.904 5.068 4.754 5.272 4.957 4.005 5.278 5.042 5.455 4.383 4.836 4.543 4.892 5.092 5.355 5.285 4.595 5.184 5.201 4.769 5.25 5.262 5.818 4.916 5.515 5.107 5.291 5.54 5.002 5.047 5.212 4.799 5.675 5.114 5.209 4.778 4.946 5.167 5.429 5.572 5.19 4.922 4.647 5.832 4.945 5.572 5.497 5.647 5.293 5.529 4.944 4.903 4.932 4.527 5.012 5.18 5.13 5.774 5.627 5.058 5.187 5.462 4.899 5.212 5.117 5.068 5.423 5.343 4.641 4.492 5.163 4.878 5.223 5.089 4.807 4.087 4.103 4.521 4.031 4.452 4.744 4.502 3.67 4.746 4.019 4.021 4.015 4.487 4.457 3.944 4.538 4.471 4.357 4.246 4.629 4.995 4.755 5.133 4.514 4.808 3.886 4.618 5.053 4.458 4.429 5.155 5.01 4.579 4.429 4.228 4.424 4.335 4.942 4.863 4.716 5.001 3.995 5.203 4.389 4.684 4.815 4.557 4.679 4.55 5.033 4.859 4.301 4.725 4.725 4.96 4.51 4.643 4.993 4.916 4.856 5.027 5.021 5.352 4.71 5.711 4.706 5.094 4.888 6.212 4.687 3.94 5.5 4.878 4.705 5.19 4.471 4.764 5.253 4.753 5.467 4.577 5.07 4.659 4.484 5.246 5.201 5.002 5.608 5.263 5.836 4.872 5.184 5.124 4.939 5.019 4.495 5.371 5.131 5.043 5.141 4.125 5.258 4.202 3.822 4.128 3.717 4.328 4.305 4.021 3.992 4.102 3.768 4.265 3.888 4.574 4.058 3.65 4.271 3.882 4.106 4.122 3.931 3.924 4.637 3.99 4.741 4.069 4.316 3.286 4.196 3.893 4.345 4.562 4.493 4.435 3.997 4.839 4.173 4.735 4.546 4.41 4.815 4.605 4.076 4.897 4.649 4.389 4.317 4.434 4.872 4.092 4.899 5.103 4.367 4.936 4.763 4.525 4.73 4.774 4.422 4.458 4.152 4.692 4.843 4.41 4.803 5.174 4.919 4.996 4.551 4.982 5.104 4.534 4.974 4.673 5.066 4.713 4.966 4.841 5.673 4.852 4.975 4.872 5.708 5.246 5.465 4.76 6.686 9.22 8.938 8.392 8.327 9.24,384.88,0.052792,0.1694259643554687,16.904465198516846,0.0072527976404396,0.0224164425662696,0.0581587002590063,0.0293835896546168,0.016601192172803,0.002958973335993,0.0119633397610656,0.0315956291420085,0.0171055256333532,0.0082175233282354,0.002958973335993,0.005243184299305,0.0059448998103909,0.0055941614872276,0.0047567066368183,0.002958973335993,0.005243184299305,0.0059448998103909,0.0055941614872276,0.0047567066368183,0.002958973335993,0.0068083941106741,0.0107483463896579,0.0081012128515947,0.0056104536530603,0.002958973335993,0.0011963339761065,0.00031595629142,0.0008552762816676,0.001643504665647,0.002958973335993,0.0119633397610656,0.0315956291420085,0.0171055256333532,0.0082175233282354,0.3760245887202634,0.4072366413789495,0.4503440574310929,0.4193447657978122,0.3960813498511875,megamarket,sasrec,64,512,32,42
5,6.492 5.337 5.085 4.972 4.965,12.2 11.437 10.71 9.988 9.516 9.229 9.103 8.605 8.074 8.188 7.738 7.787 8.024 7.33 6.752 7.352 6.433 7.052 7.094 7.105 6.85 6.706 6.754 6.721 6.852 6.091 6.479 5.71 6.357 6.483 6.112 6.493 6.277 6.027 6.87 6.659 6.641 6.406 6.233 5.713 6.509 6.455 6.041 6.865 5.901 5.481 5.932 5.739 6.512 5.911 5.463 5.942 6.002 6.055 5.541 5.634 5.862 5.801 5.465 6.547 5.873 5.86 5.679 5.916 6.302 5.91 5.53 5.579 6.344 6.167 5.622 6.526 5.405 5.578 6.22 6.067 5.491 5.61 5.437 5.262 5.793 5.916 5.387 6.139 5.922 6.125 5.619 5.215 5.676 5.849 5.884 5.936 5.635 5.698 5.593 5.668 5.931 5.864 5.619 5.814 4.855 4.811 5.214 5.019 4.948 4.999 4.896 4.706 4.283 5.317 5.71 5.4 4.335 5.048 4.825 4.865 5.244 5.144 4.574 5.566 5.473 5.216 5.131 5.857 5.299 4.353 4.641 5.253 5.368 5.455 5.278 5.615 5.418 4.256 5.7 5.461 5.859 4.699 5.199 4.791 5.226 5.342 5.657 5.437 4.844 5.463 5.489 5.119 5.64 5.493 6.126 5.268 5.771 5.418 5.521 5.87 5.273 5.291 5.499 5.234 6.006 5.353 5.567 5.068 5.232 5.344 5.778 5.79 5.555 5.245 4.897 6.054 5.11 5.918 5.875 5.81 5.563 5.798 5.263 5.152 5.285 4.831 5.341 5.259 5.312 6.014 5.791 5.281 5.545 5.765 5.226 5.587 5.328 5.306 5.573 5.614 4.899 4.797 5.393 5.134 5.426 5.215 5.076 4.38 4.428 4.797 4.435 4.708 5.164 4.814 3.968 5.193 4.406 4.337 4.316 5.011 4.895 4.265 4.982 4.893 4.802 4.632 5.122 5.29 5.193 5.496 4.882 5.256 4.333 4.976 5.419 4.904 4.786 5.564 5.348 5.034 4.834 4.632 4.903 4.736 5.413 5.276 5.24 5.385 4.518 5.589 4.867 5.035 5.07 4.912 4.916 4.94 5.452 5.335 4.726 5.067 5.13 5.342 4.936 4.943 5.316 5.326 5.174 5.422 5.321 5.724 5.014 5.994 4.956 5.337 5.051 6.365 5.019 4.261 5.66 5.169 5.077 5.576 4.764 4.993 5.404 5.118 5.78 4.803 5.298 4.91 4.827 5.585 5.484 5.41 5.983 5.619 6.259 5.074 5.462 5.276 5.258 5.368 4.828 5.659 5.376 5.257 5.382 4.482 5.72 4.592 4.177 4.306 4.119 4.569 4.698 4.468 4.524 4.563 4.285 4.758 4.313 4.906 4.555 4.114 4.791 4.238 4.67 4.742 4.515 4.515 5.067 4.423 5.34 4.579 4.844 3.854 4.688 4.454 4.834 5.049 5.154 4.916 4.418 5.427 4.739 5.264 5.127 4.902 5.526 5.178 4.555 5.362 5.206 4.757 4.643 4.899 5.325 4.699 5.329 5.589 4.896 5.464 5.273 5.04 5.123 5.24 4.853 4.904 4.649 5.021 5.249 4.725 5.189 5.417 5.402 5.289 4.833 5.309 5.385 4.899 5.148 4.925 5.295 4.978 5.299 5.126 5.529 4.787 5.042 4.927 5.65 5.16 5.501 4.845 5.329 5.579 5.072 5.026 4.751 5.275 5.303 5.082 5.643 5.124 5.984 4.942 5.571 4.97 6.088 5.121 5.114 4.045 4.806 4.141 4.393 4.121 4.726 4.11 4.368 4.107 4.305 4.532 4.618 3.669 4.94 4.24 4.634 4.429 5.039 5.13 4.377 4.629 4.731 5.06 5.093 4.518 4.621 5.07 5.17 4.925 4.634 5.462 4.63 4.247 4.757 5.066 4.704 5.218 4.958 4.363 5.982 5.049 4.504 4.773 5.314 5.423 4.494 4.29 5.348 4.704 5.268 4.939 4.853 5.516 4.987 5.309 5.326 4.738 5.118 5.16 5.007 5.311 5.098 5.834 5.611 5.218 4.886 4.905 5.745 5.462 5.516 5.013 5.108 5.131 5.097 5.376 5.147 4.425 5.316 5.0 4.953 5.389 5.338 5.498 4.921 5.19 5.113 4.805 5.427 4.726 5.433 4.535 5.215 5.243 4.767 5.827 4.939 5.205 5.308 5.454 5.14 5.725 5.686 3.973 3.555 3.902 4.14 4.482 3.78 4.171 4.309 4.898 4.565 4.627 4.486 4.647 4.527 4.275 5.311 4.853 4.953 5.256 5.313 5.128 4.989 5.381 4.629 5.414 5.285 5.333 5.961 5.378 5.834 6.505 5.035 5.505 5.764 9.132 10.745 11.233 10.782 12.116 11.358 11.628 11.93 10.858 11.979,583.04,0.078729,0.1694259643554687,21.318947315216064,0.0081171848859256,0.0213624477959674,0.0523434498655397,0.0269546305131795,0.0165460448861735,0.0031806192787641,0.0128499235321497,0.0301383070682891,0.0172773012390008,0.0089434137908105,0.0031806192787641,0.0057024993394599,0.0063197156931456,0.0060104725329835,0.005182451551891,0.0031806192787641,0.0057024993394599,0.0063197156931456,0.0060104725329835,0.005182451551891,0.0031806192787641,0.0073734795398305,0.0108386492166617,0.0084937446511972,0.0061116041278772,0.0031806192787641,0.0012849923532149,0.0003013830706828,0.00086386506195,0.0017886827581621,0.0031806192787641,0.0128499235321497,0.0301383070682891,0.0172773012390008,0.0089434137908105,0.3797980803069194,0.4101216939845967,0.4500359606800685,0.4214185742444709,0.3996473269763274,megamarket,sasrec,64,1024,32,42
6,6.647 5.561 5.379 5.309 5.269 5.273 5.329,12.226 11.515 10.826 10.146 9.67 9.369 9.196 8.758 8.146 8.341 7.892 7.943 8.16 7.479 6.961 7.52 6.66 7.208 7.262 7.341 7.121 6.921 6.975 6.893 7.155 6.307 6.681 5.875 6.514 6.706 6.269 6.686 6.474 6.22 7.053 6.85 6.798 6.546 6.417 5.909 6.586 6.476 6.22 7.099 6.002 5.658 6.135 6.005 6.647 6.03 5.612 6.107 6.093 6.205 5.764 5.93 6.031 5.898 5.513 6.629 6.062 6.057 5.838 6.106 6.448 6.022 5.592 5.721 6.43 6.23 5.777 6.707 5.583 5.789 6.405 6.339 5.671 5.669 5.561 5.456 6.025 6.133 5.58 6.305 6.02 6.325 5.748 5.456 5.855 6.015 6.104 6.031 5.796 5.789 5.593 5.828 6.095 5.948 5.77 5.979 4.996 5.09 5.4 5.155 5.109 5.156 5.054 4.811 4.576 5.599 5.978 5.58 4.643 5.091 5.081 5.03 5.342 5.382 4.836 5.898 5.609 5.474 5.291 6.102 5.566 4.509 4.783 5.517 5.513 5.688 5.308 5.777 5.619 4.501 6.085 5.699 6.057 5.026 5.359 5.08 5.442 5.588 5.908 5.636 5.157 5.727 5.774 5.378 5.771 5.721 6.249 5.479 5.935 5.608 5.801 6.011 5.521 5.491 5.561 5.37 6.218 5.455 5.736 5.281 5.491 5.58 5.904 5.999 5.794 5.429 5.133 6.224 5.408 6.263 6.101 6.048 5.802 5.988 5.368 5.403 5.399 5.094 5.539 5.535 5.535 6.346 6.001 5.472 5.795 5.939 5.341 5.66 5.508 5.531 5.833 5.791 5.209 4.958 5.601 5.296 5.664 5.49 5.211 4.623 4.721 5.097 4.65 4.923 5.424 5.022 4.281 5.497 4.73 4.776 4.605 5.299 5.125 4.604 5.352 5.257 5.024 5.026 5.321 5.606 5.626 5.813 5.234 5.494 4.639 5.266 5.726 5.214 5.062 5.924 5.812 5.278 5.109 4.955 5.273 5.096 5.688 5.716 5.506 5.759 4.816 5.92 5.18 5.304 5.316 5.326 5.267 5.199 5.777 5.643 4.997 5.408 5.381 5.631 5.216 5.443 5.482 5.615 5.543 5.698 5.639 5.957 5.315 6.209 5.216 5.72 5.368 6.727 5.4 4.6 5.95 5.504 5.337 5.74 5.053 5.25 5.73 5.339 6.024 5.111 5.55 5.325 5.122 5.837 5.711 5.595 6.254 5.807 6.46 5.339 5.759 5.534 5.572 5.529 5.12 5.969 5.615 5.553 5.611 4.585 5.899 4.962 4.505 4.684 4.411 5.088 5.152 4.857 4.922 5.041 4.529 5.108 4.744 5.353 4.922 4.554 5.119 4.639 5.051 5.34 4.873 4.857 5.461 4.721 5.754 5.024 5.255 4.153 4.986 4.844 5.102 5.476 5.572 5.283 4.9 5.768 5.173 5.611 5.523 5.353 5.833 5.56 4.977 5.724 5.554 5.159 4.98 5.184 5.734 4.976 5.721 5.918 5.199 5.778 5.446 5.416 5.48 5.612 5.258 5.152 5.081 5.404 5.481 5.046 5.56 5.786 5.614 5.62 5.109 5.56 5.63 5.166 5.415 5.18 5.576 5.208 5.601 5.454 5.844 5.024 5.392 5.302 5.989 5.423 5.869 5.031 5.699 5.899 5.371 5.305 5.016 5.584 5.614 5.262 5.97 5.405 6.282 5.106 5.759 5.22 6.391 5.39 5.346 4.543 4.971 4.471 4.648 4.484 5.126 4.439 4.629 4.551 4.63 4.958 4.911 3.922 5.379 4.474 5.089 4.723 5.265 5.637 4.773 5.032 5.143 5.381 5.492 4.808 5.096 5.516 5.551 5.2 4.989 5.744 4.987 4.573 5.076 5.255 5.009 5.564 5.332 4.64 6.177 5.453 4.873 5.031 5.588 5.717 4.849 4.565 5.588 5.172 5.42 5.284 5.196 5.697 5.335 5.66 5.613 4.951 5.299 5.362 5.241 5.547 5.483 6.09 5.844 5.6 5.157 5.308 5.987 5.801 5.893 5.378 5.286 5.456 5.36 5.583 5.422 4.692 5.526 5.317 5.093 5.625 5.535 5.71 5.21 5.391 5.494 5.063 5.608 4.878 5.598 4.727 5.5 5.436 4.912 6.012 5.097 5.457 5.517 5.66 5.307 5.886 5.793 4.282 3.766 4.106 4.454 4.744 3.968 4.455 4.507 5.093 4.888 4.866 4.641 4.933 4.832 4.549 5.414 5.091 5.141 5.218 5.42 5.087 5.027 5.309 4.559 5.449 5.246 5.053 5.851 5.176 5.4 6.144 4.792 4.946 5.291 4.993 5.11 5.658 4.805 5.565 5.339 5.457 5.536 4.933 5.298 5.233 4.936 5.32 5.983 4.693 5.466 5.001 5.199 5.927 5.379 5.614 5.803 5.375 5.133 5.873 5.629 6.082 5.623 6.119 5.369 5.637 5.779 5.031 5.986 5.44 5.531 5.873 5.085 5.741 6.036 5.163 4.993 4.974 5.441 5.764 5.597 5.518 6.177 5.598 5.281 5.725 5.596 5.382 5.305 5.279 5.224 5.816 5.452 5.863 5.647 5.414 5.235 5.305 5.647 6.143 5.583 5.44 5.667 4.556 4.951 4.768 4.573 4.074 4.582 5.39 4.958 5.33 5.203 4.659 5.149 4.771 4.96 5.268 5.285 4.867 4.933 4.784 5.198 5.143 5.253 5.597 5.029 4.597 5.108 5.154 5.363 4.498 5.257 5.294 5.093 5.025 4.829 5.471 5.59 4.931 5.558 5.035 5.123 4.873 5.564 5.31 4.838 5.129 5.051 5.525 5.237 5.565 5.412 5.512 5.658 5.547 5.112 5.525 5.391 5.278 5.271 5.681 5.182 6.114 6.065 5.758 6.093 5.834 4.676 5.429 4.695 5.688 5.196 4.979 4.858 5.7 5.092 6.041 6.061 5.949 5.435 5.65 5.976 5.513 5.598 5.429 5.421 4.743 5.21 5.369 5.212 5.587 5.324 5.922 5.759 5.66 4.929 5.606 5.056 6.711 5.083 5.55 5.288 5.566 5.899,716.86,0.1013,0.1694259643554687,26.87678098678589,0.0076685710036806,0.019581004548102,0.0506983257531632,0.0248708066375026,0.0153024425910549,0.0032304896158875,0.0127668063036106,0.0282155285147505,0.0172939246847086,0.0090764013564731,0.0032304896158875,0.0057450034671758,0.0063264927671409,0.0060590507469308,0.0052624287962408,0.0032304896158875,0.0057450034671758,0.0063264927671409,0.0060590507469308,0.0052624287962408,0.0032304896158875,0.0073885979995598,0.0105345052589496,0.0085329839399414,0.0062053071085555,0.0032304896158875,0.001276680630361,0.0002821552851475,0.0008646962342354,0.0018152802712946,0.0032304896158875,0.0127668063036106,0.0282155285147505,0.0172939246847086,0.0090764013564731,0.3820301423259808,0.4113243516533992,0.4471374728395518,0.4217300819488229,0.4014941631586669,megamarket,sasrec,64,1512,32,42
7,6.815 5.691 5.495 5.416 5.396 5.457 5.601,12.267 11.596 10.925 10.272 9.841 9.536 9.361 8.937 8.332 8.496 7.988 8.139 8.38 7.638 7.035 7.748 6.893 7.412 7.502 7.559 7.384 7.217 7.317 7.193 7.381 6.528 6.901 6.175 6.806 6.92 6.545 6.991 6.676 6.582 7.222 6.98 7.064 6.838 6.716 6.179 6.827 6.85 6.445 7.268 6.148 5.861 6.273 6.091 6.853 6.275 5.799 6.2 6.259 6.324 5.854 6.172 6.219 6.112 5.713 6.769 6.14 6.205 5.997 6.188 6.465 6.088 5.781 5.891 6.648 6.375 5.857 6.803 5.815 5.843 6.588 6.437 5.739 5.869 5.647 5.576 6.092 6.147 5.715 6.435 6.196 6.33 5.945 5.512 5.949 6.061 6.1 6.073 5.898 5.94 5.725 5.972 6.233 6.027 5.875 6.083 5.058 5.127 5.571 5.283 5.306 5.348 5.223 5.012 4.79 5.802 6.04 5.805 4.733 5.295 5.293 5.244 5.621 5.551 4.983 6.096 5.885 5.519 5.521 6.239 5.715 4.701 5.084 5.713 5.803 5.782 5.494 5.834 5.79 4.622 6.07 5.822 6.206 5.156 5.556 5.172 5.531 5.7 5.942 5.825 5.24 5.852 5.923 5.608 5.907 5.842 6.394 5.613 6.071 5.735 5.784 6.061 5.728 5.608 5.766 5.427 6.377 5.616 5.732 5.467 5.517 5.749 5.995 6.024 5.895 5.565 5.14 6.387 5.411 6.283 6.131 6.137 5.842 6.113 5.517 5.436 5.606 5.278 5.692 5.582 5.708 6.5 6.156 5.581 5.798 5.987 5.491 5.722 5.562 5.626 5.959 5.778 5.181 5.073 5.739 5.413 5.711 5.647 5.316 4.732 4.746 5.218 4.836 5.133 5.632 5.167 4.372 5.686 5.003 4.923 4.725 5.43 5.24 4.75 5.484 5.408 5.253 5.244 5.616 5.74 5.72 5.975 5.359 5.689 4.79 5.476 5.768 5.282 5.296 6.053 5.932 5.454 5.301 4.982 5.351 5.257 5.822 5.846 5.576 5.836 4.826 5.982 5.383 5.42 5.453 5.396 5.399 5.307 5.905 5.729 5.149 5.477 5.506 5.754 5.214 5.589 5.543 5.744 5.534 5.729 5.7 6.118 5.389 6.274 5.325 5.753 5.463 6.82 5.443 4.654 5.974 5.638 5.423 5.86 5.129 5.401 5.743 5.541 6.147 5.179 5.597 5.439 5.196 5.981 5.782 5.699 6.354 5.986 6.594 5.48 5.843 5.585 5.523 5.752 5.176 6.018 5.621 5.544 5.749 4.743 5.947 5.098 4.595 4.711 4.562 5.121 5.32 4.949 5.067 5.236 4.656 5.298 4.922 5.456 5.136 4.698 5.371 4.87 5.211 5.355 5.126 4.883 5.555 4.816 5.801 5.087 5.376 4.446 5.15 5.038 5.276 5.65 5.598 5.352 4.989 5.953 5.154 5.804 5.658 5.463 5.989 5.555 5.039 5.773 5.733 5.335 5.102 5.306 5.881 5.064 5.869 6.002 5.386 5.862 5.724 5.575 5.407 5.732 5.298 5.302 5.097 5.458 5.557 5.248 5.598 5.89 5.712 5.714 5.239 5.751 5.759 5.393 5.594 5.308 5.623 5.388 5.683 5.482 5.97 5.153 5.454 5.339 5.99 5.575 5.881 5.218 5.739 5.996 5.441 5.399 5.143 5.644 5.619 5.348 6.089 5.446 6.355 5.17 5.929 5.349 6.417 5.509 5.515 4.568 5.004 4.59 4.878 4.594 5.172 4.626 4.824 4.597 4.776 5.019 5.113 4.093 5.71 4.62 5.208 4.904 5.405 5.649 4.899 5.179 5.353 5.506 5.532 4.952 5.251 5.624 5.621 5.373 5.122 5.842 5.019 4.73 5.248 5.439 5.155 5.672 5.498 4.755 6.369 5.406 4.982 5.174 5.804 5.887 5.038 4.708 5.698 5.316 5.631 5.441 5.237 5.767 5.488 5.867 5.687 5.087 5.532 5.524 5.413 5.782 5.425 6.228 5.982 5.654 5.32 5.407 6.099 5.865 5.951 5.49 5.317 5.529 5.443 5.649 5.466 4.792 5.658 5.504 5.228 5.743 5.735 5.813 5.274 5.513 5.473 5.093 5.832 4.982 5.727 4.831 5.566 5.451 5.011 6.173 5.245 5.508 5.596 5.768 5.485 6.008 5.962 4.421 4.095 4.271 4.553 4.874 4.098 4.658 4.782 5.33 5.212 4.95 4.852 5.102 5.031 4.69 5.664 5.209 5.26 5.367 5.453 5.411 5.235 5.403 4.574 5.621 5.359 5.298 6.042 5.416 5.752 6.398 4.956 5.148 5.464 5.207 5.405 5.777 5.079 5.84 5.466 5.622 5.634 5.123 5.596 5.292 5.157 5.518 6.139 4.916 5.623 5.18 5.366 6.149 5.632 5.841 6.051 5.53 5.367 5.939 5.85 6.253 5.748 6.231 5.614 5.905 5.976 5.146 6.191 5.605 5.687 6.098 5.199 5.937 6.367 5.206 5.208 5.076 5.524 5.886 5.784 5.633 6.311 5.675 5.556 5.874 5.887 5.547 5.601 5.396 5.492 5.932 5.674 6.067 5.809 5.622 5.403 5.436 5.815 6.35 5.786 5.641 5.974 4.976 5.157 5.124 4.804 4.471 4.737 5.882 5.341 5.688 5.493 4.899 5.325 5.019 5.342 5.57 5.481 5.281 5.297 5.021 5.625 5.524 5.597 6.032 5.332 4.973 5.44 5.521 5.678 4.872 5.518 5.673 5.444 5.397 5.174 5.74 5.928 5.269 5.862 5.29 5.422 5.154 5.915 5.546 5.038 5.316 5.255 5.9 5.478 5.769 5.603 5.74 5.997 5.827 5.517 5.803 5.686 5.534 5.521 5.909 5.469 6.322 6.372 6.093 6.181 6.093 5.018 5.682 4.983 5.955 5.382 5.234 5.14 6.014 5.393 6.322 6.412 6.151 5.698 5.761 6.185 5.709 5.806 5.688 5.689 5.04 5.471 5.714 5.473 5.819 5.575 6.094 6.0 5.951 5.164 5.828 5.36 6.961 5.262 5.887 5.565 5.814 6.212,851.56,0.12782,0.1694259643554687,32.983410358428955,0.0081642769509127,0.0200413914465938,0.0560432751291933,0.0256670343152441,0.0157151177921257,0.0033579360329809,0.0127834297493184,0.0272735332579737,0.0169947026619677,0.0090597779107653,0.0033579360329809,0.0058404783365718,0.0063853293759537,0.0061327923344413,0.005340189581163,0.0033579360329809,0.0058404783365718,0.0063853293759537,0.0061327923344413,0.005340189581163,0.0033579360329809,0.0074665431921041,0.0104169128402008,0.0085313761344238,0.0062590335037028,0.0033579360329809,0.0012783429749318,0.0002727353325797,0.0008497351330983,0.001811955582153,0.0033579360329809,0.0127834297493184,0.0272735332579737,0.0169947026619677,0.0090597779107653,0.3919075158633176,0.4159487085713963,0.4472155695846388,0.4247891309716238,0.4077592623176883,megamarket,sasrec,64,2048,32,42
8,5.175 3.136 2.042,12.423 11.217 9.595 9.14 8.451 8.589 7.893 7.567 7.179 7.345 6.238 6.232 6.32 6.128 6.168 6.175 5.442 5.503 5.345 5.987 5.888 5.614 5.602 5.352 4.647 5.364 5.64 5.46 4.845 4.44 4.987 4.631 4.588 4.995 5.092 5.056 3.93 4.217 4.607 4.788 5.109 4.599 4.274 4.498 4.143 4.423 4.954 4.963 4.186 4.714 4.814 4.472 4.968 4.586 4.522 4.655 4.256 4.93 4.177 4.544 4.709 4.594 4.254 4.519 4.55 4.457 4.426 4.247 3.972 4.298 3.619 4.196 4.643 4.359 4.291 4.41 4.232 4.434 4.559 4.546 4.287 3.963 3.733 4.071 3.909 4.322 4.299 4.252 4.325 4.552 4.336 4.242 4.243 4.348 4.239 4.103 3.533 3.72 3.897 4.515 4.645 3.012 2.869 3.016 2.781 2.99 2.952 3.034 3.066 3.359 2.935 3.093 3.004 2.963 3.182 3.273 3.262 2.937 2.498 3.094 3.179 3.497 3.502 2.583 3.679 2.895 2.748 3.008 3.077 2.967 2.738 2.851 2.782 2.938 3.172 2.867 2.686 2.774 3.313 3.131 3.172 3.257 2.972 3.535 2.897 3.279 3.268 4.009 3.06 3.362 3.086 2.853 2.974 3.081 3.2 3.154 3.034 2.794 2.888 2.645 3.203 3.123 2.881 3.197 3.095 3.209 3.204 2.944 3.022 3.13 2.773 2.919 3.289 3.216 3.505 3.011 3.35 2.97 3.052 3.226 3.465 3.205 4.066 3.234 3.43 3.385 3.605 3.074 3.371 3.202 3.216 3.234 3.207 3.492 3.78 2.899 3.335 3.353 3.197 3.392 3.612 3.436 3.058 1.766 1.85 1.747 1.737 1.46 1.681 1.687 1.485 1.934 2.208 1.581 1.994 1.846 1.874 1.631 2.149 1.659 2.04 1.705 2.078 1.59 1.914 2.166 1.52 1.846 1.675 1.736 2.257 2.117 1.596 1.622 2.039 2.122 1.849 2.244 1.848 2.095 2.083 2.056 2.013 1.845 2.173 2.084 2.178 2.138 2.002 1.94 2.074 2.035 2.118 2.112 2.246 1.959 2.238 1.94 2.083 1.873 2.086 2.542 2.045 1.925 2.188 2.292 1.942 2.22 2.077 2.083 2.208 1.888 2.122 1.973 2.702 1.889 2.271 1.989 1.954 2.28 2.072 2.378 2.268 2.322 2.536 2.162 2.612 1.945 2.047 2.064 2.612 2.133 2.177 2.074 2.215 2.315 2.133 2.247 2.063 2.258 1.853 1.775 2.276 2.242 2.354 0.974 0.853 0.913 0.963 0.944 0.915 0.974 0.842 0.917 0.875 1.106 0.957 0.999 1.08 0.807 0.766 0.95 0.906 1.025 1.056 1.063 0.875 0.894 0.904 0.947 0.958 0.969 1.005 0.984 0.984 0.904 1.17 1.139 0.819 0.844 1.295 1.059 1.103 1.228 1.012 1.071 1.2 1.257 1.023 1.322 1.157 1.211 1.177 1.178 1.106 1.254 1.173 1.305 1.571 1.641 1.503 1.696 1.677 1.74 1.704 2.215 1.873 1.764 2.292 1.912 2.001 2.707 2.867 3.177 2.777 2.466 2.889 2.982 2.649 3.26 3.432 3.364 3.665 2.909 3.175 2.911 3.256 2.957 3.09 2.884 2.784 2.67 3.388 2.723 3.776 4.244 3.805 3.953 2.459 3.226 2.883 7.532 7.033 7.137 7.275 7.353 6.077,286.94,0.032975,3.337860107421875e-06,15.794402599334717,0.0060953242536527,0.0201932013929337,0.0658458602357081,0.0290669574808223,0.0139838647714175,0.0018950728106922,0.0085001219052685,0.026857947115278,0.0126005718465323,0.0056242657978145,0.0018950728106922,0.0035778580628637,0.004184854712113,0.0038590126436944,0.0032010291759942,0.0018950728106922,0.0035778580628637,0.004184854712113,0.0038590126436944,0.0032010291759942,0.0018950728106922,0.0047236878141903,0.0083215787327127,0.0057563142471869,0.0038006474181058,0.0018950728106922,0.0008500121905268,0.0002685794711527,0.0006300285923266,0.0011248531595629,0.0018950728106922,0.0085001219052685,0.026857947115278,0.0126005718465323,0.0056242657978145,0.3745249264167637,0.390165917064579,0.4216054874431469,0.3976331252920561,0.3839566051075928,megamarket,sasrec,64,32,64,42
9,5.34 3.524 2.673,12.238 11.055 9.503 9.132 8.558 8.67 7.979 7.633 7.221 7.458 6.303 6.306 6.39 6.264 6.217 6.348 5.65 5.509 5.477 6.21 6.021 5.709 5.768 5.489 4.782 5.499 5.8 5.631 4.971 4.586 5.169 4.832 4.796 5.115 5.196 5.248 4.1 4.385 4.768 5.063 5.318 4.781 4.528 4.78 4.399 4.565 5.202 5.127 4.395 4.949 4.938 4.763 5.162 4.713 4.753 4.835 4.459 5.03 4.476 4.73 4.963 4.835 4.512 4.768 4.866 4.659 4.641 4.441 4.206 4.518 3.871 4.297 4.935 4.565 4.486 4.689 4.404 4.813 4.71 4.661 4.469 4.137 3.933 4.406 4.108 4.484 4.65 4.376 4.561 4.873 4.528 4.463 4.377 4.433 4.437 4.333 3.691 4.022 4.13 4.735 4.845 3.371 3.258 3.423 3.03 3.259 3.389 3.309 3.344 3.743 3.402 3.58 3.42 3.468 3.613 3.756 3.643 3.296 2.982 3.447 3.59 3.791 3.856 3.011 3.87 3.265 3.222 3.458 3.464 3.244 3.036 3.12 3.341 3.311 3.633 3.303 3.155 3.081 3.58 3.536 3.609 3.774 3.356 4.054 3.277 3.646 3.679 4.406 3.43 3.761 3.419 3.294 3.409 3.523 3.538 3.628 3.564 3.111 3.258 3.175 3.618 3.576 3.277 3.606 3.448 3.6 3.505 3.339 3.243 3.534 3.222 3.335 3.754 3.623 3.759 3.335 3.637 3.358 3.349 3.637 3.737 3.494 4.337 3.672 3.77 3.802 4.056 3.439 3.658 3.515 3.592 3.54 3.554 3.947 4.034 3.277 3.701 3.713 3.508 3.681 3.845 3.699 3.442 2.305 2.414 2.215 2.427 1.985 2.195 2.083 2.024 2.406 2.831 2.133 2.602 2.455 2.373 2.178 2.599 2.168 2.619 2.35 2.654 2.139 2.437 2.942 1.989 2.465 2.096 2.231 2.863 2.632 2.081 2.174 2.626 2.664 2.513 3.05 2.596 2.554 2.76 2.858 2.623 2.34 2.86 2.792 2.912 2.788 2.57 2.648 2.722 2.653 2.843 2.733 2.796 2.65 2.882 2.601 2.817 2.533 2.793 3.107 2.821 2.503 2.703 3.208 2.582 2.997 2.631 2.803 2.935 2.499 2.685 2.6 3.329 2.687 2.97 2.533 2.777 2.958 2.622 3.139 2.835 2.868 3.172 2.957 3.259 2.61 2.858 2.488 3.256 3.007 2.782 2.702 2.909 3.067 2.932 2.71 2.936 2.912 2.49 2.426 3.074 2.878 3.186 1.49 1.411 1.64 1.702 1.576 1.525 1.781 1.377 1.467 1.526 1.781 1.621 1.674 1.834 1.324 1.407 1.694 1.516 1.747 1.701 1.704 1.627 1.737 1.748 1.678 1.896 1.957 1.832 1.812 1.908 1.654 2.38 2.42 1.98 1.894 2.239 1.927 2.29 5.642 5.692 6.075 6.237 6.661 5.232 6.469 6.108 5.378 4.664 5.895 5.514 5.599 5.789 5.95 5.432 5.407 4.982 5.082 5.075 5.236 5.505 5.801 4.926 4.776 4.962 4.826 4.829 4.576,285.63,0.034492,0.1694259643554687,15.963825225830078,0.0061275451402228,0.021650576877796,0.0714293680988437,0.0314382908058939,0.0147831906113293,0.0020225192277855,0.0095695635791386,0.0293570051200212,0.0139470709488662,0.0063501562603896,0.0020225192277855,0.0039129634203276,0.0045645277063087,0.0042146627216505,0.0034872294995973,0.0020225192277855,0.0039129634203276,0.0045645277063087,0.0042146627216505,0.0034872294995973,0.0020225192277855,0.0052299678253784,0.009101966311408,0.0063342418350811,0.0041928547745068,0.0020225192277855,0.0009569563579138,0.0002935700512002,0.0006973535474433,0.0012700312520779,0.0020225192277855,0.0095695635791386,0.0293570051200212,0.0139470709488662,0.0063501562603896,0.3815482866861658,0.4027611795496411,0.4370808277879483,0.4115967780165754,0.3947127493909713,megamarket,sasrec,64,64,64,42
10,5.487 3.852 3.204,12.056 10.971 9.557 9.22 8.666 8.753 7.997 7.819 7.335 7.595 6.369 6.472 6.5 6.408 6.324 6.452 5.781 5.66 5.599 6.293 6.162 5.906 5.847 5.646 4.877 5.645 5.881 5.88 5.087 4.704 5.315 4.896 4.869 5.37 5.408 5.415 4.285 4.44 4.948 5.208 5.449 4.94 4.657 4.888 4.588 4.71 5.303 5.331 4.486 5.104 5.163 4.874 5.313 4.793 4.943 5.011 4.539 5.255 4.717 4.9 5.131 4.916 4.672 4.844 5.011 4.837 4.784 4.658 4.446 4.722 4.082 4.486 4.954 4.729 4.697 4.716 4.487 4.983 4.872 4.777 4.643 4.405 4.177 4.512 4.255 4.715 4.752 4.602 4.769 5.124 4.739 4.597 4.628 4.735 4.718 4.464 3.973 4.232 4.298 4.884 4.938 3.672 3.487 3.588 3.449 3.474 3.605 3.579 3.6 4.074 3.731 4.041 3.712 3.755 3.895 4.043 4.039 3.759 3.232 3.728 3.958 4.165 4.28 3.327 4.393 3.76 3.493 3.759 3.831 3.584 3.404 3.369 3.636 3.811 3.962 3.674 3.488 3.483 3.954 4.011 4.008 4.077 3.686 4.384 3.701 3.919 3.965 4.883 3.883 4.018 3.773 3.572 3.77 3.849 3.761 4.061 3.972 3.35 3.564 3.455 3.902 4.003 3.717 3.987 3.789 3.924 3.768 3.667 3.69 3.839 3.477 3.747 4.022 4.016 4.098 3.562 4.046 3.726 3.67 3.878 4.033 3.869 4.671 4.048 4.183 4.111 4.352 3.73 4.037 3.813 3.743 3.899 3.903 4.303 4.381 3.621 3.982 4.008 3.889 4.169 4.185 3.976 3.775 2.702 2.767 2.676 2.862 2.273 2.678 2.55 2.314 2.912 3.423 2.519 3.034 2.952 2.989 2.631 3.24 2.584 2.989 2.917 3.31 2.567 2.895 3.597 2.544 3.029 2.607 2.716 3.366 3.141 2.639 2.686 3.389 3.266 3.06 3.552 3.2 3.158 3.362 3.497 3.102 2.954 3.455 3.284 3.523 3.301 3.176 3.093 3.153 3.171 3.452 3.318 3.391 3.159 3.446 3.161 3.403 3.049 3.311 3.661 3.341 3.179 3.347 3.7 3.041 3.555 3.364 3.321 3.583 3.162 3.248 3.119 3.797 3.161 3.577 3.037 3.285 3.505 3.205 3.679 3.359 3.563 3.757 3.529 3.74 3.139 3.295 3.126 3.757 3.666 3.321 3.235 3.481 3.732 3.411 3.293 3.439 3.508 2.967 2.753 3.589 3.386 3.711 2.176 2.041 2.303 2.513 2.267 2.073 2.393 1.983 2.097 2.158 2.642 2.27 2.357 2.476 1.949 2.15 2.542 2.08 2.54 2.475 2.524 2.443 2.332 2.453 2.462 2.709 2.554 2.509 2.612 2.521 2.314 2.884 3.007 2.304 2.332 2.834 2.501 2.604 3.071 2.913 2.544 2.897 3.287 2.622 3.262 3.005 2.933 6.328 11.358 11.239 10.879 11.207 11.721 10.485 10.742 10.212 10.01 10.375 10.197,311.66,0.040074,0.1694259643554687,15.963825225830078,0.0059552873235596,0.0229908418326248,0.0719009083811483,0.0335004275463794,0.0154691237158117,0.0021555067934481,0.0104450650530842,0.0327980583815413,0.0153988518740164,0.0067324955116696,0.0021555067934481,0.0041828129579143,0.0049327713876496,0.0045225748390303,0.0036928984639936,0.0021555067934481,0.0041828129579143,0.0049327713876496,0.0045225748390303,0.0036928984639936,0.0021555067934481,0.0056357180232709,0.0100383663910986,0.0068830829124273,0.0044408313925232,0.0021555067934481,0.0010445065053084,0.0003279805838154,0.0007699425937008,0.0013464991023339,0.0021555067934481,0.0104450650530842,0.0327980583815413,0.0153988518740164,0.0067324955116696,0.3756184680141405,0.403213794154798,0.4430198883780458,0.414165035548469,0.3930673673637149,megamarket,sasrec,64,128,64,42
11,5.654 4.211 3.762 3.472,11.905 11.067 9.723 9.354 8.843 8.902 8.179 7.964 7.525 7.762 6.556 6.677 6.754 6.563 6.573 6.655 5.981 5.826 5.757 6.492 6.268 5.969 6.009 5.787 5.056 5.793 6.014 5.97 5.211 4.876 5.492 5.091 5.036 5.485 5.512 5.501 4.45 4.596 5.035 5.356 5.569 5.044 4.83 5.037 4.691 4.945 5.65 5.476 4.644 5.247 5.295 5.05 5.484 4.928 5.077 5.218 4.758 5.374 4.88 5.078 5.205 5.139 4.836 5.082 5.192 5.039 4.925 4.821 4.547 4.976 4.286 4.665 5.208 4.948 4.861 4.991 4.726 5.2 5.121 4.938 4.769 4.541 4.242 4.672 4.425 4.801 4.97 4.775 4.912 5.345 4.877 4.707 4.827 4.91 4.903 4.667 4.198 4.448 4.4 5.089 5.238 3.932 3.821 3.959 3.64 3.872 4.019 3.93 3.888 4.333 3.988 4.314 4.008 4.073 4.215 4.403 4.349 4.096 3.668 4.166 4.263 4.581 4.625 3.582 4.792 4.165 3.826 4.17 4.164 3.974 3.654 3.699 3.978 4.031 4.316 3.975 3.814 3.823 4.39 4.347 4.346 4.481 4.02 4.889 4.009 4.36 4.453 5.223 4.199 4.352 4.167 4.039 4.113 4.356 4.208 4.405 4.317 3.814 3.96 3.89 4.41 4.382 4.086 4.304 4.096 4.359 4.109 3.986 3.853 4.192 3.842 4.084 4.366 4.306 4.428 3.907 4.511 4.14 4.077 4.355 4.392 4.216 5.141 4.397 4.531 4.42 4.83 4.091 4.301 4.222 4.124 4.229 4.211 4.592 4.759 3.949 4.416 4.361 4.181 4.611 4.501 4.376 4.181 3.131 3.27 3.142 3.411 2.661 3.144 2.953 2.753 3.433 3.837 3.029 3.543 3.377 3.505 3.15 3.723 3.078 3.571 3.432 3.79 3.124 3.49 4.188 2.909 3.54 3.245 3.252 3.973 3.655 3.148 3.209 3.925 3.762 3.542 4.222 3.763 3.667 4.03 4.063 3.62 3.494 4.105 3.882 4.074 3.963 3.668 3.582 3.806 3.869 3.958 3.761 3.992 3.62 4.037 3.77 4.017 3.744 3.825 4.172 3.964 3.663 3.885 4.367 3.673 4.181 3.816 3.755 4.046 3.598 3.949 3.494 4.572 3.712 4.145 3.696 3.908 4.038 3.579 4.207 3.95 4.072 4.355 4.064 4.266 3.721 3.81 3.724 4.418 4.183 3.827 3.779 4.019 4.344 3.936 3.762 3.933 4.108 3.348 3.445 4.165 4.068 4.284 2.914 2.738 2.946 3.167 3.023 2.827 3.247 2.675 2.754 2.946 3.418 3.02 3.108 3.217 2.561 2.841 3.43 2.762 3.318 3.298 3.2 3.162 2.966 3.039 3.084 3.381 3.389 3.101 3.174 3.071 3.009 3.639 3.5 2.883 2.961 3.529 3.124 3.241 3.668 2.988 3.332 3.469 3.855 3.128 3.807 3.637 3.489 2.983 3.43 3.428 3.6 3.543 3.715 3.571 3.344 3.27 3.601 3.283 3.504 3.517 3.968 3.605 3.408 3.642 3.56 3.495 3.603 3.651 3.651 3.405 3.09 3.667 3.763 3.149 3.655 3.807 3.798 4.001 3.427 3.763 3.789 3.69 3.462 4.025 3.672 3.553 3.813 3.944 3.713 3.842 4.716 4.458 4.561 3.604 4.643 3.886 4.51 4.057 3.876 4.369 4.204 4.21 3.347 7.47 8.137 7.689 8.242 8.464,399.55,0.051144,0.1694259643554687,16.603926181793213,0.0064918890114384,0.0234245845364529,0.0604878985785631,0.0322574448836949,0.0163056275017659,0.0027262450960835,0.0126670656293636,0.0352195403063146,0.0181749673072234,0.0083228051510517,0.0027262450960835,0.0052213517341684,0.0060091694381471,0.0056052671292,0.0046481001248605,0.0027262450960835,0.0052213517341684,0.0060091694381471,0.0056052671292,0.0046481001248605,0.0027262450960835,0.0069532121668466,0.0114436070955009,0.008348158700958,0.005554783030528,0.0027262450960835,0.0012667065629363,0.0003521954030631,0.0009087483653611,0.0016645610302103,0.0027262450960835,0.0126670656293636,0.0352195403063146,0.0181749673072234,0.0083228051510517,0.3617844343079687,0.3938400402676993,0.4400673569930951,0.4065513627321385,0.3822934998614719,megamarket,sasrec,64,256,64,42
12,5.855 4.597 4.316 4.132 3.994,11.845 11.173 9.856 9.573 9.071 9.102 8.405 8.15 7.825 8.014 6.849 6.92 7.024 6.825 6.901 6.972 6.28 6.137 6.007 6.684 6.507 6.2 6.231 6.048 5.278 6.035 6.23 6.091 5.345 5.02 5.742 5.378 5.178 5.645 5.632 5.726 4.599 4.822 5.236 5.612 5.817 5.26 5.051 5.255 4.982 5.075 5.719 5.672 4.842 5.403 5.476 5.252 5.637 5.101 5.241 5.389 4.924 5.531 4.97 5.324 5.386 5.374 5.094 5.329 5.277 5.255 5.106 5.008 4.73 5.121 4.478 4.885 5.334 5.184 5.007 5.158 4.913 5.43 5.293 5.224 4.943 4.844 4.548 4.895 4.66 5.003 5.192 4.998 5.079 5.527 5.078 4.962 5.093 5.287 5.254 4.821 4.267 4.712 4.748 5.266 5.412 4.203 4.039 4.289 3.902 4.11 4.376 4.311 4.199 4.686 4.375 4.863 4.467 4.487 4.557 4.809 4.774 4.465 4.039 4.61 4.68 4.957 5.04 4.0 5.278 4.58 4.235 4.582 4.483 4.342 4.13 4.033 4.417 4.423 4.665 4.524 4.151 4.186 4.748 4.72 4.775 4.905 4.41 5.275 4.347 4.911 4.883 5.635 4.64 4.844 4.442 4.29 4.459 4.624 4.607 4.883 4.732 4.06 4.302 4.257 4.869 4.818 4.596 4.735 4.426 4.651 4.468 4.357 4.323 4.545 4.179 4.498 4.774 4.734 4.764 4.294 4.806 4.515 4.422 4.59 4.77 4.579 5.401 4.793 5.014 4.844 5.12 4.465 4.731 4.56 4.449 4.602 4.595 5.027 5.172 4.366 4.747 4.717 4.581 4.866 4.78 4.753 4.528 3.501 3.67 3.643 3.938 3.017 3.686 3.3 3.329 3.884 4.423 3.591 4.198 3.943 4.132 3.676 4.233 3.667 4.312 3.946 4.442 3.735 4.051 4.783 3.53 4.257 3.71 3.76 4.677 4.19 3.691 3.694 4.525 4.433 4.029 4.899 4.439 4.249 4.642 4.741 4.173 4.077 4.655 4.447 4.623 4.519 4.259 4.14 4.315 4.444 4.585 4.25 4.508 4.327 4.714 4.432 4.748 4.263 4.408 4.884 4.48 4.177 4.429 4.9 4.117 4.829 4.41 4.4 4.713 4.107 4.465 4.105 5.039 4.253 4.691 4.157 4.422 4.521 4.25 4.84 4.496 4.595 4.866 4.658 4.888 4.194 4.245 4.211 4.889 4.794 4.309 4.488 4.577 4.98 4.541 4.296 4.408 4.638 3.862 3.983 4.708 4.577 4.735 3.548 3.229 3.663 3.8 3.704 3.406 4.007 3.223 3.318 3.64 4.164 3.676 3.838 4.143 3.232 3.527 4.191 3.392 4.124 4.006 3.92 3.977 3.78 3.796 3.886 4.31 4.138 3.924 3.837 3.87 3.851 4.642 4.369 3.597 3.684 4.394 4.062 4.058 4.64 3.647 4.029 4.397 4.606 3.95 4.627 4.378 4.358 3.702 4.088 4.156 4.286 4.222 4.519 4.342 4.166 3.926 4.19 4.151 4.25 4.366 4.769 4.212 4.142 4.535 4.262 4.261 4.255 4.193 4.502 4.195 3.74 4.487 4.467 3.724 4.334 4.369 4.546 4.706 3.949 4.426 4.251 4.262 3.924 4.68 4.164 4.052 4.215 4.408 4.229 4.345 5.102 4.983 5.123 4.043 4.937 3.922 4.899 4.381 4.225 4.763 4.553 4.426 3.378 3.794 3.259 3.131 3.67 3.8 3.607 3.339 3.534 3.628 3.504 3.333 3.372 3.357 3.734 3.42 3.313 3.989 3.451 3.887 3.745 3.538 3.158 3.189 3.343 3.711 4.224 3.192 3.744 3.677 3.449 3.766 3.88 3.861 3.744 4.152 3.93 3.616 4.294 4.169 3.923 3.709 4.312 4.208 4.071 3.954 4.528 3.548 4.672 3.82 3.964 4.206 4.38 3.914 4.216 3.929 4.136 3.978 4.193 4.132 4.717 3.607 3.78 4.206 4.249 3.596 3.995 4.152 4.007 4.129 4.298 4.615 3.997 4.114 4.269 3.999 3.798 4.271 4.359 4.209 4.406 4.607 4.255 4.204 3.884 4.661 4.702 4.216 4.391 4.619 4.327 4.265 4.666 4.598 4.694 4.411 4.304 4.657 4.745 4.51 4.525 4.521,567.3,0.071914,0.1694259643554687,20.33025312423706,0.0088514493202632,0.0248955919348642,0.0588378174067143,0.0318305181366413,0.0190115623412191,0.0032027838730412,0.0134372852804929,0.0333244674956224,0.0185794711527805,0.0092648004078285,0.0032027838730412,0.0058674738448992,0.0065773337043114,0.0062250899808923,0.0053192255690759,0.0032027838730412,0.0058674738448992,0.0065773337043114,0.0062250899808923,0.0053192255690759,0.0032027838730412,0.0076360243042388,0.0116194153694756,0.0089370666152225,0.0062951273159945,0.0032027838730412,0.0013437285280492,0.0003332446749562,0.000928973557639,0.0018529600815657,0.0032027838730412,0.0134372852804929,0.0333244674956224,0.0185794711527805,0.0092648004078285,0.3907989836477024,0.4187433534262559,0.4563868751389728,0.4297049594756439,0.408679572199046,megamarket,sasrec,64,512,64,42
13,6.139 4.95 4.718 4.671 4.706,11.911 11.359 10.077 9.792 9.277 9.299 8.635 8.412 8.068 8.28 7.115 7.231 7.378 7.079 7.29 7.344 6.616 6.515 6.341 7.041 6.96 6.563 6.555 6.372 5.613 6.407 6.543 6.445 5.818 5.425 6.0 5.67 5.568 6.011 6.006 6.052 4.862 5.095 5.53 5.812 6.053 5.525 5.387 5.602 5.291 5.292 6.033 5.934 5.039 5.732 5.63 5.586 5.954 5.367 5.487 5.678 5.164 5.769 5.286 5.48 5.654 5.617 5.325 5.582 5.6 5.459 5.305 5.266 4.963 5.472 4.747 5.038 5.564 5.422 5.245 5.468 5.213 5.702 5.56 5.447 5.264 5.082 4.912 5.162 4.864 5.278 5.526 5.319 5.242 5.954 5.294 5.245 5.342 5.48 5.518 5.126 4.694 4.97 4.992 5.589 5.602 4.529 4.416 4.648 4.312 4.474 4.752 4.699 4.614 5.109 4.861 5.376 4.95 4.837 5.08 5.179 5.206 4.945 4.517 5.142 5.028 5.308 5.532 4.452 5.774 4.924 4.617 4.981 4.966 4.644 4.566 4.455 4.903 4.9 5.138 4.893 4.698 4.602 5.061 5.024 5.061 5.363 4.829 5.829 4.738 5.242 5.227 6.069 4.965 5.283 4.838 4.693 4.925 4.964 5.022 5.289 5.049 4.386 4.665 4.603 5.267 5.243 4.886 5.075 4.785 4.948 4.768 4.702 4.673 4.886 4.566 4.829 4.994 4.916 5.123 4.469 5.11 4.83 4.713 4.902 5.012 4.904 5.66 5.109 5.269 5.115 5.436 4.724 5.002 4.804 4.794 4.98 4.922 5.306 5.437 4.55 5.025 5.045 4.897 5.199 4.961 5.08 4.876 3.789 4.147 4.003 4.313 3.493 4.069 3.71 3.703 4.33 4.852 4.12 4.737 4.381 4.617 4.088 4.681 4.187 4.737 4.426 5.012 4.186 4.48 5.291 3.97 4.702 4.222 4.26 5.144 4.525 4.225 4.22 4.898 4.896 4.432 5.311 4.738 4.693 5.047 5.211 4.564 4.444 4.915 4.859 5.073 4.907 4.694 4.515 4.688 4.809 4.993 4.706 4.926 4.638 5.064 4.865 5.131 4.646 4.739 5.238 4.883 4.61 4.78 5.434 4.429 5.197 4.825 4.795 5.076 4.42 4.822 4.394 5.458 4.566 5.092 4.429 4.81 4.922 4.717 5.192 4.897 4.971 5.108 5.025 5.166 4.526 4.467 4.622 5.27 5.176 4.719 4.889 4.913 5.324 4.807 4.675 4.801 4.971 4.28 4.288 5.166 5.023 5.044 3.976 3.71 4.03 4.205 4.175 3.925 4.499 3.759 3.737 4.074 4.649 4.242 4.497 4.715 3.722 4.076 4.841 3.892 4.615 4.562 4.418 4.53 4.412 4.381 4.441 4.875 4.621 4.489 4.411 4.422 4.453 5.29 4.9 4.303 4.315 4.897 4.569 4.714 5.148 4.254 4.596 4.902 5.307 4.521 5.218 4.894 4.937 4.09 4.752 4.669 4.787 4.846 4.899 4.942 4.697 4.597 4.646 4.566 4.727 4.991 5.372 4.773 4.563 5.12 4.864 4.873 4.837 4.743 5.0 4.668 4.384 4.992 4.937 4.256 4.957 4.863 5.027 5.415 4.361 4.965 4.788 4.848 4.41 5.201 4.671 4.564 4.729 5.015 4.611 4.799 5.663 5.534 5.722 4.603 5.58 4.478 5.357 4.872 4.667 5.322 5.041 4.904 3.975 4.584 3.879 3.712 4.289 4.54 4.362 4.115 4.399 4.376 4.314 3.981 4.127 4.102 4.686 4.194 4.015 4.812 4.329 4.752 4.491 4.389 3.781 3.952 4.16 4.481 5.007 3.857 4.602 4.465 4.151 4.468 4.646 4.594 4.535 4.983 4.752 4.241 5.127 5.137 4.679 4.318 5.206 4.818 4.7 4.63 5.243 4.226 5.555 4.538 4.657 4.811 5.004 4.549 4.999 4.775 4.888 4.635 4.885 4.851 5.543 4.264 4.481 5.024 4.843 4.291 4.717 4.915 4.784 4.822 5.057 5.234 4.635 4.919 4.971 4.587 4.57 5.062 5.016 4.964 4.968 5.305 4.993 4.817 4.549 5.242 5.393 4.904 5.017 5.201 5.005 4.836 5.148 5.236 5.293 5.048 4.865 5.08 5.271 4.921 4.89 5.014 3.541 4.019 4.051 4.022 3.99 4.092 4.19 3.858 4.392 4.516 4.833 4.434 4.697 4.118 4.093 4.386 4.558 4.063 4.542 5.017 4.559 4.713 4.157 4.288 4.74 4.519 4.254 4.475 4.651 4.984 4.597 4.563 4.589 4.643 4.701 4.528 4.764 4.827 4.64 4.61 4.979 4.102 5.047 4.186 4.493 5.14 4.286 4.528 4.553 4.274 4.796 5.039 4.864 4.755 4.654 5.156 4.87 4.972 4.635 4.931 5.078 4.828 4.825 5.338 4.572 5.13 5.316 4.931 4.624 5.162 5.113 4.749 5.661 5.896 4.878 5.016 5.775 5.557 5.926 5.434 5.614 5.801 5.629 5.712 11.939 13.693 13.585 13.984 13.767 13.704 13.454 13.384,809.69,0.12033,0.1694259643554687,30.932185649871823,0.0097821372361914,0.0273821768926672,0.0602561560482321,0.0349069931716505,0.0208884289839267,0.0033357714387038,0.0145787618857636,0.0346875900436642,0.0202473568721324,0.0099463616818494,0.0033357714387038,0.0062483464509031,0.0069839393770532,0.0066380003423193,0.0056372874969523,0.0033357714387038,0.0062483464509031,0.0069839393770532,0.0066380003423193,0.0056372874969523,0.0033357714387038,0.0081935180567665,0.0122527802313824,0.0096221140229948,0.0067026528769333,0.0033357714387038,0.0014578761885763,0.0003468759004366,0.0010123678436066,0.0019892723363698,0.0033357714387038,0.0145787618857636,0.0346875900436642,0.0202473568721324,0.0099463616818494,0.3938916228879459,0.4238283818561452,0.4614255251829474,0.434960308220744,0.4132458943078525,megamarket,sasrec,64,1024,64,42
14,6.338 5.139 4.948 4.996 5.096 5.157,12.01 11.517 10.274 9.965 9.422 9.438 8.779 8.496 8.256 8.442 7.29 7.395 7.603 7.246 7.514 7.487 6.871 6.73 6.548 7.28 7.218 6.862 6.794 6.548 5.888 6.653 6.774 6.678 6.12 5.727 6.314 5.959 5.814 6.29 6.211 6.321 5.126 5.362 5.736 6.074 6.399 5.736 5.56 5.829 5.505 5.491 6.244 6.135 5.25 5.87 5.903 5.836 6.111 5.592 5.782 5.915 5.372 5.96 5.514 5.697 5.874 5.768 5.546 5.872 5.777 5.625 5.554 5.387 5.249 5.552 4.924 5.271 5.768 5.644 5.402 5.512 5.328 5.939 5.754 5.525 5.391 5.158 5.089 5.377 5.085 5.487 5.67 5.391 5.512 6.04 5.464 5.39 5.506 5.645 5.679 5.292 4.802 5.15 5.204 5.714 5.768 4.72 4.646 4.854 4.535 4.682 4.958 5.038 4.857 5.364 4.938 5.631 5.115 5.237 5.264 5.439 5.452 5.285 4.873 5.372 5.236 5.565 5.727 4.708 6.017 5.151 4.797 5.212 5.145 4.918 4.741 4.66 5.043 5.029 5.366 4.985 4.994 4.807 5.32 5.323 5.271 5.541 4.973 5.946 4.937 5.326 5.422 6.17 5.18 5.314 4.964 4.86 5.105 5.184 5.298 5.481 5.214 4.581 4.835 4.741 5.419 5.42 5.04 5.269 4.93 5.184 4.892 4.824 4.85 4.991 4.702 5.003 5.21 5.112 5.324 4.689 5.26 4.978 4.893 4.979 5.217 5.003 5.84 5.235 5.491 5.309 5.636 4.756 5.141 5.003 4.877 5.134 5.046 5.464 5.518 4.736 5.102 5.13 4.964 5.26 5.174 5.165 5.018 3.957 4.306 4.256 4.54 3.637 4.34 3.955 4.033 4.537 5.106 4.301 4.886 4.586 4.882 4.308 4.907 4.344 4.896 4.622 5.272 4.406 4.678 5.522 4.182 4.977 4.53 4.51 5.355 4.841 4.531 4.464 5.21 5.123 4.648 5.533 5.062 4.901 5.384 5.451 4.795 4.702 5.158 5.188 5.222 5.138 4.966 4.735 4.959 5.018 5.282 4.932 5.135 4.889 5.241 5.104 5.427 4.859 4.96 5.441 5.205 4.801 4.964 5.652 4.679 5.34 4.972 5.009 5.295 4.635 5.029 4.677 5.665 4.916 5.263 4.576 5.133 5.083 4.973 5.428 5.093 5.114 5.329 5.107 5.408 4.737 4.683 4.846 5.463 5.398 4.901 5.115 5.14 5.649 5.172 4.993 5.046 5.265 4.525 4.544 5.4 5.26 5.295 4.343 3.901 4.473 4.464 4.517 4.204 4.875 4.104 4.072 4.414 5.01 4.536 4.832 5.143 4.083 4.472 5.179 4.17 5.134 4.983 4.814 4.946 4.711 4.655 4.696 5.299 5.035 4.856 4.621 4.692 4.876 5.671 5.133 4.688 4.48 5.287 4.996 5.111 5.561 4.528 5.043 5.181 5.66 4.766 5.636 5.24 5.28 4.41 5.174 4.907 5.124 5.172 5.243 5.302 5.051 4.872 4.949 4.883 5.036 5.247 5.672 5.117 4.867 5.397 5.3 5.073 5.208 5.083 5.314 5.001 4.611 5.353 5.349 4.706 5.21 5.265 5.368 5.696 4.688 5.331 5.106 5.142 4.714 5.554 4.852 4.885 4.994 5.228 4.874 5.227 6.003 5.882 5.96 4.884 5.879 4.593 5.692 5.192 4.936 5.649 5.322 5.129 4.295 4.865 4.262 4.082 4.606 4.915 4.845 4.493 4.752 4.839 4.707 4.434 4.537 4.538 5.205 4.618 4.555 5.291 4.672 5.153 4.948 4.787 4.116 4.449 4.589 4.903 5.51 4.299 5.094 4.958 4.627 4.838 5.168 4.969 4.973 5.391 5.112 4.69 5.639 5.46 5.131 4.7 5.595 5.367 5.139 4.965 5.718 4.611 5.902 5.033 5.004 5.081 5.488 4.921 5.386 5.105 5.339 5.009 5.338 5.286 5.992 4.687 4.745 5.356 5.272 4.621 5.092 5.305 5.107 5.188 5.373 5.716 5.046 5.311 5.33 4.981 4.834 5.362 5.489 5.377 5.379 5.615 5.319 5.25 4.918 5.631 5.685 5.321 5.331 5.598 5.365 5.222 5.446 5.593 5.598 5.333 5.121 5.384 5.701 5.201 5.295 5.359 3.788 4.382 4.508 4.418 4.335 4.601 4.685 4.355 4.931 5.073 5.36 4.92 5.256 4.394 4.567 4.799 4.958 4.465 5.044 5.403 4.961 5.127 4.575 4.799 5.101 5.063 4.647 4.854 5.008 5.471 5.016 4.888 4.984 5.078 5.013 4.947 5.142 5.102 4.863 5.074 5.342 4.415 5.342 4.51 4.954 5.552 4.627 4.875 5.045 4.645 5.109 5.33 5.239 5.095 5.057 5.426 5.013 5.25 4.999 5.086 5.235 5.039 4.99 5.416 4.732 5.232 5.535 5.097 4.606 5.234 5.085 4.77 5.617 5.883 4.866 4.825 5.523 5.451 5.559 5.286 5.425 5.637 5.416 5.487 5.819 5.324 5.349 5.506 5.997 5.88 5.51 5.52 5.922 6.651 5.906 5.623 5.972 5.828 5.694 6.214 5.856 7.463 12.996 13.614 14.171 12.972 13.48 13.375 13.204,1039.6,0.17384,0.1694259643554687,41.30113935470581,0.0093112165863209,0.0264731761119304,0.0719882765543479,0.0341429863804791,0.0200946798359213,0.0032471130615954,0.0141520934459294,0.0333466320898995,0.019454972626726,0.0096471396591085,0.0032471130615954,0.006060136502237,0.0067624137469853,0.006423404478707,0.0054623719071155,0.0032471130615954,0.006060136502237,0.0067624137469853,0.006423404478707,0.0054623719071155,0.0032471130615954,0.0079493391940191,0.0118270759508407,0.0092842042849743,0.0064960585345061,0.0032471130615954,0.0014152093445929,0.0003334663208989,0.0009727486313363,0.0019294279318217,0.0032471130615954,0.0141520934459294,0.0333466320898995,0.019454972626726,0.0096471396591085,0.3787441165902895,0.4156505220234915,0.4535689974339129,0.4274747711637776,0.4036935548915735,megamarket,sasrec,64,1512,64,42
15,6.562 5.352 5.108 5.034 5.135 5.234 5.248,12.166 11.589 10.39 10.077 9.568 9.584 8.913 8.615 8.427 8.573 7.429 7.572 7.784 7.42 7.738 7.691 7.072 6.893 6.722 7.463 7.448 6.988 6.99 6.811 6.137 6.844 7.081 6.844 6.403 5.993 6.624 6.243 6.051 6.554 6.524 6.532 5.322 5.604 6.078 6.424 6.701 6.041 5.943 6.055 5.818 5.767 6.507 6.417 5.537 6.236 6.113 5.998 6.409 5.938 6.051 6.172 5.55 6.303 5.756 5.888 6.192 6.058 5.768 6.115 5.917 5.87 5.805 5.75 5.42 5.75 5.133 5.513 5.965 5.872 5.636 5.763 5.59 6.158 5.97 5.793 5.538 5.428 5.216 5.535 5.293 5.633 5.878 5.717 5.626 6.21 5.692 5.573 5.659 5.812 5.905 5.417 4.977 5.334 5.357 5.817 5.976 4.915 4.835 5.051 4.727 4.925 5.171 5.235 5.039 5.557 5.208 5.837 5.381 5.422 5.565 5.664 5.724 5.569 5.122 5.646 5.554 5.746 6.018 4.864 6.311 5.38 5.053 5.48 5.415 5.223 4.982 4.865 5.337 5.306 5.67 5.301 5.151 5.054 5.643 5.48 5.562 5.749 5.266 6.213 5.173 5.536 5.695 6.501 5.5 5.595 5.271 5.062 5.365 5.382 5.568 5.812 5.376 4.668 4.974 4.929 5.542 5.614 5.319 5.331 5.095 5.373 5.175 5.03 4.954 5.16 4.988 5.166 5.404 5.291 5.458 4.888 5.469 5.165 5.084 5.202 5.37 5.212 5.969 5.397 5.651 5.509 5.89 5.009 5.307 5.115 5.082 5.32 5.318 5.642 5.685 4.872 5.287 5.273 5.202 5.454 5.312 5.422 5.191 4.149 4.56 4.456 4.862 3.816 4.498 4.173 4.241 4.809 5.297 4.553 5.175 4.788 5.124 4.541 5.138 4.572 5.191 4.947 5.501 4.648 4.886 5.661 4.384 5.135 4.686 4.694 5.593 4.943 4.766 4.768 5.416 5.365 4.721 5.768 5.268 5.169 5.452 5.603 4.978 4.941 5.357 5.342 5.454 5.275 5.121 4.945 5.064 5.239 5.482 5.052 5.303 5.033 5.416 5.232 5.493 5.062 5.165 5.636 5.367 4.933 5.157 5.711 4.817 5.494 5.163 5.157 5.395 4.744 5.213 4.841 5.891 4.904 5.396 4.725 5.2 5.314 5.005 5.569 5.27 5.312 5.343 5.308 5.48 4.875 4.79 4.98 5.569 5.404 5.001 5.162 5.267 5.714 5.175 4.99 5.115 5.308 4.495 4.615 5.539 5.307 5.338 4.351 4.068 4.497 4.641 4.634 4.318 4.986 4.17 4.116 4.492 5.182 4.622 4.895 5.235 4.164 4.505 5.324 4.212 5.211 5.054 4.887 5.041 4.778 4.775 4.86 5.394 5.025 5.034 4.69 4.744 5.004 5.744 5.203 4.714 4.616 5.366 5.101 5.179 5.492 4.6 5.01 5.235 5.649 4.854 5.641 5.275 5.346 4.457 5.168 4.955 5.159 5.117 5.209 5.27 5.156 4.913 4.933 4.946 5.024 5.293 5.76 5.146 4.834 5.39 5.269 5.082 5.255 5.096 5.264 4.999 4.761 5.289 5.236 4.597 5.304 5.256 5.35 5.777 4.653 5.273 5.084 5.13 4.705 5.508 4.996 4.897 4.993 5.274 4.935 5.153 5.941 5.811 5.977 4.835 5.829 4.686 5.641 5.086 4.926 5.579 5.311 5.196 4.437 4.884 4.282 4.282 4.672 5.013 4.878 4.566 4.885 4.902 4.8 4.464 4.598 4.578 5.24 4.722 4.659 5.399 4.763 5.165 5.117 4.829 4.188 4.529 4.547 5.023 5.552 4.328 5.274 4.906 4.601 4.914 5.095 5.031 4.928 5.31 5.11 4.65 5.582 5.473 5.218 4.756 5.695 5.393 5.175 5.021 5.696 4.659 5.928 5.035 5.057 5.148 5.477 4.984 5.344 5.126 5.325 5.121 5.316 5.191 5.917 4.753 4.792 5.4 5.259 4.598 5.108 5.278 5.213 5.19 5.434 5.689 5.069 5.29 5.398 5.019 5.017 5.395 5.416 5.396 5.338 5.704 5.382 5.379 5.025 5.73 5.799 5.378 5.364 5.677 5.39 5.305 5.522 5.703 5.551 5.415 5.242 5.494 5.654 5.281 5.329 5.362 3.906 4.519 4.713 4.564 4.429 4.809 4.853 4.438 4.966 5.272 5.457 5.133 5.389 4.593 4.786 5.093 5.107 4.598 5.187 5.668 5.202 5.238 4.881 4.956 5.409 5.247 4.869 5.101 5.149 5.621 5.146 5.123 5.094 5.272 5.152 5.16 5.319 5.289 5.062 5.239 5.388 4.65 5.504 4.652 5.131 5.733 4.735 5.01 5.269 4.787 5.429 5.448 5.481 5.151 5.224 5.527 5.127 5.436 5.102 5.258 5.438 5.271 5.124 5.568 4.906 5.392 5.689 5.166 4.76 5.525 5.246 4.927 5.791 6.073 5.025 4.975 5.499 5.502 5.66 5.314 5.386 5.682 5.437 5.339 5.649 5.289 5.247 5.472 5.817 5.672 5.176 5.45 5.569 6.164 5.36 5.222 5.404 5.336 5.23 5.679 5.36 5.198 4.241 4.784 5.032 4.033 4.861 4.661 4.676 4.63 4.971 4.585 4.845 5.261 4.761 5.915 5.015 5.887 4.582 5.157 5.498 5.398 4.78 4.825 5.148 5.612 4.868 5.138 5.092 5.809 5.082 4.615 4.664 5.349 5.223 5.451 5.457 5.109 5.262 5.003 5.643 4.988 5.273 5.425 5.667 5.269 5.398 5.231 5.508 5.791 5.088 4.688 5.409 4.834 5.536 5.188 5.385 5.356 6.186 5.564 5.762 5.24 5.492 5.638 5.232 5.342 5.149 5.112 5.643 5.662 5.47 4.97 5.663 5.139 5.239 5.064 5.241 5.32 5.682 5.321 4.834 4.934 5.206 4.657 5.596 5.592 5.419 4.799 5.929 5.263 5.115 4.814 5.2 6.242 5.123 5.153 5.569 5.702 5.768 5.394 5.117 4.585 5.707 5.213 4.512 4.527 4.707 5.025 5.111 4.637 5.025 4.884 4.691 4.792 4.445 5.079 5.37 5.24 5.651 5.19 5.249 5.118 5.821 5.181 5.149 5.272 5.097 5.361 6.018 5.792 5.858 5.592 5.621 5.974 6.059 5.996 6.746 6.125 5.984 6.279 5.496 6.513 6.668 7.559 12.917 12.979 13.555 12.651 13.98 12.916 13.996 13.64 13.896 13.823 12.956,1298.3,0.22502,0.1694259643554687,52.48994779586792,0.0105616348382139,0.0289424113615803,0.0656147373378112,0.0366394854572267,0.0222764056361766,0.003540793935767,0.0143127867544384,0.0324378837245384,0.0192887381696478,0.0101292195846355,0.003540793935767,0.0063827039116287,0.0070469235125402,0.0067274302553855,0.0058310429919246,0.003540793935767,0.0063827039116287,0.0070469235125402,0.0067274302553855,0.0058310429919246,0.003540793935767,0.0082389476692587,0.0119002014746294,0.009496144498886,0.0068928085461695,0.003540793935767,0.0014312786754438,0.0003243788372453,0.0009644369084823,0.0020258439169271,0.003540793935767,0.0143127867544384,0.0324378837245384,0.0192887381696478,0.0101292195846355,0.3844197891835834,0.4218722331841533,0.460815344057112,0.4341729624682663,0.4094370820234856,megamarket,sasrec,64,2048,64,42
16,4.688 2.707 1.738 0.978,12.105 10.321 8.757 9.148 7.992 7.742 7.092 7.141 6.995 7.057 6.056 6.042 6.058 5.733 5.799 5.197 5.934 5.682 5.408 5.28 5.178 5.222 4.329 5.031 4.892 4.601 4.753 5.12 4.56 5.198 4.862 4.15 4.227 4.621 4.109 4.51 4.296 3.837 4.054 4.132 5.062 4.437 4.053 3.648 4.331 4.311 4.314 4.403 4.105 4.327 4.239 4.325 4.005 4.55 4.295 4.175 4.173 3.956 4.024 4.023 3.995 3.701 4.216 4.271 3.914 3.65 3.748 4.097 3.757 3.82 3.462 3.254 4.051 3.779 3.339 3.448 3.801 3.77 4.067 4.38 3.627 4.293 3.915 3.687 3.699 3.774 3.624 4.256 3.505 3.308 3.887 3.861 3.483 3.478 4.23 3.887 3.513 3.911 3.559 3.478 3.522 2.465 2.65 2.836 2.794 2.303 2.404 2.505 2.633 2.497 2.508 2.338 2.529 2.862 3.097 2.442 2.892 2.887 2.318 2.931 2.693 2.917 2.752 2.345 2.778 2.833 2.254 2.648 2.738 2.797 2.218 2.681 2.635 2.52 2.668 2.747 2.59 2.83 2.666 2.64 2.504 2.975 2.556 2.539 2.693 2.437 2.625 2.685 2.411 2.709 2.652 2.853 2.842 2.592 2.458 3.053 2.835 2.761 2.7 2.853 2.693 3.021 2.877 2.318 2.767 2.78 2.821 2.876 2.54 2.647 3.107 2.925 2.726 2.468 2.481 2.677 2.783 2.875 3.142 2.773 2.728 2.793 2.924 3.128 2.957 2.72 2.461 2.997 2.96 2.864 2.561 3.113 3.05 2.928 2.518 2.821 3.172 2.588 2.77 2.774 2.803 2.871 2.419 1.384 1.619 1.479 1.578 1.467 1.46 1.438 1.399 1.466 1.622 1.395 1.563 1.361 1.516 1.511 1.554 1.906 1.725 1.614 1.634 1.605 1.708 1.77 1.416 1.469 1.469 1.78 1.713 1.505 1.736 1.889 1.479 1.667 1.371 1.737 1.548 1.61 1.765 1.723 1.692 1.662 1.668 2.003 1.501 1.675 1.399 1.774 1.672 1.744 1.609 1.909 1.559 1.801 1.778 1.924 2.025 1.855 1.766 1.872 1.832 1.843 1.798 1.898 1.802 1.863 1.837 1.822 1.764 1.94 1.716 1.772 1.532 1.505 1.897 1.81 2.038 1.865 2.041 1.938 1.629 1.738 1.822 1.952 1.599 1.709 1.847 1.964 2.089 1.823 2.113 1.926 1.924 2.116 1.929 2.022 2.01 2.047 1.979 1.78 1.978 2.045 1.915 0.78 0.866 0.696 0.832 0.773 0.854 0.799 0.933 0.925 0.821 0.74 0.755 0.796 0.807 1.042 0.825 0.881 0.912 0.894 0.948 0.772 0.832 0.833 0.95 0.979 0.692 0.829 0.842 0.945 0.823 1.146 1.046 0.928 0.963 0.984 0.972 1.055 0.874 1.021 0.831 0.9 0.924 0.972 0.953 0.861 1.012 0.971 0.863 0.967 1.1 0.976 0.941 0.814 0.851 1.048 0.956 1.196 0.987 0.883 1.057 0.888 0.934 1.055 1.027 0.999 0.966 1.073 1.102 1.203 1.117 0.921 1.292 1.059 1.112 0.936 1.041 1.153 1.147 0.945 1.018 1.143 1.25 0.962 1.153 0.948 1.267 1.178 1.354 1.064 1.239 1.07 1.023 1.152 1.012 1.307 1.057 1.017 1.167 1.12 1.164 1.175 1.24 0.541 0.509 0.556 0.622 0.535 0.535 0.525 0.632 0.651 0.669 0.538 0.487 0.691 0.477 0.804 1.081 0.946 0.996 0.944 0.985 1.05 1.001 1.03 1.125 1.251 1.053 1.067 1.18 1.313 1.46 1.32 1.42 1.351 1.266 1.82 1.574 2.085 1.804 1.877 1.713 1.748 1.498 1.959 1.885 2.066 1.828 2.48 2.163 2.636 13.519 15.228 13.753 15.04 14.263 13.385 13.494 15.231 14.701 14.204 13.445 12.744 14.105 13.75 13.337 12.596 12.811 12.967,323.66,0.036644,3.337860107421875e-06,15.940317630767822,0.0081828659239339,0.028335791208655,0.0949921306680876,0.0409694769062991,0.0193734276826986,0.0023217412505264,0.0099131147904337,0.0308309506394485,0.0145787618857636,0.0066660017288383,0.0023217412505264,0.0042410455918667,0.0049385207320751,0.0045618508480103,0.0038201601761346,0.0023217412505264,0.0042410455918667,0.0049385207320751,0.0045618508480103,0.0038201601761346,0.0023217412505264,0.0055598775345047,0.0096683297910312,0.0067357674896408,0.0045223666410313,0.0023217412505264,0.0009913114790433,0.0003083095063944,0.0007289380942881,0.0013332003457676,0.0023217412505264,0.0099131147904337,0.0308309506394485,0.0145787618857636,0.0066660017288383,0.3945196723172841,0.4140845956857444,0.4456048894981137,0.422415505071033,0.4066703937886372,megamarket,sasrec,64,32,128,42
17,4.863 3.072 2.288 1.555,11.895 10.279 8.823 9.175 8.083 7.814 7.195 7.264 7.057 7.164 6.134 6.184 6.174 5.764 5.928 5.283 6.076 5.796 5.521 5.423 5.347 5.302 4.406 5.194 5.083 4.714 4.903 5.208 4.703 5.339 4.921 4.384 4.413 4.685 4.381 4.662 4.39 4.034 4.255 4.329 5.218 4.655 4.275 3.834 4.447 4.475 4.561 4.556 4.245 4.552 4.463 4.529 4.206 4.779 4.512 4.474 4.278 4.128 4.222 4.229 4.244 3.959 4.491 4.555 4.161 3.869 3.885 4.365 3.958 3.994 3.719 3.422 4.245 3.907 3.495 3.69 4.058 4.006 4.288 4.734 3.833 4.372 4.163 3.935 3.884 4.038 3.875 4.437 3.705 3.534 4.148 4.137 3.805 3.696 4.461 4.09 3.812 4.057 3.829 3.683 3.765 2.737 2.986 3.119 3.111 2.561 2.741 2.857 3.021 2.831 2.861 2.616 2.974 3.259 3.444 2.872 3.259 3.226 2.644 3.184 2.978 3.307 3.134 2.744 3.179 3.104 2.669 3.102 3.154 3.174 2.64 3.122 3.066 2.826 3.072 3.17 2.913 3.185 3.075 2.954 2.865 3.383 2.928 2.882 3.111 2.847 3.018 3.159 2.746 3.147 3.07 3.189 3.224 2.921 2.754 3.582 3.12 3.217 2.96 3.265 3.011 3.454 3.302 2.756 3.142 3.224 3.126 3.114 2.793 2.985 3.414 3.344 3.142 2.934 2.911 3.004 3.162 3.238 3.411 3.148 3.082 3.09 3.311 3.508 3.415 3.016 2.788 3.42 3.349 3.219 2.946 3.453 3.361 3.374 2.808 3.221 3.605 2.952 3.238 3.225 3.192 3.265 2.719 1.685 2.055 1.895 2.093 1.994 1.981 1.868 1.796 1.945 2.098 1.906 2.053 1.753 1.948 2.04 1.911 2.447 2.231 2.18 2.132 2.228 2.205 2.241 1.884 1.952 1.964 2.254 2.267 1.942 2.298 2.334 2.0 2.219 1.927 2.363 2.209 2.154 2.42 2.316 2.297 2.178 2.296 2.574 2.021 2.111 1.93 2.356 2.15 2.32 2.152 2.467 2.134 2.345 2.227 2.632 2.508 2.448 2.346 2.529 2.425 2.409 2.343 2.444 2.269 2.322 2.354 2.325 2.211 2.502 2.243 2.327 2.093 2.023 2.41 2.545 2.631 2.377 2.659 2.565 2.198 2.152 2.221 2.539 2.207 2.218 2.445 2.622 2.591 2.452 2.557 2.391 2.567 2.652 2.697 2.738 2.651 2.345 2.445 2.573 2.683 2.768 2.46 1.251 1.348 1.205 1.371 1.315 1.334 1.317 1.446 1.22 1.192 1.161 1.199 1.264 1.287 1.615 1.294 1.346 1.556 1.299 1.571 1.323 1.277 1.34 1.29 1.468 1.209 1.367 1.273 1.506 1.505 1.708 1.713 1.556 1.576 1.583 1.51 1.491 1.281 1.467 1.314 1.457 1.452 1.56 1.509 1.267 1.637 1.418 1.478 1.628 1.679 1.477 1.504 1.358 1.429 1.637 1.481 1.906 1.608 1.301 1.489 1.538 1.669 1.762 1.706 1.449 1.709 1.597 1.802 1.885 1.796 1.517 2.033 1.694 1.729 1.565 1.562 1.721 1.712 1.442 1.768 1.734 1.853 1.65 1.647 1.664 1.782 1.883 1.992 1.633 1.769 1.584 1.731 1.929 1.626 2.113 1.785 1.793 1.824 1.791 1.874 1.918 2.111 0.776 0.776 0.864 0.832 0.721 0.781 0.749 0.832 0.888 0.805 0.697 0.683 0.819 0.793 0.709 0.812 0.938 0.778 0.948 0.832 0.846 0.872 0.876 0.871 0.815 0.791 0.883 0.715 0.903 0.942 0.937 0.878 0.855 0.851 0.826 0.845 1.003 0.915 0.918 0.958 0.763 0.749 0.969 0.919 1.105 0.796 1.045 0.946 0.996 0.981 1.019 1.011 1.032 0.901 0.931 1.099 1.043 1.095 1.048 0.937 1.059 1.156 1.22 1.132 1.154 1.19 1.144 1.226 0.985 1.036 0.972 1.277 1.244 1.627 1.309 1.378 1.612 1.282 1.457 1.207 1.237 4.766 6.685 6.24 6.302 6.312 5.557 5.618 5.733 5.61 5.235 4.762 5.588 5.467 4.421 5.036,339.14,0.041441,0.1694259643554687,16.110716819763184,0.0084418722813626,0.0326546292739147,0.1260208444350811,0.0487204590237071,0.0217565340240169,0.0021000953077553,0.0104062770130992,0.0328035995301106,0.0152769466054923,0.0068599419287629,0.0021000953077553,0.0042077217400543,0.0049454915605091,0.004541346063933,0.0037461858427348,0.0021000953077553,0.0042077217400543,0.0049454915605091,0.004541346063933,0.0037461858427348,0.0021000953077553,0.0056501818629153,0.0100377393440133,0.0068760499361032,0.004515177852685,0.0021000953077553,0.0010406277013099,0.0003280359953011,0.0007638473302746,0.0013719883857525,0.0021000953077553,0.0104062770130992,0.0328035995301106,0.0152769466054923,0.0068599419287629,0.384408842668571,0.4111805209735801,0.4496378019893767,0.4214172689381374,0.4018880560786365,megamarket,sasrec,64,64,128,42
18,5.031 3.419 2.829 2.314,11.766 10.327 8.931 9.3 8.169 7.963 7.366 7.376 7.226 7.249 6.282 6.385 6.366 5.944 6.115 5.44 6.184 5.971 5.734 5.536 5.493 5.441 4.562 5.303 5.261 4.842 5.084 5.321 4.818 5.517 5.06 4.513 4.579 4.857 4.42 4.833 4.594 4.133 4.455 4.466 5.414 4.878 4.363 4.005 4.626 4.663 4.707 4.792 4.49 4.716 4.783 4.622 4.372 4.926 4.716 4.568 4.523 4.272 4.453 4.488 4.43 4.11 4.604 4.728 4.28 4.053 4.108 4.499 4.152 4.198 3.934 3.678 4.482 4.187 3.728 3.951 4.231 4.276 4.389 4.92 4.073 4.598 4.387 4.158 4.025 4.316 4.048 4.71 3.882 3.741 4.385 4.264 3.998 3.953 4.74 4.261 3.911 4.419 4.037 3.82 3.927 3.007 3.195 3.355 3.35 2.95 3.021 3.182 3.289 3.073 3.203 2.886 3.387 3.607 3.81 3.192 3.634 3.549 2.949 3.552 3.284 3.64 3.377 3.065 3.518 3.478 2.958 3.496 3.505 3.499 2.965 3.498 3.4 3.199 3.432 3.535 3.34 3.511 3.524 3.354 3.194 3.786 3.261 3.231 3.405 3.197 3.356 3.584 3.114 3.515 3.388 3.6 3.688 3.425 3.16 3.956 3.493 3.535 3.284 3.633 3.351 3.846 3.619 3.067 3.478 3.56 3.498 3.498 3.184 3.332 3.943 3.628 3.459 3.242 3.169 3.365 3.591 3.527 3.787 3.448 3.469 3.532 3.604 3.842 3.77 3.463 3.139 3.713 3.78 3.63 3.323 3.789 3.822 3.784 3.161 3.65 3.895 3.311 3.64 3.579 3.545 3.608 3.081 2.072 2.671 2.426 2.623 2.398 2.457 2.434 2.211 2.343 2.572 2.425 2.573 2.215 2.421 2.54 2.493 2.959 2.938 2.682 2.77 2.697 2.691 2.835 2.394 2.603 2.524 2.974 2.87 2.423 2.801 2.846 2.508 2.635 2.349 2.87 2.664 2.718 3.029 2.823 2.903 2.79 2.789 3.266 2.559 2.814 2.448 2.981 2.654 2.926 2.706 3.038 2.627 2.867 2.772 3.165 3.086 3.001 2.867 3.007 3.006 2.904 2.883 3.068 2.851 2.855 3.039 2.852 2.776 3.291 2.752 2.937 2.647 2.525 2.958 3.014 3.158 2.954 3.25 3.092 2.806 2.716 2.811 3.065 2.692 2.783 3.023 3.189 3.258 3.032 3.093 2.871 3.095 3.315 3.193 3.374 3.261 2.939 3.039 3.115 3.273 3.364 3.114 1.867 2.008 1.795 1.963 1.95 1.943 1.968 2.21 1.817 1.827 1.771 1.868 1.795 1.973 2.377 1.942 2.067 2.216 1.778 2.317 2.007 2.015 2.219 2.074 2.249 1.913 2.064 2.028 2.137 2.069 2.432 2.408 2.42 2.38 2.357 2.329 2.267 1.967 2.238 1.885 2.108 2.179 2.32 2.281 2.065 2.443 2.365 2.158 2.423 2.608 2.306 2.237 1.927 2.176 2.605 2.17 2.822 2.374 2.036 2.357 2.226 2.535 2.864 2.569 2.12 2.471 2.542 2.606 2.966 2.521 2.371 2.861 2.649 2.677 2.358 2.35 2.551 2.652 2.123 2.635 2.56 2.838 2.482 2.499 2.356 2.785 2.902 2.775 2.445 2.622 2.322 2.28 2.82 2.31 3.061 2.567 2.447 2.713 2.513 2.752 2.638 3.081 1.358 1.25 1.429 1.563 1.362 1.309 1.261 1.428 1.481 1.441 1.281 1.281 1.511 1.302 1.424 1.64 1.651 1.48 1.634 1.591 1.705 1.511 1.624 1.59 1.737 1.424 1.545 1.435 1.701 1.898 1.784 1.75 1.75 1.651 1.638 1.595 1.895 1.91 1.821 1.895 1.65 1.492 1.827 1.732 1.826 1.709 2.159 1.852 2.133 1.846 2.15 2.025 2.046 1.928 1.92 1.942 10.278 11.971 12.568 11.382 10.994 11.888 11.544 11.433 10.595,372.65,0.049409,0.1694259643554687,16.490524291992188,0.0082442095349038,0.0323249848190053,0.1138196621763969,0.0482650291846876,0.0213227913201888,0.0022884943591107,0.0114535540926923,0.0349480240264201,0.0164793758450251,0.0074362213799676,0.0022884943591107,0.0046159702586326,0.0053777884161509,0.0049587290386496,0.0040869664797452,0.0022884943591107,0.0046159702586326,0.0053777884161509,0.0049587290386496,0.0040869664797452,0.0022884943591107,0.006206763911778,0.0107865218303271,0.0074700087761698,0.0049148326177062,0.0022884943591107,0.0011453554092692,0.0003494802402642,0.0008239687922512,0.0014872442759935,0.0022884943591107,0.0114535540926923,0.0349480240264201,0.0164793758450251,0.0074362213799676,0.3892540225352546,0.4177701409762094,0.4578941903538236,0.4286885507486177,0.4076396688947997,megamarket,sasrec,64,128,128,42
19,5.229 3.807 3.404 3.114,11.693 10.512 9.081 9.435 8.348 8.156 7.558 7.581 7.437 7.457 6.516 6.63 6.553 6.273 6.362 5.617 6.388 6.158 5.877 5.765 5.733 5.62 4.731 5.518 5.353 4.995 5.246 5.457 4.951 5.649 5.298 4.682 4.76 5.055 4.662 4.951 4.821 4.308 4.625 4.643 5.624 5.067 4.607 4.185 4.728 4.947 4.964 4.919 4.66 4.834 4.914 4.844 4.535 5.134 4.838 4.663 4.726 4.516 4.597 4.795 4.613 4.256 4.869 4.835 4.421 4.318 4.223 4.734 4.342 4.435 4.091 3.889 4.633 4.348 4.023 4.163 4.489 4.429 4.607 5.158 4.253 4.781 4.669 4.435 4.272 4.497 4.238 4.896 4.137 3.906 4.615 4.594 4.176 4.177 4.938 4.518 4.176 4.617 4.221 4.026 4.154 3.293 3.568 3.645 3.68 3.153 3.36 3.435 3.566 3.474 3.458 3.15 3.726 3.981 4.073 3.489 4.014 3.961 3.285 3.984 3.709 4.071 3.814 3.503 3.975 3.836 3.358 3.803 3.849 4.019 3.329 3.809 3.797 3.529 3.794 3.888 3.732 3.947 3.899 3.78 3.609 4.234 3.59 3.56 3.749 3.567 3.844 3.988 3.423 3.911 3.794 3.886 4.105 3.823 3.612 4.34 3.868 3.994 3.678 4.011 3.73 4.269 3.979 3.367 3.926 3.953 3.882 3.947 3.596 3.657 4.282 3.966 3.919 3.674 3.518 3.852 3.891 3.939 4.223 3.819 3.806 3.902 4.03 4.29 4.14 3.863 3.539 4.185 4.2 4.044 3.643 4.119 4.109 4.209 3.478 4.067 4.373 3.676 4.043 3.907 3.921 3.986 3.438 2.427 3.085 2.768 3.159 2.937 2.979 2.92 2.833 2.863 3.079 2.883 3.156 2.732 2.94 3.055 3.054 3.563 3.561 3.269 3.264 3.29 3.362 3.388 2.918 3.133 3.044 3.581 3.492 2.975 3.527 3.44 2.944 3.148 2.997 3.463 3.326 3.249 3.702 3.501 3.542 3.371 3.383 3.85 2.974 3.454 2.965 3.633 3.181 3.594 3.268 3.694 3.208 3.478 3.417 3.74 3.767 3.569 3.411 3.651 3.545 3.529 3.49 3.668 3.317 3.517 3.557 3.477 3.341 3.85 3.36 3.449 3.114 3.072 3.358 3.63 3.713 3.571 3.843 3.651 3.324 3.268 3.331 3.624 3.281 3.355 3.679 3.84 3.787 3.53 3.582 3.502 3.633 3.807 3.752 3.855 3.749 3.421 3.556 3.708 3.847 3.855 3.731 2.616 2.741 2.479 2.603 2.827 2.697 2.621 2.902 2.548 2.586 2.47 2.552 2.452 2.772 3.384 2.622 2.82 2.973 2.526 3.01 2.724 2.701 2.925 2.837 3.029 2.761 2.898 2.721 2.99 2.905 3.235 3.326 3.327 3.145 3.291 3.111 3.127 2.672 2.864 2.626 2.995 3.08 3.114 3.215 2.793 3.199 3.255 2.945 3.362 3.515 2.959 3.094 2.671 3.054 3.468 2.969 3.852 3.155 2.621 3.223 2.976 3.379 3.73 3.488 2.778 3.295 3.307 3.422 3.85 3.393 3.171 3.655 3.528 3.447 3.154 3.052 3.387 3.488 2.923 3.486 3.405 3.742 3.338 3.312 3.21 3.611 3.764 3.559 3.188 3.404 3.047 2.99 3.599 3.04 3.902 3.288 3.215 3.434 3.306 3.452 3.482 3.906 2.066 2.135 2.386 2.496 2.251 2.33 2.223 2.261 2.495 2.425 2.182 2.095 2.396 2.253 2.278 2.94 2.522 2.504 2.639 2.632 2.581 2.445 2.563 2.555 2.881 2.34 2.606 2.417 2.706 3.001 2.965 2.854 2.789 2.769 2.741 2.596 3.12 3.011 2.686 2.779 2.561 2.426 2.794 2.707 2.771 2.49 3.071 2.798 3.152 2.673 2.898 2.688 2.976 2.838 2.847 2.795 3.325 3.096 3.105 2.948 2.927 3.386 3.227 3.083 3.017 3.049 3.095 3.184 3.144 3.036 2.612 3.349 3.274 3.713 2.973 2.914 3.38 3.374 3.807 3.163 3.322 3.598 3.234 3.338 3.586 3.947 3.284 3.596 3.91 10.407 11.409 11.218 11.328 11.601 10.577 11.351 10.583 11.339 11.596,509.97,0.067147,0.1694259643554687,19.81873655319214,0.0093992043919546,0.033262488691708,0.09258919608888,0.0462059906063723,0.0232740138549812,0.002958973335993,0.0136977192632488,0.0387492519449431,0.0199758405922379,0.0088880023051178,0.002958973335993,0.00560886712185,0.0064844907431828,0.0060416591947698,0.0049751202429239,0.002958973335993,0.00560886712185,0.0064844907431828,0.0060416591947698,0.0049751202429239,0.002958973335993,0.0074869427155401,0.0124762489627187,0.0090704871403009,0.0059397049195848,0.002958973335993,0.0013697719263248,0.0003874925194494,0.0009987920296118,0.0017776004610235,0.002958973335993,0.0136977192632488,0.0387492519449431,0.0199758405922379,0.0088880023051178,0.3963180958195939,0.4291503725424587,0.47143495954275,0.4414647652843888,0.4175852072071171,megamarket,sasrec,64,256,128,42
20,5.472 4.213 3.964 3.829 3.736,11.795 10.665 9.213 9.596 8.522 8.372 7.755 7.809 7.683 7.708 6.769 6.809 6.848 6.618 6.655 5.929 6.687 6.534 6.167 6.137 6.009 5.941 5.048 5.858 5.688 5.278 5.545 5.752 5.265 5.852 5.57 4.947 5.049 5.273 4.84 5.235 5.022 4.513 4.809 4.894 5.827 5.274 4.749 4.39 4.976 5.023 5.226 5.16 4.875 5.066 5.218 5.062 4.778 5.338 5.096 4.94 4.919 4.671 4.807 5.021 4.806 4.461 5.105 5.075 4.696 4.479 4.507 4.996 4.505 4.68 4.433 4.109 4.875 4.612 4.27 4.434 4.714 4.658 4.895 5.412 4.532 5.048 4.878 4.679 4.603 4.731 4.506 5.163 4.364 4.146 4.954 4.864 4.54 4.4 5.252 4.639 4.437 4.873 4.485 4.379 4.495 3.597 3.911 3.992 4.045 3.515 3.627 3.846 4.033 3.859 3.918 3.535 4.174 4.409 4.458 3.932 4.48 4.391 3.659 4.353 4.139 4.546 4.268 3.947 4.426 4.269 3.722 4.225 4.337 4.38 3.697 4.214 4.322 3.914 4.183 4.39 4.065 4.378 4.308 4.146 3.961 4.794 4.021 4.085 4.164 4.037 4.237 4.424 3.894 4.359 4.225 4.38 4.586 4.284 4.069 4.793 4.278 4.4 4.033 4.387 4.189 4.621 4.371 3.734 4.38 4.357 4.322 4.344 3.909 4.037 4.733 4.376 4.368 4.06 3.857 4.203 4.317 4.275 4.65 4.197 4.184 4.25 4.328 4.739 4.602 4.26 3.915 4.569 4.473 4.421 4.068 4.484 4.536 4.617 3.908 4.45 4.744 4.048 4.343 4.32 4.287 4.339 3.821 2.715 3.55 3.295 3.73 3.371 3.556 3.48 3.262 3.408 3.574 3.38 3.746 3.282 3.44 3.585 3.641 4.156 4.292 3.821 3.903 3.795 3.809 4.009 3.465 3.749 3.624 4.192 4.1 3.495 4.153 3.942 3.708 3.733 3.461 4.109 3.858 3.782 4.443 4.097 4.147 3.903 3.91 4.484 3.67 4.002 3.515 4.199 3.717 4.106 3.874 4.332 3.829 4.129 4.032 4.346 4.378 4.168 4.019 4.232 3.998 4.169 4.081 4.377 3.786 3.993 4.062 3.983 3.869 4.382 3.883 3.973 3.719 3.55 3.955 4.069 4.276 4.001 4.336 4.129 3.961 3.782 3.896 4.057 3.764 3.866 4.177 4.397 4.332 4.138 4.148 3.937 4.202 4.238 4.191 4.375 4.283 3.902 4.11 4.187 4.284 4.38 4.247 3.193 3.478 3.097 3.254 3.539 3.496 3.414 3.664 3.356 3.151 3.109 3.283 3.21 3.532 4.274 3.307 3.558 3.811 3.202 3.802 3.518 3.556 3.725 3.579 3.786 3.548 3.548 3.48 3.703 3.659 3.884 4.121 4.263 3.945 4.083 3.844 4.046 3.348 3.737 3.206 3.667 3.773 4.03 4.068 3.539 4.034 4.183 3.669 3.986 4.424 3.682 3.759 3.339 3.926 4.238 3.596 4.746 3.908 3.305 3.897 3.585 4.189 4.554 4.281 3.415 3.975 3.969 4.157 4.732 4.087 3.837 4.293 4.165 4.077 3.775 3.787 4.188 4.138 3.419 4.094 4.088 4.498 4.008 4.012 3.833 4.291 4.499 4.273 3.811 4.133 3.652 3.635 4.415 3.629 4.605 3.876 3.837 4.116 3.898 4.184 4.228 4.533 2.859 2.877 3.24 3.406 2.988 3.297 3.079 3.063 3.311 3.26 2.956 3.003 3.401 3.078 3.074 3.875 3.568 3.407 3.593 3.564 3.554 3.323 3.566 3.595 3.833 3.248 3.586 3.261 3.632 3.929 3.822 3.789 3.843 3.738 3.602 3.367 4.171 3.917 3.563 3.709 3.431 3.358 3.745 3.549 3.721 3.218 4.074 3.631 4.096 3.528 3.778 3.493 3.815 3.756 3.627 3.723 4.186 3.997 4.077 3.728 3.77 4.192 4.105 3.971 3.816 3.85 3.888 3.925 3.909 3.746 3.311 4.122 3.924 4.368 3.68 3.528 4.098 4.019 4.406 3.663 3.998 4.201 3.883 3.702 3.944 4.381 3.695 3.956 4.332 4.199 3.987 3.598 4.243 4.21 3.7 3.917 3.895 4.076 4.501 4.373 4.22 4.312 2.98 3.068 2.874 2.879 3.271 3.226 3.331 3.547 3.328 3.376 3.219 3.194 3.418 3.543 3.347 3.177 3.187 3.871 3.316 3.43 3.583 3.728 3.805 3.184 3.428 3.418 3.879 3.925 3.869 3.573 3.782 4.122 4.105 3.958 9.387 12.343 11.457 11.579 11.009 11.437 11.209 10.324 10.824,697.34,0.10597,0.1694259643554687,29.627566814422607,0.0100646896261137,0.0341312133642323,0.0825870893386043,0.0463125673850272,0.0243038429603559,0.0030143848216858,0.0145344326972094,0.0397466586874127,0.0212170578717556,0.0096526808076778,0.0030143848216858,0.005909766881241,0.0068169959005994,0.0063741237014063,0.005269724641857,0.0030143848216858,0.005909766881241,0.0068169959005994,0.0063741237014063,0.005269724641857,0.0030143848216858,0.0079175727558318,0.0129803932856298,0.0096079061165306,0.0063503727155733,0.0030143848216858,0.0014534432697209,0.0003974665868741,0.0010608528935877,0.0019305361615355,0.0030143848216858,0.0145344326972094,0.0397466586874127,0.0212170578717556,0.0096526808076778,0.3950972724700102,0.4292212971762487,0.4723679839844534,0.4422387734676325,0.4170081805027758,megamarket,sasrec,64,512,128,42
21,5.825 4.652 4.5 4.419,11.96 11.037 9.478 9.928 8.796 8.668 8.017 8.129 7.984 7.985 7.076 7.117 7.078 7.017 6.967 6.234 7.049 6.859 6.51 6.493 6.354 6.313 5.554 6.248 6.106 5.68 5.968 6.248 5.658 6.351 6.018 5.349 5.392 5.772 5.346 5.551 5.445 4.954 5.285 5.229 6.228 5.618 5.184 4.757 5.342 5.376 5.583 5.581 5.262 5.425 5.514 5.417 5.081 5.712 5.368 5.214 5.317 5.071 5.181 5.378 5.09 4.805 5.417 5.357 5.02 4.792 4.753 5.322 4.83 5.028 4.654 4.446 5.263 4.899 4.61 4.748 5.045 5.011 5.2 5.765 4.845 5.375 5.278 5.06 4.945 5.086 4.87 5.533 4.712 4.421 5.343 5.18 4.908 4.772 5.699 4.987 4.743 5.284 4.819 4.653 4.821 3.94 4.326 4.419 4.534 4.011 4.075 4.268 4.431 4.306 4.316 3.972 4.629 4.912 4.935 4.342 4.962 4.865 4.076 4.847 4.613 4.984 4.768 4.43 4.927 4.749 4.174 4.712 4.699 4.851 4.148 4.652 4.77 4.38 4.685 4.77 4.552 4.807 4.734 4.611 4.382 5.206 4.416 4.485 4.647 4.526 4.756 4.961 4.296 4.75 4.72 4.866 5.054 4.836 4.499 5.186 4.631 4.861 4.512 4.866 4.552 5.079 4.749 4.223 4.713 4.698 4.655 4.701 4.418 4.504 5.118 4.773 4.766 4.495 4.238 4.65 4.651 4.695 5.003 4.677 4.624 4.639 4.753 5.053 4.919 4.623 4.266 4.968 4.922 4.814 4.423 4.846 4.937 5.008 4.245 4.865 5.23 4.516 4.88 4.694 4.762 4.796 4.172 3.151 3.996 3.819 4.23 3.87 4.125 3.996 3.866 3.958 4.132 3.944 4.348 3.764 4.003 4.216 4.189 4.745 4.933 4.36 4.451 4.339 4.399 4.641 4.054 4.415 4.119 4.735 4.707 4.103 4.837 4.543 4.326 4.288 4.039 4.722 4.466 4.497 5.005 4.694 4.763 4.472 4.428 5.053 4.14 4.517 4.072 4.747 4.242 4.781 4.449 4.893 4.342 4.601 4.552 4.829 4.993 4.748 4.494 4.722 4.558 4.671 4.506 4.904 4.243 4.497 4.532 4.595 4.394 4.947 4.377 4.46 4.233 4.183 4.445 4.53 4.738 4.498 4.815 4.637 4.406 4.262 4.419 4.505 4.252 4.338 4.676 4.829 4.856 4.572 4.622 4.371 4.73 4.75 4.706 4.867 4.714 4.423 4.54 4.697 4.792 4.795 4.765 3.707 4.074 3.687 3.875 4.297 4.099 4.069 4.319 4.076 3.75 3.778 4.043 3.843 4.179 4.916 3.983 4.295 4.599 3.848 4.45 4.159 4.28 4.544 4.356 4.474 4.254 4.043 4.022 4.393 4.326 4.469 4.757 4.963 4.522 4.746 4.435 4.742 4.0 4.317 3.737 4.387 4.401 4.634 4.758 4.159 4.778 4.95 4.28 4.675 5.024 4.311 4.269 3.938 4.578 4.878 4.133 5.466 4.393 3.837 4.461 4.128 4.729 5.081 4.833 3.922 4.479 4.423 4.751 5.161 4.643 4.353 4.895 4.83 4.614 4.345 4.376 4.809 4.724 3.945 4.533 4.573 5.016 4.476 4.569 4.405 4.809 5.075 4.7 4.404 4.622 4.174 4.095 4.749 4.102 5.224 4.466 4.314 4.586 4.41 4.645 4.679 4.906 3.381 3.482 3.99 4.149 3.645 4.017 3.806 3.806 4.101 4.071 3.663 3.763 4.243 3.832 3.893 4.774 4.433 4.422 4.697 4.455 4.519 4.508 4.655 4.957 5.027 4.641 4.843 4.405 4.878 10.584 12.698 12.392 13.489 12.922 13.005 12.334 13.287 13.536 12.615 12.883,1193.4,0.20513,0.1694259643554687,49.37700843811035,0.0137186620896484,0.0401112859851536,0.0946191119427955,0.0518706703183671,0.0301054614402736,0.003884345147062,0.01651816388501,0.0387049227563889,0.0223862402198727,0.0114646363898308,0.003884345147062,0.0071870104219329,0.0079922893647416,0.0075991417882017,0.0065197154066094,0.003884345147062,0.0071870104219329,0.0079922893647416,0.0075991417882017,0.0065197154066094,0.003884345147062,0.0093685045364682,0.0138356430809627,0.0108583290940048,0.0077415528703289,0.003884345147062,0.001651816388501,0.0003870492275638,0.0011193120109936,0.0022929272779661,0.003884345147062,0.01651816388501,0.0387049227563889,0.0223862402198727,0.0114646363898308,0.4179041430127747,0.4530590115000261,0.4903430059757814,0.4647755787953952,0.4414724192281836,megamarket,sasrec,64,1024,128,42
22,6.108 4.877 4.68 4.663 4.692 4.57 4.609,12.078 11.11 9.551 10.05 8.892 8.807 8.161 8.251 8.112 8.124 7.291 7.269 7.252 7.274 7.187 6.48 7.211 7.14 6.781 6.785 6.62 6.557 5.896 6.559 6.434 5.999 6.254 6.612 5.954 6.709 6.38 5.698 5.762 6.182 5.676 5.821 5.626 5.285 5.596 5.512 6.479 5.995 5.617 5.099 5.815 5.716 5.972 5.93 5.562 5.767 5.847 5.843 5.491 6.059 5.727 5.698 5.672 5.381 5.543 5.725 5.393 5.085 5.802 5.735 5.354 5.148 5.145 5.579 5.134 5.267 5.013 4.777 5.615 5.188 4.916 5.048 5.342 5.264 5.461 6.051 5.106 5.742 5.503 5.396 5.239 5.301 5.069 5.778 5.108 4.643 5.596 5.477 5.167 5.072 6.03 5.246 5.09 5.55 5.096 4.902 5.113 4.275 4.641 4.594 4.905 4.283 4.349 4.625 4.692 4.556 4.58 4.27 4.959 5.205 5.204 4.637 5.245 5.163 4.297 5.097 4.919 5.204 5.042 4.67 5.26 4.978 4.417 4.959 4.971 5.127 4.353 4.906 4.963 4.656 4.934 5.054 4.847 5.05 4.942 4.833 4.625 5.527 4.664 4.755 4.881 4.678 4.943 5.137 4.593 4.94 4.949 5.102 5.351 5.032 4.652 5.322 4.811 5.087 4.772 5.084 4.779 5.255 4.933 4.469 4.928 4.892 4.886 4.844 4.636 4.71 5.323 4.955 4.992 4.642 4.405 4.875 4.883 4.865 5.216 4.824 4.748 4.867 4.984 5.327 5.176 4.812 4.435 5.11 5.111 5.087 4.598 4.98 5.092 5.238 4.492 5.006 5.323 4.714 5.082 4.827 4.882 4.979 4.335 3.338 4.277 4.022 4.484 4.102 4.357 4.299 4.196 4.131 4.357 4.172 4.591 4.043 4.22 4.413 4.41 5.057 5.195 4.683 4.741 4.453 4.636 4.946 4.312 4.707 4.453 4.996 4.961 4.364 5.039 4.735 4.583 4.517 4.208 4.967 4.641 4.692 5.288 4.981 4.989 4.648 4.533 5.222 4.418 4.669 4.295 5.024 4.404 4.906 4.575 4.974 4.502 4.781 4.74 5.004 5.181 4.912 4.693 4.857 4.69 4.818 4.705 5.109 4.452 4.599 4.754 4.745 4.508 5.072 4.498 4.601 4.34 4.344 4.525 4.699 4.831 4.643 4.989 4.704 4.648 4.439 4.582 4.581 4.35 4.475 4.771 4.936 4.97 4.676 4.685 4.476 4.82 4.831 4.776 4.954 4.827 4.578 4.655 4.817 4.876 4.934 4.854 3.957 4.271 3.79 4.024 4.418 4.279 4.218 4.462 4.247 3.917 3.941 4.303 4.153 4.409 5.186 4.224 4.623 4.743 4.189 4.596 4.421 4.578 4.746 4.566 4.617 4.551 4.238 4.232 4.634 4.612 4.769 4.937 5.335 4.742 4.932 4.656 4.887 4.255 4.608 3.95 4.609 4.649 4.973 5.02 4.395 4.962 5.246 4.506 4.868 5.307 4.49 4.471 4.196 4.873 5.086 4.409 5.638 4.623 4.083 4.642 4.405 5.049 5.413 5.04 4.146 4.66 4.658 4.987 5.426 4.835 4.664 5.12 5.05 4.84 4.657 4.591 5.037 4.873 4.107 4.755 4.893 5.278 4.71 4.729 4.635 5.016 5.396 5.012 4.608 4.846 4.373 4.297 4.984 4.386 5.402 4.647 4.597 4.846 4.69 4.935 4.876 5.216 3.647 3.717 4.43 4.454 3.933 4.338 4.196 4.053 4.368 4.383 4.003 3.984 4.477 4.185 4.114 5.119 4.709 4.558 4.892 4.603 4.761 4.467 4.526 4.81 4.902 4.282 4.73 4.477 4.616 5.153 4.931 4.852 5.048 4.818 4.702 4.487 5.271 5.081 4.71 4.695 4.325 4.508 4.705 4.563 4.767 4.29 4.976 4.613 5.243 4.476 4.73 4.352 4.816 4.822 4.516 4.596 5.074 4.968 4.972 4.69 4.709 5.071 5.025 4.87 4.584 4.678 4.773 4.8 4.871 4.604 4.129 5.031 4.873 5.258 4.572 4.281 4.925 4.679 5.425 4.433 4.951 5.116 4.707 4.489 4.771 5.083 4.399 4.833 5.064 4.926 4.705 4.353 4.906 4.844 4.387 4.681 4.619 4.839 5.197 5.018 4.957 5.154 3.924 3.997 3.8 3.908 4.227 4.418 4.219 4.565 4.41 4.439 4.343 4.228 4.5 4.567 4.525 4.202 4.21 4.914 4.223 4.426 4.518 4.789 4.907 4.146 4.284 4.278 4.816 4.782 4.616 4.218 4.286 4.809 4.563 4.391 4.245 5.047 4.32 4.836 4.314 4.365 4.251 4.235 4.772 5.066 4.417 4.328 4.549 4.568 4.719 5.337 4.557 4.625 4.749 4.575 4.559 5.227 4.689 5.053 4.799 4.556 5.119 4.822 4.859 4.391 4.664 4.831 4.623 5.203 4.403 4.541 4.635 4.516 4.397 4.666 4.966 4.947 4.482 5.046 4.627 4.701 4.651 4.616 5.224 4.525 4.827 4.631 4.885 4.192 4.373 4.994 4.576 4.588 4.797 4.652 4.638 4.791 4.872 4.54 4.562 3.975 4.476 4.413 3.711 4.495 3.922 4.401 4.652 4.411 3.983 4.499 3.998 3.81 4.297 4.014 4.011 4.434 4.35 4.285 4.425 3.823 4.105 4.457 4.669 4.467 4.829 3.79 5.061 4.949 4.7 4.545 4.4 4.454 4.421 4.796 4.254 4.743 4.428 4.342 4.872 4.076 4.798 4.505 5.092 4.842 4.509 4.469 4.874 4.55 5.275 5.204 4.789 4.561 4.755 4.068 4.878 5.033 5.367 4.791 4.548 5.052 4.2 4.668 4.853 4.95 4.627 4.726 4.904 4.522 4.619 5.355 4.888 4.814 4.735 4.354 4.632 4.33 4.29 4.687 4.964 4.525 4.467 5.07 4.773 5.514 4.738 5.215 4.693 4.606 5.25 4.741 4.8 4.696 5.338 4.723 5.13 4.505 4.783 4.724 4.962 4.597 5.291 4.65 4.517 4.594,1620.4,0.27907,0.1694259643554687,68.4102954864502,0.0132830604885182,0.0368501604848004,0.0754043101632111,0.0467723346510849,0.0281889383217875,0.0040062504155861,0.0165347873307179,0.0375301992597025,0.022552474676951,0.0116197885497705,0.0040062504155861,0.0072397129016585,0.0080232024238953,0.0076557627638131,0.0065891644686777,0.0040062504155861,0.0072397129016585,0.0080232024238953,0.0076557627638131,0.0065891644686777,0.0040062504155861,0.0094132783775871,0.0136781423168222,0.0109327993583747,0.0078291464860166,0.0040062504155861,0.0016534787330717,0.000375301992597,0.0011276237338475,0.0023239577099541,0.0040062504155861,0.0165347873307179,0.0375301992597025,0.022552474676951,0.0116197885497705,0.4183069087146576,0.4465192662116032,0.4774262429064123,0.4561720472260364,0.4369907074284612,megamarket,sasrec,64,1512,128,42
23,4.287 2.383 1.538 0.907 0.616,11.688 10.245 9.253 8.202 7.929 7.715 6.595 6.862 6.448 5.839 5.967 6.115 5.616 5.47 4.928 5.209 4.415 5.508 4.286 4.481 4.814 4.678 4.46 3.952 4.493 4.169 4.07 4.331 4.214 4.305 4.366 3.387 4.07 3.791 4.238 3.989 3.788 3.801 4.07 3.729 4.05 4.233 3.595 3.593 3.992 3.807 4.192 3.726 3.623 3.525 4.245 3.636 3.389 3.197 3.374 3.69 3.991 3.654 3.854 3.236 3.39 3.632 3.745 3.154 3.213 3.399 3.401 2.894 3.826 3.119 3.306 3.165 3.646 2.877 3.713 3.043 3.463 3.777 3.185 4.046 3.923 3.363 3.023 3.59 3.747 3.574 2.783 3.354 3.002 3.253 3.767 3.041 3.227 3.077 3.202 3.296 4.002 3.303 2.668 2.918 2.986 2.777 2.373 2.378 1.797 2.293 2.112 2.557 2.105 2.329 2.366 2.659 2.155 1.932 2.2 2.178 2.035 2.578 2.534 2.404 2.266 2.03 2.318 2.452 2.333 2.1 2.438 2.627 2.417 2.315 2.693 2.115 2.338 2.5 2.393 2.154 2.373 2.246 2.765 2.389 2.545 2.391 2.563 2.381 2.212 2.684 2.153 2.346 2.589 2.173 2.514 2.211 2.194 2.162 2.271 2.855 2.814 2.639 2.714 2.51 2.222 2.18 2.401 2.967 2.31 2.58 2.663 2.415 2.313 2.287 2.462 2.401 2.246 2.38 2.665 2.379 2.552 2.174 2.505 2.57 2.634 2.29 2.212 2.595 2.827 2.461 2.41 2.826 2.538 2.216 2.82 2.075 2.335 2.105 2.924 2.464 2.962 2.614 2.509 2.238 2.409 2.718 2.274 1.238 1.294 1.382 1.214 1.447 1.398 1.288 1.378 1.435 1.35 1.121 1.447 1.324 1.136 1.434 1.274 1.368 1.392 1.32 1.331 1.309 1.743 1.297 1.476 1.363 1.238 1.367 1.223 1.344 1.394 1.629 1.717 1.477 1.351 1.578 1.383 1.618 1.331 1.682 1.356 1.586 1.372 1.48 1.359 1.59 1.638 1.602 1.585 1.633 1.378 1.581 1.686 1.417 1.52 1.683 1.47 1.473 1.512 1.448 1.996 1.624 1.671 1.448 1.636 1.679 1.591 1.369 1.717 1.795 1.614 1.652 1.68 1.97 1.77 1.239 1.637 1.657 1.896 1.748 1.761 1.592 1.803 1.542 1.627 1.817 1.399 1.989 1.7 1.572 1.382 1.708 1.696 1.636 1.803 1.814 1.797 1.739 1.72 1.892 1.772 1.694 1.993 0.619 0.682 0.783 0.729 0.659 0.762 0.653 0.655 0.754 0.816 0.742 0.748 0.823 0.74 0.724 0.849 0.808 0.688 0.792 0.9 0.751 0.856 0.884 0.759 0.787 0.887 0.735 0.96 0.765 0.931 0.925 0.781 0.995 0.788 0.908 0.809 0.748 0.917 0.835 0.853 0.886 0.819 0.827 0.719 0.839 0.892 1.055 0.9 0.828 0.884 1.162 0.897 0.769 0.995 0.972 0.864 0.899 0.786 1.031 0.919 1.061 0.926 0.877 0.955 0.863 1.008 1.0 0.993 0.992 0.964 0.968 0.989 0.825 0.958 0.993 0.94 1.021 0.962 0.865 0.922 1.001 1.034 1.131 0.987 1.073 0.905 1.008 1.01 1.037 1.087 1.051 1.09 1.061 0.884 1.035 1.048 1.228 0.903 1.011 0.982 0.875 1.059 0.478 0.452 0.472 0.413 0.521 0.405 0.525 0.36 0.556 0.506 0.509 0.47 0.573 0.517 0.458 0.464 0.542 0.588 0.466 0.498 0.556 0.552 0.606 0.501 0.517 0.564 0.568 0.483 0.495 0.589 0.557 0.624 0.63 0.547 0.52 0.571 0.487 0.632 0.667 0.589 0.528 0.625 0.549 0.52 0.652 0.598 0.56 0.725 0.567 0.702 0.708 0.672 0.734 0.561 0.551 0.642 0.744 0.587 0.71 0.616 0.622 0.726 0.675 0.793 0.696 0.745 0.646 0.545 0.679 0.662 0.665 0.697 0.538 0.738 0.667 0.664 0.676 0.792 0.705 0.615 0.627 0.707 0.774 0.731 0.657 0.748 0.762 0.658 0.627 0.596 0.662 0.738 0.696 0.755 0.76 0.882 0.73 0.828 0.737 0.659 0.869 0.809 0.561 0.432 0.444 0.563 0.546 0.398 0.499 0.398 0.471 0.525 0.623 0.821 0.704 0.796 0.737 0.791 0.768 0.914 0.815 0.834 0.956 0.688 0.83 0.918 0.823 0.957 0.916 0.899 0.912 1.083 0.938 0.99 0.901 1.313 1.308 1.691 1.262 1.612 1.555 2.215 1.537 1.604 2.188 2.392 1.642 1.859 2.445 2.556 2.286 2.101 2.359 2.818 3.468 3.027 3.71 4.836 3.096 2.799 3.077 3.021 2.427 2.745 4.723 3.217 3.163 2.587 2.843 2.436 5.125 11.068 11.098 11.055 11.669 12.295 12.033 10.416 9.775 10.792,379.02,0.045392,3.337860107421875e-06,59.40724229812622,0.0088935843257779,0.0335314091680814,0.1187234332593905,0.0493512448415599,0.0225955163397072,0.0022275417248487,0.0104229004588071,0.0320389210275505,0.0151162532969834,0.0069098122658864,0.0022275417248487,0.0043220519066652,0.0050376701966365,0.0046471860463454,0.0038582093963103,0.0022275417248487,0.0043220519066652,0.0050376701966365,0.0046471860463454,0.0038582093963103,0.0022275417248487,0.0057432198865482,0.0099798053477664,0.0069291322321845,0.0046121023388566,0.0022275417248487,0.0010422900458807,0.0003203892102755,0.0007558126648491,0.0013819624531772,0.0022275417248487,0.0104229004588071,0.0320389210275505,0.0151162532969834,0.0069098122658864,0.3874826701548682,0.4137967491179743,0.4520418753975038,0.4240928971747481,0.4043959751782435,megamarket,sasrec,64,32,256,42
24,4.476 2.748 2.048 1.429 0.947,11.549 10.302 9.389 8.368 8.032 7.856 6.74 6.978 6.572 5.967 6.09 6.278 5.768 5.629 5.034 5.34 4.502 5.686 4.404 4.642 4.938 4.801 4.615 4.056 4.641 4.333 4.267 4.453 4.442 4.493 4.538 3.541 4.23 4.031 4.398 4.168 4.006 3.964 4.233 3.914 4.188 4.419 3.738 3.76 4.228 4.006 4.382 3.961 3.933 3.663 4.412 3.75 3.584 3.392 3.558 3.898 4.133 3.89 4.097 3.525 3.663 3.897 3.871 3.376 3.478 3.684 3.606 3.118 4.072 3.408 3.504 3.427 3.868 3.164 3.93 3.29 3.716 4.012 3.461 4.261 4.121 3.629 3.256 3.896 4.01 3.843 2.993 3.604 3.158 3.556 4.06 3.283 3.446 3.343 3.404 3.582 4.175 3.642 2.908 3.232 3.182 3.088 2.666 2.643 1.995 2.655 2.373 2.889 2.351 2.654 2.711 2.936 2.484 2.247 2.565 2.489 2.342 2.921 3.001 2.791 2.586 2.42 2.723 2.844 2.717 2.403 2.825 3.045 2.746 2.613 3.114 2.459 2.736 2.815 2.893 2.482 2.745 2.691 3.201 2.812 3.004 2.871 2.918 2.682 2.562 3.077 2.528 2.805 2.893 2.526 2.805 2.558 2.495 2.48 2.632 3.322 3.3 2.945 3.019 2.818 2.611 2.508 2.848 3.333 2.636 2.997 3.138 2.836 2.69 2.669 2.782 2.842 2.531 2.771 2.986 2.75 2.943 2.492 2.975 2.909 2.992 2.692 2.582 3.051 3.314 2.798 2.798 3.252 2.911 2.634 3.174 2.409 2.683 2.497 3.381 2.844 3.34 2.978 2.82 2.685 2.78 3.087 2.555 1.617 1.683 1.889 1.698 1.876 1.807 1.74 1.812 1.92 1.795 1.567 1.898 1.765 1.545 1.898 1.614 1.863 1.826 1.843 1.741 1.703 2.42 1.745 2.049 1.79 1.708 1.818 1.697 1.819 1.986 2.21 2.303 2.029 1.817 2.071 2.004 2.008 1.841 2.286 1.848 2.052 1.874 1.933 1.907 2.025 2.102 2.162 2.165 2.186 1.847 2.03 2.428 1.873 2.018 2.24 2.092 1.876 1.995 1.876 2.674 2.15 2.262 1.933 2.159 2.32 2.119 1.892 2.239 2.452 2.173 2.295 2.194 2.565 2.327 1.618 2.089 2.292 2.68 2.266 2.356 2.052 2.391 2.089 2.212 2.351 1.941 2.506 2.306 2.059 1.959 2.317 2.341 2.17 2.328 2.365 2.343 2.365 2.333 2.493 2.296 2.323 2.534 1.017 1.078 1.161 1.161 1.061 1.241 1.056 1.024 1.15 1.174 1.129 1.239 1.294 1.204 1.184 1.247 1.245 1.193 1.211 1.339 1.181 1.284 1.311 1.115 1.285 1.389 1.264 1.455 1.22 1.4 1.345 1.263 1.498 1.207 1.368 1.406 1.128 1.446 1.265 1.34 1.296 1.217 1.277 1.227 1.267 1.402 1.622 1.322 1.186 1.254 1.662 1.486 1.259 1.629 1.582 1.196 1.348 1.282 1.572 1.432 1.558 1.579 1.422 1.371 1.388 1.588 1.605 1.523 1.588 1.53 1.405 1.623 1.396 1.553 1.717 1.44 1.612 1.561 1.43 1.55 1.644 1.778 1.864 1.543 1.559 1.455 1.637 1.615 1.704 1.697 1.644 1.65 1.722 1.548 1.638 1.582 1.811 1.545 1.628 1.526 1.428 1.681 0.681 0.63 0.745 0.691 0.651 0.619 0.736 0.661 0.697 0.684 0.759 0.732 0.817 0.802 0.695 0.673 0.792 1.003 0.799 0.805 0.781 0.859 0.88 0.783 0.83 0.811 0.738 0.74 0.865 0.833 0.927 0.855 0.94 0.898 0.899 0.823 0.846 0.896 0.996 0.894 0.805 1.001 0.923 0.803 1.043 0.888 0.948 1.109 0.816 1.048 1.014 1.001 1.114 0.866 0.892 0.942 1.152 0.952 1.073 0.915 0.837 1.005 0.917 1.188 1.004 0.997 0.96 0.938 0.966 0.967 0.959 1.016 0.89 1.117 1.068 1.018 1.02 1.204 1.155 0.985 1.011 1.046 1.081 1.178 0.987 1.221 1.118 1.04 1.096 1.059 1.035 1.117 1.106 1.145 1.214 1.304 1.072 1.29 1.05 1.103 1.281 1.151 0.538 0.551 0.59 0.517 0.585 0.565 0.509 0.502 0.492 0.576 0.481 0.668 0.552 0.625 0.62 0.6 0.584 0.608 0.578 0.68 0.604 0.575 0.642 0.626 0.629 0.583 0.613 0.589 0.688 0.621 0.615 0.579 0.633 0.799 0.526 0.797 0.595 0.783 0.709 0.8 0.65 0.758 0.782 0.759 0.707 0.647 0.817 0.774 0.774 0.662 0.775 1.109 0.884 0.932 1.101 0.957 0.793 2.082 5.288 4.588 4.54 5.03 5.699 5.052 4.571 4.527 4.241 4.028 4.294 4.357 3.867 4.308 4.482,399.73,0.052602,0.1694259643554687,16.3883113861084,0.0110195432069696,0.040905654765593,0.1510093812350513,0.0606384692600349,0.0276294102338492,0.0026652924618214,0.01154775361837,0.0345047321408781,0.0169115854334286,0.0075747500941995,0.0026652924618214,0.0048779720346147,0.0056494591200228,0.0052434356289868,0.004356266300212,0.0026652924618214,0.0048779720346147,0.0056494591200228,0.0052434356289868,0.004356266300212,0.0026652924618214,0.0064268278501698,0.0109468243007691,0.0077745725790597,0.0051506147064853,0.0026652924618214,0.001154775361837,0.0003450473214087,0.0008455792716714,0.0015149500188399,0.0026652924618214,0.01154775361837,0.0345047321408781,0.0169115854334286,0.0075747500941995,0.4156137664003909,0.4365756612013622,0.4671195735286989,0.444794308656009,0.4290680004387819,megamarket,sasrec,64,64,256,42
25,4.665 3.104 2.573 2.134 1.719,11.417 10.404 9.536 8.515 8.196 7.985 6.871 7.121 6.727 6.16 6.27 6.397 5.971 5.777 5.211 5.521 4.721 5.883 4.585 4.79 5.101 4.955 4.753 4.254 4.763 4.474 4.446 4.638 4.539 4.666 4.675 3.737 4.373 4.142 4.596 4.308 4.196 4.139 4.445 4.082 4.351 4.571 3.937 3.993 4.385 4.132 4.535 4.132 4.144 3.817 4.601 3.968 3.838 3.537 3.778 4.067 4.299 4.09 4.267 3.636 3.871 4.115 4.231 3.591 3.751 3.927 3.82 3.333 4.241 3.642 3.726 3.607 4.151 3.31 4.08 3.493 4.016 4.292 3.735 4.462 4.332 3.837 3.496 4.063 4.254 4.084 3.16 3.836 3.381 3.773 4.239 3.48 3.672 3.61 3.667 3.857 4.439 3.843 3.174 3.417 3.402 3.398 3.027 3.014 2.308 2.888 2.691 3.202 2.673 2.995 2.999 3.257 2.818 2.57 2.799 2.829 2.641 3.258 3.329 3.165 2.99 2.763 3.042 3.209 3.039 2.756 3.182 3.361 3.083 2.951 3.448 2.837 3.131 3.178 3.248 2.854 3.126 3.039 3.534 3.154 3.427 3.225 3.323 3.064 2.904 3.492 2.898 3.096 3.257 2.855 3.206 2.794 2.793 2.883 2.898 3.721 3.626 3.327 3.397 3.175 2.954 2.869 3.149 3.694 2.988 3.298 3.564 3.156 3.036 2.977 3.051 3.129 2.838 3.099 3.448 3.033 3.387 2.823 3.317 3.241 3.368 3.039 2.964 3.408 3.67 3.119 3.215 3.588 3.308 3.02 3.484 2.75 3.141 2.875 3.735 3.255 3.701 3.343 3.211 3.02 3.161 3.446 2.9 2.018 2.186 2.376 2.117 2.339 2.297 2.155 2.332 2.333 2.276 1.917 2.44 2.25 2.016 2.373 2.122 2.447 2.285 2.39 2.265 2.151 3.092 2.14 2.541 2.268 2.12 2.237 2.192 2.242 2.551 2.845 2.94 2.52 2.313 2.567 2.428 2.557 2.294 2.804 2.336 2.59 2.445 2.423 2.453 2.617 2.597 2.774 2.676 2.744 2.288 2.533 2.966 2.362 2.534 2.714 2.625 2.451 2.489 2.465 3.266 2.699 2.851 2.418 2.668 2.848 2.663 2.334 2.905 3.016 2.719 2.865 2.737 3.172 2.858 2.069 2.678 2.841 3.334 2.805 2.957 2.575 3.006 2.572 2.797 2.794 2.406 3.147 2.88 2.626 2.405 2.929 2.905 2.769 2.856 2.96 2.975 2.999 2.749 3.051 2.784 2.837 3.11 1.571 1.599 1.685 1.72 1.601 1.906 1.618 1.532 1.799 1.79 1.701 1.842 2.007 1.841 1.737 1.943 1.833 1.728 1.906 2.076 1.956 1.955 1.851 1.721 1.991 2.02 1.808 2.092 1.956 2.13 2.063 1.862 2.261 1.772 2.039 2.238 1.79 2.241 1.859 2.03 2.173 1.895 1.986 1.894 1.969 2.078 2.4 1.974 1.86 2.012 2.485 2.184 1.865 2.431 2.407 1.846 2.145 1.924 2.486 2.223 2.341 2.367 2.184 2.178 2.139 2.347 2.384 2.342 2.326 2.212 2.069 2.406 2.023 2.231 2.539 2.088 2.345 2.353 2.17 2.195 2.388 2.608 2.607 2.275 2.237 2.141 2.387 2.444 2.595 2.504 2.431 2.432 2.483 2.22 2.418 2.301 2.602 2.145 2.379 2.166 2.034 2.408 1.31 1.143 1.475 1.17 1.228 1.197 1.327 1.19 1.331 1.33 1.416 1.201 1.464 1.333 1.157 1.286 1.365 1.76 1.432 1.523 1.496 1.461 1.525 1.423 1.376 1.488 1.453 1.321 1.391 1.589 1.593 1.557 1.578 1.833 1.611 1.522 1.511 1.632 1.779 1.599 1.413 1.739 1.745 1.562 1.888 1.643 1.744 1.968 1.643 1.932 1.906 1.793 2.007 1.556 1.697 1.76 1.954 1.561 1.931 1.721 1.466 1.837 1.748 2.129 1.878 1.8 1.767 1.573 1.812 1.803 1.788 1.942 1.592 2.025 1.705 1.914 1.925 1.952 2.125 1.838 2.028 1.925 1.911 2.223 1.886 2.188 2.16 1.886 2.0 1.811 1.791 2.002 1.938 2.152 2.083 2.256 1.977 2.423 1.962 2.001 2.259 1.912 0.99 0.987 0.991 1.036 1.078 0.906 0.964 0.908 0.987 1.022 0.902 1.193 1.04 1.005 1.061 1.138 1.12 1.202 1.093 1.262 1.222 0.961 1.176 1.196 1.237 1.139 1.294 1.1 1.268 1.24 1.177 1.182 1.134 1.452 0.961 1.332 1.131 1.511 1.345 1.504 1.315 1.275 1.411 1.49 1.341 1.309 1.527 1.462 1.51 1.419 1.583 1.72 1.54 1.609 3.237 3.061 2.672 2.764 2.674 2.281,479.71,0.068845,0.1694259643554687,18.942298412323,0.0094549713110183,0.0368644120307833,0.1347297782955151,0.0551720719269329,0.024429628344466,0.002737327393222,0.0119522574639271,0.0371423188598532,0.0176319347474344,0.0080402065740186,0.002737327393222,0.0050829131735441,0.0059216930883075,0.0054720685503798,0.0045597188051806,0.002737327393222,0.0050829131735441,0.0059216930883075,0.0054720685503798,0.0045597188051806,0.002737327393222,0.0066850022036282,0.0116322921682954,0.0081146751285619,0.0054187955075664,0.002737327393222,0.0011952257463927,0.0003714231885985,0.0008815967373717,0.0016080413148037,0.002737327393222,0.0119522574639271,0.0371423188598532,0.0176319347474344,0.0080402065740186,0.3958078489169152,0.4209178474940263,0.4593615671329309,0.4310317579240009,0.4119001105072346,megamarket,sasrec,64,128,256,42
26,4.888 3.497 3.141 2.906 2.728,11.435 10.568 9.691 8.665 8.444 8.159 7.094 7.34 6.937 6.415 6.514 6.673 6.272 6.041 5.454 5.824 4.994 6.192 4.834 4.964 5.331 5.207 5.016 4.443 5.002 4.707 4.598 4.791 4.736 4.906 4.934 3.885 4.544 4.274 4.747 4.515 4.435 4.341 4.655 4.266 4.546 4.763 4.146 4.159 4.601 4.411 4.705 4.384 4.369 4.023 4.835 4.194 4.074 3.796 3.969 4.268 4.505 4.284 4.508 3.883 4.067 4.349 4.357 3.796 4.054 4.173 4.01 3.469 4.438 3.894 3.957 3.901 4.359 3.562 4.3 3.793 4.249 4.591 3.901 4.747 4.566 4.089 3.705 4.325 4.549 4.353 3.43 4.091 3.678 4.075 4.455 3.822 3.902 3.866 3.932 4.071 4.656 4.144 3.428 3.629 3.65 3.76 3.354 3.327 2.687 3.259 2.919 3.662 2.935 3.337 3.324 3.652 3.211 2.838 3.207 3.17 3.071 3.643 3.703 3.484 3.38 3.106 3.465 3.666 3.489 3.124 3.577 3.836 3.585 3.386 3.907 3.293 3.402 3.58 3.656 3.307 3.566 3.453 4.038 3.526 3.862 3.687 3.689 3.426 3.259 3.913 3.323 3.535 3.617 3.282 3.59 3.171 3.195 3.228 3.34 4.147 3.998 3.646 3.793 3.535 3.405 3.212 3.571 4.207 3.32 3.679 3.976 3.652 3.463 3.359 3.37 3.493 3.165 3.501 3.952 3.384 3.847 3.254 3.72 3.658 3.711 3.408 3.328 3.783 4.151 3.484 3.614 4.013 3.701 3.354 3.858 3.152 3.381 3.213 4.25 3.629 3.984 3.68 3.557 3.398 3.502 3.788 3.29 2.414 2.623 2.933 2.605 2.914 2.75 2.722 2.893 2.896 2.904 2.406 3.036 2.801 2.548 2.93 2.666 2.995 2.746 3.004 2.861 2.742 3.698 2.748 3.168 2.797 2.739 2.937 2.757 2.804 3.084 3.459 3.628 3.131 2.953 3.236 3.078 3.136 2.905 3.516 2.884 3.097 3.015 2.995 2.996 3.181 3.191 3.424 3.293 3.383 2.87 3.189 3.621 2.945 3.153 3.297 3.174 2.979 2.944 3.007 3.92 3.291 3.453 2.991 3.238 3.435 3.304 2.944 3.463 3.573 3.342 3.517 3.322 3.915 3.524 2.526 3.295 3.383 4.011 3.405 3.483 3.154 3.623 3.15 3.284 3.427 2.883 3.693 3.445 3.169 2.941 3.495 3.437 3.315 3.418 3.516 3.404 3.546 3.251 3.588 3.406 3.386 3.724 2.249 2.263 2.302 2.353 2.261 2.828 2.27 2.2 2.573 2.484 2.358 2.573 2.616 2.547 2.566 2.748 2.537 2.44 2.663 2.865 2.695 2.676 2.576 2.431 2.907 2.867 2.614 2.843 2.78 2.975 2.903 2.592 3.073 2.544 2.956 3.017 2.47 3.187 2.587 2.917 3.004 2.827 2.753 2.564 2.747 2.774 3.184 2.795 2.507 2.673 3.437 3.029 2.523 3.193 3.163 2.527 2.994 2.629 3.392 3.05 3.124 3.204 2.973 2.958 2.971 3.177 3.22 3.1 3.168 3.04 2.772 3.171 2.783 2.972 3.432 2.733 3.063 3.067 2.961 2.881 3.238 3.417 3.432 3.092 2.849 2.93 3.186 3.184 3.506 3.23 3.187 3.176 3.279 3.042 3.149 2.949 3.358 2.979 3.219 2.903 2.764 3.232 1.96 1.875 2.334 2.047 2.095 2.032 2.197 2.026 2.324 2.23 2.39 2.095 2.585 2.294 2.09 2.294 2.223 2.835 2.362 2.646 2.577 2.394 2.491 2.268 2.377 2.517 2.481 2.135 2.332 2.574 2.494 2.503 2.584 2.838 2.621 2.584 2.443 2.659 2.922 2.668 2.307 2.732 2.835 2.447 3.11 2.571 2.755 2.974 2.647 2.972 2.926 2.874 3.196 2.621 2.467 2.799 2.974 2.443 3.012 2.606 2.446 3.012 2.794 3.224 2.823 2.736 2.736 2.521 2.909 2.839 2.752 3.018 2.443 3.111 2.716 2.931 3.001 2.934 3.329 2.867 3.222 2.988 2.823 3.247 2.98 3.206 3.365 2.878 3.11 2.744 2.703 3.072 2.941 3.203 3.088 3.343 3.022 3.54 3.104 3.007 3.275 2.736,718.52,0.10138,0.1694259643554687,26.16545963287353,0.0108931381904254,0.0393875553021947,0.1257810466831075,0.0549149244668062,0.0276269317041131,0.0032360307644568,0.0147948666799654,0.0401123744929849,0.0208180951747678,0.009918655939003,0.0032360307644568,0.006141461652965,0.0070159832097973,0.0065573617287786,0.0054947876262458,0.0032360307644568,0.006141461652965,0.0070159832097973,0.0065573617287786,0.0054947876262458,0.0032360307644568,0.0081568723084931,0.0131835755511538,0.0096771392622678,0.0065840750284078,0.0032360307644568,0.0014794866679965,0.0004011237449298,0.0010409047587383,0.0019837311878006,0.0032360307644568,0.0147948666799654,0.0401123744929849,0.0208180951747678,0.009918655939003,0.3979914726530908,0.4347823422449134,0.4844524798371019,0.4489990302125674,0.4219151485665572,megamarket,sasrec,64,256,256,42
27,5.179 3.925 3.687 3.565 3.501,11.572 10.743 9.915 8.876 8.657 8.387 7.33 7.574 7.199 6.703 6.801 6.985 6.521 6.33 5.797 6.14 5.422 6.587 5.19 5.292 5.669 5.577 5.294 4.922 5.329 4.992 4.975 5.153 5.086 5.253 5.258 4.195 4.879 4.53 5.116 4.793 4.728 4.677 4.92 4.567 4.785 5.095 4.481 4.402 4.892 4.647 5.034 4.606 4.664 4.302 5.131 4.408 4.387 4.034 4.28 4.463 4.723 4.54 4.73 4.165 4.424 4.564 4.686 4.041 4.318 4.459 4.32 3.835 4.792 4.216 4.277 4.186 4.714 3.839 4.522 4.094 4.559 4.851 4.207 5.107 4.822 4.406 4.006 4.713 4.868 4.625 3.783 4.365 3.958 4.338 4.774 4.09 4.263 4.246 4.183 4.363 4.922 4.522 3.73 3.98 3.908 4.218 3.678 3.774 3.04 3.672 3.357 4.141 3.364 3.786 3.739 4.014 3.65 3.306 3.62 3.574 3.483 4.103 4.242 3.943 3.799 3.569 3.878 4.137 3.857 3.602 3.961 4.33 4.014 3.86 4.387 3.749 3.858 4.041 4.157 3.807 4.017 3.832 4.532 4.096 4.284 4.071 4.149 3.923 3.694 4.435 3.73 3.886 4.075 3.704 4.055 3.611 3.587 3.692 3.751 4.687 4.579 4.068 4.211 4.015 3.873 3.698 4.109 4.606 3.646 4.064 4.443 4.002 3.855 3.775 3.751 3.95 3.544 3.944 4.354 3.782 4.249 3.653 4.094 4.13 4.093 3.801 3.8 4.227 4.625 3.88 4.014 4.436 4.051 3.749 4.302 3.546 3.807 3.615 4.709 4.027 4.398 4.045 3.893 3.785 3.886 4.239 3.637 2.88 3.179 3.528 3.208 3.394 3.166 3.301 3.522 3.441 3.496 2.931 3.547 3.377 3.119 3.54 3.239 3.665 3.246 3.671 3.502 3.24 4.398 3.27 3.689 3.386 3.3 3.502 3.31 3.34 3.657 4.058 4.265 3.714 3.534 3.867 3.581 3.648 3.39 4.141 3.449 3.696 3.55 3.565 3.529 3.614 3.751 3.91 3.805 3.965 3.369 3.73 4.174 3.516 3.779 3.833 3.744 3.521 3.382 3.616 4.423 3.763 3.995 3.494 3.761 3.901 3.844 3.381 4.028 4.207 3.962 4.064 3.969 4.466 4.061 2.987 3.789 3.83 4.561 3.902 4.01 3.674 4.12 3.669 3.761 3.961 3.411 4.253 3.991 3.659 3.473 4.019 3.995 3.829 3.878 4.004 3.981 4.013 3.702 4.075 3.85 3.817 4.253 2.84 2.759 3.069 2.999 2.831 3.599 2.982 2.862 3.212 3.208 2.92 3.299 3.427 3.216 3.372 3.494 3.245 3.082 3.45 3.537 3.493 3.399 3.159 3.119 3.575 3.533 3.326 3.67 3.636 3.651 3.58 3.36 3.781 3.026 3.767 3.722 3.21 3.783 3.219 3.626 3.667 3.488 3.446 3.244 3.46 3.44 3.81 3.532 3.142 3.402 4.197 3.677 3.166 3.953 3.867 3.155 3.697 3.318 4.076 3.803 3.779 3.826 3.625 3.616 3.644 3.9 3.942 3.766 3.829 3.689 3.499 3.867 3.399 3.518 4.103 3.323 3.612 3.626 3.552 3.535 3.765 4.114 4.003 3.711 3.433 3.63 3.847 3.805 4.08 3.792 3.916 3.722 3.895 3.726 3.743 3.638 4.03 3.614 3.8 3.455 3.252 3.815 2.505 2.537 3.018 2.643 2.901 2.736 2.991 2.789 3.231 3.118 3.278 2.933 3.502 3.075 2.794 3.294 2.988 3.816 3.295 3.589 3.404 3.203 3.427 3.052 3.216 3.324 3.4 2.937 3.129 3.421 3.183 3.346 3.317 3.744 3.456 3.397 3.243 3.415 3.648 3.483 3.094 3.562 3.658 3.222 4.0 3.347 3.57 3.784 3.447 3.765 3.759 3.738 4.052 3.272 3.258 3.573 3.725 3.229 3.855 3.267 3.283 3.851 3.581 4.038 3.604 3.398 3.479 3.277 3.666 3.66 3.559 3.742 3.087 3.873 3.369 3.749 3.806 3.805 4.082 3.636 3.976 3.723 3.533 4.028 3.78 3.876 4.172 3.537 3.803 3.388 3.357 3.807 3.573 3.818 3.674 4.116 3.76 4.238 3.764 3.69 3.899 3.343,1031.4,0.16309,0.1694259643554687,42.18105411529541,0.0127421213736011,0.0419745207143122,0.1047934765097344,0.0559478517343511,0.0304914924466806,0.0034299709643814,0.015853226056697,0.0404891725956956,0.0221036416428397,0.0104395239045149,0.0034299709643814,0.0065237415347961,0.0073922670502414,0.0069493349115357,0.0058094325125045,0.0034299709643814,0.0065237415347961,0.0073922670502414,0.0069493349115357,0.0058094325125045,0.0034299709643814,0.0086923330774427,0.0136151928339148,0.0102624767206516,0.0069500263665473,0.0034299709643814,0.0015853226056697,0.0004048917259569,0.0011051820821419,0.0020879047809029,0.0034299709643814,0.015853226056697,0.0404891725956956,0.0221036416428397,0.0104395239045149,0.4026613127923745,0.4395690229326303,0.4852816433510766,0.453440258422511,0.4264844723294506,megamarket,sasrec,64,512,256,42
28,4.014 2.186 1.431 0.876 0.598 0.507,11.357 9.074 8.747 8.543 7.392 7.404 6.811 6.134 6.357 4.903 6.102 5.695 5.078 5.451 5.182 4.865 4.989 4.45 4.376 4.043 4.53 4.25 3.466 4.046 4.48 4.693 4.413 3.771 4.324 4.021 4.143 3.866 3.791 3.607 3.406 3.919 3.831 4.504 3.539 3.926 3.789 3.854 3.747 3.723 3.649 3.6 3.066 3.082 3.394 3.365 3.369 3.497 3.339 3.152 3.451 3.064 3.376 3.623 3.217 3.139 3.267 3.47 2.963 3.184 3.191 3.098 2.769 2.907 3.138 2.733 3.377 2.935 2.982 2.966 2.902 2.973 2.748 2.978 3.122 3.637 3.094 2.58 3.354 2.763 3.051 2.784 2.943 3.11 3.719 2.672 2.977 2.948 3.436 3.236 3.619 3.413 2.8 3.268 2.736 3.053 3.037 2.565 2.38 2.21 2.178 2.235 1.783 2.021 2.07 1.917 1.965 2.073 2.239 1.856 2.361 1.787 1.916 2.222 1.847 2.028 2.41 2.254 1.818 1.979 2.406 2.018 1.979 1.903 2.468 1.957 1.931 2.02 2.297 1.918 2.687 2.09 2.379 2.157 2.386 1.698 1.918 2.13 1.974 2.727 2.156 1.889 1.967 2.338 2.527 2.036 1.932 2.063 2.002 2.062 2.596 2.128 1.97 2.116 2.076 2.382 2.322 2.296 2.227 2.246 2.359 2.029 2.676 2.487 2.136 1.993 2.266 2.339 2.434 2.318 2.327 2.083 1.804 2.423 2.097 2.068 1.887 2.418 2.523 2.135 2.359 1.993 2.019 2.074 2.093 2.219 2.408 1.949 2.2 2.283 2.152 2.797 2.283 2.169 1.773 2.095 2.164 2.456 2.284 1.241 1.191 1.343 1.522 1.374 1.089 1.291 1.226 1.249 1.265 1.391 1.173 1.144 1.237 1.672 1.493 1.5 1.454 1.448 1.337 1.265 1.257 1.353 1.244 1.44 1.113 1.365 1.681 1.889 1.501 1.374 1.207 1.214 1.543 1.227 1.805 1.186 1.228 1.387 1.496 1.258 1.281 1.534 1.274 1.191 1.368 1.503 1.741 1.417 1.5 1.279 1.606 1.423 1.36 1.533 1.513 1.342 1.344 1.689 1.319 1.471 1.671 1.436 1.38 1.607 1.435 1.316 1.346 1.748 1.497 1.591 1.613 1.623 1.317 1.545 1.77 1.862 1.504 1.545 1.607 1.67 1.325 1.516 1.372 1.675 1.626 1.669 1.234 1.618 1.539 1.665 1.574 1.758 1.735 1.476 1.559 1.699 1.609 1.916 1.788 1.509 1.568 0.586 0.641 0.645 0.642 0.715 0.763 0.733 0.605 0.685 0.692 0.629 0.767 0.808 0.793 0.848 0.888 0.933 0.808 0.795 0.776 0.706 0.784 0.717 0.887 0.778 0.79 0.673 0.78 0.764 0.643 0.835 0.751 0.832 0.825 0.698 0.843 0.86 0.892 0.811 0.991 0.758 0.892 0.748 0.778 1.014 0.873 0.913 0.969 0.874 0.799 0.809 0.793 0.897 0.72 0.861 0.823 0.79 0.829 0.867 0.93 0.885 0.954 0.844 0.954 0.932 0.92 1.003 1.143 1.102 0.984 1.008 0.894 0.998 0.961 1.195 0.988 0.924 0.999 0.908 0.873 0.891 1.007 0.979 1.048 1.055 1.077 0.997 1.045 1.059 1.061 0.99 0.908 1.043 1.081 1.053 1.021 1.063 1.101 1.185 0.985 0.994 1.089 0.464 0.458 0.458 0.422 0.46 0.489 0.503 0.465 0.468 0.449 0.557 0.559 0.518 0.553 0.48 0.577 0.406 0.502 0.551 0.534 0.477 0.461 0.524 0.454 0.547 0.412 0.591 0.528 0.549 0.608 0.577 0.607 0.535 0.477 0.522 0.547 0.644 0.548 0.57 0.483 0.584 0.607 0.576 0.667 0.607 0.569 0.7 0.584 0.609 0.564 0.65 0.56 0.561 0.622 0.631 0.587 0.571 0.67 0.633 0.703 0.636 0.727 0.687 0.625 0.527 0.676 0.671 0.63 0.678 0.681 0.587 0.612 0.58 0.715 0.653 0.874 0.661 0.638 0.647 0.62 0.652 0.7 0.565 0.618 0.67 0.627 0.653 0.623 0.694 0.608 0.706 0.554 0.629 0.72 0.789 0.765 0.745 0.843 0.792 0.732 0.709 0.759 0.372 0.378 0.39 0.356 0.422 0.468 0.416 0.351 0.352 0.404 0.436 0.448 0.471 0.42 0.427 0.389 0.401 0.439 0.369 0.472 0.547 0.361 0.361 0.521 0.469 0.553 0.505 0.398 0.499 0.448 0.425 0.435 0.454 0.482 0.491 0.529 0.469 0.473 0.423 0.514 0.485 0.467 0.521 0.483 0.508 0.551 0.489 0.529 0.577 0.443 0.562 0.547 0.524 0.481 0.518 0.493 0.476 0.521 0.507 0.494 0.558 0.534 0.571 0.487 0.476 0.482 0.495 0.479 0.535 0.521 0.645 0.609 0.55 0.574 0.571 0.55 0.529 0.562 0.604 0.629 0.719 0.497 0.547 0.575 0.548 0.548 0.563 0.573 0.544 0.578 0.657 0.583 0.543 0.711 0.64 0.737 0.708 0.751 0.714 0.755 0.568 0.708 0.532 0.596 0.514 1.168 1.076 1.324 1.122 4.82 6.757 6.924,464.51,0.063574,3.337860107421875e-06,72.00627517700195,0.0126671458490823,0.0439573445032406,0.1449828361815771,0.0632217168775482,0.030358891105796,0.002576634084713,0.0113039430813218,0.0341722632267216,0.0163408471307932,0.0074750094199525,0.002576634084713,0.0047436849376805,0.0054965368507557,0.0050894429747325,0.0042349151465449,0.002576634084713,0.0047436849376805,0.0054965368507557,0.0050894429747325,0.0042349151465449,0.002576634084713,0.0062692280370759,0.0107457684491946,0.0075379452123349,0.0050333189671464,0.002576634084713,0.0011303943081321,0.0003417226322672,0.0008170423565396,0.0014950018839905,0.002576634084713,0.0113039430813218,0.0341722632267216,0.0163408471307932,0.0074750094199525,0.4271155996355195,0.4478807571001154,0.4773857663739679,0.4561722530047742,0.4402939010914374,megamarket,sasrec,64,32,512,42
29,4.198 2.534 1.901 1.364 0.94 0.7,11.191 9.255 8.958 8.722 7.561 7.549 6.911 6.297 6.518 5.018 6.214 5.832 5.295 5.38 5.32 4.963 5.213 4.591 4.463 4.175 4.647 4.361 3.572 4.164 4.609 4.781 4.569 3.868 4.438 4.134 4.328 4.019 3.937 3.779 3.582 4.082 3.956 4.691 3.668 4.111 4.005 3.996 3.894 3.881 3.797 3.807 3.241 3.284 3.635 3.629 3.58 3.794 3.501 3.348 3.598 3.285 3.522 3.778 3.406 3.333 3.525 3.702 3.188 3.38 3.366 3.307 3.039 3.173 3.317 2.929 3.546 3.151 3.249 3.21 3.083 3.26 2.917 3.259 3.375 3.832 3.289 2.852 3.528 2.966 3.29 2.984 3.187 3.382 4.005 2.934 3.287 3.183 3.694 3.446 3.94 3.644 2.97 3.459 2.976 3.255 3.286 2.803 2.644 2.439 2.444 2.552 2.051 2.286 2.393 2.235 2.226 2.338 2.581 2.17 2.699 2.11 2.206 2.552 2.14 2.379 2.694 2.574 2.162 2.303 2.757 2.332 2.236 2.22 2.811 2.354 2.234 2.42 2.641 2.232 3.089 2.418 2.698 2.536 2.746 2.03 2.306 2.485 2.287 3.104 2.59 2.248 2.231 2.652 2.804 2.46 2.266 2.409 2.356 2.373 2.969 2.485 2.293 2.593 2.42 2.814 2.655 2.685 2.605 2.701 2.721 2.435 3.087 2.862 2.497 2.352 2.637 2.693 2.794 2.662 2.765 2.517 2.099 2.707 2.475 2.388 2.266 2.775 2.888 2.535 2.657 2.257 2.375 2.38 2.502 2.537 2.773 2.335 2.578 2.691 2.559 3.121 2.6 2.512 2.11 2.39 2.557 2.877 2.572 1.664 1.532 1.73 2.034 1.748 1.441 1.703 1.604 1.609 1.613 1.841 1.61 1.508 1.651 2.168 1.92 2.056 1.882 1.985 1.742 1.633 1.599 1.802 1.678 1.894 1.504 1.752 2.226 2.371 1.948 1.797 1.634 1.634 2.083 1.639 2.408 1.682 1.668 1.79 1.895 1.695 1.785 2.032 1.69 1.551 1.852 1.983 2.298 1.908 1.998 1.776 2.163 1.821 1.902 2.126 2.043 1.794 1.656 2.186 1.847 1.957 2.245 1.868 1.875 2.133 1.882 1.762 1.766 2.263 1.95 2.025 2.121 2.208 1.768 2.051 2.273 2.373 1.945 1.993 2.181 2.249 1.734 2.037 1.837 2.233 2.091 2.209 1.704 2.194 2.045 2.144 2.121 2.283 2.247 1.934 2.06 2.129 2.102 2.501 2.387 1.93 2.053 0.914 0.947 1.029 0.933 1.089 1.171 1.263 0.961 1.012 1.08 0.972 1.273 1.34 1.297 1.289 1.352 1.468 1.291 1.194 1.253 1.172 1.287 1.141 1.287 1.186 1.28 1.014 1.13 1.115 0.979 1.404 1.22 1.378 1.254 1.28 1.286 1.344 1.42 1.298 1.383 1.201 1.414 1.183 1.21 1.586 1.424 1.432 1.533 1.515 1.363 1.227 1.184 1.258 1.148 1.387 1.245 1.233 1.435 1.3 1.434 1.396 1.512 1.376 1.579 1.528 1.383 1.552 1.876 1.677 1.525 1.629 1.397 1.637 1.443 1.903 1.624 1.4 1.562 1.294 1.431 1.442 1.533 1.526 1.525 1.55 1.705 1.583 1.695 1.624 1.698 1.508 1.368 1.588 1.723 1.628 1.674 1.639 1.714 1.861 1.555 1.697 1.666 0.708 0.744 0.663 0.7 0.699 0.68 0.829 0.666 0.717 0.66 0.855 0.877 0.744 0.876 0.809 0.787 0.676 0.834 0.804 0.726 0.804 0.735 0.783 0.705 0.806 0.661 0.924 0.758 0.775 0.906 0.986 0.881 0.78 0.853 0.817 0.917 1.024 0.901 0.773 0.797 0.871 0.842 0.866 1.011 1.005 0.819 1.043 0.935 0.925 0.88 0.921 0.825 0.911 0.974 0.996 0.928 0.935 1.024 1.007 1.07 1.071 1.198 1.036 0.938 0.895 1.033 1.029 1.155 1.138 1.032 1.035 0.98 0.903 1.181 1.098 1.165 1.024 1.105 1.018 1.016 1.059 1.034 0.935 1.085 1.1 1.086 1.027 1.064 1.084 1.045 1.198 0.968 1.054 1.276 1.351 1.174 1.291 1.27 1.175 1.095 1.156 1.153 0.509 0.499 0.554 0.505 0.539 0.62 0.578 0.527 0.507 0.517 0.574 0.552 0.614 0.568 0.545 0.476 0.608 0.61 0.566 0.559 0.722 0.536 0.49 0.68 0.682 0.826 0.66 0.521 0.656 0.569 0.565 0.549 0.602 0.752 0.673 0.712 0.659 0.718 0.612 0.693 0.642 0.629 0.809 0.71 0.723 0.743 0.687 0.818 0.743 0.576 0.717 0.829 0.734 0.629 0.75 0.648 0.731 0.744 0.778 0.647 0.717 0.803 0.863 0.74 0.692 0.704 0.758 0.694 0.697 0.759 0.842 0.844 0.861 0.86 0.785 0.752 0.711 0.714 0.761 0.849 0.998 0.651 0.757 0.849 0.787 0.722 0.829 0.783 0.8 0.859 0.912 0.879 0.715 0.937 0.796 0.903 0.858 0.869 0.92 0.876 0.678 0.839 0.5 0.476 0.405 0.469 0.493 0.456 0.491 0.555 0.487 0.528 0.491 0.551 0.549 0.502 0.582 0.615 0.58 0.623 0.731 0.762 0.782 1.262 1.658 1.442 1.3 1.47 3.482 2.994,502.33,0.072849,0.1694259643554687,18.651103019714355,0.0141096501555277,0.0492954779224963,0.1697538819971992,0.0716827977643661,0.0337451823578253,0.0026874570560985,0.0128388412350111,0.0367599796085732,0.0181749673072234,0.0086497329166389,0.0026874570560985,0.0053109314371698,0.006113925859194,0.0056752733869642,0.0047632636626253,0.0026874570560985,0.0053109314371698,0.006113925859194,0.0056752733869642,0.0047632636626253,0.0026874570560985,0.0070675795622568,0.0117809496717437,0.0084093821362839,0.0057244017361202,0.0026874570560985,0.0012838841235011,0.0003675997960857,0.0009087483653611,0.0017299465833277,0.0026874570560985,0.0128388412350111,0.0367599796085732,0.0181749673072234,0.0086497329166389,0.4412653132059706,0.4594955689698146,0.4881401248916537,0.4676087644060074,0.4522902046563468,megamarket,sasrec,64,64,512,42
30,4.404 2.895 2.415 2.034 1.686 1.361,11.165 9.423 9.126 8.852 7.702 7.7 7.099 6.487 6.663 5.196 6.444 6.024 5.48 5.593 5.517 5.202 5.313 4.793 4.7 4.379 4.847 4.525 3.745 4.392 4.77 4.932 4.715 4.075 4.653 4.246 4.499 4.204 4.133 3.939 3.745 4.313 4.125 4.856 3.875 4.249 4.156 4.325 4.129 4.081 3.953 4.027 3.473 3.489 3.817 3.886 3.83 3.975 3.702 3.591 3.777 3.522 3.724 4.001 3.647 3.519 3.728 3.874 3.336 3.62 3.525 3.536 3.194 3.443 3.572 3.154 3.733 3.322 3.509 3.419 3.375 3.515 3.16 3.512 3.587 4.103 3.465 3.033 3.78 3.126 3.494 3.369 3.379 3.642 4.273 3.226 3.485 3.425 3.943 3.703 4.185 3.807 3.264 3.67 3.203 3.594 3.625 3.131 2.915 2.731 2.737 2.906 2.362 2.635 2.768 2.528 2.597 2.6 2.909 2.48 3.056 2.451 2.544 2.881 2.452 2.783 3.092 2.928 2.513 2.666 3.217 2.723 2.675 2.605 3.231 2.647 2.599 2.759 3.08 2.599 3.473 2.785 3.047 2.912 3.199 2.279 2.628 2.827 2.601 3.408 2.911 2.656 2.585 3.033 3.246 2.803 2.574 2.742 2.755 2.714 3.367 2.826 2.62 3.015 2.744 3.186 3.098 3.123 2.972 3.057 3.113 2.757 3.523 3.244 2.869 2.672 2.956 2.997 3.18 3.01 3.091 2.907 2.451 3.092 2.789 2.771 2.615 3.084 3.276 2.941 3.047 2.632 2.68 2.75 2.848 2.882 3.166 2.706 2.973 3.012 2.932 3.52 2.955 2.846 2.432 2.71 2.961 3.234 3.046 2.073 1.981 2.147 2.504 2.229 1.932 2.158 2.059 2.113 2.102 2.306 2.112 1.947 2.092 2.791 2.502 2.539 2.413 2.559 2.201 2.106 2.091 2.279 2.155 2.435 2.006 2.239 2.79 3.119 2.469 2.333 2.17 2.115 2.619 2.092 2.973 2.169 2.164 2.361 2.529 2.142 2.283 2.641 2.15 2.009 2.427 2.576 2.81 2.428 2.551 2.302 2.712 2.34 2.387 2.672 2.573 2.231 2.252 2.808 2.357 2.491 2.799 2.341 2.338 2.748 2.436 2.255 2.31 2.894 2.517 2.674 2.79 2.767 2.278 2.639 2.842 2.912 2.508 2.43 2.722 2.771 2.305 2.678 2.379 2.735 2.571 2.821 2.181 2.667 2.599 2.708 2.602 2.846 2.795 2.404 2.542 2.685 2.642 3.084 2.888 2.424 2.665 1.412 1.506 1.564 1.453 1.687 1.778 1.81 1.433 1.536 1.581 1.49 2.003 2.03 1.905 1.935 2.097 2.05 1.849 1.809 1.91 1.764 1.947 1.757 1.963 1.905 1.94 1.65 1.729 1.778 1.489 2.198 1.779 2.034 1.887 2.008 1.866 2.026 2.041 1.819 2.051 1.803 2.211 1.771 1.805 2.247 2.053 2.089 2.261 2.087 2.047 1.845 1.8 1.944 1.734 2.141 1.881 1.914 1.921 2.034 2.237 2.137 2.376 2.077 2.256 2.258 2.092 2.249 2.827 2.585 2.211 2.374 2.08 2.385 2.11 2.698 2.287 2.119 2.312 1.925 2.066 2.104 2.322 2.216 2.242 2.21 2.454 2.262 2.414 2.38 2.499 2.247 2.107 2.213 2.394 2.34 2.365 2.47 2.442 2.557 2.123 2.477 2.454 1.291 1.307 1.221 1.251 1.223 1.324 1.528 1.323 1.257 1.068 1.578 1.539 1.351 1.515 1.51 1.456 1.275 1.59 1.457 1.216 1.384 1.317 1.472 1.191 1.54 1.197 1.659 1.464 1.363 1.705 1.689 1.599 1.546 1.434 1.493 1.498 1.673 1.674 1.436 1.472 1.52 1.52 1.698 1.74 1.909 1.447 1.786 1.736 1.714 1.665 1.623 1.336 1.641 1.734 1.685 1.701 1.727 1.744 1.833 1.732 1.897 2.167 1.869 1.793 1.626 1.896 1.934 2.036 2.019 1.845 1.91 1.655 1.706 2.054 1.784 2.226 1.988 1.977 1.879 1.757 1.839 1.887 1.565 1.938 2.003 2.03 1.945 1.888 1.971 2.022 1.98 1.775 1.737 2.336 2.288 2.106 2.133 2.145 2.108 1.8 1.844 1.927 0.866 0.909 0.947 0.994 1.023 1.207 1.06 0.983 0.86 0.995 1.085 1.018 1.198 1.048 1.123 0.934 1.05 1.092 1.031 1.257 1.358 0.965 1.001 1.24 1.23 1.491 1.194 1.011 1.255 1.181 1.035 1.144 1.226 1.356 1.386 1.339 1.205 1.257 1.175 1.455 1.201 1.21 1.516 1.277 1.351 1.532 1.474 1.499 1.538 1.212 1.362 1.588 1.456 1.256 1.275 1.473 1.332 1.488 1.493 1.262 1.339 1.411 1.649 1.317 1.491 1.443 1.448 1.28 1.449 1.446 1.547 1.642 1.56 1.609 1.412 1.506 1.539 1.44 1.627 1.644 1.82 1.5 1.455 1.599 1.555 1.432 1.592 1.583 1.556 1.562 1.74 1.847 1.527 1.701 1.66 2.038 1.722 1.653 1.782 1.78 1.267 1.533 0.838 0.729 0.659 0.835 0.876 0.824 0.832 0.823 0.728 0.848 0.8 0.908 0.759 0.77 0.922 0.888 0.801 0.854 1.004 0.965 0.99 0.962 1.059 0.987 1.108 0.94 1.001 0.935 1.091 1.066 1.214 1.067 1.117 0.856 1.233 1.467 1.337 1.182 1.523 1.375 1.345 1.687 4.249 5.167 4.596 4.686 4.025 3.641 4.072,608.0,0.092754,0.1694259643554687,24.328861236572266,0.0108423283308341,0.0421219932336138,0.1543572552761701,0.0628214343251583,0.0280836008080006,0.0027040805018064,0.01231243212093,0.0381508078994614,0.0179921094044373,0.0080734534654343,0.0027040805018064,0.0050985647193839,0.0059559935829814,0.005487305214406,0.0045406941950927,0.0027040805018064,0.0050985647193839,0.0059559935829814,0.005487305214406,0.0045406941950927,0.0027040805018064,0.0067750518337816,0.01184791841476,0.008204297755324,0.0054121399874484,0.0027040805018064,0.001231243212093,0.0003815080789946,0.0008996054702218,0.0016146906930868,0.0027040805018064,0.01231243212093,0.0381508078994614,0.0179921094044373,0.0080734534654343,0.4093635881644451,0.4351941457360347,0.4737369111769342,0.4455553952309626,0.4257104596838522,megamarket,sasrec,64,128,512,42
31,4.652 3.288 2.963 2.762 2.623,11.254 9.588 9.287 9.02 7.853 7.892 7.3 6.696 6.855 5.392 6.709 6.312 5.813 5.91 5.791 5.472 5.652 5.085 5.006 4.605 5.139 4.808 3.997 4.618 5.025 5.223 4.975 4.299 4.879 4.487 4.679 4.428 4.353 4.127 4.01 4.567 4.344 5.112 4.132 4.499 4.461 4.549 4.333 4.262 4.18 4.242 3.778 3.777 4.047 4.148 4.035 4.256 3.909 3.827 4.043 3.757 3.998 4.307 3.909 3.754 3.949 4.203 3.599 3.865 3.766 3.748 3.422 3.697 3.834 3.323 4.046 3.615 3.767 3.696 3.636 3.79 3.387 3.75 3.805 4.335 3.778 3.353 4.043 3.429 3.804 3.617 3.611 3.922 4.549 3.495 3.746 3.675 4.17 3.955 4.444 4.135 3.51 4.03 3.436 3.858 3.889 3.487 3.219 3.115 3.12 3.249 2.665 3.031 3.202 2.894 2.935 3.025 3.271 2.805 3.455 2.826 2.92 3.332 2.821 3.128 3.547 3.339 2.931 3.043 3.664 3.078 3.032 2.968 3.615 3.104 2.979 3.151 3.46 2.974 3.963 3.153 3.477 3.294 3.636 2.639 3.076 3.195 2.961 3.858 3.298 3.09 2.949 3.386 3.632 3.219 2.964 3.152 3.16 3.138 3.813 3.181 2.958 3.372 3.118 3.565 3.431 3.593 3.394 3.468 3.531 3.175 4.029 3.684 3.32 3.052 3.351 3.488 3.63 3.424 3.443 3.28 2.818 3.435 3.223 3.174 2.985 3.481 3.676 3.255 3.434 3.026 3.139 3.115 3.192 3.259 3.486 3.161 3.378 3.391 3.353 3.949 3.281 3.215 2.785 3.061 3.39 3.621 3.397 2.593 2.428 2.694 3.077 2.713 2.401 2.669 2.547 2.555 2.567 2.875 2.569 2.461 2.593 3.394 3.102 3.147 3.0 3.234 2.775 2.644 2.439 2.869 2.642 3.027 2.479 2.89 3.516 3.763 3.102 2.837 2.757 2.63 3.231 2.614 3.561 2.725 2.707 2.862 3.056 2.714 2.863 3.154 2.68 2.526 3.0 3.073 3.44 3.036 3.111 2.766 3.325 2.865 3.056 3.238 3.115 2.848 2.732 3.54 2.97 3.048 3.461 2.912 2.799 3.311 2.987 2.82 2.891 3.51 3.002 3.249 3.418 3.445 2.801 3.282 3.434 3.436 3.102 3.068 3.191 3.401 2.702 3.286 2.916 3.248 3.095 3.436 2.676 3.264 3.104 3.28 3.138 3.357 3.346 2.998 3.053 3.149 3.101 3.622 3.47 2.888 3.206 1.961 2.089 2.088 2.002 2.372 2.438 2.498 1.981 2.157 2.267 2.101 2.753 2.819 2.617 2.743 2.855 2.984 2.656 2.558 2.695 2.451 2.613 2.457 2.771 2.735 2.724 2.361 2.507 2.485 2.179 3.094 2.547 2.793 2.703 2.807 2.592 2.66 2.783 2.413 2.753 2.472 3.02 2.553 2.485 2.984 2.765 2.909 3.007 2.732 2.828 2.532 2.525 2.667 2.415 2.908 2.531 2.626 2.595 2.726 3.089 2.958 3.218 2.905 3.05 3.029 2.804 3.001 3.716 3.391 2.988 3.242 2.806 3.146 2.758 3.526 3.087 2.766 3.167 2.549 2.839 2.824 2.962 2.941 2.95 2.966 3.197 2.976 3.175 3.141 3.248 2.827 2.725 2.896 3.009 3.105 2.996 3.123 3.148 3.255 2.744 3.178 3.201 1.944 2.067 2.014 2.088 2.146 2.151 2.409 2.149 2.087 1.752 2.549 2.553 2.203 2.443 2.553 2.258 2.115 2.615 2.423 2.023 2.34 2.047 2.511 1.9 2.572 2.004 2.698 2.451 2.336 2.722 2.689 2.491 2.588 2.395 2.409 2.446 2.583 2.649 2.238 2.407 2.664 2.405 2.695 2.731 3.002 2.286 2.659 2.835 2.64 2.528 2.451 2.102 2.5 2.641 2.504 2.69 2.626 2.684 3.016 2.764 2.766 3.419 2.824 2.701 2.538 2.997 3.019 2.967 3.09 2.756 2.936 2.431 2.724 3.091 2.803 3.119 3.084 2.918 2.786 2.669 2.73 2.714 2.411 3.012 3.068 3.009 2.862 2.798 2.99 2.994 2.825 2.713 2.707 3.438 3.21 3.265 2.984 3.263 3.17 2.597 2.651 2.788,894.25,0.13587,0.1694259643554687,35.02323246002197,0.0115474700407718,0.0432484849986987,0.1236532289046137,0.0603342297349212,0.0300800565104779,0.0031141254959327,0.0143959039829775,0.0411319458297315,0.0209898707804153,0.0094476583106146,0.0031141254959327,0.0059107585709254,0.0068421414662089,0.0063650665147937,0.0052543017783392,0.0031141254959327,0.0059107585709254,0.0068421414662089,0.0063650665147937,0.0052543017783392,0.0031141254959327,0.0078829924073357,0.0132042016325997,0.0095461267158066,0.0062869542914002,0.0031141254959327,0.0014395903982977,0.0004113194582973,0.0010494935390207,0.0018895316621229,0.0031141254959327,0.0143959039829775,0.0411319458297315,0.0209898707804153,0.0094476583106146,0.3974522309108468,0.4351108491020611,0.4817323628520356,0.4489871945003467,0.4219315576049016,megamarket,sasrec,64,256,512,42
32,4.951 3.693 3.493 3.403 3.35,11.317 9.766 9.456 9.201 8.08 8.066 7.549 6.935 7.098 5.622 6.935 6.567 6.092 6.164 6.156 5.788 6.032 5.435 5.43 4.965 5.495 5.144 4.318 4.967 5.383 5.531 5.317 4.635 5.34 4.874 5.081 4.783 4.704 4.477 4.335 4.871 4.62 5.439 4.466 4.833 4.8 4.92 4.639 4.602 4.478 4.579 4.117 4.096 4.288 4.512 4.302 4.52 4.24 4.11 4.359 4.073 4.189 4.62 4.201 4.02 4.217 4.493 3.89 4.161 4.088 4.042 3.74 4.044 4.065 3.631 4.274 3.873 4.112 3.974 3.891 4.139 3.624 4.094 4.104 4.66 4.079 3.611 4.333 3.722 4.048 3.994 3.866 4.227 4.884 3.847 4.107 3.98 4.526 4.307 4.735 4.476 3.843 4.312 3.712 4.175 4.225 3.893 3.596 3.417 3.511 3.573 3.015 3.495 3.662 3.277 3.28 3.445 3.697 3.237 3.853 3.267 3.268 3.684 3.227 3.624 4.045 3.696 3.355 3.458 4.143 3.578 3.427 3.399 4.002 3.525 3.448 3.606 3.838 3.336 4.376 3.592 3.892 3.747 4.083 3.041 3.51 3.566 3.361 4.241 3.747 3.468 3.371 3.85 4.085 3.608 3.403 3.592 3.636 3.506 4.194 3.61 3.364 3.874 3.532 4.008 3.862 4.055 3.723 3.92 3.951 3.5 4.367 4.054 3.723 3.41 3.64 3.961 3.97 3.788 3.888 3.762 3.235 3.901 3.561 3.549 3.42 3.842 4.105 3.652 3.774 3.397 3.547 3.441 3.561 3.616 3.85 3.558 3.807 3.724 3.753 4.322 3.699 3.614 3.106 3.396 3.84 3.958 3.832 3.059 2.936 3.225 3.634 3.245 2.897 3.215 3.133 3.048 3.059 3.408 3.047 2.988 3.159 4.026 3.675 3.66 3.518 3.872 3.327 3.183 2.934 3.429 3.113 3.643 3.029 3.501 4.063 4.387 3.601 3.403 3.285 3.082 3.844 3.199 4.197 3.258 3.275 3.413 3.631 3.158 3.386 3.725 3.232 2.996 3.621 3.601 4.031 3.56 3.691 3.293 3.849 3.427 3.506 3.728 3.62 3.392 3.313 4.094 3.487 3.594 3.995 3.45 3.295 3.797 3.442 3.354 3.408 4.012 3.509 3.793 3.922 4.037 3.314 3.804 3.978 3.919 3.586 3.483 3.769 3.925 3.264 3.853 3.426 3.802 3.622 3.98 3.145 3.844 3.56 3.785 3.683 3.849 3.896 3.575 3.557 3.673 3.607 4.165 3.93 3.353 3.702 2.589 2.623 2.643 2.623 3.088 3.093 3.114 2.618 2.821 2.934 2.716 3.436 3.544 3.338 3.491 3.681 3.766 3.369 3.239 3.322 3.045 3.343 3.093 3.416 3.465 3.488 2.999 3.257 3.263 2.774 3.829 3.157 3.582 3.369 3.519 3.323 3.374 3.468 2.98 3.427 3.161 3.696 3.13 3.042 3.639 3.457 3.663 3.709 3.438 3.521 3.169 3.173 3.29 3.095 3.568 3.104 3.187 3.239 3.398 3.798 3.686 3.865 3.484 3.774 3.668 3.416 3.765 4.498 4.137 3.605 3.959 3.445 3.839 3.319 4.121 3.737 3.267 3.773 3.081 3.419 3.426 3.503 3.47 3.481 3.6 3.785 3.557 3.791 3.74 3.866 3.403 3.279 3.497 3.526 3.607 3.534 3.697 3.734 3.829 3.302 3.778 3.79 2.535 2.816 2.752 2.927 2.806 2.904 3.167 2.929 2.837 2.435 3.412 3.369 2.941 3.386 3.348 2.964 2.844 3.309 3.238 2.798 3.106 2.742 3.313 2.49 3.407 2.762 3.645 3.176 3.055 3.568 3.465 3.268 3.47 3.219 3.078 3.134 3.358 3.339 2.839 3.081 3.554 3.088 3.531 3.472 3.737 3.01 3.523 3.684 3.42 3.243 3.204 2.753 3.139 3.393 3.216 3.412 3.351 3.486 3.785 3.482 3.435 4.2 3.645 3.464 3.233 3.692 3.684 3.636 3.804 3.465 3.651 3.075 3.33 3.791 3.557 3.733 3.853 3.542 3.461 3.376 3.338 3.316 2.933 3.69 3.778 3.622 3.414 3.345 3.626 3.607 3.397 3.433 3.331 4.178 3.85 4.117 3.515 3.909 3.843 3.257 3.268 3.452,1448.1,0.24502,0.1694259643554687,59.34604167938232,0.0160181180523713,0.0518644739940267,0.1255220403256788,0.068730868848599,0.0379010570929324,0.0035851231243212,0.016396258616486,0.042267881286433,0.0228406144025533,0.0111377086242436,0.0035851231243212,0.0068859897247755,0.0077988772134789,0.0073306429152784,0.0061908482390229,0.0035851231243212,0.0068859897247755,0.0077988772134789,0.0073306429152784,0.0061908482390229,0.0035851231243212,0.0091055782641951,0.0142759793187586,0.0107316019897173,0.0074116076746174,0.0035851231243212,0.0016396258616486,0.0004226788128643,0.0011420307201276,0.0022275417248487,0.0035851231243212,0.016396258616486,0.042267881286433,0.0228406144025533,0.0111377086242436,0.4204546350155151,0.452808123988314,0.4915606475723176,0.4648612486269043,0.441341198950381,megamarket,sasrec,64,512,512,42
33,3.854 2.077 1.379 0.87 0.595 0.482 0.426,11.312 9.279 8.35 8.202 7.206 7.178 6.329 6.328 6.053 5.533 6.198 5.23 4.366 5.188 4.214 4.934 4.549 4.487 4.54 4.379 4.392 3.872 3.897 4.389 4.329 4.018 3.832 4.007 3.969 4.219 3.531 3.396 4.042 3.71 3.636 3.63 4.044 3.315 3.358 3.045 3.542 4.226 3.497 3.693 3.112 3.453 3.569 3.405 3.562 3.403 3.053 2.884 3.353 3.199 3.127 3.118 3.209 3.064 3.656 2.911 3.141 3.223 2.726 3.432 2.785 2.994 2.578 3.055 2.722 2.862 2.925 2.612 2.865 2.691 2.811 2.458 2.633 2.683 3.111 2.817 2.901 2.925 2.463 2.804 3.004 2.362 3.025 2.509 2.741 2.806 3.137 2.107 2.66 2.706 3.312 2.87 3.058 2.288 2.936 2.436 2.638 1.648 1.956 1.812 1.809 2.073 1.982 2.33 2.152 2.158 2.059 1.833 2.264 1.798 2.227 2.135 1.961 2.308 1.99 2.011 1.85 1.922 1.943 2.582 2.111 1.788 2.467 2.056 1.955 1.852 1.904 2.067 2.004 1.904 1.641 1.804 1.867 2.119 2.085 2.443 2.259 1.706 2.082 2.078 2.508 2.149 2.264 2.201 2.534 1.844 2.17 2.419 2.168 2.464 2.008 1.678 2.191 1.977 1.987 2.022 1.939 2.573 2.134 2.248 1.894 2.184 2.54 1.964 1.813 2.047 2.237 1.698 2.299 2.553 2.244 1.882 2.044 2.262 1.935 2.159 2.453 1.96 2.404 2.118 1.989 2.245 2.135 1.998 2.074 1.747 2.108 1.814 2.283 1.826 2.04 1.841 2.145 1.889 1.896 2.222 2.277 1.763 2.459 0.994 1.032 1.111 1.337 1.166 1.125 1.22 1.269 1.283 1.262 1.078 1.344 0.91 1.239 1.137 0.989 1.058 1.254 1.443 1.318 1.358 1.064 1.119 1.238 1.408 1.237 1.217 1.36 1.26 1.256 1.156 1.126 1.312 1.219 1.679 1.337 1.45 1.139 1.376 1.311 1.198 1.344 1.601 1.291 1.27 1.44 1.3 1.117 1.509 1.801 1.547 1.355 1.625 1.324 1.442 1.288 1.372 1.52 1.52 1.558 1.312 1.107 1.278 1.211 1.364 1.391 1.567 1.372 1.549 1.377 1.745 1.43 1.575 1.593 1.288 1.621 1.248 1.541 1.292 1.122 1.627 1.279 1.546 1.552 1.577 1.368 1.437 1.47 1.619 1.749 1.679 1.375 1.426 1.457 1.564 1.391 1.412 1.595 1.5 1.523 1.298 1.401 0.627 0.661 0.561 0.804 0.699 0.705 0.649 0.947 0.669 0.728 0.817 0.846 0.768 0.581 0.688 0.83 0.697 0.769 0.924 0.742 0.692 0.715 0.781 0.747 0.699 0.785 0.919 0.839 0.864 0.681 0.795 0.785 0.624 0.801 0.802 0.696 0.795 1.028 0.788 0.828 0.871 0.839 0.81 0.886 0.526 0.943 1.01 0.992 0.901 0.737 0.838 0.818 0.935 0.883 0.879 1.034 0.935 0.84 1.26 0.935 1.059 0.936 1.024 1.002 0.951 0.973 0.921 0.824 0.886 1.084 1.076 0.804 1.13 1.124 0.985 0.897 1.08 0.911 0.807 1.029 0.892 0.928 1.063 0.925 0.948 0.86 0.937 0.959 0.93 0.974 0.88 0.842 1.167 1.054 1.051 1.02 1.018 0.882 1.051 0.962 1.014 1.153 0.613 0.439 0.367 0.443 0.393 0.533 0.426 0.447 0.505 0.526 0.464 0.474 0.509 0.563 0.516 0.577 0.468 0.491 0.465 0.47 0.648 0.55 0.564 0.577 0.476 0.533 0.56 0.462 0.592 0.579 0.542 0.456 0.486 0.607 0.502 0.569 0.602 0.566 0.613 0.582 0.548 0.574 0.581 0.512 0.602 0.553 0.621 0.705 0.617 0.516 0.635 0.594 0.583 0.569 0.556 0.559 0.559 0.543 0.551 0.738 0.583 0.693 0.684 0.577 0.739 0.679 0.695 0.78 0.64 0.772 0.59 0.709 0.63 0.719 0.656 0.588 0.751 0.689 0.695 0.803 0.698 0.605 0.682 0.672 0.676 0.626 0.713 0.623 0.706 0.665 0.685 0.78 0.826 0.645 0.796 0.798 0.713 0.723 0.663 0.763 0.771 0.723 0.356 0.355 0.411 0.387 0.404 0.419 0.398 0.387 0.453 0.353 0.397 0.41 0.415 0.43 0.412 0.393 0.363 0.383 0.439 0.405 0.431 0.384 0.379 0.361 0.35 0.435 0.427 0.469 0.456 0.467 0.419 0.466 0.393 0.385 0.429 0.472 0.458 0.46 0.442 0.472 0.411 0.488 0.524 0.422 0.493 0.494 0.594 0.441 0.453 0.482 0.539 0.476 0.509 0.494 0.442 0.485 0.628 0.485 0.487 0.439 0.518 0.526 0.505 0.532 0.561 0.493 0.582 0.502 0.481 0.483 0.53 0.55 0.535 0.573 0.477 0.496 0.558 0.612 0.516 0.513 0.561 0.469 0.472 0.499 0.665 0.497 0.57 0.569 0.598 0.518 0.636 0.577 0.585 0.54 0.49 0.555 0.569 0.562 0.609 0.536 0.681 0.737 0.31 0.3 0.326 0.319 0.291 0.372 0.383 0.419 0.413 0.48 0.407 0.374 0.368 0.366 0.384 0.348 0.374 0.418 0.371 0.356 0.388 0.316 0.423 0.319 0.44 0.39 0.368 0.458 0.38 0.409 0.456 0.378 0.44 0.416 0.403 0.35 0.422 0.448 0.352 0.472 0.426 0.425 0.414 0.409 0.337 0.394 0.407 0.414 0.407 0.41 0.384 0.39 0.47 0.485 0.455 0.488 0.442 0.462 0.423 0.494 0.422 0.472 0.436 0.495 0.464 0.448 0.398 0.52 0.41 0.444 0.355 0.433 0.559 0.427 0.533 0.491 0.583 0.435 0.496 0.471 0.464 0.582 0.469 0.428 0.458 0.465 0.448 0.501 0.517 0.5 0.48 0.429 0.4 0.496 0.581 0.59 0.463 0.547 0.58 0.544 0.525 0.521 0.289 0.309 0.316 0.312 0.368 0.397 0.292 0.363 0.334 0.364 0.291 0.339 0.359 0.312 0.345 0.333 0.373 0.317 0.361 0.375 0.333 0.353 0.401 0.317 0.392 0.342 0.467 0.517 0.432 0.351 0.385 0.402 0.311 0.43 0.372 0.401 0.422 0.352 0.379 0.424 0.381 0.446 0.449 0.414 0.42 0.37 0.471 0.457 0.459 0.417 0.51 0.544 0.649 0.723 0.569 1.173 1.197 1.088 0.967 2.957 4.268 7.355,714.8,0.11173,3.337860107421875e-06,78.57595443725586,0.0161699279987111,0.0525473089363389,0.1613851263430533,0.0741030820517269,0.0371147435341355,0.0027040805018064,0.0120353746924662,0.0344604029523239,0.0171720194161845,0.0079238424540638,0.0027040805018064,0.0050561639384865,0.0058080215274462,0.0054042762719906,0.0045178831334825,0.0027040805018064,0.0050561639384865,0.0058080215274462,0.0054042762719906,0.0045178831334825,0.0027040805018064,0.0066783736777243,0.0110947043449808,0.0079666741356355,0.0053593865627387,0.0027040805018064,0.0012035374692466,0.0003446040295232,0.0008586009708092,0.0015847684908127,0.0027040805018064,0.0120353746924662,0.0344604029523239,0.0171720194161845,0.0079238424540638,0.4572926036139292,0.4707040465205082,0.4915902860561532,0.4767247753364998,0.4653847415328361,megamarket,sasrec,64,32,1024,42
34,4.058 2.428 1.84 1.35 0.951 0.697 0.569 0.506,11.218 9.495 8.686 8.412 7.36 7.333 6.444 6.624 6.2 5.669 6.17 5.41 4.497 5.35 4.416 5.075 4.696 4.621 4.709 4.47 4.503 3.987 4.103 4.498 4.478 4.17 4.014 4.131 4.168 4.434 3.724 3.603 4.225 3.921 3.851 3.792 4.274 3.511 3.552 3.201 3.774 4.371 3.692 3.965 3.324 3.626 3.782 3.582 3.799 3.605 3.269 3.095 3.535 3.459 3.381 3.363 3.407 3.323 3.911 3.093 3.338 3.468 2.874 3.595 2.926 3.263 2.816 3.313 2.991 3.082 3.129 2.858 3.102 2.975 3.061 2.669 2.953 2.93 3.375 3.065 3.136 3.176 2.691 3.042 3.154 2.66 3.235 2.775 2.945 3.118 3.376 2.262 2.928 3.024 3.497 3.093 3.238 2.505 3.204 2.71 2.866 1.91 2.294 2.121 2.107 2.37 2.19 2.555 2.522 2.435 2.4 2.163 2.664 2.124 2.593 2.421 2.306 2.67 2.342 2.313 2.148 2.212 2.262 3.019 2.485 2.087 2.877 2.412 2.291 2.21 2.239 2.428 2.381 2.194 1.953 2.182 2.204 2.5 2.422 2.7 2.641 2.034 2.474 2.503 2.897 2.424 2.649 2.597 2.938 2.192 2.509 2.812 2.537 2.91 2.365 1.941 2.598 2.328 2.369 2.372 2.287 2.897 2.453 2.653 2.238 2.545 2.98 2.333 2.174 2.403 2.645 1.995 2.723 2.919 2.684 2.244 2.39 2.537 2.289 2.48 2.734 2.334 2.709 2.485 2.29 2.687 2.423 2.36 2.445 2.165 2.512 2.145 2.625 2.187 2.362 2.181 2.524 2.174 2.21 2.58 2.66 2.075 2.875 1.378 1.301 1.492 1.711 1.527 1.526 1.614 1.701 1.777 1.701 1.491 1.743 1.214 1.637 1.548 1.365 1.462 1.714 1.917 1.787 1.771 1.467 1.523 1.758 1.886 1.717 1.683 1.835 1.733 1.696 1.585 1.531 1.667 1.647 2.224 1.802 1.904 1.56 1.865 1.743 1.504 1.886 2.128 1.807 1.817 1.885 1.839 1.573 1.913 2.465 2.088 1.826 2.202 1.752 1.896 1.793 1.804 2.047 2.105 2.007 1.776 1.494 1.667 1.659 1.782 1.871 2.102 1.866 2.0 1.865 2.376 1.933 2.102 2.083 1.752 2.168 1.648 2.055 1.715 1.537 2.198 1.641 1.99 2.06 2.144 1.846 1.937 2.005 2.113 2.322 2.244 1.809 1.89 2.011 2.08 1.789 1.947 2.119 1.964 1.998 1.646 1.893 0.955 1.034 0.927 1.279 1.0 1.142 1.04 1.386 1.061 1.124 1.229 1.359 1.145 0.912 0.981 1.254 1.127 1.149 1.411 1.229 1.111 1.065 1.201 1.179 1.143 1.16 1.368 1.234 1.382 1.112 1.177 1.262 1.012 1.217 1.288 1.111 1.263 1.548 1.204 1.255 1.347 1.275 1.26 1.402 0.95 1.416 1.597 1.64 1.421 1.173 1.185 1.336 1.436 1.363 1.392 1.559 1.376 1.24 1.919 1.469 1.63 1.441 1.526 1.551 1.514 1.536 1.378 1.271 1.493 1.708 1.53 1.27 1.764 1.733 1.578 1.324 1.65 1.509 1.35 1.557 1.328 1.61 1.638 1.467 1.398 1.282 1.412 1.511 1.403 1.679 1.308 1.292 1.777 1.518 1.602 1.6 1.529 1.35 1.491 1.439 1.544 1.682 0.847 0.685 0.608 0.676 0.604 0.844 0.691 0.707 0.785 0.8 0.727 0.77 0.907 0.761 0.789 0.865 0.757 0.849 0.748 0.769 1.056 0.825 0.88 0.891 0.749 0.866 0.894 0.788 0.943 0.938 0.911 0.787 0.845 0.926 0.831 0.978 0.94 0.897 0.981 0.946 0.926 0.874 0.854 0.83 0.939 0.955 0.987 1.109 0.975 0.951 1.001 0.892 0.872 0.892 0.882 0.872 0.881 0.903 0.898 1.152 0.973 1.373 1.125 0.981 1.155 1.051 1.098 1.252 1.0 1.13 0.959 1.158 1.069 1.169 1.116 0.96 1.159 1.208 1.084 1.29 1.151 1.042 1.099 1.081 1.106 0.897 1.18 1.039 1.035 1.044 1.158 1.223 1.356 1.078 1.178 1.359 1.228 1.126 1.112 1.126 1.239 1.136 0.51 0.518 0.541 0.486 0.544 0.547 0.534 0.567 0.546 0.485 0.536 0.568 0.579 0.629 0.668 0.521 0.553 0.497 0.613 0.587 0.587 0.592 0.654 0.483 0.533 0.634 0.556 0.662 0.642 0.718 0.546 0.703 0.587 0.611 0.617 0.664 0.669 0.64 0.592 0.777 0.603 0.746 0.674 0.567 0.663 0.737 0.938 0.624 0.62 0.726 0.733 0.727 0.764 0.742 0.638 0.731 0.907 0.679 0.699 0.589 0.693 0.749 0.785 0.808 0.798 0.662 0.834 0.693 0.735 0.721 0.831 0.823 0.786 0.847 0.737 0.77 0.709 0.852 0.779 0.749 0.836 0.68 0.733 0.742 0.893 0.722 0.839 0.91 0.84 0.681 0.835 0.878 0.791 0.82 0.728 0.767 0.866 0.81 0.937 0.86 0.901 1.023 0.366 0.372 0.409 0.404 0.425 0.478 0.425 0.487 0.509 0.497 0.474 0.434 0.499 0.521 0.426 0.494 0.439 0.519 0.46 0.523 0.531 0.439 0.526 0.471 0.528 0.544 0.491 0.531 0.576 0.523 0.541 0.491 0.562 0.588 0.581 0.481 0.546 0.579 0.521 0.576 0.561 0.519 0.503 0.554 0.47 0.495 0.537 0.536 0.529 0.582 0.541 0.498 0.611 0.573 0.586 0.649 0.592 0.561 0.559 0.712 0.629 0.58 0.628 0.634 0.618 0.577 0.586 0.751 0.512 0.64 0.571 0.615 0.832 0.603 0.76 0.585 0.821 0.639 0.691 0.656 0.569 0.875 0.661 0.609 0.655 0.675 0.639 0.754 0.686 0.743 0.699 0.638 0.555 0.604 0.751 0.847 0.622 0.725 0.715 0.711 0.691 0.782 0.377 0.338 0.37 0.363 0.488 0.411 0.403 0.38 0.382 0.389 0.421 0.441 0.469 0.388 0.434 0.431 0.429 0.385 0.515 0.43 0.367 0.469 0.418 0.399 0.452 0.426 0.5 0.629 0.52 0.45 0.489 0.468 0.41 0.526 0.442 0.502 0.548 0.48 0.465 0.473 0.466 0.53 0.546 0.452 0.504 0.406 0.518 0.473 0.487 0.476 0.469 0.542 0.619 0.539 0.452 0.502 0.501 0.4 0.548 0.443 0.447 0.561 0.678 0.604 0.444 0.52 0.598 0.505 0.559 0.585 0.487 0.543 0.599 0.523 0.556 0.649 0.529 0.593 0.535 0.577 0.513 0.52 0.523 0.579 0.465 0.57 0.737 0.552 0.603 0.617 0.612 0.604 0.644 0.585 0.643 0.628 0.75 0.642 0.732 0.595 0.612 0.407 0.475 0.442 0.418 0.362 0.412 0.444 0.538 0.432 0.405 0.408 0.444 0.377 0.511 0.833 0.718 0.787 5.235 5.891 6.884,811.88,0.13113,0.1694259643554687,21.670955657958984,0.0167455665299344,0.0563103367082646,0.1781951346461279,0.0800521730509461,0.0394018068481776,0.0030033025245472,0.0137365073032338,0.0387160050535274,0.0194771372210031,0.0093202118935212,0.0030033025245472,0.0057523300969507,0.0065926564095111,0.0061457140220769,0.0051726621894186,0.0030033025245472,0.0057523300969507,0.0065926564095111,0.0061457140220769,0.0051726621894186,0.0030033025245472,0.0076142457980592,0.0125358855459171,0.009059444786561,0.0061958710249186,0.0030033025245472,0.0013736507303233,0.0003871600505352,0.0009738568610501,0.0018640423787042,0.0030033025245472,0.0137365073032338,0.0387160050535274,0.0194771372210031,0.0093202118935212,0.4611939018573006,0.4742369541911531,0.4956873202206002,0.4804919761588641,0.468953794493077,megamarket,sasrec,64,64,1024,42
35,4.27 2.791 2.337 1.984 1.668,11.301 9.706 8.753 8.56 7.482 7.47 6.588 6.66 6.355 5.837 6.329 5.581 4.693 5.524 4.588 5.266 4.925 4.812 4.883 4.715 4.66 4.174 4.29 4.763 4.658 4.38 4.191 4.304 4.43 4.619 3.884 3.816 4.434 4.092 4.043 4.005 4.387 3.69 3.755 3.408 3.919 4.532 3.91 4.177 3.577 3.9 3.922 3.892 4.022 3.781 3.52 3.302 3.784 3.663 3.599 3.525 3.577 3.61 4.083 3.33 3.57 3.726 3.088 3.858 3.205 3.459 3.069 3.572 3.228 3.319 3.363 3.081 3.349 3.173 3.307 2.968 3.119 3.108 3.657 3.33 3.397 3.405 2.926 3.248 3.454 2.839 3.47 2.992 3.198 3.351 3.698 2.55 3.179 3.263 3.766 3.438 3.494 2.814 3.518 2.996 3.123 2.186 2.573 2.377 2.484 2.65 2.511 2.909 2.917 2.805 2.758 2.484 3.018 2.472 2.999 2.706 2.609 3.066 2.728 2.696 2.478 2.574 2.706 3.416 2.857 2.447 3.263 2.754 2.576 2.475 2.549 2.814 2.769 2.604 2.324 2.598 2.517 2.907 2.864 3.136 2.981 2.409 2.856 2.868 3.321 2.762 3.014 2.963 3.314 2.497 2.915 3.171 2.831 3.351 2.758 2.276 2.993 2.657 2.741 2.747 2.767 3.392 2.793 3.009 2.585 2.948 3.256 2.637 2.502 2.84 3.074 2.391 3.073 3.375 3.067 2.62 2.779 2.893 2.666 2.897 3.175 2.694 3.117 2.892 2.617 3.085 2.772 2.698 2.824 2.561 2.815 2.43 3.031 2.625 2.763 2.499 2.925 2.504 2.513 2.883 3.04 2.402 3.241 1.746 1.709 1.838 2.158 1.999 1.966 2.093 2.174 2.299 2.179 1.874 2.201 1.597 2.152 2.004 1.792 1.871 2.177 2.49 2.298 2.33 1.921 1.98 2.309 2.293 2.191 2.144 2.225 2.261 2.128 2.095 1.972 2.129 2.065 2.824 2.282 2.465 1.99 2.39 2.236 1.969 2.404 2.686 2.262 2.337 2.352 2.266 2.052 2.441 3.053 2.56 2.295 2.745 2.333 2.432 2.295 2.208 2.559 2.694 2.463 2.227 1.892 2.104 2.102 2.299 2.385 2.667 2.33 2.522 2.327 2.921 2.519 2.652 2.61 2.188 2.696 2.095 2.607 2.117 1.924 2.743 2.01 2.65 2.558 2.681 2.309 2.413 2.514 2.593 2.874 2.674 2.273 2.399 2.474 2.564 2.337 2.386 2.601 2.503 2.461 2.114 2.383 1.432 1.519 1.348 1.913 1.547 1.747 1.526 2.031 1.666 1.784 1.893 2.047 1.739 1.399 1.631 2.016 1.636 1.653 2.107 1.748 1.633 1.654 1.797 1.799 1.739 1.666 1.991 1.893 2.049 1.683 1.693 1.913 1.55 1.853 1.955 1.757 1.868 2.178 1.746 2.018 1.961 1.857 1.904 2.088 1.401 2.149 2.266 2.406 2.086 1.814 1.841 1.924 2.106 2.252 2.051 2.298 2.062 1.87 2.714 2.16 2.349 2.125 2.216 2.139 2.099 2.268 2.033 1.8 2.173 2.427 2.173 1.841 2.505 2.425 2.293 1.947 2.395 2.171 1.955 2.21 1.973 2.217 2.244 2.095 1.978 1.885 2.02 2.223 2.04 2.441 1.928 1.802 2.462 2.087 2.285 2.309 2.212 2.012 2.187 2.135 2.201 2.404 1.452 1.338 1.096 1.182 1.141 1.459 1.202 1.357 1.313 1.387 1.248 1.335 1.618 1.321 1.477 1.55 1.467 1.391 1.328 1.327 1.772 1.43 1.639 1.604 1.398 1.468 1.545 1.309 1.616 1.712 1.648 1.462 1.332 1.682 1.595 1.788 1.729 1.442 1.529 1.606 1.685 1.536 1.55 1.556 1.665 1.7 1.694 2.034 1.778 1.613 1.726 1.703 1.621 1.61 1.573 1.493 1.55 1.634 1.486 1.979 1.719 2.402 1.919 1.677 2.057 1.859 1.98 2.051 1.832 1.969 1.737 1.949 1.93 2.108 1.832 1.732 1.917 2.094 1.926 2.2 1.92 1.837 1.854 1.877 1.782 1.532 2.062 1.827 1.75 1.861 1.945 1.968 2.338 1.894 1.933 2.243 2.208 1.889 1.842 1.826 2.027 2.11,1001.6,0.15653,0.1694259643554687,29.19593906402588,0.0090082163260753,0.0372355718587733,0.1152658842774466,0.0544656909521272,0.0246031254259973,0.0027539508389298,0.0133652503490923,0.0401068333444156,0.0195325487066959,0.0087383912937473,0.0027539508389298,0.0054398818803034,0.0063453809765828,0.0058581102654418,0.004827633338505,0.0027539508389298,0.0054398818803034,0.0063453809765828,0.0058581102654418,0.004827633338505,0.0027539508389298,0.007285015453123,0.0125686808107368,0.0088321600881647,0.0057940998492202,0.0027539508389298,0.0013365250349092,0.0004010683334441,0.0009766274353347,0.0017476782587494,0.0027539508389298,0.0133652503490923,0.0401068333444156,0.0195325487066959,0.0087383912937473,0.3725623734263846,0.4137739208510647,0.4668690726454272,0.429303708103204,0.3990362788858153,megamarket,sasrec,64,128,1024,42
36,4.526 3.183 2.878 2.699 2.583 2.504 2.441 2.408,11.424 9.852 8.934 8.756 7.644 7.665 6.762 6.937 6.559 6.116 6.586 5.865 4.916 5.824 4.885 5.546 5.269 5.061 5.255 5.005 4.952 4.478 4.625 5.034 4.968 4.629 4.454 4.538 4.767 4.818 4.119 4.045 4.668 4.322 4.24 4.248 4.64 3.932 3.957 3.624 4.206 4.752 4.161 4.48 3.804 4.141 4.097 4.043 4.247 4.064 3.781 3.53 4.014 3.952 3.859 3.769 3.765 3.832 4.368 3.59 3.769 3.984 3.362 4.074 3.45 3.734 3.383 3.854 3.537 3.566 3.607 3.369 3.557 3.47 3.561 3.252 3.434 3.349 3.959 3.689 3.682 3.685 3.162 3.51 3.727 3.104 3.731 3.281 3.501 3.585 3.951 2.842 3.495 3.533 4.157 3.769 3.784 3.087 3.828 3.346 3.389 2.459 2.915 2.74 2.754 3.032 2.873 3.322 3.382 3.176 3.228 2.805 3.511 2.806 3.413 3.092 3.002 3.467 3.121 3.016 2.809 2.946 3.062 3.885 3.24 2.858 3.653 3.189 2.933 2.858 2.922 3.262 3.117 2.99 2.742 2.978 2.87 3.248 3.202 3.509 3.412 2.714 3.328 3.342 3.735 3.121 3.395 3.34 3.708 2.985 3.326 3.614 3.253 3.801 3.153 2.631 3.415 2.98 3.099 3.075 3.197 3.9 3.09 3.403 3.075 3.415 3.767 3.012 2.843 3.211 3.428 2.715 3.516 3.833 3.497 3.03 3.107 3.254 3.079 3.335 3.602 3.114 3.473 3.234 3.01 3.523 3.163 3.096 3.333 2.975 3.124 2.751 3.381 3.056 3.07 2.862 3.345 2.881 2.828 3.197 3.419 2.78 3.654 2.24 2.063 2.289 2.623 2.466 2.47 2.572 2.706 2.918 2.633 2.27 2.703 2.005 2.739 2.442 2.349 2.386 2.756 3.046 2.935 2.845 2.474 2.473 2.906 2.841 2.764 2.701 2.747 2.895 2.638 2.63 2.446 2.597 2.546 3.461 2.826 3.081 2.475 2.915 2.753 2.437 3.044 3.211 2.848 2.919 2.852 2.8 2.56 2.945 3.73 3.152 2.91 3.326 2.947 2.996 2.757 2.643 3.149 3.364 3.025 2.685 2.354 2.528 2.633 2.864 3.059 3.244 2.869 3.045 2.761 3.613 3.012 3.218 3.176 2.782 3.209 2.539 3.127 2.545 2.357 3.316 2.441 3.204 3.156 3.254 2.813 2.963 3.04 3.081 3.42 3.196 2.76 2.892 3.037 3.106 2.878 2.898 3.157 2.969 2.9 2.634 2.962 2.002 2.2 1.928 2.706 2.166 2.446 2.105 2.825 2.344 2.55 2.63 2.884 2.443 2.044 2.29 2.813 2.327 2.252 2.895 2.451 2.265 2.33 2.616 2.577 2.412 2.404 2.723 2.671 2.888 2.38 2.353 2.674 2.198 2.677 2.747 2.386 2.563 2.979 2.361 2.788 2.731 2.623 2.588 2.889 1.975 2.87 3.013 3.182 2.928 2.564 2.555 2.697 2.844 3.099 2.758 3.039 2.866 2.615 3.474 2.924 3.031 2.831 2.953 2.894 2.849 2.966 2.777 2.474 2.935 3.294 3.024 2.439 3.228 3.188 2.912 2.502 3.08 2.881 2.56 2.892 2.717 2.965 2.948 2.793 2.556 2.538 2.687 2.895 2.664 3.187 2.493 2.467 3.18 2.697 3.017 2.98 2.935 2.555 2.817 2.758 2.97 3.099 2.234 2.259 1.888 1.904 2.06 2.408 2.025 2.297 2.169 2.255 1.994 2.162 2.672 2.134 2.474 2.47 2.383 2.198 2.284 2.199 3.009 2.275 2.514 2.603 2.326 2.426 2.499 2.094 2.593 2.665 2.562 2.458 2.126 2.573 2.727 2.916 2.716 2.191 2.393 2.518 2.818 2.428 2.341 2.521 2.783 2.668 2.569 3.133 2.653 2.563 2.576 2.737 2.498 2.546 2.544 2.377 2.436 2.456 2.283 2.984 2.615 3.591 2.712 2.66 3.058 2.818 3.069 2.999 2.772 3.012 2.678 2.909 2.858 3.199 2.668 2.739 2.735 3.129 2.878 3.217 2.837 2.819 2.834 2.774 2.62 2.224 3.12 2.664 2.586 2.831 2.866 2.839 3.326 2.79 2.831 3.311 3.197 2.683 2.738 2.645 2.984 3.042 2.14 2.066 1.905 1.71 2.177 1.886 2.061 1.759 2.313 1.972 2.037 2.105 2.034 2.165 2.141 1.975 2.101 2.124 2.5 2.251 2.318 2.191 2.081 2.054 2.363 2.391 2.227 2.35 2.431 2.725 2.492 2.663 2.211 2.33 2.476 2.807 2.127 2.35 2.384 3.035 2.022 2.165 2.736 2.115 2.408 2.608 3.151 2.56 2.409 2.498 2.782 2.414 2.372 2.682 2.401 2.759 3.01 2.705 2.69 2.625 2.796 2.605 2.506 2.585 2.436 2.586 2.994 2.498 2.84 2.64 2.849 2.637 3.227 2.854 2.994 2.694 2.615 2.98 2.798 2.676 3.046 2.466 2.491 2.865 2.7 2.5 2.682 2.721 2.788 2.493 2.846 2.846 2.725 2.807 2.633 2.508 2.709 2.712 3.273 2.839 3.207 3.071 1.555 1.777 2.051 2.038 1.947 2.186 2.428 2.124 2.16 2.489 1.934 1.883 2.164 2.296 2.137 2.375 1.966 1.984 2.133 2.009 2.119 1.777 2.572 2.134 2.495 2.314 2.385 2.571 2.214 2.414 2.407 2.372 2.321 2.223 2.419 2.31 2.36 2.57 2.241 2.484 2.389 2.288 2.309 2.832 2.102 2.342 2.351 2.7 2.321 2.336 2.271 2.074 2.818 2.276 2.466 2.506 2.79 2.519 2.451 2.875 2.845 2.383 2.509 2.506 2.542 2.327 2.626 2.856 2.316 2.643 2.081 2.811 2.919 2.685 3.135 2.662 2.772 2.893 2.754 2.539 2.365 3.15 2.528 2.507 2.843 2.793 2.489 3.115 2.67 3.097 2.794 2.837 2.17 2.49 2.878 3.244 2.785 2.577 2.862 3.135 2.83 2.886 1.793 1.996 1.883 1.909 2.135 1.975 1.999 2.136 1.916 2.295 1.992 1.965 2.236 1.801 2.084 2.269 2.007 2.096 2.492 2.131 2.134 1.941 2.408 2.06 2.212 2.236 2.156 2.635 2.279 2.189 2.42 2.591 2.033 2.292 2.435 2.25 2.439 2.268 2.432 2.285 2.247 2.737 2.663 2.078 2.5 2.0 2.393 2.453 2.123 2.11 2.588 2.927 2.547 2.52 2.527 1.955 2.837 2.362 2.288 1.997 2.487 2.215 2.834 2.828 2.663 2.759 2.51 2.545 2.574 2.569 2.501 2.929 2.648 2.541 2.584 2.606 2.319 2.979 3.017 2.687 2.524 2.698 2.416 2.692 2.668 2.623 2.701 2.727 2.902 2.668 2.863 2.658 2.743 2.229 2.867 2.512 3.075 2.881 3.178 2.936 3.069,1265.0,0.20825,0.1694259643554687,46.627872943878174,0.0111422304289095,0.0452641493066313,0.1422161773635879,0.0664977135563184,0.0299641852453124,0.0031750781301948,0.0154930513996941,0.0452545603652725,0.0224416517055655,0.0100682669503734,0.0031750781301948,0.0062303728999486,0.0072371472568488,0.0067071377685395,0.0055148281135713,0.0031750781301948,0.0062303728999486,0.0072371472568488,0.0067071377685395,0.0055148281135713,0.0031750781301948,0.0083822400123222,0.0142543498812903,0.0101322015934128,0.0066365490519572,0.0031750781301948,0.0015493051399694,0.0004525456036527,0.0011220825852782,0.0020136533900746,0.0031750781301948,0.0154930513996941,0.0452545603652725,0.0224416517055655,0.0100682669503734,0.4044952984504997,0.4398382367394433,0.4857000493728154,0.4534235743233132,0.4270684644932432,megamarket,sasrec,64,256,1024,42
37,6.454 2.98 1.314 0.467 0.305 0.262 0.236,11.529 9.967 9.368 8.286 7.99 7.413 7.016 6.913 6.927 6.351 6.094 5.573 5.548 5.402 5.749 5.39 4.924 5.162 4.99 4.704 4.541 4.701 4.612 4.606 4.469 3.034 2.878 3.046 3.292 3.17 2.987 2.96 2.923 2.752 3.006 3.044 3.113 2.99 3.029 2.978 3.078 3.036 2.879 2.964 2.92 2.9 3.029 3.064 3.032 3.053 1.254 1.269 1.291 1.197 1.131 1.353 1.336 1.197 1.256 1.321 1.33 1.296 1.255 1.405 1.16 1.273 1.378 1.371 1.453 1.319 1.384 1.373 1.465 1.434 1.487 1.478 0.405 0.427 0.4 0.431 0.41 0.431 0.434 0.481 0.476 0.441 0.479 0.451 0.433 0.443 0.436 0.476 0.488 0.539 0.504 0.492 0.524 0.54 0.497 0.529 0.504 0.22 0.304 0.225 0.281 0.279 0.312 0.271 0.303 0.306 0.273 0.304 0.345 0.288 0.313 0.283 0.326 0.303 0.375 0.342 0.256 0.396 0.282 0.308 0.348 0.379 0.312 0.239 0.23 0.259 0.221 0.255 0.223 0.208 0.255 0.301 0.243 0.232 0.263 0.247 0.243 0.269 0.253 0.291 0.29 0.309 0.291 0.243 0.26 0.279 0.3 0.246 0.203 0.228 0.236 0.212 0.219 0.206 0.211 0.216 0.247 0.217 0.226 0.236 0.234 0.222 0.24 0.283 0.228 0.208 0.211 0.243 0.287 0.274 0.25 0.249 0.252 0.317,101.4,0.038911,3.337860107421875e-06,67.23593044281006,0.0178249662300323,0.060315021129466,0.1566387418983059,0.0806668484255139,0.0439028168490451,0.003884345147062,0.0140080235831283,0.0331471507414056,0.0191612917525544,0.0099685262761265,0.003884345147062,0.0065375042526116,0.0072164231191535,0.006888543875017,0.0060052197619522,0.003884345147062,0.0065375042526116,0.0072164231191535,0.006888543875017,0.0060052197619522,0.003884345147062,0.0082849284451719,0.0121126629105552,0.0095797196402238,0.0069854530859271,0.003884345147062,0.0014008023583128,0.000331471507414,0.0009580645876277,0.0019937052552253,0.003884345147062,0.0140080235831283,0.0331471507414056,0.0191612917525544,0.0099685262761265,0.4145903258569997,0.4145131000692316,0.4346532400957441,0.4175981357709123,0.4136198874156372,megamarket,sasrec,256,32,32,42
38,6.566 3.213 1.625 0.615 0.37 0.31 0.281,11.358 10.111 9.559 8.399 8.13 7.518 7.15 7.031 7.039 6.463 6.196 5.671 5.676 5.521 5.876 5.496 5.056 5.263 5.126 4.825 4.685 4.827 4.712 4.767 4.685 3.198 3.006 3.162 3.414 3.363 3.157 3.202 3.077 2.999 3.205 3.244 3.323 3.249 3.227 3.231 3.307 3.374 3.077 3.196 3.203 3.198 3.333 3.378 3.287 3.399 1.51 1.5 1.536 1.413 1.436 1.582 1.579 1.442 1.584 1.662 1.609 1.579 1.64 1.708 1.498 1.652 1.681 1.669 1.727 1.738 1.786 1.789 1.783 1.83 1.918 1.888 0.538 0.536 0.5 0.556 0.573 0.524 0.536 0.598 0.582 0.572 0.569 0.624 0.67 0.656 0.651 0.641 0.624 0.693 0.705 0.657 0.727 0.7 0.684 0.741 0.725 0.271 0.32 0.302 0.285 0.333 0.317 0.329 0.328 0.359 0.333 0.384 0.371 0.372 0.367 0.425 0.381 0.439 0.398 0.385 0.34 0.464 0.396 0.397 0.415 0.419 0.437 0.259 0.277 0.27 0.285 0.282 0.246 0.244 0.293 0.299 0.312 0.252 0.296 0.294 0.32 0.316 0.316 0.345 0.323 0.357 0.334 0.295 0.343 0.342 0.357 0.31 0.209 0.23 0.275 0.266 0.26 0.233 0.243 0.222 0.248 0.281 0.274 0.289 0.269 0.268 0.275 0.308 0.276 0.253 0.278 0.295 0.314 0.31 0.342 0.295 0.342 0.35,109.53,0.045271,0.1694259643554687,16.113715648651123,0.0165063884103949,0.0598744624688634,0.1569454599531557,0.0810516401670529,0.0426951532351009,0.0038344748099386,0.0151772059312454,0.0356018795575946,0.0203858855863643,0.0106667109958552,0.0038344748099386,0.006825419693629,0.0075490516690305,0.0071859071787695,0.0062308368611979,0.0038344748099386,0.006825419693629,0.0075490516690305,0.0071859071787695,0.0062308368611979,0.0038344748099386,0.0087788597848534,0.012863142562761,0.0100945253025735,0.0073276488632182,0.0038344748099386,0.0015177205931245,0.0003560187955759,0.0010192942793182,0.002133342199171,0.0038344748099386,0.0151772059312454,0.0356018795575946,0.0203858855863643,0.0106667109958552,0.4135373675232088,0.4203020098338072,0.4436437741164322,0.4246488932020669,0.4174359385253199,megamarket,sasrec,256,64,32,42
39,6.705 3.451 2.0 0.871 0.467 0.377 0.335,11.33 10.308 9.656 8.55 8.316 7.683 7.289 7.16 7.164 6.606 6.378 5.802 5.853 5.695 6.08 5.674 5.179 5.446 5.28 4.955 4.854 5.0 4.853 4.902 4.824 3.316 3.154 3.368 3.591 3.54 3.335 3.372 3.27 3.172 3.444 3.424 3.528 3.558 3.481 3.502 3.617 3.636 3.348 3.462 3.494 3.502 3.603 3.626 3.554 3.626 1.76 1.784 1.798 1.723 1.657 1.888 1.878 1.746 1.903 2.039 1.979 1.962 1.967 2.114 1.794 2.017 2.145 2.142 2.197 2.179 2.171 2.213 2.262 2.252 2.346 2.349 0.674 0.718 0.662 0.735 0.726 0.699 0.739 0.86 0.818 0.789 0.873 0.822 0.861 0.915 0.87 0.906 0.985 1.01 1.032 0.987 1.045 1.043 1.03 1.135 1.073 0.301 0.368 0.362 0.35 0.423 0.393 0.428 0.38 0.396 0.466 0.401 0.432 0.454 0.448 0.54 0.468 0.508 0.542 0.477 0.477 0.654 0.485 0.566 0.529 0.613 0.548 0.28 0.278 0.303 0.315 0.339 0.303 0.335 0.344 0.366 0.375 0.337 0.352 0.369 0.367 0.413 0.353 0.403 0.419 0.386 0.419 0.377 0.42 0.432 0.417 0.446 0.268 0.248 0.291 0.25 0.256 0.279 0.274 0.323 0.321 0.33 0.353 0.35 0.3 0.296 0.332 0.375 0.339 0.289 0.378 0.358 0.389 0.359 0.344 0.4 0.378 0.424,124.97,0.05735,0.1694259643554687,16.875579357147217,0.0156240318243218,0.0588229462282973,0.1543157399030895,0.0803148972029792,0.0412105139231407,0.0039065097413391,0.0156703681539109,0.0376798102710729,0.0213943746259724,0.0108218631557949,0.0039065097413391,0.0069564436697391,0.0077410809700451,0.0073496180609655,0.0063194028858301,0.0039065097413391,0.0069564436697391,0.0077410809700451,0.0073496180609655,0.0063194028858301,0.0039065097413391,0.0089906616815486,0.0134014951868104,0.0104328145497842,0.0074328910320705,0.0039065097413391,0.001567036815391,0.0003767981027107,0.0010697187312986,0.0021643726311589,0.0039065097413391,0.0156703681539109,0.0376798102710729,0.0213943746259724,0.0108218631557949,0.4088375941507201,0.4236484783255639,0.4535322374020926,0.4305072278744285,0.4181351161630711,megamarket,sasrec,256,128,32,42
40,6.892 3.7 2.427 1.33 0.675 0.49 0.424 0.383,11.374 10.496 9.837 8.684 8.455 7.849 7.482 7.342 7.368 6.787 6.569 6.014 6.061 5.915 6.277 5.924 5.424 5.667 5.535 5.193 5.045 5.23 5.07 5.088 5.034 3.487 3.309 3.546 3.828 3.737 3.516 3.59 3.476 3.426 3.679 3.675 3.781 3.763 3.796 3.739 3.907 3.953 3.579 3.741 3.768 3.72 3.889 4.026 3.843 3.938 2.05 2.056 2.157 2.0 2.021 2.231 2.242 2.148 2.33 2.459 2.37 2.41 2.335 2.584 2.215 2.491 2.546 2.579 2.703 2.61 2.624 2.698 2.747 2.777 2.959 2.867 0.985 1.0 0.962 1.04 1.053 1.056 1.147 1.294 1.195 1.206 1.318 1.287 1.238 1.411 1.39 1.441 1.438 1.458 1.705 1.574 1.662 1.565 1.584 1.77 1.716 0.426 0.511 0.459 0.486 0.568 0.517 0.564 0.563 0.621 0.593 0.577 0.592 0.643 0.61 0.703 0.756 0.758 0.792 0.823 0.773 0.863 0.8 0.859 0.801 0.975 0.875 0.381 0.393 0.359 0.36 0.395 0.389 0.4 0.391 0.448 0.432 0.412 0.496 0.499 0.482 0.642 0.536 0.541 0.522 0.548 0.527 0.527 0.58 0.627 0.64 0.591 0.354 0.31 0.343 0.337 0.329 0.324 0.36 0.407 0.369 0.442 0.402 0.422 0.405 0.468 0.38 0.468 0.421 0.443 0.497 0.49 0.47 0.499 0.528 0.536 0.519 0.577 0.281 0.305 0.327 0.363 0.313 0.343 0.344 0.377 0.364 0.365 0.401 0.407 0.425 0.366 0.398 0.362 0.4 0.439 0.41 0.441 0.466 0.384 0.398 0.468 0.444,160.77,0.085324,0.1694259643554687,20.825592041015625,0.0207198889618678,0.0866239946463757,0.2373446271671644,0.1203208456743459,0.0594704621218693,0.0038788039984928,0.0166899394906576,0.0384832768136179,0.0226245096083516,0.0116918234811711,0.0038788039984928,0.0072258798200516,0.008016591672971,0.0076346113798679,0.0065638598902113,0.0038788039984928,0.0072258798200516,0.008016591672971,0.0076346113798679,0.0065638598902113,0.0038788039984928,0.009440419361998,0.0138298816767123,0.0109369418687646,0.0078291913897746,0.0038788039984928,0.0016689939490657,0.0003848327681361,0.0011312254804175,0.0023383646962342,0.0038788039984928,0.0166899394906576,0.0384832768136179,0.0226245096083516,0.0116918234811711,0.4273243840142687,0.4499455885081748,0.4865375072709012,0.4586158306233928,0.4425443309508492,megamarket,sasrec,256,256,32,42
41,7.116 3.986 2.909 2.024 1.274 0.806,11.523 10.674 10.001 8.857 8.629 8.084 7.654 7.502 7.566 7.024 6.795 6.234 6.267 6.206 6.554 6.194 5.673 5.946 5.854 5.482 5.318 5.474 5.336 5.355 5.288 3.713 3.544 3.802 4.057 3.989 3.79 3.837 3.705 3.653 3.95 4.016 4.087 4.073 4.068 4.121 4.185 4.259 3.927 4.043 4.104 4.076 4.24 4.31 4.207 4.303 2.272 2.417 2.465 2.411 2.374 2.663 2.618 2.527 2.852 2.921 2.847 2.923 2.856 3.175 2.701 2.971 3.123 3.121 3.237 3.226 3.254 3.249 3.336 3.379 3.575 3.438 1.414 1.487 1.419 1.566 1.644 1.666 1.724 1.963 1.873 1.884 2.01 1.881 1.9 2.191 2.131 2.155 2.203 2.266 2.557 2.479 2.509 2.388 2.506 2.626 2.564 0.756 0.843 0.842 0.849 0.904 0.882 0.973 0.984 1.067 1.078 1.129 1.159 1.209 1.22 1.34 1.372 1.526 1.48 1.521 1.565 1.707 1.614 1.663 1.749 1.929 1.756 0.512 0.519 0.5 0.555 0.606 0.558 0.644 0.606 0.726 0.695 0.707 0.735 0.777 0.738 0.916 0.807 0.93 0.937 0.988 0.96 0.968 0.965 1.06 1.194 1.039,226.55,0.13727,0.1694259643554687,31.77399635314941,0.0153693628939313,0.0506010434610189,0.1296295837309308,0.0663706889073401,0.0374028726159642,0.0039674623756012,0.0176208524502958,0.0408548884012678,0.0243644302591041,0.0122570206352372,0.0039674623756012,0.0075834993918809,0.0084419670734398,0.0080470724552754,0.0068720401031392,0.0039674623756012,0.0075834993918809,0.0084419670734398,0.0080470724552754,0.0068720401031392,0.0039674623756012,0.0099333540373672,0.0146360046973498,0.011632907761542,0.0082031511938997,0.0039674623756012,0.0017620852450295,0.0004085488840126,0.0012182215129552,0.0024514041270474,0.0039674623756012,0.0176208524502958,0.0408548884012678,0.0243644302591041,0.0122570206352372,0.4093342974152119,0.4341869171049726,0.4697848596210992,0.4438860302527725,0.4255573100005145,megamarket,sasrec,256,512,32,42
42,7.366 4.379 3.479 2.85 2.316 1.851,11.733 10.89 10.213 9.028 8.825 8.3 7.881 7.7 7.807 7.277 7.0 6.454 6.503 6.445 6.874 6.516 5.964 6.219 6.144 5.788 5.665 5.832 5.685 5.671 5.636 4.024 3.791 4.094 4.403 4.3 4.19 4.238 4.042 4.003 4.353 4.403 4.481 4.425 4.454 4.573 4.613 4.659 4.306 4.475 4.547 4.47 4.682 4.812 4.64 4.747 2.632 2.787 2.939 2.836 2.808 3.164 3.061 3.005 3.465 3.536 3.403 3.503 3.438 3.865 3.22 3.541 3.663 3.756 3.942 3.867 3.987 3.894 3.96 3.942 4.203 4.152 1.909 2.053 1.996 2.17 2.324 2.324 2.532 2.814 2.666 2.673 2.762 2.697 2.675 3.08 2.915 3.074 3.088 3.055 3.583 3.502 3.485 3.346 3.45 3.518 3.413 1.411 1.526 1.547 1.578 1.621 1.741 1.735 1.83 2.056 2.003 2.172 2.214 2.151 2.237 2.437 2.531 2.779 2.624 2.862 2.659 2.938 2.799 3.015 3.041 3.346 3.013 1.044 1.056 1.031 1.217 1.327 1.284 1.505 1.436 1.569 1.677 1.603 1.89 1.828 1.857 1.985 1.926 2.128 2.107 2.271 2.261 2.026 2.292 2.37 2.719 2.48,393.7,0.26856,0.1694259643554687,53.66628646850586,0.0186949301674246,0.0546503414174711,0.1185480772805571,0.0687798198108881,0.0419540728439889,0.0050479863466099,0.0193386085067712,0.0408881352926834,0.025450495378682,0.0137752953432187,0.0050479863466099,0.0088227508829776,0.0096203635722616,0.0092457299892105,0.0080837045902874,0.0050479863466099,0.0088227508829776,0.0096203635722616,0.0092457299892105,0.0080837045902874,0.0050479863466099,0.0112853318754557,0.0156498993291048,0.0128290550709263,0.0094896691311652,0.0050479863466099,0.0019338608506771,0.0004088813529268,0.0012725247689341,0.0027550590686437,0.0050479863466099,0.0193386085067712,0.0408881352926834,0.025450495378682,0.0137752953432187,0.4363230780200958,0.4564823642403199,0.4828183533541458,0.4638641468349415,0.4495118790648877,megamarket,sasrec,256,1024,32,42
43,5.973 2.646 1.237 0.472 0.304 0.262 0.24,10.94 9.613 8.758 7.966 7.796 7.279 6.35 6.205 6.068 5.822 5.936 5.39 4.985 4.91 4.727 4.826 4.349 4.299 4.237 4.347 4.081 4.114 4.095 3.831 3.905 2.747 2.736 2.645 2.677 2.922 2.655 2.682 2.528 2.727 2.72 2.548 2.722 2.621 2.522 2.584 2.636 2.436 2.493 2.547 2.415 2.836 2.751 2.821 2.744 2.748 1.206 1.113 1.195 1.078 1.197 1.112 1.141 1.21 1.33 1.092 1.26 1.243 1.318 1.275 1.291 1.129 1.32 1.277 1.254 1.348 1.253 1.295 1.319 1.315 1.416 1.438 0.395 0.391 0.37 0.415 0.455 0.451 0.409 0.431 0.474 0.469 0.493 0.496 0.459 0.475 0.455 0.469 0.487 0.537 0.443 0.495 0.518 0.541 0.528 0.569 0.526 0.242 0.236 0.256 0.26 0.255 0.265 0.261 0.306 0.299 0.31 0.308 0.326 0.327 0.303 0.278 0.342 0.338 0.318 0.31 0.345 0.331 0.334 0.339 0.395 0.36 0.355 0.231 0.238 0.238 0.254 0.24 0.243 0.235 0.255 0.245 0.221 0.229 0.231 0.274 0.256 0.256 0.276 0.265 0.244 0.292 0.275 0.259 0.302 0.283 0.33 0.303 0.222 0.212 0.201 0.203 0.208 0.19 0.216 0.224 0.208 0.227 0.229 0.228 0.267 0.246 0.236 0.26 0.235 0.259 0.259 0.246 0.269 0.272 0.26 0.253 0.251 0.295,113.79,0.048446,3.337860107421875e-06,63.95870399475098,0.0144126504157733,0.052301314860025,0.1465436902829241,0.0725694917774776,0.0366239946463757,0.0036349934614446,0.0146895848571491,0.037097989671299,0.0204191324777799,0.0101513841789126,0.0036349934614446,0.0065132331423308,0.007295478869211,0.006909119781676,0.0059179466719861,0.0036349934614446,0.0065132331423308,0.007295478869211,0.006909119781676,0.0059179466719861,0.0036349934614446,0.0084220114333466,0.01287978899636,0.009868438023312,0.0069649589028276,0.0036349934614446,0.0014689584857149,0.0003709798967129,0.0010209566238889,0.0020302768357825,0.0036349934614446,0.0146895848571491,0.037097989671299,0.0204191324777799,0.0101513841789126,0.4067749193597161,0.4183807021638671,0.4427494364255704,0.4239430404267955,0.4138532684842793,megamarket,sasrec,256,32,64,42
44,6.1 2.869 1.527 0.637 0.373 0.313 0.284,10.941 9.809 8.91 8.157 7.924 7.415 6.458 6.326 6.155 5.959 6.107 5.487 5.14 5.048 4.836 4.985 4.478 4.391 4.363 4.462 4.248 4.243 4.217 3.955 4.085 2.908 2.881 2.824 2.844 3.105 2.832 2.863 2.699 2.915 2.927 2.747 2.938 2.882 2.754 2.835 2.892 2.734 2.681 2.79 2.66 3.077 3.016 3.137 3.021 3.052 1.4 1.36 1.39 1.309 1.448 1.309 1.35 1.422 1.6 1.358 1.54 1.538 1.589 1.571 1.65 1.409 1.623 1.598 1.605 1.731 1.591 1.669 1.742 1.666 1.775 1.808 0.533 0.489 0.479 0.528 0.554 0.608 0.511 0.563 0.672 0.619 0.62 0.642 0.633 0.651 0.682 0.657 0.628 0.741 0.668 0.681 0.691 0.744 0.749 0.752 0.75 0.274 0.29 0.333 0.324 0.323 0.334 0.327 0.338 0.318 0.394 0.375 0.411 0.397 0.371 0.365 0.418 0.411 0.388 0.409 0.436 0.41 0.446 0.431 0.435 0.433 0.453 0.252 0.275 0.249 0.294 0.279 0.301 0.277 0.296 0.268 0.265 0.267 0.322 0.3 0.316 0.303 0.334 0.323 0.329 0.359 0.326 0.374 0.337 0.381 0.365 0.349 0.251 0.252 0.242 0.256 0.245 0.26 0.258 0.261 0.264 0.302 0.248 0.279 0.286 0.236 0.303 0.287 0.286 0.329 0.293 0.296 0.325 0.317 0.295 0.313 0.328 0.29,128.27,0.060029,0.1694259643554687,16.81074285507202,0.0134993122079982,0.052146406751515,0.1520181428376687,0.074012615716357,0.0357311043089239,0.003662699204291,0.015432098765432,0.0394862247046567,0.0214719507059423,0.0105115588359155,0.003662699204291,0.0066567840721707,0.0074960791422375,0.00707383557833,0.0060103915006169,0.003662699204291,0.0066567840721707,0.0074960791422375,0.00707383557833,0.0060103915006169,0.003662699204291,0.0087013201868027,0.0134867014285099,0.0102257592825875,0.0071205209068538,0.003662699204291,0.0015432098765432,0.0003948622470465,0.0010735975352971,0.0021023117671831,0.003662699204291,0.015432098765432,0.0394862247046567,0.0214719507059423,0.0105115588359155,0.40445976325579,0.4233837192739426,0.4538680426305708,0.4311806968388235,0.4165843517369116,megamarket,sasrec,256,64,64,42
45,6.259 3.096 1.867 0.912 0.489 0.385 0.344 0.318 0.298 0.281 0.27 0.289 1.121,11.023 9.998 9.091 8.321 8.049 7.549 6.633 6.485 6.334 6.116 6.281 5.675 5.339 5.22 5.036 5.193 4.667 4.571 4.528 4.661 4.433 4.412 4.41 4.106 4.263 3.07 3.058 2.969 3.041 3.298 3.018 3.109 2.886 3.109 3.17 2.961 3.193 3.088 3.011 3.1 3.075 2.953 2.998 3.077 2.915 3.396 3.306 3.422 3.28 3.334 1.628 1.586 1.626 1.503 1.693 1.564 1.656 1.693 1.913 1.653 1.88 1.86 1.901 1.924 2.017 1.759 1.999 1.971 1.959 2.131 2.001 2.068 2.136 2.066 2.188 2.197 0.684 0.654 0.713 0.724 0.714 0.825 0.733 0.802 0.876 0.829 0.884 0.926 0.917 0.932 0.959 0.978 0.931 1.049 0.966 0.994 1.021 1.18 1.138 1.124 1.097 0.36 0.345 0.372 0.426 0.404 0.43 0.387 0.421 0.414 0.448 0.46 0.494 0.546 0.467 0.455 0.531 0.529 0.567 0.555 0.588 0.567 0.574 0.563 0.625 0.622 0.627 0.293 0.309 0.287 0.342 0.364 0.32 0.302 0.337 0.333 0.301 0.34 0.374 0.389 0.388 0.385 0.403 0.44 0.421 0.411 0.426 0.459 0.435 0.433 0.452 0.447 0.282 0.264 0.275 0.303 0.286 0.309 0.341 0.347 0.322 0.332 0.29 0.306 0.318 0.355 0.35 0.355 0.353 0.388 0.339 0.346 0.365 0.382 0.377 0.371 0.379 0.414 0.279 0.254 0.259 0.295 0.314 0.274 0.329 0.298 0.282 0.306 0.347 0.311 0.294 0.311 0.345 0.36 0.325 0.364 0.365 0.34 0.317 0.36 0.329 0.386 0.338 0.252 0.254 0.229 0.263 0.259 0.264 0.271 0.275 0.281 0.293 0.288 0.307 0.323 0.253 0.318 0.289 0.309 0.341 0.312 0.289 0.3 0.326 0.353 0.313 0.326 0.361 0.229 0.231 0.259 0.272 0.286 0.267 0.279 0.232 0.274 0.278 0.275 0.304 0.303 0.261 0.3 0.285 0.26 0.253 0.302 0.28 0.357 0.365 0.328 0.298 0.306 0.24 0.221 0.229 0.253 0.247 0.259 0.288 0.338 0.24 0.239 0.255 0.287 0.278 0.273 0.249 0.256 0.261 0.286 0.295 0.29 0.285 0.277 0.31 0.239 0.31 0.283 0.223 0.206 0.243 0.245 0.235 0.265 0.267 0.252 0.252 0.261 0.254 0.267 0.276 0.272 0.291 0.294 0.325 0.325 0.311 0.341 0.269 0.412 0.382 0.47 0.395 0.352 0.604 0.517 0.608 0.664 0.802 0.763 0.815 0.82 0.798 0.95 0.851 1.172 1.373 1.083 1.058 1.104 1.701 1.061 1.269 1.458 1.253 1.511 1.682 1.516 1.665,155.24,0.080981,0.1694259643554687,20.13815259933472,0.0222088657008662,0.0859120369796636,0.2436580620375993,0.1209720793625221,0.0591978238508916,0.0039065097413391,0.0154875102511248,0.0378515858767205,0.0215439856373429,0.0109493095728882,0.0039065097413391,0.0069429250263248,0.0077639465728567,0.007367685325877,0.0063410133652503,0.0039065097413391,0.0069429250263248,0.0077639465728567,0.007367685325877,0.0063410133652503,0.0039065097413391,0.0089432121483411,0.0134608964268991,0.0104800353632788,0.0074793217809132,0.0039065097413391,0.0015487510251124,0.0003785158587672,0.0010771992818671,0.0021898619145776,0.0039065097413391,0.0154875102511248,0.0378515858767205,0.0215439856373429,0.0109493095728882,0.4483392783574552,0.4656848142746861,0.4980310793048759,0.4731334000590808,0.4596530379729618,megamarket,sasrec,256,128,64,42
46,6.461 3.352 2.265 1.37 0.756 0.524,11.184 10.167 9.245 8.45 8.226 7.701 6.786 6.671 6.505 6.294 6.503 5.897 5.55 5.479 5.279 5.43 4.928 4.821 4.793 4.889 4.627 4.626 4.672 4.34 4.528 3.274 3.24 3.164 3.233 3.548 3.259 3.353 3.111 3.359 3.406 3.163 3.415 3.355 3.274 3.371 3.358 3.21 3.248 3.38 3.186 3.648 3.635 3.699 3.573 3.607 1.861 1.881 1.92 1.825 2.002 1.875 1.998 2.046 2.305 1.984 2.18 2.296 2.378 2.354 2.517 2.163 2.427 2.385 2.428 2.66 2.424 2.53 2.625 2.538 2.648 2.745 0.993 0.946 1.002 1.05 1.098 1.133 1.043 1.187 1.33 1.224 1.364 1.385 1.332 1.403 1.466 1.428 1.446 1.591 1.427 1.579 1.532 1.703 1.717 1.779 1.712 0.521 0.488 0.539 0.553 0.569 0.643 0.627 0.639 0.669 0.686 0.7 0.767 0.768 0.758 0.735 0.872 0.849 0.851 0.882 0.885 0.882 0.939 0.938 0.992 1.027 1.025 0.372 0.429 0.387 0.448 0.415 0.439 0.434 0.456 0.45 0.43 0.467 0.476 0.55 0.525 0.487 0.553 0.563 0.572 0.609 0.574 0.594 0.586 0.639 0.666 0.667,223.94,0.13515,0.1694259643554687,30.07899761199951,0.0139200426307114,0.0517585168478058,0.1326093961062298,0.0707217478591699,0.0363247121807343,0.0039785446727397,0.0180530620386993,0.0449054680054081,0.0250958618702484,0.0123290555666378,0.0039785446727397,0.0076242334304705,0.0085835441146285,0.0081138979190101,0.0068702854060923,0.0039785446727397,0.0076242334304705,0.0085835441146285,0.0081138979190101,0.0068702854060923,0.0039785446727397,0.0100595270650531,0.0154404397352707,0.0118412205665492,0.0082184842269791,0.0039785446727397,0.0018053062038699,0.000449054680054,0.0012547930935124,0.0024658111133275,0.0039785446727397,0.0180530620386993,0.0449054680054081,0.0250958618702484,0.0123290555666378,0.4126428830526232,0.439435877891579,0.475446171736075,0.4494682182196561,0.4300602394402493,megamarket,sasrec,256,256,64,42
47,6.698 3.672 2.73 2.021 1.414 0.96 0.7 0.582,11.398 10.349 9.418 8.634 8.41 7.864 6.974 6.899 6.687 6.515 6.738 6.145 5.815 5.735 5.531 5.74 5.22 5.098 5.047 5.227 4.937 4.957 4.942 4.659 4.793 3.551 3.477 3.426 3.508 3.814 3.548 3.66 3.359 3.675 3.712 3.501 3.766 3.698 3.622 3.739 3.713 3.546 3.656 3.702 3.571 4.073 3.965 4.077 3.943 3.967 2.19 2.173 2.284 2.137 2.349 2.276 2.36 2.443 2.719 2.404 2.651 2.768 2.879 2.834 3.06 2.645 2.945 2.886 2.886 3.267 2.936 3.13 3.179 3.082 3.239 3.292 1.371 1.405 1.473 1.588 1.571 1.638 1.547 1.768 1.903 1.815 1.98 2.061 1.905 2.092 2.22 2.144 2.072 2.421 2.194 2.392 2.274 2.435 2.458 2.618 2.539 0.92 0.886 0.887 0.985 0.96 1.086 1.096 1.177 1.179 1.225 1.256 1.375 1.516 1.513 1.454 1.623 1.602 1.599 1.631 1.748 1.763 1.824 1.841 1.929 1.851 1.963 0.535 0.628 0.607 0.714 0.685 0.752 0.737 0.755 0.886 0.757 0.832 0.895 0.894 0.954 0.988 0.949 1.128 1.135 1.152 1.213 1.235 1.256 1.279 1.338 1.406 0.474 0.482 0.465 0.507 0.523 0.525 0.547 0.572 0.6 0.641 0.606 0.628 0.71 0.638 0.737 0.709 0.751 0.81 0.893 0.76 0.868 0.877 0.88 0.929 0.897 0.917 0.472 0.418 0.448 0.454 0.456 0.474 0.493 0.523 0.52 0.58 0.555 0.554 0.547 0.559 0.596 0.636 0.591 0.667 0.71 0.742 0.635 0.707 0.743 0.692 0.71,367.7,0.24809,0.1694259643554687,49.99721336364746,0.0175238248670888,0.0720452827382796,0.1903746297696206,0.1012572342086674,0.0490079684731017,0.0039951681184475,0.0174601591417869,0.0433484052574417,0.0243201010705499,0.0118248110468337,0.0039951681184475,0.0074574448585353,0.0083947686541235,0.007933183068392,0.0067086685728217,0.0039951681184475,0.0074574448585353,0.0083947686541235,0.007933183068392,0.0067086685728217,0.0039951681184475,0.0097911931963852,0.0150036936467316,0.011525242580452,0.0079722293079795,0.0039951681184475,0.0017460159141786,0.0004334840525744,0.0012160050535274,0.0023649622093667,0.0039951681184475,0.0174601591417869,0.0433484052574417,0.0243201010705499,0.0118248110468337,0.4126144441002664,0.4463707260322518,0.4891970212343693,0.4584289567827566,0.4348507490155588,megamarket,sasrec,256,512,64,42
48,5.517 2.342 1.148 0.474 0.301 0.258 0.237 0.223 0.213 0.203 0.195 0.187,10.548 8.936 7.976 7.551 7.047 6.657 6.487 5.845 5.56 5.17 4.962 4.949 4.755 4.428 4.244 4.131 4.182 3.667 3.845 3.935 3.763 3.68 3.695 3.474 3.382 2.409 2.32 2.295 2.397 2.41 2.377 2.194 2.271 2.42 2.465 2.258 2.449 2.304 2.493 2.183 2.473 2.245 2.172 2.361 1.95 2.241 2.371 2.367 2.246 2.377 1.091 1.022 1.025 1.05 1.045 1.062 1.094 1.048 1.103 1.106 1.138 1.087 1.107 1.186 1.126 1.199 1.179 1.131 1.132 1.237 1.37 1.158 1.209 1.219 1.159 1.301 0.405 0.391 0.424 0.425 0.425 0.416 0.436 0.438 0.421 0.458 0.493 0.469 0.5 0.464 0.486 0.547 0.487 0.517 0.499 0.481 0.5 0.521 0.527 0.509 0.612 0.265 0.229 0.26 0.275 0.247 0.269 0.266 0.257 0.283 0.305 0.283 0.277 0.287 0.297 0.304 0.3 0.309 0.312 0.379 0.344 0.326 0.333 0.351 0.347 0.345 0.346 0.22 0.247 0.245 0.23 0.226 0.241 0.258 0.253 0.232 0.253 0.263 0.218 0.248 0.248 0.24 0.253 0.264 0.257 0.256 0.275 0.275 0.284 0.306 0.296 0.293 0.211 0.185 0.237 0.206 0.222 0.228 0.231 0.208 0.221 0.217 0.206 0.255 0.236 0.231 0.25 0.259 0.237 0.239 0.246 0.233 0.242 0.242 0.276 0.264 0.267 0.248 0.195 0.208 0.203 0.205 0.199 0.199 0.223 0.196 0.227 0.226 0.219 0.233 0.212 0.205 0.2 0.19 0.221 0.233 0.225 0.249 0.209 0.239 0.23 0.268 0.266 0.195 0.188 0.197 0.179 0.212 0.202 0.205 0.217 0.211 0.208 0.231 0.236 0.239 0.232 0.218 0.208 0.22 0.204 0.226 0.26 0.233 0.235 0.225 0.224 0.271 0.238 0.177 0.199 0.201 0.176 0.186 0.191 0.21 0.194 0.185 0.172 0.195 0.192 0.204 0.218 0.229 0.222 0.223 0.192 0.203 0.264 0.216 0.218 0.243 0.243 0.22 0.187 0.181 0.167 0.178 0.163 0.185 0.206 0.197 0.206 0.203 0.2 0.223 0.156 0.189 0.192 0.215 0.191 0.205 0.199 0.226 0.202 0.218 0.21 0.188 0.21 0.188 0.178 0.169 0.173 0.193 0.169 0.198 0.21 0.202 0.186 0.169 0.17 0.196 0.189 0.19 0.203 0.196 0.189 0.195 0.173 0.201 0.213 0.213 0.238 0.198 0.216,138.67,0.067893,3.337860107421875e-06,75.74510717391968,0.0177642422514964,0.0642304784801655,0.183879642596012,0.0899619545685499,0.0447244494565823,0.0035574173814748,0.0145676795886251,0.0376742691225037,0.0203692621406565,0.0101790899217589,0.0035574173814748,0.0064148777552261,0.0072135122144499,0.0068073774746288,0.0058386158949693,0.0035574173814748,0.0064148777552261,0.0072135122144499,0.0068073774746288,0.0058386158949693,0.0035574173814748,0.0083199906504231,0.0129095346870195,0.0097742398075541,0.0069104020203568,0.0035574173814748,0.0014567679588625,0.000376742691225,0.0010184631070328,0.0020358179843517,0.0035574173814748,0.0145676795886251,0.0376742691225037,0.0203692621406565,0.0101790899217589,0.4315777235189423,0.4495860352625683,0.4798626553870105,0.4573606801260316,0.4427379817296817,megamarket,sasrec,256,32,128,42
49,5.658 2.556 1.415 0.651 0.381 0.313 0.282 0.263 0.25 0.239 0.229 0.22 0.278,10.647 9.183 8.206 7.656 7.203 6.781 6.591 5.948 5.692 5.289 5.098 5.076 4.896 4.626 4.439 4.277 4.372 3.837 4.013 4.115 3.919 3.836 3.87 3.604 3.538 2.541 2.47 2.461 2.575 2.615 2.603 2.372 2.477 2.585 2.679 2.49 2.645 2.497 2.73 2.409 2.69 2.499 2.431 2.565 2.165 2.503 2.602 2.622 2.514 2.641 1.3 1.221 1.19 1.232 1.266 1.313 1.356 1.286 1.353 1.326 1.41 1.347 1.335 1.445 1.366 1.508 1.44 1.457 1.438 1.529 1.688 1.477 1.543 1.494 1.474 1.565 0.539 0.55 0.569 0.564 0.582 0.544 0.568 0.584 0.574 0.584 0.658 0.652 0.691 0.66 0.667 0.693 0.744 0.753 0.711 0.711 0.705 0.71 0.76 0.726 0.857 0.341 0.285 0.33 0.324 0.334 0.325 0.347 0.335 0.344 0.385 0.378 0.371 0.374 0.394 0.391 0.396 0.403 0.41 0.483 0.425 0.43 0.436 0.456 0.457 0.461 0.452 0.252 0.311 0.274 0.304 0.267 0.293 0.285 0.268 0.272 0.3 0.322 0.281 0.286 0.307 0.291 0.333 0.351 0.309 0.305 0.335 0.332 0.34 0.377 0.353 0.365 0.219 0.25 0.277 0.236 0.244 0.257 0.262 0.248 0.273 0.263 0.259 0.297 0.3 0.277 0.296 0.287 0.316 0.278 0.311 0.302 0.272 0.296 0.31 0.334 0.313 0.319 0.225 0.228 0.246 0.215 0.241 0.232 0.238 0.257 0.251 0.256 0.243 0.266 0.236 0.282 0.257 0.259 0.256 0.275 0.273 0.27 0.289 0.26 0.292 0.299 0.29 0.231 0.207 0.247 0.22 0.24 0.255 0.216 0.259 0.251 0.252 0.257 0.272 0.266 0.234 0.278 0.236 0.269 0.25 0.265 0.283 0.272 0.281 0.273 0.255 0.319 0.297 0.223 0.208 0.231 0.241 0.23 0.231 0.227 0.231 0.23 0.192 0.238 0.21 0.25 0.224 0.273 0.263 0.246 0.268 0.263 0.294 0.274 0.265 0.285 0.255 0.308 0.207 0.197 0.229 0.202 0.19 0.219 0.205 0.22 0.232 0.225 0.208 0.251 0.21 0.222 0.213 0.236 0.261 0.226 0.287 0.28 0.269 0.259 0.287 0.223 0.24 0.259 0.175 0.198 0.199 0.218 0.196 0.196 0.223 0.211 0.209 0.219 0.197 0.235 0.215 0.21 0.258 0.217 0.218 0.249 0.208 0.214 0.231 0.219 0.246 0.237 0.254 0.206 0.203 0.204 0.216 0.195 0.19 0.217 0.222 0.191 0.208 0.199 0.201 0.261 0.202 0.233 0.209 0.209 0.244 0.288 0.27 0.301 0.467 0.439 0.515 0.6 0.722 0.559 0.594 0.539 0.628 0.598 0.71 0.628 0.764 0.791 0.895 0.789 0.759 1.932 9.569 10.754 9.467,155.9,0.086995,0.1694259643554687,19.73298120498657,0.0199341950355049,0.0729226822648804,0.2168484255139851,0.1032728985165999,0.0503141536440583,0.0036571580557217,0.014767160937119,0.0381286433051843,0.0205299554491655,0.0104949353902076,0.0036571580557217,0.006611362045982,0.007424584154276,0.0070132721294119,0.0060471477861264,0.0036571580557217,0.006611362045982,0.007424584154276,0.0070132721294119,0.0060471477861264,0.0036571580557217,0.0085221255990906,0.0131673333550987,0.009981326317225,0.0071465891851425,0.0036571580557217,0.0014767160937119,0.0003812864330518,0.0010264977724582,0.0020989870780415,0.0036571580557217,0.014767160937119,0.0381286433051843,0.0205299554491655,0.0104949353902076,0.4486419124821824,0.4639477308572201,0.4944135651181037,0.4712466854253401,0.4578618441949171,megamarket,sasrec,256,64,128,42
50,5.836 2.79 1.738 0.937 0.522 0.398 0.348 0.32 0.299,10.823 9.384 8.361 7.794 7.333 6.929 6.75 6.101 5.829 5.475 5.248 5.262 5.119 4.846 4.649 4.522 4.556 4.04 4.218 4.339 4.156 4.059 4.082 3.833 3.752 2.699 2.659 2.634 2.751 2.812 2.785 2.588 2.658 2.825 2.936 2.718 2.852 2.734 2.971 2.626 2.932 2.719 2.661 2.874 2.462 2.74 2.858 2.923 2.795 2.939 1.517 1.467 1.464 1.444 1.505 1.519 1.592 1.537 1.672 1.663 1.673 1.652 1.618 1.786 1.735 1.847 1.827 1.788 1.806 1.891 2.097 1.872 1.941 1.898 1.861 2.006 0.7 0.732 0.789 0.796 0.77 0.767 0.784 0.815 0.813 0.864 0.957 0.954 0.987 0.919 0.907 1.045 1.042 1.058 1.022 1.059 1.02 1.071 1.126 1.066 1.294 0.429 0.36 0.424 0.46 0.448 0.442 0.442 0.474 0.46 0.493 0.504 0.466 0.518 0.515 0.533 0.541 0.554 0.533 0.667 0.571 0.576 0.596 0.637 0.664 0.675 0.66 0.304 0.34 0.343 0.37 0.319 0.342 0.343 0.359 0.369 0.394 0.379 0.336 0.378 0.386 0.389 0.406 0.402 0.401 0.402 0.441 0.434 0.46 0.463 0.482 0.495 0.294 0.255 0.344 0.291 0.308 0.319 0.304 0.277 0.325 0.299 0.331 0.319 0.361 0.395 0.369 0.398 0.376 0.37 0.37 0.379 0.389 0.359 0.4 0.423 0.387 0.389 0.238 0.24 0.27 0.292 0.308 0.271 0.269 0.313 0.277 0.311 0.292 0.33 0.345 0.328 0.303 0.285 0.335 0.334 0.341 0.32 0.323 0.335 0.376 0.381 0.331 0.226 0.255 0.267 0.266 0.277 0.274 0.281 0.322 0.306 0.294 0.331 0.318 0.334 0.31 0.306 0.309 0.323 0.369 0.35 0.323 0.326 0.342 0.317 0.308 0.383 0.383,218.56,0.13049,0.1694259643554687,27.3465576171875,0.0170522845847843,0.0692092250876779,0.223069535151748,0.1008334056237839,0.046464996963801,0.0037735221756765,0.0165901988164106,0.0427665846576678,0.0234612230423122,0.0112817784870447,0.0037735221756765,0.0070791119456256,0.0080067193330732,0.0075492463114547,0.0063724132071429,0.0037735221756765,0.0070791119456256,0.0080067193330732,0.0075492463114547,0.0063724132071429,0.0037735221756765,0.009299777726867,0.0145344679158264,0.0110286578567141,0.0075849205343679,0.0037735221756765,0.001659019881641,0.0004276658465766,0.0011730611521156,0.0022563556974089,0.0037735221756765,0.0165901988164106,0.0427665846576678,0.0234612230423122,0.0112817784870447,0.4194353874396709,0.4436361739318658,0.4800343516017374,0.4533821515585926,0.4349081211322018,megamarket,sasrec,256,128,128,42
51,6.053 3.058 2.117 1.385 0.841 0.572 0.468,11.046 9.548 8.521 7.969 7.501 7.104 6.924 6.287 6.019 5.692 5.435 5.498 5.344 5.094 4.923 4.723 4.808 4.316 4.476 4.606 4.416 4.303 4.348 4.079 3.991 2.895 2.87 2.835 2.955 3.03 2.994 2.827 2.936 3.061 3.21 2.985 3.134 3.015 3.225 2.932 3.189 3.025 2.958 3.186 2.692 3.084 3.17 3.198 3.108 3.27 1.75 1.739 1.762 1.724 1.826 1.874 1.964 1.829 2.01 2.018 2.041 1.989 2.022 2.177 2.068 2.297 2.194 2.186 2.213 2.338 2.575 2.329 2.404 2.318 2.285 2.447 1.004 0.998 1.102 1.103 1.118 1.107 1.18 1.193 1.186 1.251 1.408 1.347 1.414 1.37 1.445 1.569 1.582 1.542 1.551 1.648 1.555 1.602 1.644 1.657 1.873 0.603 0.555 0.573 0.66 0.629 0.657 0.615 0.659 0.7 0.757 0.812 0.758 0.804 0.856 0.873 0.892 0.918 0.912 1.075 1.041 1.0 1.036 1.089 1.095 1.132 1.135 0.41 0.441 0.454 0.515 0.469 0.505 0.518 0.486 0.503 0.564 0.56 0.532 0.527 0.583 0.623 0.625 0.608 0.598 0.642 0.686 0.663 0.694 0.731 0.731 0.725 0.345 0.336 0.393 0.344 0.372 0.423 0.407 0.422 0.389 0.427 0.443 0.467 0.455 0.504 0.494 0.504 0.541 0.503 0.533 0.499 0.475 0.503 0.551 0.576 0.543 0.605,314.41,0.20588,0.1694259643554687,43.96684503555298,0.0148321415736185,0.0637998339385076,0.1904471267644033,0.0929498221654914,0.0422081221419454,0.0039563800784626,0.0185850123013498,0.0476871245871844,0.0258162111842542,0.0122791852295143,0.0039563800784626,0.0076450765047912,0.0086652623627742,0.0081441785191132,0.0068109027639249,0.0039563800784626,0.0076450765047912,0.0086652623627742,0.0081441785191132,0.0068109027639249,0.0039563800784626,0.0101913454092995,0.0159952292705513,0.0120162668449861,0.0081596083906558,0.0039563800784626,0.0018585012301349,0.0004768712458718,0.0012908105592127,0.0024558370459028,0.0039563800784626,0.0185850123013498,0.0476871245871844,0.0258162111842542,0.0122791852295143,0.4094861589254593,0.4432755169785176,0.4849564791888541,0.455436306839886,0.4316429273019504,megamarket,sasrec,256,256,128,42
52,5.143 2.1 1.072 0.481 0.302 0.254 0.231 0.217 0.206 0.198 0.191 0.186,10.366 9.014 8.449 7.088 6.591 6.093 5.895 5.337 5.21 4.988 4.648 4.72 4.194 4.284 3.915 3.833 3.447 3.655 3.684 3.537 3.392 3.499 3.161 3.081 3.182 2.274 2.174 2.203 1.933 2.167 2.097 2.134 2.019 2.344 2.157 2.109 2.149 2.041 2.244 2.143 1.958 2.037 2.032 2.285 2.043 1.949 2.152 1.896 2.098 2.096 0.994 0.931 1.032 1.029 0.953 0.962 1.053 1.04 1.08 1.041 1.18 1.028 1.159 1.043 1.22 1.027 1.105 1.132 1.042 1.128 1.145 1.131 1.139 1.104 1.206 1.107 0.444 0.399 0.421 0.451 0.412 0.393 0.465 0.459 0.442 0.469 0.457 0.487 0.459 0.461 0.494 0.545 0.514 0.522 0.548 0.537 0.538 0.547 0.52 0.577 0.493 0.268 0.24 0.263 0.245 0.269 0.264 0.26 0.304 0.29 0.262 0.286 0.312 0.288 0.299 0.304 0.328 0.311 0.317 0.317 0.383 0.327 0.344 0.344 0.352 0.337 0.34 0.214 0.192 0.245 0.211 0.214 0.249 0.224 0.258 0.254 0.24 0.244 0.247 0.271 0.232 0.248 0.266 0.25 0.289 0.278 0.24 0.257 0.294 0.266 0.284 0.292 0.199 0.193 0.216 0.216 0.211 0.193 0.223 0.218 0.201 0.217 0.25 0.235 0.219 0.224 0.23 0.233 0.244 0.279 0.236 0.251 0.239 0.275 0.252 0.273 0.261 0.272 0.196 0.182 0.215 0.196 0.175 0.187 0.207 0.217 0.196 0.2 0.228 0.196 0.193 0.241 0.204 0.21 0.208 0.237 0.235 0.224 0.221 0.238 0.243 0.238 0.24 0.189 0.182 0.179 0.177 0.224 0.175 0.171 0.178 0.18 0.213 0.193 0.232 0.202 0.222 0.214 0.215 0.196 0.22 0.218 0.209 0.224 0.241 0.218 0.241 0.221 0.244 0.156 0.19 0.176 0.194 0.199 0.207 0.202 0.198 0.178 0.19 0.182 0.189 0.193 0.212 0.202 0.205 0.202 0.199 0.227 0.201 0.226 0.204 0.23 0.228 0.207 0.179 0.156 0.17 0.18 0.193 0.184 0.177 0.174 0.189 0.192 0.192 0.191 0.183 0.195 0.205 0.213 0.187 0.215 0.191 0.191 0.21 0.206 0.228 0.215 0.226 0.215 0.15 0.174 0.19 0.18 0.178 0.165 0.203 0.183 0.182 0.172 0.172 0.175 0.202 0.164 0.188 0.192 0.196 0.159 0.195 0.202 0.212 0.213 0.207 0.203 0.209,180.5,0.10044,3.337860107421875e-06,64.63579797744751,0.0161544371878601,0.0613107704509684,0.1877170262600225,0.0876550630166185,0.0419261893844571,0.0036072877185983,0.0149555599884744,0.0392645787618857,0.0209455415918611,0.010361947824545,0.0036072877185983,0.0065497563477814,0.0073859858813529,0.0069623012360253,0.0059400189137871,0.0036072877185983,0.0065497563477814,0.0073859858813529,0.0069623012360253,0.0059400189137871,0.0036072877185983,0.0085139499419409,0.0133307106504367,0.0100244756726905,0.0070317921610868,0.0036072877185983,0.0014955559988474,0.0003926457876188,0.001047277079593,0.002072389564909,0.0036072877185983,0.0149555599884744,0.0392645787618857,0.0209455415918611,0.010361947824545,0.4227781828564312,0.4439089544620163,0.4771451181500899,0.4527529837787083,0.4360705272965406,megamarket,sasrec,256,32,256,42
53,5.3 2.314 1.325 0.663 0.393 0.316 0.283 0.261 0.246 0.234 0.225 0.219 0.212 0.208 0.203,10.574 9.261 8.595 7.235 6.726 6.212 6.028 5.468 5.308 5.133 4.783 4.889 4.339 4.441 4.097 3.983 3.616 3.824 3.846 3.682 3.559 3.698 3.316 3.293 3.393 2.424 2.338 2.349 2.091 2.352 2.25 2.332 2.216 2.549 2.363 2.366 2.353 2.24 2.458 2.398 2.188 2.256 2.253 2.539 2.298 2.194 2.396 2.153 2.356 2.369 1.218 1.096 1.247 1.23 1.159 1.2 1.279 1.299 1.319 1.289 1.438 1.243 1.397 1.336 1.534 1.289 1.394 1.376 1.294 1.405 1.43 1.416 1.457 1.378 1.566 1.436 0.563 0.521 0.572 0.605 0.56 0.543 0.613 0.616 0.616 0.641 0.623 0.68 0.646 0.648 0.684 0.739 0.727 0.7 0.749 0.734 0.819 0.775 0.788 0.791 0.726 0.336 0.273 0.35 0.308 0.344 0.327 0.332 0.377 0.361 0.361 0.369 0.404 0.393 0.385 0.402 0.432 0.407 0.454 0.454 0.495 0.435 0.46 0.456 0.468 0.461 0.46 0.258 0.219 0.272 0.251 0.263 0.303 0.293 0.323 0.316 0.292 0.283 0.293 0.326 0.322 0.312 0.324 0.325 0.355 0.342 0.306 0.344 0.361 0.336 0.404 0.34 0.203 0.233 0.243 0.271 0.271 0.257 0.259 0.255 0.265 0.265 0.287 0.268 0.286 0.282 0.275 0.288 0.29 0.349 0.311 0.295 0.315 0.334 0.322 0.331 0.333 0.346 0.233 0.232 0.242 0.225 0.226 0.229 0.248 0.261 0.246 0.251 0.265 0.246 0.263 0.281 0.253 0.275 0.248 0.304 0.269 0.264 0.287 0.3 0.301 0.291 0.244 0.21 0.232 0.213 0.213 0.242 0.211 0.2 0.211 0.221 0.252 0.225 0.257 0.237 0.264 0.26 0.233 0.237 0.269 0.297 0.255 0.283 0.264 0.277 0.269 0.288 0.294 0.188 0.244 0.211 0.211 0.227 0.212 0.253 0.211 0.195 0.216 0.219 0.221 0.253 0.231 0.213 0.224 0.256 0.233 0.253 0.241 0.31 0.253 0.259 0.262 0.251 0.188 0.193 0.224 0.208 0.22 0.219 0.207 0.218 0.211 0.237 0.222 0.217 0.223 0.23 0.236 0.221 0.226 0.251 0.257 0.215 0.232 0.234 0.234 0.252 0.24 0.259 0.183 0.199 0.209 0.193 0.198 0.188 0.21 0.211 0.219 0.211 0.223 0.208 0.215 0.225 0.208 0.222 0.22 0.205 0.243 0.226 0.25 0.255 0.224 0.246 0.249 0.196 0.195 0.198 0.197 0.196 0.2 0.209 0.211 0.202 0.216 0.192 0.21 0.214 0.237 0.223 0.202 0.237 0.222 0.216 0.221 0.218 0.219 0.223 0.227 0.22 0.209 0.189 0.208 0.21 0.185 0.199 0.197 0.206 0.196 0.197 0.205 0.229 0.204 0.226 0.202 0.212 0.22 0.215 0.218 0.212 0.208 0.233 0.246 0.222 0.207 0.208 0.172 0.21 0.172 0.19 0.187 0.203 0.201 0.2 0.201 0.169 0.214 0.206 0.197 0.21 0.198 0.214 0.217 0.198 0.217 0.196 0.212 0.242 0.203 0.227 0.228 0.214,220.29,0.13154,0.1694259643554687,25.324947834014893,0.0209200302380627,0.076930464848252,0.2341807839589555,0.1097220328900896,0.0530783339323113,0.0040228738612939,0.0164793758450251,0.0408105592127136,0.0226965445397522,0.0114258483498459,0.0040228738612939,0.007300118017669,0.0081523406038108,0.007723196601147,0.0066259207541872,0.0040228738612939,0.007300118017669,0.0081523406038108,0.007723196601147,0.0066259207541872,0.0040228738612939,0.0094473407598692,0.0142991700548046,0.0110088495624263,0.0078133369913772,0.0040228738612939,0.0016479375845025,0.0004081055921271,0.0011348272269876,0.0022851696699691,0.0040228738612939,0.0164793758450251,0.0408105592127136,0.0226965445397522,0.0114258483498459,0.4546716989831242,0.47010834349669,0.4964842142365024,0.4768674348990224,0.4641566045667431,megamarket,sasrec,256,64,256,42
54,5.493 2.546 1.626 0.948 0.555 0.414 0.355 0.322 0.3 0.283 0.269 0.258 0.25 0.242,10.813 9.429 8.757 7.395 6.865 6.348 6.163 5.621 5.471 5.309 4.975 5.1 4.534 4.684 4.312 4.203 3.831 4.044 4.065 3.917 3.793 3.89 3.535 3.483 3.622 2.587 2.509 2.525 2.282 2.59 2.452 2.539 2.426 2.767 2.597 2.558 2.566 2.46 2.684 2.614 2.463 2.524 2.503 2.786 2.581 2.477 2.655 2.404 2.621 2.619 1.434 1.304 1.477 1.507 1.363 1.416 1.543 1.534 1.609 1.592 1.769 1.526 1.698 1.624 1.846 1.546 1.728 1.69 1.64 1.775 1.79 1.761 1.785 1.767 1.909 1.81 0.792 0.717 0.784 0.846 0.788 0.746 0.844 0.858 0.883 0.896 0.872 0.966 0.92 0.947 0.97 1.063 1.025 1.023 1.095 1.132 1.183 1.124 1.091 1.188 1.058 0.472 0.405 0.431 0.435 0.459 0.471 0.455 0.493 0.511 0.48 0.502 0.543 0.549 0.558 0.573 0.621 0.575 0.661 0.632 0.671 0.632 0.69 0.664 0.717 0.674 0.687 0.321 0.325 0.333 0.317 0.339 0.353 0.379 0.394 0.397 0.397 0.38 0.388 0.451 0.41 0.429 0.41 0.429 0.483 0.469 0.444 0.452 0.483 0.474 0.541 0.525 0.268 0.277 0.29 0.326 0.331 0.291 0.33 0.301 0.328 0.368 0.348 0.335 0.351 0.334 0.364 0.354 0.372 0.416 0.375 0.38 0.383 0.439 0.413 0.419 0.441 0.421 0.252 0.277 0.276 0.257 0.242 0.268 0.319 0.302 0.285 0.305 0.319 0.315 0.324 0.336 0.307 0.337 0.34 0.341 0.346 0.338 0.38 0.366 0.361 0.353 0.355 0.268 0.256 0.243 0.246 0.273 0.264 0.257 0.266 0.247 0.279 0.288 0.342 0.299 0.302 0.291 0.318 0.29 0.344 0.318 0.349 0.317 0.357 0.316 0.341 0.338 0.359 0.214 0.258 0.236 0.265 0.264 0.269 0.28 0.281 0.257 0.271 0.261 0.278 0.297 0.285 0.309 0.296 0.322 0.278 0.335 0.298 0.31 0.302 0.313 0.323 0.335 0.231 0.244 0.228 0.233 0.258 0.274 0.26 0.234 0.262 0.255 0.265 0.247 0.267 0.27 0.267 0.28 0.261 0.279 0.282 0.27 0.284 0.271 0.294 0.303 0.289 0.317 0.205 0.246 0.237 0.239 0.246 0.232 0.249 0.265 0.25 0.249 0.254 0.248 0.265 0.238 0.253 0.281 0.259 0.27 0.277 0.273 0.263 0.301 0.275 0.291 0.282 0.222 0.218 0.213 0.23 0.212 0.245 0.257 0.238 0.246 0.258 0.238 0.24 0.24 0.286 0.27 0.27 0.259 0.256 0.262 0.262 0.249 0.252 0.288 0.268 0.29 0.266 0.229 0.243 0.227 0.206 0.221 0.225 0.247 0.216 0.211 0.231 0.245 0.245 0.236 0.237 0.253 0.235 0.252 0.26 0.266 0.241 0.263 0.252 0.266 0.254 0.284,296.23,0.19102,0.1694259643554687,38.82526206970215,0.0228024735726766,0.084481925321899,0.2554942807926338,0.1202508272092994,0.0583272402810652,0.0041558614269565,0.0168727973934437,0.0418800008865837,0.0236662455393754,0.0119577986124963,0.0041558614269565,0.0075449554262972,0.0084490458457015,0.0080137160208965,0.0068965135093202,0.0041558614269565,0.0075449554262972,0.0084490458457015,0.0080137160208965,0.0068965135093202,0.0041558614269565,0.0097306825858541,0.0147592220277669,0.0114449297329635,0.0081489392837648,0.0041558614269565,0.0016872797393443,0.0004188000088658,0.0011833122769687,0.0023915597224992,0.0041558614269565,0.0168727973934437,0.0418800008865837,0.0236662455393754,0.0119577986124963,0.4589725808133085,0.474050333365249,0.5010361110805479,0.4806565599825607,0.4685261483938533,megamarket,sasrec,256,128,256,42
55,4.861 1.928 1.012 0.485 0.303 0.253 0.228 0.213 0.202 0.193 0.186 0.179 0.175 0.17,10.361 8.58 8.014 7.079 6.301 5.788 5.818 5.189 4.704 4.785 4.36 4.157 3.777 4.001 3.744 3.448 3.264 3.384 3.327 3.489 2.903 2.908 2.92 2.886 2.904 2.168 2.145 2.096 2.045 1.961 1.971 1.904 1.933 1.81 1.938 1.93 1.793 1.891 1.92 1.995 1.939 1.936 1.843 1.906 1.846 1.732 2.043 1.899 1.819 1.817 0.883 0.894 0.929 0.994 0.97 0.935 0.912 0.954 0.958 1.019 1.077 1.012 1.006 0.982 1.106 1.086 1.011 1.049 1.124 1.043 1.068 1.062 1.067 1.193 1.096 1.128 0.377 0.396 0.393 0.444 0.448 0.445 0.443 0.449 0.456 0.449 0.427 0.465 0.469 0.474 0.487 0.504 0.526 0.52 0.489 0.513 0.555 0.519 0.555 0.588 0.556 0.255 0.256 0.231 0.281 0.265 0.275 0.266 0.3 0.286 0.287 0.317 0.297 0.31 0.294 0.306 0.341 0.321 0.335 0.332 0.35 0.334 0.31 0.364 0.349 0.359 0.368 0.221 0.197 0.221 0.227 0.257 0.241 0.234 0.245 0.252 0.247 0.246 0.249 0.223 0.253 0.252 0.259 0.267 0.266 0.277 0.247 0.288 0.291 0.287 0.307 0.312 0.186 0.19 0.205 0.215 0.197 0.214 0.216 0.201 0.229 0.221 0.23 0.228 0.212 0.221 0.234 0.243 0.234 0.248 0.258 0.233 0.232 0.237 0.24 0.237 0.246 0.257 0.199 0.177 0.192 0.196 0.195 0.197 0.216 0.209 0.21 0.217 0.205 0.201 0.231 0.214 0.201 0.244 0.222 0.238 0.215 0.229 0.218 0.237 0.213 0.209 0.244 0.174 0.171 0.186 0.171 0.191 0.201 0.174 0.206 0.2 0.193 0.189 0.185 0.222 0.208 0.204 0.209 0.208 0.223 0.213 0.2 0.211 0.225 0.236 0.222 0.229 0.209 0.168 0.169 0.163 0.177 0.172 0.171 0.176 0.171 0.178 0.186 0.178 0.197 0.187 0.185 0.2 0.212 0.184 0.193 0.209 0.206 0.214 0.208 0.21 0.251 0.222 0.149 0.165 0.184 0.165 0.18 0.166 0.174 0.17 0.182 0.185 0.185 0.195 0.189 0.181 0.18 0.184 0.195 0.191 0.204 0.2 0.172 0.235 0.198 0.218 0.229 0.197 0.154 0.158 0.166 0.165 0.179 0.17 0.16 0.16 0.175 0.18 0.184 0.169 0.178 0.176 0.181 0.177 0.189 0.181 0.192 0.182 0.199 0.182 0.204 0.189 0.197 0.141 0.146 0.178 0.158 0.179 0.148 0.177 0.179 0.18 0.161 0.158 0.175 0.187 0.186 0.192 0.18 0.178 0.168 0.18 0.187 0.18 0.189 0.192 0.18 0.182 0.195 0.15 0.144 0.147 0.144 0.175 0.157 0.152 0.152 0.181 0.164 0.182 0.157 0.162 0.154 0.173 0.178 0.165 0.18 0.161 0.179 0.182 0.157 0.18 0.183 0.196,273.27,0.17221,3.337860107421875e-06,65.8251576423645,0.0202880051553418,0.073193461638556,0.2178677208679811,0.1035244692848202,0.0508383626832562,0.0034853824500742,0.0154598045082784,0.0407496065784515,0.0214830330030808,0.0107332047786865,0.0034853824500742,0.0066604825689538,0.0075235365643167,0.0070690246884837,0.0060394825306056,0.0034853824500742,0.0066604825689538,0.0075235365643167,0.0070690246884837,0.0060394825306056,0.0034853824500742,0.0087203236843767,0.0137266174856696,0.0102312435377268,0.0072017954399313,0.0034853824500742,0.0015459804508278,0.0004074960657845,0.001074151650154,0.0021466409557373,0.0034853824500742,0.0154598045082784,0.0407496065784515,0.0214830330030808,0.0107332047786865,0.454633336022062,0.470596080522471,0.4954070179958117,0.4772607107117274,0.4646828940957975,megamarket,sasrec,256,32,512,42
56,5.034 2.149 1.263 0.678 0.408 0.322 0.284 0.262 0.246 0.233 0.223 0.215 0.208 0.202,10.594 8.834 8.173 7.225 6.42 5.882 5.944 5.301 4.84 4.96 4.508 4.342 3.987 4.181 3.936 3.641 3.444 3.579 3.475 3.68 3.089 3.112 3.112 3.086 3.105 2.322 2.323 2.277 2.222 2.161 2.169 2.112 2.136 2.05 2.152 2.182 2.025 2.134 2.148 2.227 2.193 2.156 2.086 2.151 2.065 1.932 2.299 2.178 2.085 2.059 1.06 1.076 1.113 1.199 1.213 1.162 1.12 1.19 1.183 1.262 1.304 1.26 1.253 1.231 1.367 1.338 1.268 1.311 1.409 1.317 1.372 1.348 1.371 1.493 1.395 1.451 0.504 0.535 0.522 0.582 0.589 0.606 0.624 0.624 0.653 0.614 0.624 0.653 0.685 0.676 0.689 0.713 0.739 0.741 0.678 0.733 0.8 0.746 0.816 0.831 0.81 0.34 0.324 0.319 0.36 0.334 0.341 0.357 0.387 0.412 0.379 0.42 0.403 0.395 0.415 0.395 0.466 0.434 0.468 0.461 0.481 0.494 0.441 0.488 0.512 0.499 0.505 0.278 0.265 0.298 0.274 0.29 0.283 0.287 0.295 0.304 0.304 0.316 0.307 0.284 0.334 0.343 0.348 0.357 0.331 0.343 0.32 0.335 0.374 0.384 0.387 0.393 0.221 0.215 0.222 0.285 0.262 0.242 0.252 0.252 0.258 0.288 0.261 0.283 0.28 0.267 0.298 0.301 0.295 0.308 0.311 0.28 0.275 0.304 0.31 0.307 0.349 0.363 0.213 0.216 0.225 0.251 0.231 0.223 0.248 0.253 0.257 0.263 0.27 0.26 0.275 0.272 0.261 0.279 0.256 0.28 0.257 0.274 0.266 0.278 0.291 0.29 0.33 0.203 0.21 0.225 0.209 0.212 0.246 0.223 0.227 0.228 0.23 0.26 0.239 0.254 0.249 0.255 0.247 0.252 0.277 0.28 0.266 0.248 0.259 0.289 0.291 0.279 0.273 0.195 0.204 0.209 0.229 0.216 0.199 0.21 0.197 0.209 0.24 0.219 0.215 0.229 0.236 0.223 0.244 0.247 0.26 0.267 0.291 0.26 0.258 0.26 0.292 0.294 0.201 0.206 0.204 0.196 0.193 0.207 0.227 0.205 0.231 0.22 0.221 0.235 0.217 0.219 0.222 0.211 0.219 0.248 0.25 0.25 0.22 0.221 0.233 0.239 0.247 0.229 0.181 0.172 0.194 0.187 0.204 0.195 0.194 0.201 0.203 0.208 0.223 0.21 0.222 0.211 0.227 0.226 0.245 0.217 0.209 0.216 0.253 0.222 0.243 0.241 0.243 0.157 0.165 0.191 0.186 0.218 0.176 0.206 0.197 0.197 0.197 0.205 0.192 0.206 0.215 0.235 0.203 0.212 0.211 0.22 0.217 0.224 0.233 0.211 0.21 0.224 0.223 0.192 0.168 0.171 0.182 0.192 0.179 0.189 0.178 0.2 0.192 0.194 0.184 0.185 0.214 0.189 0.201 0.185 0.201 0.202 0.205 0.198 0.214 0.217 0.218 0.233,320.52,0.20957,0.1694259643554687,33.60513353347778,0.0222658718847979,0.0833145378161674,0.2563791159084431,0.1191237158117804,0.0571115214454785,0.0041226145355409,0.0167619744220582,0.0427555023605292,0.0232284948024026,0.0114757186869694,0.0041226145355409,0.0074267134726606,0.008331367232364,0.0078722393644237,0.0067160567709141,0.0041226145355409,0.0074267134726606,0.008331367232364,0.0078722393644237,0.0067160567709141,0.0041226145355409,0.0096092634750457,0.0147795578917317,0.0112403917778167,0.0078946759887125,0.0041226145355409,0.0016761974422058,0.0004275550236052,0.0011614247401201,0.0022951437373938,0.0041226145355409,0.0167619744220582,0.0427555023605292,0.0232284948024026,0.0114757186869694,0.4592081927000813,0.4758680567281102,0.5021325618796852,0.4827606002795918,0.4696665958778073,megamarket,sasrec,256,64,512,42
57,5.203 2.366 1.541 0.949 0.583 0.429 0.364 0.328 0.302 0.284 0.27 0.259 0.249 0.241 0.233 0.227,10.792 8.997 8.306 7.338 6.546 6.007 6.09 5.458 4.984 5.118 4.657 4.49 4.132 4.377 4.156 3.851 3.669 3.77 3.694 3.893 3.277 3.311 3.322 3.286 3.304 2.494 2.525 2.462 2.398 2.34 2.382 2.284 2.298 2.236 2.351 2.374 2.231 2.325 2.36 2.504 2.424 2.384 2.335 2.38 2.32 2.204 2.559 2.395 2.344 2.311 1.237 1.28 1.348 1.425 1.434 1.391 1.371 1.455 1.422 1.522 1.603 1.563 1.512 1.491 1.661 1.662 1.585 1.632 1.758 1.629 1.687 1.669 1.654 1.809 1.745 1.775 0.693 0.736 0.698 0.783 0.812 0.791 0.852 0.88 0.912 0.862 0.868 0.91 0.923 0.965 0.973 0.996 1.026 1.081 0.97 1.033 1.123 1.092 1.128 1.212 1.159 0.467 0.436 0.448 0.501 0.475 0.476 0.505 0.552 0.579 0.525 0.597 0.565 0.603 0.578 0.577 0.625 0.656 0.63 0.72 0.707 0.701 0.645 0.722 0.763 0.735 0.752 0.345 0.32 0.344 0.37 0.382 0.369 0.378 0.38 0.394 0.381 0.414 0.416 0.396 0.44 0.453 0.431 0.478 0.482 0.467 0.455 0.484 0.485 0.509 0.521 0.554 0.279 0.294 0.275 0.328 0.317 0.289 0.307 0.321 0.318 0.362 0.346 0.346 0.304 0.376 0.369 0.378 0.376 0.413 0.439 0.349 0.379 0.389 0.416 0.401 0.451 0.466 0.284 0.27 0.271 0.316 0.296 0.286 0.299 0.287 0.31 0.312 0.316 0.32 0.367 0.307 0.328 0.369 0.351 0.345 0.354 0.364 0.343 0.369 0.352 0.381 0.405 0.241 0.276 0.269 0.259 0.274 0.284 0.294 0.27 0.273 0.287 0.302 0.293 0.321 0.306 0.288 0.294 0.291 0.332 0.343 0.326 0.336 0.343 0.375 0.334 0.346 0.359 0.243 0.258 0.231 0.255 0.248 0.247 0.249 0.233 0.253 0.278 0.258 0.277 0.28 0.299 0.305 0.324 0.297 0.312 0.31 0.334 0.336 0.307 0.324 0.365 0.338 0.247 0.219 0.248 0.236 0.249 0.236 0.251 0.236 0.259 0.283 0.273 0.283 0.274 0.265 0.28 0.264 0.269 0.307 0.277 0.298 0.256 0.287 0.28 0.29 0.304 0.281 0.229 0.231 0.226 0.255 0.249 0.23 0.231 0.251 0.239 0.251 0.268 0.237 0.281 0.279 0.267 0.28 0.27 0.27 0.256 0.264 0.303 0.28 0.285 0.273 0.296 0.202 0.203 0.212 0.229 0.232 0.222 0.234 0.23 0.24 0.224 0.228 0.245 0.262 0.263 0.286 0.263 0.266 0.275 0.247 0.238 0.266 0.267 0.263 0.258 0.268 0.311 0.223 0.18 0.205 0.191 0.231 0.229 0.237 0.213 0.232 0.249 0.236 0.245 0.223 0.249 0.254 0.235 0.239 0.257 0.248 0.257 0.241 0.233 0.242 0.246 0.295 0.211 0.213 0.213 0.213 0.205 0.215 0.223 0.207 0.212 0.228 0.236 0.229 0.239 0.263 0.229 0.252 0.263 0.262 0.257 0.247 0.213 0.251 0.261 0.249 0.263 0.25 0.209 0.219 0.213 0.205 0.195 0.207 0.23 0.212 0.2 0.228 0.228 0.226 0.226 0.199 0.246 0.229 0.225 0.252 0.22 0.256 0.242 0.228 0.22 0.259 0.249,452.98,0.31338,0.1694259643554687,53.25329160690308,0.026390764998203,0.0969105126838759,0.2930471044576357,0.1378967196658942,0.0670838858389203,0.0040949087926945,0.0175377352217567,0.042206928652171,0.0238546445907307,0.0121461976638517,0.0040949087926945,0.0076075066379441,0.0084659983434446,0.0080352698284079,0.0068897717785609,0.0040949087926945,0.0076075066379441,0.0084659983434446,0.0080352698284079,0.0068897717785609,0.0040949087926945,0.0099300798623666,0.0148389303987524,0.0115139528220379,0.0081885084392885,0.0040949087926945,0.0017537735221756,0.0004220692865217,0.0011927322295365,0.0024292395327703,0.0040949087926945,0.0175377352217567,0.042206928652171,0.0238546445907307,0.0121461976638517,0.4782700584340689,0.4914372862757304,0.5159386233600369,0.497397062183473,0.4863879703112049,megamarket,sasrec,256,128,512,42
58,4.686 1.838 0.992 0.501 0.312 0.256 0.23 0.213 0.201 0.192 0.184 0.177 0.172 0.167 0.162,9.755 8.53 7.452 6.905 6.115 6.014 5.378 5.047 4.889 4.131 4.219 4.15 3.807 3.736 3.547 3.522 3.355 3.197 3.115 2.82 3.078 2.759 2.736 2.805 2.626 1.914 1.887 2.009 1.906 1.94 1.923 1.914 1.938 1.981 1.78 1.781 1.706 1.807 1.837 1.929 1.874 1.674 1.747 1.731 1.728 1.732 1.766 1.768 1.719 1.766 0.909 0.941 0.853 0.912 0.933 0.885 0.907 0.974 0.919 0.916 0.991 1.013 0.972 0.993 0.97 1.001 1.015 1.019 0.95 1.035 1.08 1.059 1.058 1.019 1.06 1.153 0.409 0.405 0.433 0.416 0.457 0.435 0.444 0.462 0.481 0.479 0.513 0.491 0.487 0.553 0.536 0.571 0.499 0.485 0.518 0.576 0.529 0.524 0.551 0.569 0.558 0.244 0.263 0.25 0.254 0.293 0.274 0.266 0.285 0.287 0.288 0.315 0.338 0.296 0.323 0.306 0.329 0.324 0.314 0.308 0.319 0.356 0.365 0.361 0.385 0.4 0.358 0.197 0.204 0.215 0.226 0.223 0.242 0.222 0.227 0.223 0.244 0.258 0.262 0.266 0.266 0.264 0.273 0.269 0.261 0.282 0.266 0.278 0.302 0.304 0.268 0.308 0.196 0.192 0.191 0.199 0.201 0.203 0.216 0.226 0.21 0.218 0.246 0.22 0.225 0.201 0.23 0.23 0.222 0.257 0.234 0.228 0.235 0.237 0.254 0.269 0.253 0.248 0.198 0.19 0.201 0.183 0.2 0.202 0.212 0.211 0.197 0.214 0.197 0.221 0.209 0.227 0.207 0.239 0.236 0.238 0.226 0.217 0.27 0.21 0.229 0.237 0.213 0.184 0.161 0.184 0.171 0.184 0.184 0.19 0.176 0.179 0.195 0.197 0.186 0.208 0.188 0.198 0.223 0.186 0.223 0.224 0.225 0.214 0.213 0.214 0.215 0.221 0.219 0.161 0.154 0.185 0.175 0.176 0.18 0.171 0.171 0.167 0.178 0.193 0.208 0.192 0.182 0.181 0.194 0.215 0.188 0.197 0.2 0.207 0.211 0.208 0.212 0.238 0.164 0.171 0.169 0.173 0.176 0.16 0.172 0.18 0.174 0.166 0.208 0.176 0.192 0.182 0.177 0.204 0.198 0.194 0.182 0.185 0.183 0.218 0.207 0.191 0.201 0.181 0.162 0.165 0.161 0.167 0.168 0.162 0.168 0.186 0.172 0.171 0.197 0.179 0.165 0.175 0.187 0.195 0.183 0.193 0.193 0.194 0.18 0.189 0.205 0.193 0.173 0.18 0.13 0.156 0.166 0.146 0.182 0.15 0.158 0.177 0.163 0.184 0.166 0.184 0.165 0.175 0.208 0.163 0.196 0.181 0.163 0.181 0.172 0.189 0.172 0.186 0.175 0.156 0.155 0.146 0.163 0.152 0.163 0.153 0.141 0.151 0.156 0.166 0.181 0.165 0.153 0.151 0.174 0.17 0.167 0.185 0.169 0.178 0.178 0.17 0.196 0.19 0.161 0.135 0.149 0.142 0.161 0.142 0.139 0.159 0.16 0.168 0.179 0.146 0.178 0.161 0.174 0.161 0.172 0.172 0.193 0.199 0.167 0.17 0.197 0.18 0.169 0.193,484.07,0.33574,3.337860107421875e-06,72.49638843536377,0.0213810367689886,0.0776312691311514,0.2346417904898814,0.1103416653241297,0.0535597883335605,0.004045038455571,0.015853226056697,0.0409712525212226,0.021848748808653,0.0109825564643039,0.004045038455571,0.0071112857892231,0.0079726784386958,0.0075239503970938,0.0064715997665329,0.004045038455571,0.0071112857892231,0.0079726784386958,0.0075239503970938,0.0064715997665329,0.004045038455571,0.0091524613963297,0.0141293659566068,0.010664065636061,0.0075878431236024,0.004045038455571,0.0015853226056697,0.0004097125252122,0.0010924374404326,0.0021965112928607,0.004045038455571,0.015853226056697,0.0409712525212226,0.021848748808653,0.0109825564643039,0.4580582859503502,0.4717891283804754,0.4953962979510453,0.4779491929523272,0.4664348147738383,megamarket,sasrec,256,32,1024,42
59,4.836 2.038 1.222 0.688 0.422 0.328 0.287 0.262 0.245 0.232 0.221 0.212 0.205 0.198,10.009 8.749 7.604 7.027 6.239 6.147 5.492 5.194 4.66 4.257 4.37 4.29 3.94 3.88 3.718 3.658 3.546 3.348 3.312 2.982 3.216 2.914 2.925 2.986 2.81 2.067 2.061 2.158 2.069 2.072 2.102 2.107 2.134 2.166 1.979 1.959 1.889 2.016 2.054 2.164 2.105 1.895 1.986 1.97 1.972 1.943 1.992 2.019 1.959 2.0 1.075 1.121 1.024 1.081 1.133 1.079 1.108 1.217 1.126 1.11 1.203 1.263 1.184 1.248 1.223 1.225 1.304 1.27 1.213 1.306 1.343 1.343 1.322 1.281 1.352 1.424 0.538 0.539 0.588 0.558 0.6 0.61 0.595 0.645 0.642 0.648 0.7 0.689 0.669 0.769 0.711 0.783 0.691 0.677 0.732 0.798 0.743 0.735 0.776 0.795 0.769 0.332 0.344 0.329 0.334 0.383 0.358 0.363 0.384 0.386 0.364 0.409 0.419 0.411 0.449 0.425 0.45 0.422 0.441 0.44 0.446 0.473 0.488 0.506 0.537 0.552 0.524 0.232 0.253 0.265 0.272 0.267 0.313 0.272 0.314 0.282 0.314 0.317 0.347 0.346 0.31 0.338 0.339 0.353 0.351 0.359 0.348 0.36 0.381 0.36 0.372 0.409 0.226 0.237 0.245 0.238 0.244 0.256 0.254 0.272 0.244 0.246 0.3 0.279 0.285 0.268 0.29 0.293 0.298 0.318 0.322 0.309 0.306 0.332 0.312 0.351 0.342 0.326 0.224 0.222 0.221 0.217 0.24 0.247 0.263 0.238 0.229 0.25 0.243 0.272 0.276 0.264 0.266 0.289 0.281 0.276 0.28 0.283 0.34 0.283 0.279 0.312 0.279 0.218 0.195 0.206 0.21 0.206 0.212 0.242 0.225 0.227 0.254 0.218 0.235 0.248 0.234 0.249 0.251 0.249 0.279 0.268 0.279 0.273 0.254 0.272 0.261 0.26 0.271 0.193 0.197 0.198 0.211 0.225 0.213 0.21 0.232 0.207 0.212 0.237 0.236 0.227 0.224 0.231 0.224 0.256 0.243 0.242 0.262 0.248 0.282 0.249 0.254 0.297 0.193 0.197 0.205 0.198 0.211 0.199 0.204 0.216 0.205 0.202 0.242 0.21 0.23 0.223 0.214 0.249 0.234 0.238 0.214 0.227 0.21 0.245 0.258 0.232 0.248 0.226 0.182 0.205 0.198 0.198 0.194 0.195 0.204 0.212 0.214 0.209 0.232 0.202 0.196 0.212 0.209 0.235 0.221 0.232 0.225 0.231 0.213 0.213 0.234 0.237 0.223 0.186 0.17 0.201 0.186 0.183 0.19 0.183 0.193 0.201 0.19 0.208 0.207 0.206 0.198 0.201 0.227 0.2 0.222 0.21 0.205 0.224 0.204 0.219 0.206 0.222 0.216 0.19 0.178 0.171 0.179 0.184 0.201 0.19 0.188 0.195 0.198 0.187 0.185 0.204 0.181 0.196 0.195 0.202 0.206 0.215 0.222 0.236 0.224 0.203 0.229 0.205,545.98,0.38431,0.1694259643554687,47.88580942153931,0.0238279652510131,0.0885107754080279,0.2687798198108881,0.1260326174513278,0.0608503835524766,0.0042833078440499,0.0174269122503712,0.0448168096282997,0.024342265664827,0.0122847263780836,0.0042833078440499,0.0077339987461172,0.0086978821567302,0.0082110792767291,0.0070566527029722,0.0042833078440499,0.0077339987461172,0.0086978821567302,0.0082110792767291,0.0070566527029722,0.0042833078440499,0.0100025671100309,0.0154670936466444,0.0117474109318208,0.0083487529516986,0.0042833078440499,0.0017426912250371,0.0004481680962829,0.0012171132832413,0.0024569452756167,0.0042833078440499,0.0174269122503712,0.0448168096282997,0.024342265664827,0.0122847263780836,0.4710950570117224,0.4863709972979673,0.5108936696770084,0.4930026455730474,0.4803665357837038,megamarket,sasrec,256,64,1024,42
60,7.369 3.342 1.691 0.636 0.284 0.213 0.188 0.173,10.785 9.185 8.669 7.911 7.434 6.81 6.457 6.373 6.212 5.515 5.564 5.327 3.644 3.635 3.598 3.316 3.343 3.424 3.373 3.313 3.364 3.228 3.14 3.307 3.214 1.753 1.655 1.699 1.707 1.742 1.707 1.803 1.655 1.665 1.767 1.76 1.703 1.752 0.649 0.585 0.576 0.617 0.624 0.617 0.654 0.625 0.665 0.64 0.62 0.674 0.235 0.243 0.274 0.291 0.275 0.264 0.263 0.29 0.302 0.303 0.301 0.306 0.315 0.206 0.194 0.2 0.191 0.215 0.19 0.213 0.218 0.21 0.229 0.223 0.249 0.199 0.157 0.157 0.183 0.167 0.169 0.227 0.189 0.185 0.18 0.22 0.2 0.218 0.222 0.156 0.178 0.178 0.19 0.175 0.181 0.159 0.162 0.175 0.185 0.175 0.182,60.632,0.052691,3.337860107421875e-06,70.5099105834961,0.0233527071741043,0.0895994695946364,0.2021705724164425,0.1172474688015069,0.0651258473473535,0.0042556021012035,0.0166566925992419,0.0368098499456967,0.0219706540771771,0.0119688809096349,0.0042556021012035,0.0076039950449818,0.0083244970354098,0.007968898751164,0.0069801848527162,0.0042556021012035,0.0076039950449818,0.0083244970354098,0.007968898751164,0.0069801848527162,0.0042556021012035,0.0097292351110964,0.0137715642559246,0.0110680451065418,0.0082150219378522,0.0042556021012035,0.0016656692599241,0.0003680984994569,0.0010985327038588,0.0023937761819269,0.0042556021012035,0.0166566925992419,0.0368098499456967,0.0219706540771771,0.0119688809096349,0.4310486211460133,0.4292344591603977,0.4434004246885182,0.4302236076539455,0.430648244609521,megamarket,sasrec,512,32,32,42
61,7.492 3.478 1.854 0.751 0.328 0.239 0.212,10.858 9.431 8.796 8.063 7.573 6.908 6.545 6.5 6.322 5.658 5.716 5.423 3.727 3.733 3.705 3.431 3.461 3.552 3.521 3.428 3.5 3.406 3.324 3.477 3.378 1.862 1.793 1.836 1.828 1.895 1.882 1.935 1.822 1.82 1.97 1.987 1.932 1.966 0.756 0.687 0.691 0.696 0.726 0.735 0.756 0.72 0.81 0.773 0.779 0.836 0.27 0.301 0.296 0.334 0.313 0.349 0.316 0.322 0.344 0.348 0.358 0.368 0.383 0.212 0.193 0.228 0.216 0.25 0.225 0.259 0.264 0.237 0.255 0.25 0.265 0.248 0.188 0.18 0.202 0.2 0.206 0.23 0.218 0.222 0.213 0.231 0.232 0.255 0.238,68.268,0.064407,0.1694259643554687,17.037161350250244,0.0206579257184638,0.0733087132712874,0.1619756360526935,0.0955045666910388,0.0536620276851771,0.0045991533124986,0.017643017044573,0.0393532371389941,0.0234612230423122,0.0122847263780836,0.0045991533124986,0.008039672248978,0.0088174635369841,0.0084389159230015,0.0073297389749613,0.0045991533124986,0.008039672248978,0.0088174635369841,0.0084389159230015,0.0073297389749613,0.0045991533124986,0.0102850321600302,0.014640385196608,0.0117503401907386,0.0085574014249616,0.0045991533124986,0.0017643017044572,0.0003935323713899,0.0011730611521156,0.0024569452756167,0.0045991533124986,0.017643017044573,0.0393532371389941,0.0234612230423122,0.0122847263780836,0.4265891100694975,0.4267594442506268,0.442081184847777,0.428627401003833,0.4265168001321954,megamarket,sasrec,512,64,32,42
62,7.627 3.633 2.033 0.913 0.398 0.278 0.244,11.021 9.634 8.931 8.207 7.725 7.054 6.693 6.627 6.479 5.791 5.862 5.588 3.871 3.881 3.847 3.562 3.589 3.702 3.664 3.641 3.685 3.55 3.515 3.651 3.549 1.998 1.898 1.984 1.949 2.048 2.029 2.162 2.012 2.048 2.179 2.229 2.163 2.2 0.885 0.802 0.825 0.847 0.872 0.906 0.946 0.913 0.968 0.986 0.99 1.053 0.322 0.35 0.361 0.377 0.349 0.366 0.373 0.378 0.422 0.402 0.46 0.441 0.479 0.247 0.245 0.242 0.263 0.292 0.251 0.283 0.305 0.288 0.282 0.284 0.314 0.301 0.214 0.216 0.215 0.242 0.246 0.26 0.238 0.274 0.225 0.257 0.267 0.274 0.281,85.666,0.0916,0.1694259643554687,20.753634452819824,0.0208686007460374,0.0780829811755666,0.1747140396316905,0.1026637998339385,0.0564739196708512,0.0046988939867455,0.018468648181395,0.0415974023095507,0.0248963805217545,0.013016157989228,0.0046988939867455,0.0083534793663459,0.0091860023682098,0.0087950008639632,0.007630623342273,0.0046988939867455,0.0083534793663459,0.0091860023682098,0.0087950008639632,0.007630623342273,0.0046988939867455,0.0107215124414241,0.0153644397941003,0.0123409494300859,0.0089633675731789,0.0046988939867455,0.0018468648181395,0.0004159740230955,0.0012448190260877,0.0026032315978456,0.0046988939867455,0.018468648181395,0.0415974023095507,0.0248963805217545,0.013016157989228,0.4313246719959776,0.437162374294072,0.4566987070090593,0.4404560637689448,0.4354211160423791,megamarket,sasrec,512,128,32,42
63,7.787 3.825 2.238 1.128 0.511 0.337 0.291,11.222 9.805 9.069 8.371 7.869 7.195 6.851 6.794 6.651 5.982 6.059 5.828 4.03 4.032 4.02 3.75 3.778 3.917 3.893 3.833 3.9 3.785 3.709 3.856 3.787 2.129 2.069 2.136 2.131 2.256 2.256 2.369 2.225 2.257 2.434 2.491 2.423 2.493 1.024 0.965 0.946 1.062 1.049 1.122 1.164 1.157 1.209 1.265 1.202 1.383 0.398 0.434 0.421 0.473 0.476 0.492 0.502 0.514 0.571 0.538 0.589 0.586 0.656 0.279 0.297 0.286 0.296 0.339 0.31 0.365 0.337 0.347 0.356 0.364 0.394 0.361 0.255 0.243 0.245 0.275 0.26 0.317 0.31 0.315 0.276 0.329 0.336 0.336 0.357,117.94,0.14239,0.1694259643554687,31.33276081085205,0.0202248026470697,0.0778636312939164,0.1725254978746607,0.1028534073587547,0.0555550047711697,0.0047321408781612,0.0193663142496176,0.0434038167431345,0.0259547398984861,0.0135813551432941,0.0047321408781612,0.0086108107456767,0.0094843182878154,0.0090656962059581,0.007844511677047,0.0047321408781612,0.0086108107456767,0.0094843182878154,0.0090656962059581,0.007844511677047,0.0047321408781612,0.0111298787414903,0.015972364230575,0.0127929636625203,0.0092648669115096,0.0047321408781612,0.0019366314249617,0.0004340381674313,0.0012977369949243,0.0027162710286588,0.0047321408781612,0.0193663142496176,0.0434038167431345,0.0259547398984861,0.0135813551432941,0.4262791375893935,0.4375537240239042,0.4611871743633771,0.442414610314092,0.4340399659879343,megamarket,sasrec,512,256,32,42
64,7.941 4.045 2.472 1.401 0.716 0.445,11.402 9.937 9.226 8.494 8.02 7.326 7.0 6.974 6.842 6.161 6.259 6.05 4.219 4.217 4.179 3.907 3.964 4.097 4.068 4.064 4.143 4.005 3.973 4.135 4.079 2.293 2.23 2.319 2.323 2.483 2.503 2.604 2.476 2.531 2.691 2.784 2.745 2.818 1.208 1.145 1.186 1.234 1.297 1.358 1.468 1.457 1.497 1.651 1.588 1.751 0.515 0.536 0.563 0.612 0.604 0.658 0.662 0.717 0.767 0.793 0.848 0.858 0.957 0.362 0.356 0.377 0.37 0.426 0.411 0.45 0.499 0.463 0.48 0.492 0.556 0.527,199.01,0.27037,0.1694259643554687,52.497063636779785,0.0206170299778171,0.0672090515905964,0.1644361964482668,0.0876147869084059,0.0501332209733186,0.0053361260722122,0.0203027683578252,0.0435312631602278,0.0266307600239377,0.014323869051577,0.0053361260722122,0.009232951996766,0.0100847191044497,0.0096729942240727,0.0084433251324334,0.0053361260722122,0.009232951996766,0.0100847191044497,0.0096729942240727,0.0084433251324334,0.0053361260722122,0.0118207346795585,0.0165142352250557,0.0134218136121532,0.0098956898684904,0.0053361260722122,0.0020302768357825,0.0004353126316022,0.0013315380011968,0.0028647738103154,0.0053361260722122,0.0203027683578252,0.0435312631602278,0.0266307600239377,0.014323869051577,0.4308900766877125,0.445463925743727,0.4734819923810008,0.4525572697434648,0.4398857557147103,megamarket,sasrec,512,512,32,42
65,6.903 2.998 1.561 0.65 0.293 0.211 0.184 0.17,10.401 8.935 8.168 7.42 6.942 6.491 5.923 5.957 5.386 5.219 4.834 4.654 3.509 3.193 3.264 3.178 3.071 3.076 3.037 2.962 2.726 2.909 2.913 2.922 2.848 1.566 1.496 1.52 1.552 1.487 1.585 1.56 1.456 1.535 1.614 1.595 1.579 1.612 0.642 0.605 0.649 0.623 0.615 0.676 0.627 0.662 0.691 0.654 0.66 0.733 0.256 0.275 0.26 0.268 0.263 0.3 0.314 0.31 0.301 0.321 0.301 0.303 0.325 0.193 0.193 0.188 0.209 0.208 0.203 0.226 0.22 0.216 0.209 0.223 0.227 0.212 0.166 0.169 0.159 0.182 0.184 0.199 0.18 0.195 0.19 0.184 0.198 0.182 0.178 0.168 0.162 0.168 0.168 0.156 0.164 0.187 0.182 0.167 0.179 0.178 0.186,73.114,0.071745,3.337860107421875e-06,57.99824571609497,0.0209175517083266,0.0834713048219796,0.2172672970393962,0.1143271411398758,0.0585273815572602,0.0045437418268058,0.017543276370326,0.0422124698007402,0.0238269388478843,0.0124675842808697,0.0045437418268058,0.0080116542668075,0.0088850041163953,0.0084482927395862,0.0073427606740991,0.0045437418268058,0.0080116542668075,0.0088850041163953,0.0084482927395862,0.0073427606740991,0.0045437418268058,0.0102453793845397,0.0151750426127596,0.0118347872636667,0.0086125201552456,0.0045437418268058,0.0017543276370326,0.0004221246980074,0.0011913469423942,0.0024935168561739,0.0045437418268058,0.017543276370326,0.0422124698007402,0.0238269388478843,0.0124675842808697,0.4276169349254716,0.4353805374262292,0.4554497716293054,0.4393731105640203,0.4329717303350136,megamarket,sasrec,512,32,64,42
66,7.031 3.136 1.718 0.777 0.35 0.243 0.212 0.195,10.606 9.181 8.348 7.567 7.087 6.594 6.024 6.035 5.488 5.337 4.957 4.797 3.617 3.308 3.378 3.316 3.189 3.195 3.204 3.108 2.858 3.039 3.06 3.089 3.039 1.678 1.614 1.659 1.675 1.611 1.737 1.734 1.6 1.716 1.822 1.77 1.783 1.816 0.709 0.724 0.738 0.728 0.752 0.778 0.769 0.791 0.845 0.817 0.83 0.874 0.306 0.33 0.307 0.306 0.303 0.338 0.358 0.342 0.363 0.38 0.359 0.393 0.404 0.215 0.214 0.219 0.235 0.224 0.219 0.231 0.233 0.243 0.232 0.26 0.28 0.283 0.186 0.199 0.168 0.202 0.223 0.22 0.203 0.23 0.219 0.228 0.219 0.214 0.216 0.171 0.183 0.201 0.195 0.174 0.191 0.221 0.195 0.2 0.224 0.195 0.207,88.545,0.095926,0.1694259643554687,20.53149509429932,0.0213450980878143,0.0905202433916201,0.2460108063896496,0.1260338567161959,0.0622625258696541,0.004466165746836,0.0179810271072988,0.0439634727486313,0.0248132632932154,0.0127612651550413,0.004466165746836,0.0080631627609485,0.0089908210443941,0.0085285734146947,0.0073760075655148,0.004466165746836,0.0080631627609485,0.0089908210443941,0.0085285734146947,0.0073760075655148,0.004466165746836,0.010386182983911,0.0155953562471956,0.0121026752526341,0.0087079780417511,0.004466165746836,0.0017981027107298,0.0004396347274863,0.0012406631646607,0.0025522530310082,0.004466165746836,0.0179810271072988,0.0439634727486313,0.0248132632932154,0.0127612651550413,0.4312983167502247,0.4426651036064974,0.4668633959740382,0.4477400957559768,0.4390677472366053,megamarket,sasrec,512,64,64,42
67,7.171 3.303 1.894 0.943 0.438 0.29 0.246,10.832 9.358 8.475 7.678 7.201 6.706 6.15 6.183 5.613 5.514 5.14 4.953 3.739 3.441 3.534 3.463 3.345 3.356 3.361 3.283 3.025 3.233 3.247 3.295 3.223 1.812 1.737 1.778 1.821 1.759 1.913 1.9 1.811 1.912 2.038 1.957 2.043 2.076 0.841 0.824 0.878 0.863 0.91 0.95 0.955 0.957 1.018 1.011 1.033 1.124 0.366 0.369 0.38 0.369 0.388 0.427 0.461 0.432 0.483 0.501 0.469 0.497 0.509 0.25 0.249 0.256 0.269 0.271 0.267 0.299 0.294 0.321 0.316 0.317 0.332 0.317 0.207 0.233 0.208 0.234 0.251 0.244 0.238 0.257 0.266 0.255 0.264 0.262 0.247,119.08,0.14387,0.1694259643554687,29.62997436523437,0.0176781133431648,0.0719052458081865,0.1865992093490141,0.1000297423568339,0.0493859442578662,0.0046268590553449,0.0191058802668617,0.0464957776447902,0.0261985504355342,0.0130438637320743,0.0046268590553449,0.0083567117030113,0.0093306340485836,0.0088471583271983,0.0075537860821124,0.0046268590553449,0.0083567117030113,0.0093306340485836,0.0088471583271983,0.0075537860821124,0.0046268590553449,0.0108647806301288,0.0163465340987753,0.0126557107083102,0.0089106414133944,0.0046268590553449,0.0019105880266861,0.0004649577764479,0.0013099275217767,0.0026087727464148,0.0046268590553449,0.0191058802668617,0.0464957776447902,0.0261985504355342,0.0130438637320743,0.4198148776701754,0.4354360125277984,0.4632243435652149,0.4421866960292858,0.4297724002189789,megamarket,sasrec,512,128,64,42
68,7.332 3.511 2.101 1.162 0.582 0.367 0.301,11.041 9.51 8.608 7.826 7.359 6.867 6.283 6.358 5.787 5.715 5.325 5.153 3.933 3.619 3.713 3.665 3.545 3.54 3.599 3.495 3.276 3.448 3.503 3.513 3.441 1.983 1.868 1.935 2.004 1.952 2.116 2.115 2.036 2.121 2.293 2.245 2.3 2.327 1.002 0.973 1.06 1.056 1.087 1.163 1.169 1.205 1.253 1.288 1.295 1.408 0.469 0.465 0.481 0.496 0.486 0.556 0.614 0.565 0.622 0.667 0.634 0.677 0.733 0.297 0.319 0.319 0.327 0.33 0.354 0.364 0.366 0.374 0.391 0.427 0.429 0.436 0.253 0.279 0.277 0.263 0.301 0.299 0.286 0.325 0.334 0.306 0.338 0.342 0.323,187.77,0.25198,0.1694259643554687,48.5120005607605,0.0195555996183064,0.0809648916262872,0.2010211542512981,0.1118764948632471,0.0554478083600808,0.0048318815524081,0.0206740253119666,0.0485404614668528,0.0279994237205487,0.014323869051577,0.0048318815524081,0.0089682807944494,0.0099639979780493,0.0094715009630958,0.0081261867293185,0.0048318815524081,0.0089682807944494,0.0099639979780493,0.0094715009630958,0.0081261867293185,0.0048318815524081,0.0117052406197636,0.0172934192116096,0.0135509661145794,0.0096570570958279,0.0048318815524081,0.0020674025311966,0.0004854046146685,0.0013999711860274,0.0028647738103154,0.0048318815524081,0.0206740253119666,0.0485404614668528,0.0279994237205487,0.014323869051577,0.4282852045723531,0.4480555109332355,0.4787334873356106,0.4559283612793431,0.4410791978527948,megamarket,sasrec,512,256,64,42
69,6.452 2.681 1.43 0.656 0.306 0.211 0.181 0.166,9.845 8.67 7.712 6.963 6.36 5.877 5.372 5.267 4.849 4.634 4.414 4.124 3.032 2.882 2.886 2.685 2.788 2.744 2.733 2.589 2.459 2.512 2.433 2.564 2.469 1.398 1.449 1.397 1.377 1.399 1.409 1.435 1.432 1.356 1.422 1.471 1.405 1.403 0.57 0.631 0.626 0.645 0.649 0.624 0.66 0.704 0.703 0.642 0.69 0.678 0.3 0.282 0.283 0.275 0.298 0.311 0.29 0.292 0.327 0.331 0.324 0.348 0.321 0.208 0.215 0.212 0.206 0.194 0.208 0.202 0.203 0.216 0.214 0.208 0.217 0.235 0.163 0.162 0.176 0.181 0.173 0.176 0.184 0.201 0.177 0.178 0.193 0.2 0.176 0.139 0.162 0.156 0.166 0.17 0.179 0.156 0.152 0.169 0.155 0.199 0.177,98.134,0.11057,3.337860107421875e-06,73.80610370635986,0.018176297820133,0.0761106911380169,0.2239438365161786,0.1082584610808868,0.0516500811718488,0.0040394973070017,0.0172163486047387,0.0445231287541281,0.024303477624842,0.0118525167896801,0.0040394973070017,0.0074657301949675,0.008424772465261,0.0079519134594134,0.0067579847950883,0.0040394973070017,0.0074657301949675,0.008424772465261,0.0079519134594134,0.0067579847950883,0.0040394973070017,0.0097427065378854,0.0151866149107365,0.0115276296350805,0.008016277060057,0.0040394973070017,0.0017216348604738,0.0004452312875412,0.0012151738812421,0.002370503357936,0.0040394973070017,0.0172163486047387,0.0445231287541281,0.024303477624842,0.0118525167896801,0.4167769051147633,0.4315378311592586,0.4577146224817102,0.4379427783364998,0.4262235021916941,megamarket,sasrec,512,32,128,42
70,6.597 2.836 1.592 0.793 0.381 0.251 0.212,10.139 8.926 7.86 7.077 6.481 5.978 5.49 5.379 4.97 4.781 4.575 4.297 3.173 3.011 3.037 2.805 2.937 2.883 2.888 2.724 2.61 2.668 2.623 2.739 2.65 1.516 1.577 1.525 1.53 1.549 1.541 1.583 1.591 1.547 1.616 1.67 1.594 1.604 0.686 0.743 0.741 0.774 0.775 0.766 0.781 0.852 0.86 0.813 0.891 0.821 0.344 0.34 0.334 0.328 0.365 0.379 0.372 0.373 0.4 0.422 0.393 0.432 0.404 0.218 0.235 0.235 0.246 0.232 0.251 0.255 0.241 0.262 0.254 0.265 0.28 0.295 0.192 0.19 0.209 0.192 0.201 0.214 0.216 0.226 0.196 0.218 0.213 0.251 0.221,125.27,0.15321,0.1694259643554687,27.88537740707397,0.0160800812957753,0.0682078990742691,0.2043907154276083,0.098487477228508,0.0455956526588427,0.0043331781811733,0.0187069175698738,0.0477480772214464,0.0260600217213023,0.012855464680719,0.0043331781811733,0.0080174087056193,0.0090365203282308,0.008522450116826,0.0072505005504207,0.0043331781811733,0.0080174087056193,0.0090365203282308,0.008522450116826,0.0072505005504207,0.0043331781811733,0.0105111340006657,0.0163017693189506,0.0123635627006587,0.0086331929307815,0.0043331781811733,0.0018706917569873,0.0004774807722144,0.0013030010860651,0.0025710929361438,0.0043331781811733,0.0187069175698738,0.0477480772214464,0.0260600217213023,0.012855464680719,0.4173968999692355,0.4373719323074574,0.4673500589162375,0.4453514445086943,0.4302030696065054,megamarket,sasrec,512,64,128,42
71,6.739 3.01 1.766 0.962 0.487 0.309 0.253,10.393 9.078 7.996 7.189 6.605 6.105 5.627 5.515 5.113 4.947 4.737 4.471 3.308 3.179 3.188 2.966 3.093 3.05 3.064 2.91 2.781 2.86 2.804 2.939 2.863 1.653 1.719 1.663 1.668 1.719 1.701 1.769 1.775 1.719 1.826 1.876 1.775 1.817 0.808 0.874 0.875 0.928 0.911 0.924 0.988 1.057 1.068 1.0 1.055 1.035 0.432 0.431 0.421 0.416 0.462 0.47 0.466 0.477 0.521 0.547 0.531 0.565 0.545 0.261 0.291 0.275 0.3 0.271 0.311 0.297 0.298 0.319 0.339 0.338 0.358 0.369 0.223 0.205 0.232 0.239 0.238 0.248 0.269 0.289 0.244 0.265 0.267 0.284 0.278,174.82,0.2314,0.1694259643554687,43.90692138671875,0.0172629596123579,0.075432813255177,0.2181056597226525,0.1088353388769781,0.0503308837197774,0.0045769887182215,0.0203304741006715,0.0508234146773943,0.0282321519604583,0.013902741760312,0.0045769887182215,0.008663983783257,0.009742115535412,0.0092032310851461,0.0078156977044868,0.0045769887182215,0.008663983783257,0.009742115535412,0.0092032310851461,0.0078156977044868,0.0045769887182215,0.0113885652621768,0.0174855520296198,0.0133750697776537,0.0093196042020048,0.0045769887182215,0.0020330474100671,0.0005082341467739,0.0014116075980229,0.0027805483520624,0.0045769887182215,0.0203304741006715,0.0508234146773943,0.0282321519604583,0.013902741760312,0.421612773560413,0.4444383155563725,0.4790540127204126,0.4537980402784188,0.4363428560699517,megamarket,sasrec,512,128,128,42
72,6.07 2.423 1.317 0.652 0.321 0.215 0.181 0.164,9.772 8.251 7.291 6.435 6.125 5.593 5.101 4.811 4.495 4.306 4.093 3.741 2.799 2.697 2.609 2.554 2.637 2.392 2.464 2.406 2.246 2.413 2.187 2.22 2.149 1.298 1.327 1.259 1.262 1.326 1.229 1.283 1.282 1.389 1.336 1.298 1.306 1.292 0.59 0.65 0.633 0.63 0.637 0.657 0.641 0.705 0.665 0.693 0.678 0.721 0.312 0.3 0.299 0.302 0.298 0.301 0.328 0.342 0.34 0.34 0.323 0.346 0.346 0.194 0.19 0.196 0.204 0.213 0.207 0.218 0.217 0.221 0.235 0.238 0.224 0.245 0.166 0.174 0.177 0.165 0.182 0.173 0.185 0.198 0.192 0.196 0.201 0.191 0.193 0.145 0.158 0.148 0.161 0.162 0.162 0.171 0.164 0.18 0.157 0.166 0.165,139.85,0.17534,3.337860107421875e-06,65.9733419418335,0.0166061492322754,0.0713165949958484,0.2269831336051454,0.1036936289393131,0.0476416789560432,0.0041336968326794,0.0178923687301903,0.0469501518274707,0.0254061661901278,0.0121240330695746,0.0041336968326794,0.0076611062560095,0.0086804404977026,0.008175421178923,0.0068994687885571,0.0041336968326794,0.0076611062560095,0.0086804404977026,0.008175421178923,0.0068994687885571,0.0041336968326794,0.0100472800084101,0.0158398313466361,0.0119381308788693,0.0081901821036265,0.0041336968326794,0.001789236873019,0.0004695015182747,0.0012703083095063,0.0024248066139149,0.0041336968326794,0.0178923687301903,0.0469501518274707,0.0254061661901278,0.0121240330695746,0.4180054439665961,0.4373225081103739,0.4680149401951891,0.4453280668016748,0.4304487315632613,megamarket,sasrec,512,32,256,42
73,6.222 2.585 1.479 0.795 0.41 0.264 0.216 0.195 0.182,10.13 8.491 7.444 6.56 6.242 5.724 5.219 4.94 4.628 4.466 4.268 3.917 2.937 2.819 2.756 2.688 2.78 2.559 2.617 2.561 2.406 2.586 2.363 2.414 2.333 1.434 1.453 1.399 1.411 1.494 1.361 1.45 1.454 1.562 1.529 1.48 1.469 1.488 0.704 0.767 0.745 0.757 0.781 0.801 0.771 0.855 0.834 0.846 0.856 0.869 0.4 0.372 0.369 0.364 0.378 0.39 0.402 0.431 0.421 0.452 0.44 0.457 0.456 0.233 0.233 0.231 0.243 0.265 0.251 0.259 0.261 0.258 0.285 0.283 0.29 0.306 0.197 0.194 0.206 0.211 0.22 0.208 0.217 0.222 0.238 0.239 0.237 0.225 0.24 0.177 0.189 0.18 0.198 0.192 0.198 0.209 0.182 0.212 0.195 0.206 0.203 0.169 0.165 0.173 0.157 0.163 0.173 0.195 0.18 0.183 0.185 0.183 0.203 0.191,175.65,0.23157,0.1694259643554687,39.20027685165405,0.0193752865800007,0.0846176248249538,0.2628505570495582,0.1233068543739853,0.0561523304375844,0.0043110135868962,0.0191280448611388,0.0488618480838708,0.0264201963783052,0.0131269809606135,0.0043110135868962,0.0081564761426288,0.0091928719417116,0.0086562260531271,0.0073685270149463,0.0043110135868962,0.0081564761426288,0.0091928719417116,0.0086562260531271,0.0073685270149463,0.0043110135868962,0.0107191665466686,0.0166395408267117,0.0125548083250085,0.0087914188776712,0.0043110135868962,0.0019128044861138,0.0004886184808387,0.0013210098189152,0.0026253961921227,0.0043110135868962,0.0191280448611388,0.0488618480838708,0.0264201963783052,0.0131269809606135,0.4310272416230554,0.4514888538312285,0.4831367954574164,0.4597005183054631,0.4443283389934275,megamarket,sasrec,512,64,256,42
74,6.356 2.756 1.647 0.956 0.525 0.332 0.264 0.234,10.359 8.626 7.559 6.657 6.355 5.814 5.355 5.061 4.757 4.616 4.426 4.084 3.081 2.975 2.91 2.829 2.953 2.731 2.788 2.725 2.581 2.781 2.561 2.596 2.546 1.565 1.614 1.537 1.553 1.637 1.523 1.625 1.605 1.731 1.708 1.664 1.677 1.688 0.819 0.885 0.891 0.905 0.931 0.953 0.932 1.049 0.999 1.056 1.03 1.094 0.497 0.451 0.459 0.464 0.481 0.496 0.524 0.563 0.535 0.567 0.567 0.608 0.614 0.274 0.281 0.29 0.305 0.333 0.329 0.334 0.316 0.345 0.362 0.397 0.375 0.404 0.232 0.237 0.243 0.255 0.25 0.253 0.259 0.278 0.288 0.288 0.302 0.275 0.311 0.204 0.215 0.211 0.23 0.238 0.24 0.243 0.241 0.265 0.24 0.274 0.247,260.16,0.36452,0.1694259643554687,64.35673570632935,0.0197408697160844,0.0926121224889395,0.2938036756595987,0.1363135587969216,0.0605151624056609,0.0049316222266551,0.0209344592947226,0.0532061085621827,0.0292683467429128,0.0141687168916372,0.0049316222266551,0.0090175420450039,0.0101531299008128,0.0095905071510177,0.0081164897193223,0.0049316222266551,0.0090175420450039,0.0101531299008128,0.0095905071510177,0.0081164897193223,0.0049316222266551,0.0117969596358741,0.0182358460449438,0.0138971733557291,0.0096109119282999,0.0049316222266551,0.0020934459294722,0.0005320610856218,0.0014634173371456,0.0028337433783274,0.0049316222266551,0.0209344592947226,0.0532061085621827,0.0292683467429128,0.0141687168916372,0.4293784168609986,0.4546849812394246,0.4901379973669132,0.4642717469232946,0.4460338302672547,megamarket,sasrec,512,128,256,42
75,5.779 2.246 1.238 0.649 0.336 0.22 0.181 0.163 0.152 0.144 0.139 0.135 0.131 0.128 0.126,9.546 8.197 7.179 6.183 5.735 5.149 4.894 4.405 4.071 4.064 3.634 3.467 2.756 2.648 2.409 2.302 2.251 2.249 2.195 2.183 2.15 2.098 1.933 1.981 2.046 1.229 1.243 1.234 1.233 1.208 1.252 1.224 1.215 1.168 1.296 1.233 1.256 1.23 0.607 0.602 0.595 0.623 0.621 0.626 0.667 0.649 0.698 0.648 0.657 0.716 0.318 0.298 0.303 0.325 0.325 0.338 0.343 0.327 0.351 0.362 0.374 0.367 0.362 0.205 0.201 0.201 0.213 0.212 0.213 0.219 0.214 0.23 0.233 0.226 0.236 0.249 0.165 0.169 0.162 0.18 0.183 0.178 0.183 0.2 0.195 0.176 0.188 0.186 0.196 0.138 0.161 0.145 0.142 0.16 0.149 0.163 0.175 0.162 0.18 0.171 0.175 0.131 0.138 0.136 0.153 0.165 0.152 0.152 0.153 0.158 0.159 0.148 0.168 0.176 0.14 0.14 0.132 0.136 0.143 0.141 0.142 0.146 0.145 0.159 0.152 0.16 0.165 0.122 0.14 0.13 0.134 0.139 0.148 0.141 0.135 0.152 0.145 0.156 0.157 0.142 0.121 0.131 0.13 0.13 0.126 0.126 0.139 0.136 0.132 0.134 0.148 0.149 0.124 0.119 0.12 0.126 0.136 0.13 0.141 0.135 0.143 0.137 0.138 0.133 0.133 0.113 0.122 0.116 0.129 0.123 0.134 0.127 0.13 0.133 0.131 0.139 0.13 0.145 0.121 0.126 0.125 0.111 0.13 0.131 0.131 0.124 0.134 0.117 0.139 0.133 0.13,229.05,0.31364,3.337860107421875e-06,67.6834225654602,0.0231302591302839,0.0902314946773573,0.2644560246861562,0.1285712515335902,0.0615790712949078,0.0044162954097125,0.0182691668329011,0.0456590642108296,0.0254172484872664,0.0126116541436709,0.0044162954097125,0.0080140796187408,0.0089839571002192,0.0085055624703745,0.0072697098654609,0.0044162954097125,0.0080140796187408,0.0089839571002192,0.0085055624703745,0.0072697098654609,0.0044162954097125,0.0104085013465414,0.0158841344672332,0.0122100096507136,0.0085896134448609,0.0044162954097125,0.0018269166832901,0.0004565906421082,0.0012708624243633,0.0025223308287341,0.0044162954097125,0.0182691668329011,0.0456590642108296,0.0254172484872664,0.0126116541436709,0.4578778844468784,0.47375885048359,0.5013470712420425,0.4811289722735037,0.4676130311211597,megamarket,sasrec,512,32,512,42
76,5.916 2.399 1.393 0.79 0.433 0.277 0.221 0.196 0.182 0.173,9.886 8.39 7.325 6.301 5.842 5.26 5.006 4.469 4.193 4.172 3.77 3.618 2.878 2.785 2.548 2.435 2.389 2.403 2.356 2.335 2.309 2.271 2.087 2.155 2.236 1.352 1.357 1.363 1.376 1.353 1.412 1.397 1.393 1.32 1.462 1.393 1.433 1.398 0.711 0.713 0.718 0.752 0.76 0.783 0.803 0.78 0.859 0.815 0.82 0.902 0.403 0.375 0.373 0.407 0.408 0.427 0.433 0.423 0.467 0.464 0.479 0.497 0.489 0.245 0.259 0.245 0.254 0.265 0.267 0.257 0.273 0.29 0.297 0.294 0.298 0.329 0.195 0.2 0.2 0.211 0.224 0.211 0.232 0.242 0.234 0.211 0.235 0.237 0.244 0.177 0.185 0.174 0.172 0.176 0.189 0.199 0.208 0.197 0.207 0.212 0.211 0.159 0.172 0.167 0.171 0.184 0.198 0.176 0.18 0.187 0.182 0.195 0.199 0.209 0.161 0.163 0.164 0.169 0.158 0.162 0.171 0.179 0.173 0.18 0.186 0.181 0.19,293.02,0.41411,0.1694259643554687,55.24773979187012,0.0199441091544495,0.0870304735231061,0.2771033422973492,0.1277843183423593,0.0573736259650775,0.0044052131125739,0.0193829376953254,0.0502249706319125,0.0271959571780038,0.0131934747434448,0.0044052131125739,0.008287761784088,0.0093642911193286,0.0088241743518294,0.0074706688535733,0.0044052131125739,0.008287761784088,0.0093642911193286,0.0088241743518294,0.0074706688535733,0.0044052131125739,0.0108794774666983,0.0170172550748806,0.0128474355363833,0.0088867309030462,0.0044052131125739,0.0019382937695325,0.0005022497063191,0.0013597978589001,0.0026386949486889,0.0044052131125739,0.0193829376953254,0.0502249706319125,0.0271959571780038,0.0131934747434448,0.4377904548008433,0.4571715760326672,0.4884790185808264,0.4654961384300976,0.450022577373287,megamarket,sasrec,512,64,512,42
77,5.575 2.132 1.189 0.65 0.351 0.227 0.184 0.163 0.151 0.143 0.137 0.133 0.129 0.126 0.123 0.121 0.119 0.118,9.433 7.964 6.974 6.059 5.317 5.067 4.724 4.349 4.133 3.472 3.393 3.391 2.393 2.449 2.312 2.245 2.249 2.123 2.106 2.143 1.838 1.956 1.952 1.973 1.893 1.232 1.25 1.137 1.207 1.176 1.233 1.188 1.202 1.153 1.231 1.159 1.188 1.226 0.618 0.597 0.623 0.635 0.646 0.652 0.657 0.721 0.651 0.711 0.654 0.709 0.304 0.291 0.329 0.333 0.329 0.344 0.353 0.36 0.338 0.363 0.379 0.385 0.417 0.206 0.206 0.209 0.216 0.209 0.219 0.231 0.219 0.24 0.246 0.24 0.239 0.246 0.162 0.172 0.174 0.184 0.169 0.19 0.183 0.19 0.204 0.188 0.194 0.203 0.194 0.155 0.154 0.145 0.154 0.154 0.158 0.17 0.176 0.168 0.164 0.172 0.172 0.14 0.127 0.142 0.142 0.145 0.153 0.149 0.149 0.154 0.167 0.163 0.149 0.158 0.128 0.131 0.138 0.131 0.136 0.152 0.141 0.141 0.15 0.149 0.146 0.152 0.158 0.137 0.138 0.125 0.135 0.145 0.135 0.144 0.151 0.142 0.136 0.144 0.136 0.146 0.125 0.126 0.131 0.121 0.128 0.138 0.136 0.13 0.149 0.153 0.13 0.153 0.119 0.117 0.122 0.118 0.129 0.124 0.127 0.131 0.129 0.119 0.134 0.142 0.128 0.125 0.121 0.13 0.122 0.13 0.114 0.136 0.118 0.131 0.137 0.132 0.127 0.144 0.107 0.119 0.119 0.124 0.123 0.114 0.128 0.119 0.125 0.132 0.132 0.13 0.128 0.109 0.12 0.117 0.125 0.129 0.119 0.122 0.119 0.132 0.124 0.132 0.131 0.115 0.113 0.124 0.112 0.109 0.109 0.115 0.131 0.113 0.114 0.113 0.141 0.127 0.107 0.109 0.117 0.108 0.114 0.124 0.122 0.121 0.124 0.116 0.121 0.118 0.115,441.38,0.6427,3.337860107421875e-06,76.00455904006958,0.0246372052098695,0.0959593768976243,0.2844850234840692,0.1370552588204677,0.0655478170349348,0.0046157767582064,0.0182192964957776,0.04504399671964,0.0252565551787574,0.0128388412350111,0.0046157767582064,0.0081668899837494,0.0091109820301867,0.0086436907453965,0.0074583859742447,0.0046157767582064,0.0081668899837494,0.0091109820301867,0.0086436907453965,0.0074583859742447,0.0046157767582064,0.0105174884388631,0.0158720673082969,0.012281963757245,0.008787257955458,0.0046157767582064,0.0018219296495777,0.0004504399671964,0.0012628277589378,0.0025677682470022,0.0046157767582064,0.0182192964957776,0.04504399671964,0.0252565551787574,0.0128388412350111,0.4660264278121637,0.4792865571704504,0.5026824968353287,0.4854342770181095,0.4742256317028938,megamarket,sasrec,512,32,1024,42
